lt,conm,rect,oancf,gsector,ebit,lct,sic,ivst,loc,isin,gsubind,dvt,xrd,dltt,oibdp,ebitda,cogs,datadate,dp,gind,ib,naics,ivch,revt,at,xint,ggroup,ppent,invt,seq,capx,emp,fyear,act,xsga,ceq,sale,che,fincf,gvkey,dlc,roa,roe,ebit_margin,ebitda_margin,net_profit_margin,operating_margin,gross_margin,roc,current_ratio,quick_ratio,cash_ratio,cash_ratio_enhanced,working_capital_ratio,debt_to_equity,total_debt_to_equity,equity_ratio,debt_ratio,interest_coverage,net_debt_to_ebitda,debt_to_assets,asset_turnover,revenue_per_employee,receivables_turnover,days_sales_outstanding,capital_intensity,working_capital_turnover,inventory_turnover,asset_quality,capex_to_revenue,capex_to_depreciation,fcf,fcf_margin,reinvestment_rate,cash_conversion,financial_leverage,rnd_intensity,dividend_payout_ratio,retention_ratio,revenue_growth,asset_growth,employee_growth,fcf_growth,capex_growth,margin_trend,leverage_trend,capex_trend,fcf_trend,margin_volatility,leverage_volatility,cf_to_assets,cashflow_volatility,margin_consistency,growth_quality,ebit_outlier,ebitda_outlier,roa_outlier,roe_outlier,ebit_margin_outlier,ebitda_margin_outlier,net_profit_margin_outlier,operating_margin_outlier,gross_margin_outlier,roc_outlier,current_ratio_outlier,quick_ratio_outlier,cash_ratio_outlier,cash_ratio_enhanced_outlier,working_capital_ratio_outlier,debt_to_equity_outlier,total_debt_to_equity_outlier,equity_ratio_outlier,debt_ratio_outlier,interest_coverage_outlier,net_debt_to_ebitda_outlier,debt_to_assets_outlier,asset_turnover_outlier,revenue_per_employee_outlier,receivables_turnover_outlier,days_sales_outstanding_outlier,capital_intensity_outlier,working_capital_turnover_outlier,inventory_turnover_outlier,asset_quality_outlier,capex_to_revenue_outlier,capex_to_depreciation_outlier,fcf_outlier,fcf_margin_outlier,reinvestment_rate_outlier,cash_conversion_outlier,financial_leverage_outlier,rnd_intensity_outlier,dividend_payout_ratio_outlier,retention_ratio_outlier,revenue_growth_outlier,asset_growth_outlier,employee_growth_outlier,fcf_growth_outlier,capex_growth_outlier,margin_trend_outlier,leverage_trend_outlier,capex_trend_outlier,fcf_trend_outlier,margin_volatility_outlier,leverage_volatility_outlier,cashflow_volatility_outlier,margin_consistency_outlier,growth_quality_outlier,years_available,latest_year,cluster,cluster_name,static_score
43532.0,BASF SE,12244.0,6946.0,15.0,2864.0,17039.0,2800.0,769.0,DEU,DE000BASF111,15101020.0,2000.0,2061.0,20455.0,6675.0,6675.0,44695.0,2024-12-31,3811.0,151010.0,1298.0,325.0,,65260.0,80415.0,1083.0,1510.0,17773.0,13681.0,35599.0,6198.0,109.717,2024.0,31232.0,10347.0,35599.0,65260.0,3683.0,-1547.0,17436,3540.0,3.561524591183237,3.646169836231355,4.388599448360404,10.228317499233833,1.988967208090714,10.228317499233833,31.512411890897944,5.109358832554323,1.832971418510476,1.0300487117788604,0.21615118258113739,0.26128293913962086,17.649692221600446,0.574594791988539,0.6740357875221215,44.26910402288131,54.13417894671392,2.644506001846722,3.042996254681648,29.83896039296151,0.8115401355468507,594.8029931551173,5.329957530218882,68.48084584737971,27.2341403616304,4.598041287958853,3.2669395512023973,19.806006342100353,9.497395035243642,1.626344791393335,748.0,1.1461844927980387,89.23121220846531,242.52793296089385,2.2589117671844714,3.1581366840330984,154.08320493066256,-54.08320493066256,-5.285768192505302,3.9020608566444848,0.028262494757758105,-72.45949926362297,14.884151992585725,-0.5584299133540365,0.005569725713782512,-0.006621114546160133,-0.23165647153026336,2.549269232760668,0.06357272665148431,8.637691972890629,1.7210048065993824,0.5278355347349147,0.3474910408465332,True,True,False,False,False,False,False,False,False,False,False,False,False,False,False,False,False,False,False,False,False,False,False,False,False,False,False,False,False,False,False,False,False,False,False,False,False,False,False,False,False,False,False,False,False,False,False,False,False,False,False,False,False,False,11,True,0,Mid,59.2430245682359
171380.0,MERCEDES BENZ GROUP AG,49973.0,17735.0,25.0,12586.0,74826.0,3711.0,7230.0,DEU,DE0007100000,25102010.0,4140.0,7585.0,73487.0,17353.0,17353.0,89497.0,2024-12-31,4767.0,251020.0,10207.0,336110.0,272.0,145594.0,265010.0,249.0,2510.0,71757.0,26234.0,92625.0,4039.0,163.132,2024.0,101767.0,11167.0,92625.0,145594.0,21741.0,-10752.0,17828,39311.0,4.749254745103959,11.019703103913631,8.64458700221163,11.918760388477548,7.010591095786914,11.918760388477548,38.52974710496312,7.576815642458101,1.3600486461924999,1.0094485873894101,0.2905540854783097,0.3871782535482319,10.166031470510546,0.7933819163292848,1.217792172739541,34.9515112637259,64.66925776385797,50.54618473895582,5.247334754797441,42.56367684238331,0.5493905890343761,892.4919696932545,2.913453264762972,125.28088382763026,49.285684849650394,5.404179503359193,3.4114889075245864,27.06086562771216,2.7741527810211957,0.8472834067547724,13696.0,9.406981056911686,22.7741753594587,140.91053551565233,2.86110661268556,5.209692707117052,40.56039972567845,59.43960027432155,-4.9759166677544435,0.7558303107724873,-1.760851760851767,27.70163170163171,7.8504672897196315,0.3217632319941527,-0.08301194676700893,-0.13907701533467834,1.7978061353709127,3.0798127165712437,0.47833504736836124,6.692200294328515,3.73365028935714,0.12006513144456506,-0.46502827748152836,True,True,False,False,False,False,False,False,False,False,False,False,False,False,False,False,False,False,False,True,False,False,False,False,False,False,False,False,False,False,False,False,True,False,False,False,False,False,False,False,False,False,False,False,False,False,False,False,False,False,False,False,False,False,11,True,0,Mid,59.4400855366626
91581.0,SIEMENS AG,34677.0,11665.0,20.0,9659.0,43913.0,9997.0,1060.0,DEU,DE0007236101,20105010.0,4160.0,6435.0,41321.0,12658.0,12658.0,43108.0,2024-09-30,2999.0,201050.0,8216.0,999977.0,,75930.0,147812.0,1785.0,2010.0,12078.0,10923.0,51264.0,2088.0,327.0,2024.0,61353.0,13984.0,51264.0,75930.0,10216.0,-8880.0,19349,6598.0,6.534652125673153,16.026841448189764,12.720927169761623,16.67061767417358,10.820492558935863,16.67061767417358,43.226656130646646,10.432575471188638,1.3971489080682258,1.14840707763077,0.23264181449684604,0.25678045225787355,11.798771412334586,0.80604322721598,0.934749531835206,34.68189321570644,61.95775715097557,5.411204481792717,2.9785906146310634,32.4188834465402,0.5136930695748654,232.2018348623853,2.1896357816420107,166.69438956934016,15.906756222836824,4.353784403669724,3.9465348347523572,30.371688360890865,2.7499012248123273,0.6962320773591197,9577.0,12.612932964572632,17.899699957136733,120.76819546536908,2.883348938826467,8.474911102331093,50.63291139240506,49.36708860759494,-2.3646954442001267,1.8922291079294329,2.187500000000009,-4.430695539367324,-5.86113615870153,0.4274657300079713,0.03051371519563571,0.02171972230745273,0.7932198642492456,1.833229520947242,0.17366750546714438,7.891781452114849,0.9997692922485408,0.5980832047422889,-0.397258245788941,True,True,False,False,False,False,False,False,False,False,False,False,False,False,False,False,False,False,False,False,False,False,False,False,False,False,False,False,False,False,False,False,True,False,False,False,False,False,False,False,False,False,False,False,False,False,False,False,False,False,False,False,False,False,11,True,0,Mid,47.873063168860384
1430.794,ALTANA AG,559.556,438.997,15.0,288.839,646.347,2800.0,126.731,DEU,DE0007600801,15101050.0,,213.23,420.534,468.383,468.383,1909.906,2024-12-31,179.544,151010.0,161.329,325.0,3.088,3168.838,4460.234,53.735,1510.0,1219.89,626.463,3005.005,179.539,8.382,2024.0,2117.433,575.095,3005.005,3168.838,684.943,-95.191,100004,28.917,6.475870996902852,5.368676591220314,9.114981579998723,14.780907070667542,5.091109106871351,14.780907070667542,39.72850615904001,8.431928522781378,3.276000352751695,2.3067640137573164,1.0597140545248915,1.2557867523172537,32.982260571978955,0.13994452588265244,0.14956747160154477,67.37325889179805,32.07889989628347,5.375248906671629,-0.502776573872237,10.076847986002528,0.7104645182293127,378.0527320448581,5.66312933826105,64.45199786167674,38.496445700285086,2.1540807267556077,3.048713172206499,27.90210110052522,5.665767704123719,0.9999721516731274,259.458,8.187796283685062,40.89754599689746,151.9867469420681,1.4842684121989815,6.72896500231315,0.0,100.0,15.58711150586447,7.722761277389667,14.570803717878622,-1.9262608011974658,21.080246289140202,-0.6327483285192008,-0.005988329583724867,0.19637177923485444,-0.6761885055462092,2.4440278110633824,0.06366105700483804,9.842465664357519,2.210320931129537,0.7372969057825468,-0.763409682844701,False,False,False,False,False,False,False,False,False,False,False,False,False,False,False,False,False,False,False,False,False,False,False,False,False,False,False,False,False,False,False,False,False,False,False,False,False,False,False,False,False,False,False,False,False,False,False,False,False,False,False,False,False,False,11,True,3,Upper-Mid,59.50334581773843
10817.1,BAYWA AG,1463.6,941.5,20.0,-461.3,7773.1,9997.0,0.9,DEU,DE0005194062,20105010.0,,2.1,2051.7,-158.9,-158.9,18989.3,2024-12-31,302.4,201050.0,-1155.2,424510.0,,21181.7,10852.4,546.6,2010.0,2728.7,2918.4,-263.9,601.2,22.111,2024.0,7109.3,1709.3,-263.9,21181.7,355.5,-436.0,100010,3728.7,-4.250672662268254,437.7415687760516,-2.177823309743788,-0.7501758593502882,-5.4537643343074445,-0.7501758593502882,10.350444015352881,-25.802662490211436,0.9146029254737492,0.5391542627780421,0.04573464898174473,0.045850432903217504,-6.116619365301687,-7.774535809018568,-21.9037514209928,-2.431720172496406,99.6747263278169,-0.8439443834613977,,53.26379418377501,1.9517986804762082,957.9711455836461,14.472328505056028,25.22054414895877,12.88234655386489,,6.5067502741228065,16.76219085179315,2.8382990978061255,1.9880952380952384,340.29999999999995,1.606575487331045,63.85554965480617,,,0.009914218405510418,,,-11.710911872220342,-13.310487510684021,-4.463359834082259,-492.95612009237857,11.004431314623343,-0.03931910422043276,-0.8098200228053252,0.13855683625482126,0.1168159615733018,1.031984378037889,8.028889319410508,8.675500350152962,4.881921896458088,0.015968115640003326,0.1816939575119068,False,False,False,True,False,False,False,False,False,True,False,False,False,False,False,True,True,False,False,False,False,False,False,False,False,False,False,False,False,False,False,False,False,False,False,False,False,False,False,False,False,False,False,True,False,False,True,False,False,False,True,False,False,False,11,True,0,Mid,10.202065288404333
172729.0,BAYERISCHE MOTOREN WERKE AKT,45130.0,7566.0,25.0,11339.0,87689.0,3711.0,0.0,DEU,DE0005190003,25102010.0,2677.0,7642.0,66770.0,17900.0,17900.0,78741.0,2024-12-31,6561.0,251020.0,7290.0,336111.0,,142380.0,267732.0,562.0,2510.0,88419.0,24387.0,92315.0,12205.0,159.104,2024.0,96387.0,9632.0,92315.0,142380.0,19287.0,5766.0,100022,44491.0,4.23520535460834,7.896874830742566,7.9638994240764145,12.571990448096642,5.120101137800253,12.571990448096642,44.69658659924146,7.127636169343433,1.0991914607305364,0.8210836022762262,0.2199477699597441,0.2199477699597441,3.2487711592189203,0.7232844066511401,1.205232085793208,34.48037589828635,64.5156350380231,20.176156583629894,5.138212290502794,41.55685536282551,0.5318004571735915,894.8863636363635,3.154885885220474,115.6935665121506,62.100716392751785,16.369280294320532,3.2288104317874278,24.06025428413488,8.57213091726366,1.8602347203170249,-4639.0,-3.2581823289787892,161.31377213851442,66.72546079901225,2.9002004008016034,5.367326871751651,36.72153635116598,63.27846364883402,-8.436121364905013,6.712902068635662,2.680864795095217,-169.64419756793274,12.167999264773455,-0.32164706862213477,-0.10796044267586966,0.03249832394869877,1.0003772041760857,2.300976531313524,0.39060408703112054,2.8259602886468556,2.9111938621377833,0.21494507685424238,0.5827736771714417,True,True,False,False,False,False,False,False,False,False,False,False,False,False,False,False,False,False,False,False,False,False,False,False,False,False,False,False,False,False,False,False,True,False,False,False,False,False,False,False,False,False,False,False,False,False,False,False,False,False,False,False,False,False,11,True,0,Mid,52.14986611512058
18454.0,LINDE AG,3559.0,3508.0,15.0,1808.0,8787.0,2810.0,623.0,DEU,DE0006483001,15101040.0,,112.0,6129.0,3686.0,3686.0,9315.0,2017-12-31,1878.0,151010.0,1404.0,325120.0,,17113.0,33513.0,267.0,1510.0,11756.0,1211.0,14182.0,1660.0,55.646,2017.0,7841.0,4032.0,14182.0,17113.0,2055.0,-1623.0,100037,1944.0,5.394921373795244,9.899873078550275,10.565067492549524,21.539180739788467,8.204289136913458,21.539180739788467,45.567697072401096,8.90158042440057,0.8923409582337544,0.7545237282348924,0.23386821440764766,0.30476840787527026,-2.8227851878375554,0.432167536313637,0.5692427020166408,42.317906484050965,55.06519857965566,6.771535580524344,1.6326641345632122,24.089159430668698,0.5106376629964492,307.53333572943245,4.8083731385220565,75.90925027756677,68.69631274469702,,7.691990090834022,16.751708292304478,9.70022789692047,0.8839190628328009,1848.0,10.79880792380062,47.32041049030787,194.02654867256638,2.363065858130024,0.6544732075030678,0.0,100.0,0.9735662025017744,-4.762852027622266,4.585948953125585,10.065515187611673,-5.73537762634867,-0.2953852357194847,-0.05801548133815478,-0.5503847368221055,1.4462117261353595,0.43516469845615735,0.0772141148975456,10.467579745173515,0.763730659095466,0.7679253485577232,0.8884089183899395,False,False,False,False,False,False,False,False,False,False,False,False,False,False,False,False,False,False,False,False,False,False,False,False,False,False,False,False,False,False,False,False,False,False,False,False,False,False,False,False,False,False,False,False,False,False,False,False,False,False,False,False,False,False,4,True,0,Mid,43.19971928218087
12155.0,MAN SE,1541.0,570.0,20.0,-413.0,7099.0,3711.0,148.0,DEU,DE0005937007,20106010.0,16.0,566.0,679.0,648.0,648.0,8325.0,2020-12-31,1061.0,201060.0,-432.0,336120.0,5.0,10838.0,18090.0,82.0,2010.0,6280.0,2219.0,5935.0,362.0,36.569,2020.0,4549.0,1805.0,5935.0,10838.0,789.0,-524.0,100042,2418.0,-2.283029297954671,-7.278854254422915,-3.8106661745709545,5.978962908285661,-3.985975272190441,5.978962908285661,23.186934858830043,-6.2443302086483214,0.6407944780955064,0.3282152415833216,0.11114241442456683,0.13199042118608253,-14.096185737976782,0.11440606571187868,0.5218197135636057,32.808181315644006,67.191818684356,-5.036585365853658,3.5617283950617282,17.119955776672192,0.5991155334438917,296.3712434028822,7.033095392602206,51.89749031186566,57.94427016054623,,3.751689950428121,12.880044223327806,3.3400996493818043,0.3411875589066918,208.0,1.9191732792028051,63.50877192982456,,3.0480202190395955,5.222365750138402,,,-14.412066650872625,-4.011461318051579,0.6495472435527061,170.12987012987014,-17.35159817351598,-0.6133146416011801,0.025737072473801546,0.052857583896808405,0.657805222079259,2.5504076581144326,0.10117886797582637,3.150912106135987,3.2180062657300605,0.26986976990822675,-0.39052366649835296,False,False,False,False,False,False,False,False,False,False,False,False,False,False,False,False,False,False,False,False,False,False,False,False,False,False,False,False,False,False,False,False,False,False,False,False,False,False,False,False,False,False,False,False,False,False,False,False,False,False,False,False,False,False,7,True,0,Mid,31.021514439126907
23459.402,HOCHTIEF AG,7248.347,2129.372,20.0,563.119,14896.792,1540.0,810.947,DEU,DE0006070006,20103010.0,406.43,8.171,7150.546,1157.534,1157.534,24525.024,2024-12-31,594.415,201030.0,775.625,2362.0,,33301.27,24654.931,431.762,2010.0,1834.406,569.897,1071.799,473.704,50.961,2024.0,16688.667,6479.288,1071.799,33301.27,6531.545,346.106,100054,1073.329,2.2840015248876586,72.36664710454106,1.690983557083559,3.4759455119879816,2.3291153760802517,3.4759455119879816,26.35408799724454,6.8486423277057815,1.120285964924529,1.0820296074483688,0.43845312467274833,0.49289081837217036,7.2678159188521025,6.67153636082885,7.672963867292282,4.3471993492904115,95.15095377877958,1.304234740435703,1.4620132108430506,33.355903531021845,1.3506941065866296,653.4657875630384,4.594326127046622,79.44581858289489,5.508516642158092,18.584594349494225,43.03413423829218,55.89101831191496,1.4224802837849728,0.796924707485511,1655.668,4.971786361300936,22.246183381767022,378.1389013689823,23.00331592024251,0.024536601757230277,52.4003223207091,47.5996776792909,19.978436409854616,29.72058092884826,38.66184153243359,47.23920051579626,124.72899439724085,-0.06720832207467914,0.6244574442477412,-0.11500177744360762,0.07635043228659623,1.764917999082016,2.6005175905613784,8.636698273460995,2.502316370518563,0.015951066538431043,0.12842831506640634,False,False,False,True,False,False,False,False,False,False,False,False,False,False,False,True,True,False,False,False,False,False,False,False,False,False,False,False,False,False,False,False,False,False,False,False,True,False,False,False,False,False,True,False,False,False,True,False,False,False,True,False,False,False,11,True,1,Low Performers,25.26900430955581
78805.0,BAYER AG,12188.0,7368.0,35.0,3167.0,28952.0,2800.0,1896.0,DEU,DE000BAY0017,35202010.0,108.067,6387.0,35498.0,7216.0,7216.0,16782.0,2024-12-31,4049.0,352020.0,-2552.0,325.0,216.0,46606.0,110850.0,2007.0,3520.0,13456.0,13467.0,31908.0,2778.0,91.864,2024.0,34444.0,16764.0,31908.0,46606.0,8087.0,-7178.0,100080,5246.0,2.85701398285972,-7.997994233421085,6.795262412564906,15.482985023387547,-5.475689825344377,15.482985023387547,63.991760717504185,4.698394801649704,1.1896932854379663,0.7245440729483282,0.2793243990052501,0.3448121027908262,4.954442940911141,1.1125109690359785,1.2769211483013665,28.78484438430311,71.0915651781687,1.5779770802192328,4.5256374722838135,36.75597654488047,0.4204420387911592,507.33693285726724,3.8239251723006236,95.45165858473158,28.871819079088528,8.486161689730517,1.2461572733348185,18.290482634190347,5.96060593056688,0.6860953321807853,4590.0,9.84851735828005,37.70358306188925,232.64919482159772,3.474050394885295,13.70424408874394,,,-2.164284064907529,-4.652543028926792,-5.2274298212130255,93.99830938292477,0.9814612868048078,-0.24551522162971406,0.06261178343288537,0.014768311871572262,-0.5070196153752454,3.2777902945769233,0.31696844832194065,6.646820027063599,2.5113358628213223,0.06171449807406264,0.3274444893955998,True,True,False,False,False,False,False,False,False,False,False,False,False,False,False,False,False,False,False,False,False,False,False,False,False,False,False,False,False,False,False,False,True,False,False,False,False,False,False,False,False,False,False,False,False,False,False,False,False,False,False,False,False,False,11,True,0,Mid,36.99634537564681
4516.0,BEIERSDORF AG,2042.0,1231.0,30.0,1356.0,3696.0,2844.0,1296.0,DEU,DE0005200000,30302010.0,223.0,354.0,0.0,1671.0,1671.0,3775.0,2024-12-31,315.0,303020.0,912.0,325620.0,,9850.0,13011.0,45.0,3030.0,2719.0,1612.0,8475.0,437.0,22.791,2024.0,6441.0,4076.0,8475.0,9850.0,2503.0,-1029.0,100083,114.0,10.42195065713627,10.761061946902654,13.766497461928934,16.96446700507614,9.258883248730964,16.96446700507614,61.6751269035533,16.0,1.7426948051948052,1.306547619047619,0.6772186147186147,1.0278679653679654,21.097532856813466,0.0,0.013451327433628318,65.13719160710168,34.70909230650987,30.133333333333333,-1.4296828246558946,0.8761816924141111,0.7570517254630698,432.18814444298187,4.823702252693438,75.66802030456853,27.604060913705585,3.588342440801457,2.3418114143920596,34.931980631773115,4.436548223350254,1.3873015873015873,794.0,8.060913705583756,35.49959382615759,90.78171091445427,1.535221238938053,3.5939086294416245,24.451754385964914,75.54824561403508,4.265904519953434,3.024784226779631,3.7936059750432793,87.26415094339623,-15.473887814313347,-0.15217338384611181,0.001411245399574809,0.19141476229111393,-0.09660360856517004,0.969901098575644,0.020856717844209276,9.461225117208516,2.0022533568888843,0.2707791238919422,0.011869084333577692,False,False,False,False,False,False,False,False,False,False,False,False,False,False,False,False,False,False,False,False,False,False,False,False,False,False,False,False,False,False,False,False,False,False,False,False,False,False,False,False,False,False,False,False,False,False,False,False,False,False,False,False,False,False,11,True,2,High Performers,26.87877452692274
2152.2,BILFINGER SE,1364.8,241.1,20.0,235.7,1520.7,1600.0,68.5,DEU,DE0005909006,20201070.0,90.047,3.2,317.3,356.5,356.5,4366.2,2024-12-31,120.8,202010.0,178.0,237.0,6.6,5037.5,3463.5,45.3,2020.0,470.8,115.1,1300.9,63.2,31.478,2024.0,2063.8,315.2,1300.9,5037.5,533.5,-427.7,100102,59.3,6.805254800057744,13.682834960412022,4.678908188585608,7.076923076923077,3.5334987593052114,7.076923076923077,13.326054590570724,14.565566679026077,1.3571381600578682,1.281449332544223,0.3508252778325771,0.39587032287762214,15.680669842644729,0.24390806364824352,0.2894918902298409,37.56027140176123,62.13945430922476,5.2030905077262695,-0.4401122019635343,10.873393965641693,1.4544535874115778,160.0324035834551,3.691016998827667,98.88873449131513,9.34590570719603,9.275455717179154,37.933970460469155,54.808719503392524,1.254590570719603,0.5231788079470199,177.89999999999998,3.53151364764268,26.213189547905436,102.29104794229953,2.6623875778307324,0.06352357320099256,50.588202247191006,49.411797752808994,12.303816657749223,3.1601834753082647,9.870855148342073,106.38051044083521,7.849829351535842,0.4126368727273162,0.009106160209616649,-0.026355588803332795,0.7366047146325976,1.9064345649928285,0.08471787085539423,6.9611664501227075,4.226694402859491,0.5153294296066727,-0.7245276623620271,False,False,False,False,False,False,False,False,False,False,False,False,False,False,False,False,False,False,False,False,False,False,False,False,False,False,False,False,False,False,False,False,False,False,False,False,False,False,False,False,False,False,False,False,False,False,False,False,False,False,False,False,False,False,11,True,0,Mid,44.180851532564816
35458.0,DEUTSCHE LUFTHANSA AG,4796.0,3892.0,20.0,1264.0,19581.0,4512.0,6698.0,DEU,DE0008232125,20302010.0,359.0,60.0,11413.0,3605.0,3605.0,30568.0,2024-12-31,2341.0,203020.0,1387.0,481111.0,,31439.0,47052.0,631.0,2030.0,19025.0,1606.0,11542.0,3898.0,66.111,2024.0,16316.0,324.0,11542.0,31439.0,8488.0,-1450.0,100103,2819.0,2.68638952648134,12.016981459019235,4.020484112090079,11.466649702598684,4.411717929959604,11.466649702598684,2.770444352555743,5.50642561533435,0.8332567284612634,0.7512384454317961,0.43348143608600176,0.7755477248352995,-6.939131174020233,0.9888234274822387,1.2330618610292843,24.530306894499702,75.3591770806767,2.0031695721077654,1.5933425797503467,30.247385870951288,0.6681756354671428,475.54869840117374,6.555254378648874,55.68052418970069,60.51401125990012,,19.03362391033624,28.232593726090283,12.398613187442349,1.6651003844510892,-6.0,-0.019084576481440248,100.15416238437822,307.9113924050633,4.076589845780627,0.1908457648144025,25.88320115356885,74.11679884643115,5.055804317316048,3.8194214602502052,5.205283259070659,-100.67039106145252,-3.753086419753082,-1.207206223448933,0.17348317660129575,0.14307507969378644,-0.24265995006741553,20.961648713879566,3.129229347576145,8.27169939641248,5.6059201629071325,0.03648419256982127,0.051976705226587344,False,False,False,False,False,False,False,False,False,False,False,False,False,False,False,False,False,False,False,False,False,False,False,False,False,False,False,False,False,False,False,False,False,False,False,False,False,False,False,False,False,False,False,False,False,False,False,False,False,True,True,False,False,False,11,True,0,Mid,37.75414636767411
835.4,DEUTZ AG,245.4,101.7,20.0,35.1,574.3,3510.0,0.0,DEU,DE0006305006,20106010.0,23.6,100.4,131.7,118.5,118.5,1329.5,2024-12-31,83.4,201060.0,42.0,3336.0,0.8,1813.7,1683.3,20.9,2010.0,380.8,431.6,847.9,64.2,,2024.0,745.8,254.7,847.9,1813.7,62.0,41.3,100301,155.9,2.0851898057387275,4.953414317726147,1.9352704416386393,6.533605337156089,2.3157082207641837,6.533605337156089,26.69680763080995,3.5830951408738265,1.2986244123280515,0.5471008183876023,0.1079575134946892,0.1079575134946892,10.188320560803184,0.1553249203915556,0.33919094232810476,50.371294481078834,49.628705518921166,1.6794258373205744,1.9037974683544305,17.08548684132359,1.0774668805322878,,7.39079054604727,49.38578596239731,20.995754534928597,10.575510204081633,3.080398517145505,18.261747757381332,3.5397254231681092,0.7697841726618705,37.5,2.067596625682307,63.12684365781711,289.7435897435897,1.985257695482958,5.535645365826763,56.19047619047619,43.80952380952381,-12.092865451725466,5.854609483083872,,-49.18699186991871,-1.2307692307692242,0.16627029306584631,0.02387182317505559,-0.15034434194775279,-0.09969958493300726,2.922952849647946,0.10627239188455705,6.041703796114775,2.1762461491344536,0.03559413064403613,-0.03947328670521117,False,False,False,False,False,False,False,False,False,False,False,False,False,False,False,False,False,False,False,False,False,False,False,False,False,False,False,False,False,False,False,False,False,False,False,False,False,False,False,False,False,False,False,False,False,False,False,False,False,False,False,False,False,False,11,True,0,Mid,53.84652352244932
9880.0,RHEINMETALL AG,2848.0,1720.0,20.0,1420.0,6782.0,3480.0,69.0,DEU,DE0007030009,20101010.0,352.0,330.0,1871.0,1806.0,1806.0,4692.0,2024-12-31,386.0,201010.0,804.0,332994.0,,9751.0,14344.0,135.0,2010.0,1661.0,3989.0,4050.0,732.0,28.539,2024.0,8231.0,2383.0,4050.0,9751.0,1253.0,-234.0,100312,552.0,9.899609592861127,19.85185185185185,14.562608963183262,18.521177315147163,8.245308173520664,18.521177315147163,51.881858270946566,23.98243539942577,1.2136537894426422,0.6254792096726629,0.1847537599528163,0.19492774992627543,10.101784718349135,0.46197530864197534,0.5982716049382716,28.234802007808142,68.87897378694925,10.518518518518519,0.6478405315614618,16.89208031232571,0.6797964305633017,341.67279862644097,3.423806179775281,106.60650189724132,17.034150343554508,6.729468599033816,1.176234645274505,28.590351366424986,7.506922366936725,1.8963730569948187,988.0,10.132294123679623,42.55813953488372,121.12676056338027,3.541728395061728,3.3842682801763924,43.78109452736319,56.21890547263681,35.883500557413605,22.52498505167848,15.295115743546251,186.3768115942029,83.91959798994975,1.0327341372410506,-0.006713441454578873,0.060298832520116065,0.7267969321845053,3.6270168804043044,0.11842220708244544,11.991076408254322,3.0547837780097273,0.8918064260790117,0.22344346082793115,False,False,False,False,False,False,False,False,False,False,False,False,False,False,False,False,False,False,False,False,False,False,False,False,False,False,False,False,False,False,False,False,False,False,False,False,False,False,False,False,False,False,False,False,False,False,False,False,False,False,False,False,False,False,11,True,0,Mid,39.22396101817064
3608.021,GEA GROUP AG,1264.576,710.118,20.0,562.352,2620.045,3550.0,0.0,DEU,DE0006602006,20106020.0,189.733,153.85,124.639,732.31,732.31,3288.165,2024-12-31,169.958,201060.0,398.162,3332.0,5.804,5422.129,6032.165,49.717,2010.0,925.441,775.678,2423.749,237.105,18.347,2024.0,2776.052,1280.105,2423.749,5422.129,638.313,-483.943,100368,170.137,9.322556660834046,16.42752611759716,10.371424213625312,13.505949415810653,7.3432778895522395,13.505949415810653,39.356570085293065,22.06696939398553,1.0595436337925495,0.7634884133669461,0.24362673160193812,0.24362673160193812,2.58625219966629,0.0514240542234365,0.12161985420107446,40.18041615240962,59.81303561822331,11.311060603013054,-0.469114172959539,4.886736354194555,0.8988694772109185,295.5321850983812,4.287705128042917,85.12712257491478,17.06785286738844,34.75567762984993,4.23908503270687,31.54570539764745,4.3729132966036035,1.3950799609315243,473.01300000000003,8.723750393987308,33.389521178170384,126.27642473041799,2.4887746214645166,2.8374463241284005,47.652211913743656,52.347788086256344,0.9051471380523424,1.3086461843609065,-2.269216427848497,54.981553442592876,3.828570427654343,0.2639485037882495,-0.00017460257538194458,0.23724610233001303,0.4389229556919149,2.46568109363861,0.07253192133962512,11.77219124476867,3.321121910068246,0.1260541894012099,-0.30475443608528524,False,False,False,False,False,False,False,False,False,False,False,False,False,False,False,False,False,False,False,False,False,False,False,False,False,False,False,True,False,False,False,False,False,False,False,False,False,False,False,False,False,False,False,False,False,False,False,False,False,False,False,False,False,False,11,True,0,Mid,48.13754118636025
17326.8,HEIDELBERG MATERIALS AG,2674.3,3231.7,15.0,2864.9,7258.7,3241.0,12.9,DEU,DE0006047004,15102010.0,546.2,182.8,6713.2,4170.2,4170.2,7667.1,2024-12-31,1305.3,151020.0,1745.7,327310.0,,21201.9,37301.7,272.2,1510.0,13372.7,2857.3,18795.6,1323.1,50.692,2024.0,9201.2,3621.3,18795.6,21201.9,3233.0,-1450.1,100373,1605.2,7.680347008313294,9.287812041116007,13.512468222187636,19.668991929968538,8.233696036675958,19.668991929968538,63.83767492536047,11.23102615567961,1.2676099025996392,0.8739719233471559,0.4453965586124237,0.44717373634397345,5.2075374580783205,0.3571686990572262,0.44257166570899575,50.38805201907688,46.45042987316932,10.524981631153564,1.2194618963119275,22.300324113914378,0.5683896444397978,418.24942791762015,7.928018546909471,46.03924648262656,63.073120805210856,10.91474903474903,2.683337416442096,15.836543642783038,6.240478447686291,1.0136367118670038,1908.6,9.002023403562887,40.94130024445338,112.8032392055569,1.9845974589797613,0.8621868794777826,31.28830841496248,68.71169158503753,-0.02122000905386834,5.159635200090196,-0.5980743965331325,-1.272501551831151,4.025473700762627,0.19303997330217662,-0.01748493157396788,-0.06011296676448384,0.4297125882430861,1.3860037580955615,0.12919145131074974,8.663680207604479,1.6178022369055896,0.2133822877909015,-0.14491067451900302,True,False,False,False,False,False,False,False,False,False,False,False,False,False,False,False,False,False,False,False,False,False,False,False,False,False,False,False,False,False,False,False,False,False,False,False,False,False,False,False,False,False,False,False,False,False,False,False,False,False,False,False,False,False,11,True,2,High Performers,49.111951517163185
12893.9,HAPAG-LLOYD AG,2599.0,4364.9,20.0,2524.6,7162.0,4412.0,2032.1,DEU,DE000HLAG475,20303010.0,1441.2,115.2,5086.7,4596.3,4596.3,14028.7,2024-12-31,2071.7,203030.0,2385.5,483111.0,233.6,19111.8,33617.1,335.7,2030.0,16425.6,630.6,20653.8,2166.4,14.608,2024.0,11025.8,19.5,20653.8,19111.8,7512.7,-3083.0,100431,1521.6,7.509868489548474,11.54993270003583,13.209640117623668,24.04954007471824,12.481817515880241,24.04954007471824,26.59665756234368,9.807890289621414,1.539486177045518,1.451438145769338,1.0489667690589222,1.3327003630270873,11.493555363193135,0.2462839767984584,0.3199556498077835,61.43837511266588,38.35518233280087,7.5204051236222815,-0.19676696473250235,19.657555232307367,0.568514238289442,1308.3105147864183,7.353520584840323,49.63608869912829,85.94480896618842,4.946374035923185,22.246590548683795,30.079037156685146,11.335405351667557,1.045711251629097,2198.4999999999995,11.503364413608343,49.63229398153452,172.894715994613,1.6276472126194694,0.6027689699557341,60.41500733598827,39.58499266401173,6.59416046180874,15.87148943210488,-10.35286897821418,-32.5902986447538,27.091399741874934,3.2416051113864066,-0.07634187191093861,0.36406750216448686,3.3951929134376515,17.218849594851257,0.32090091521625863,12.984165796573768,15.308691714569363,0.3898563721220257,0.32417693341940584,False,True,False,False,False,False,False,False,False,False,False,False,False,False,False,False,False,False,False,False,False,False,False,False,False,False,False,False,False,False,False,False,True,False,False,False,False,False,False,False,False,False,False,False,False,False,False,False,True,True,False,True,False,False,11,True,0,Mid,33.17130406879718
2445.5,KUKA AG,1500.6,272.9,20.0,87.6,2208.3,3569.0,0.0,DEU,DE0006204407,20106020.0,,202.3,104.2,239.3,239.3,2740.1,2024-12-31,151.7,201060.0,-48.9,333999.0,,3732.4,3998.1,27.4,2010.0,524.2,533.5,1185.0,58.1,,2024.0,2690.1,558.7,1185.0,3732.4,656.0,-167.9,100449,490.7,2.191040744353568,-4.1265822784810124,2.3470153252598864,6.411424284642589,-1.3101489658128818,6.411424284642589,26.586110813417648,6.7949115730685685,1.2181768781415567,0.9765883258615223,0.2970610877145315,0.2970610877145315,12.050724093944618,0.08793248945147679,0.5020253164556961,29.6390785623171,61.16655411320377,3.197080291970803,-0.25532804011700805,14.879567794702483,0.9335434331307372,,2.4872717579634815,146.74713321187437,14.044582574214983,7.746782897467834,5.136082474226804,53.9406217953528,1.5566391597899476,0.38299274884640744,214.79999999999998,5.755010181116707,21.289849761817518,311.5296803652968,3.3739240506329113,5.420105026256564,,,-7.926092212053182,0.6647027721127019,,-8.244340025630093,-29.575757575757578,-0.36094486786114605,0.029860928187439163,-0.1587650196071329,0.18348555727032417,2.9295929636206246,0.14712539333139685,6.825742227558091,4.395828412274297,0.16697823251810087,0.30704193924936646,False,False,False,False,False,False,False,False,False,False,False,False,False,False,False,False,False,False,False,False,False,False,False,False,False,False,False,False,False,False,False,False,False,False,False,False,False,False,False,False,False,False,False,False,False,False,False,False,False,False,False,False,False,False,11,True,0,Mid,70.26437520821759
825.376,STRABAG AG,369.809,69.661,20.0,53.061,559.094,1600.0,0.0,DEU,DE000A0Z23N2,20103010.0,4.191,,0.0,136.319,136.319,1404.567,2016-12-31,83.258,201030.0,108.453,237.0,7.805,2199.668,1814.619,3.78,2010.0,417.55,45.87,987.04,108.019,11.5,2016.0,673.336,600.73,987.04,2199.668,249.943,-35.323,100458,0.0,2.924084890547272,10.98770059977306,2.412227663447393,6.197253403695465,4.930425864266789,6.197253403695465,36.14640936723178,5.3757699789268925,1.204334154900607,1.122290706035121,0.44705004882899835,0.44705004882899835,6.295646634362363,0.0,0.0,54.393787345993836,45.48480975896318,14.037301587301588,-1.8335155040750009,0.0,1.212192752307785,191.27547826086956,5.9481191642172035,61.363935375702155,18.982410072792803,19.25445983088532,30.62060170045782,34.15328506975845,4.9106956140653955,1.2974008503687335,-38.358000000000004,-1.7438086111176778,155.0638090179584,131.2847477431635,1.8384452504457773,,3.864346767724267,96.13565323227573,3.1606632168286186,1.706505874994102,4.545454545454541,-123.0767842424753,42.94088845955353,0.8222092413624992,-0.011970785814716448,0.3588904315474868,-1.3722501148932542,1.3803027422327552,0.013688443219195582,3.8388774723509456,5.008390488140227,0.3548264661944839,,False,False,False,False,False,False,False,False,False,False,False,False,False,False,False,False,False,False,False,False,False,False,False,False,False,False,False,False,False,False,False,False,False,False,False,False,False,False,False,False,False,False,False,False,False,False,False,False,False,False,False,False,False,False,3,True,0,Mid,46.414592849207324
87195.0,E.ON SE,11493.0,5673.0,55.0,8812.0,29977.0,9997.0,1528.0,DEU,DE000ENAG999,55103010.0,1437.0,333.0,34100.0,12321.0,12321.0,59248.0,2024-12-31,3509.0,551030.0,4531.0,2211.0,,81715.0,111361.0,1975.0,5510.0,42320.0,1243.0,17841.0,6971.0,69.668,2024.0,26054.0,7055.0,17841.0,81715.0,7280.0,1106.0,100590,4964.0,7.913003654780399,25.396558488873943,10.783821819739337,15.078015052315976,5.544881600685309,15.078015052315976,27.494340084439823,16.96540305346451,0.8691330019681756,0.8276678787070088,0.24285285385462188,0.29382526603729525,-3.5227772739109744,1.9113278403676923,2.1895633652822153,16.020869065471754,78.29940463896696,4.461772151898734,2.579660741822904,35.078707985740074,0.7337847181688383,1172.920135499799,7.109979987818672,51.3362907666891,51.789757082542984,,47.66532582461786,16.85778683740268,8.530869485406596,1.9866058706184098,-1298.0,-1.5884476534296028,122.8803102414948,64.3781207444394,6.241858640210751,0.4075139203328642,31.714853233281836,68.28514676671816,-14.00231530204168,-1.8897679417828162,6.339006334427233,264.60674157303373,15.990016638935112,0.09306907973327724,0.5796916694177284,0.18289414595984638,-0.018829282884115207,3.5904213033591343,5.118408011569669,5.094243047386428,3.5495132304792825,0.007391161642140398,-0.5871554937245439,True,True,False,False,False,False,False,False,False,False,False,False,False,False,False,False,False,False,False,False,False,False,False,False,False,False,False,False,False,False,False,False,False,False,False,False,False,False,False,False,False,False,False,False,False,False,True,False,False,False,True,False,False,False,11,True,0,Mid,41.29459782767808
22168.0,CONTINENTAL AG,8142.0,2934.0,25.0,2242.0,14269.0,3714.0,0.0,DEU,DE0005439004,25101020.0,500.015,4151.0,4112.0,4364.0,4364.0,28796.0,2024-12-31,2122.0,251010.0,1168.0,3363.0,,39719.0,36966.0,449.0,2510.0,9942.0,6113.0,14351.0,1938.0,168.761,2024.0,17950.0,3850.0,14351.0,39719.0,2966.0,-1072.0,100609,2768.0,6.065032732781475,8.138805658142289,5.644653692187617,10.98718497444548,2.9406581233162967,10.98718497444548,27.50069236385609,12.143205329578075,1.257971827037634,0.829560585885486,0.2078631999439344,0.2078631999439344,9.957799058594384,0.2865305553619957,0.47940910041112117,38.822160904615046,59.96861981280095,4.993318485523385,0.8968835930339139,18.6116972352973,1.0744738408267056,235.35651009415682,4.878285433554409,74.82137012512904,25.03084166268033,10.790274381961424,4.710616718468837,30.04923443163989,4.879276920365569,0.9132893496701225,996.0,2.507616002416979,66.05316973415133,130.86529884032115,2.575848372935684,10.450917696820161,42.809503424657535,57.190496575342465,-4.1078692917758115,-2.0840838295437814,-16.76933168280209,-17.220744680851052,-8.77424213895689,-0.7538652456830097,0.012807662542078485,-0.12643942471127861,-0.5167188587038252,2.9135851766363854,0.12619547902306635,7.937023210517773,3.213632306621219,0.7364185025449634,0.07969566452998116,False,False,False,False,False,False,False,False,False,False,False,False,False,False,False,False,False,False,False,False,False,False,False,False,False,False,False,False,False,False,False,False,False,False,False,False,False,False,False,False,False,False,False,False,False,False,False,False,False,False,False,False,False,False,11,True,0,Mid,69.12393248071311
15642.4,TUI AG,790.4,1910.8,25.0,872.9,10029.3,4700.0,53.4,DEU,DE000TUAG505,25301020.0,,78.5,3601.0,1727.6,1727.6,20445.6,2024-09-30,854.7,253010.0,507.1,561510.0,,23167.3,17416.7,492.7,2530.0,6027.8,66.4,956.4,712.5,52.139,2024.0,5268.8,995.0,956.4,23167.3,2901.6,-531.4,100676,941.2,5.011856436638398,53.02174822250105,3.7678106641688935,7.457062324914858,2.1888610239432307,7.457062324914858,11.748024154735342,19.153464694782112,0.5253407515978185,0.5187201499606154,0.28931231491729237,0.29463671442672973,-27.332962042177904,3.7651610204935175,4.74926808866583,5.491281356399318,89.81265107626588,1.7716663283945606,0.9496411206297755,26.079567311832896,1.3301773585122325,444.337252344694,29.310855263157894,12.45272431401156,26.01856927652338,,307.91566265060237,21.1980455539798,3.0754554911448464,0.8336258336258335,1198.3,5.172376582510694,37.28804689135441,218.90250887845113,18.21068590547888,0.3388396576208708,0.0,100.0,12.103997406355393,7.827319779104047,-5.11037909258012,23.396148697353514,6.949864905433789,-1.203153195840356,-1.0373654036831224,-0.02992578510301001,-0.11769125499251369,15.887563374646732,12.43675751067793,10.971079481187596,8.721879362357937,0.06308410577053884,0.22530397611185643,False,False,False,True,False,False,False,False,False,False,False,False,False,False,False,True,True,False,False,False,False,False,False,False,True,False,False,False,True,False,False,False,False,False,False,False,True,False,False,False,False,False,False,False,False,False,True,False,False,True,True,False,False,False,11,True,1,Low Performers,13.769544990385702
3137.2,K&S AG,804.8,590.8,15.0,-43.6,709.8,2870.0,206.5,DEU,DE000KSAG888,15101030.0,26.9,12.8,683.4,477.6,477.6,2824.3,2024-12-31,521.2,151010.0,-66.8,32531.0,,3653.1,9353.5,55.3,1510.0,6060.5,678.3,6212.3,505.2,10.835,2024.0,2145.2,187.4,6212.3,3653.1,524.1,-65.7,100736,62.5,-0.4661356711391458,-1.075286125911498,-1.1935068845637953,13.07382770797405,-1.8285839424050807,13.07382770797405,22.68758041115764,-0.6322780863436634,3.0222597914905607,2.066638489715413,0.7383770076077769,1.0293040293040294,15.346127118191049,0.11000756563591584,0.12006825169421953,66.41684930774576,33.54038595178275,-0.7884267631103075,0.46440536013400324,7.974554979419468,0.3905596835409205,337.15736040609136,4.539140159045726,80.41170512715229,165.9001943554789,2.5450048766894247,4.163791832522484,14.207515903137862,13.829350414716268,0.9693016116653874,85.59999999999997,2.3432153513454317,85.51117129316181,,1.5056420327414968,0.350387342257261,,,-5.668026648763103,-1.2698178133378257,-5.346378963920662,-75.61253561253562,7.4893617021276615,-0.31333950646612385,-0.03628605540096484,-2.1490312769738873,2.6709777141917024,10.652563837611792,0.4571640690932067,6.316352167637781,3.270369579329774,0.009517320711997845,-0.7609845683457818,False,False,False,False,False,False,False,False,False,False,False,False,False,False,False,False,False,False,False,False,False,False,False,False,False,False,True,False,False,False,False,False,False,False,False,False,False,False,False,False,False,False,False,False,False,False,False,True,False,False,False,False,False,False,11,True,3,Upper-Mid,25.78717345697253
436174.0,VOLKSWAGEN AG,111640.0,17151.0,25.0,33403.0,217039.0,3711.0,27326.0,DEU,DE0007664039,25102010.0,3170.532,17963.0,137061.0,45843.0,45843.0,189658.0,2024-12-31,12440.0,251020.0,11351.0,336110.0,2069.0,324656.0,632905.0,14474.0,2510.0,144645.0,56720.0,182294.0,17202.0,679.472,2024.0,245231.0,31349.0,182294.0,324656.0,67622.0,11140.0,100737,117020.0,5.277727305045781,6.2267545832556195,10.288736385589669,14.120484451234539,3.496316100734316,14.120484451234539,41.581858952244836,10.459519969939409,1.1298937057395215,0.8685581853952515,0.3115661240606527,0.437469763498726,4.4543809892479915,0.7518678618056546,1.393797930815057,28.802742907703365,68.91618805349934,2.307793284510156,4.067338524965644,40.14520346655501,0.5129616609127752,477.80629665387244,2.908061626657112,125.5131585431965,44.553311813119116,11.51589103291714,3.343758815232722,28.323682069188898,5.298531368587058,1.382797427652733,-51.0,-0.015708934995810952,100.29735875459156,51.34568751309763,3.471891559788035,5.532933320191217,27.931741696766803,72.0682583032332,0.735996822678131,5.424777375411849,-0.6656189466759277,-101.08441420369975,17.39575513546714,0.42298112486831807,-0.029085346462473488,-0.1597886534865612,0.6665555175325564,1.798038321810791,0.1461485333306627,2.7098853698422354,1.983443747234279,0.6087469152289839,-0.05496050692312293,True,True,False,False,False,False,False,False,False,False,False,False,False,False,False,False,False,False,False,False,False,False,False,False,False,False,False,False,False,False,False,False,False,False,False,False,False,False,False,False,False,False,False,False,False,False,False,False,False,False,False,False,False,False,11,True,0,Mid,54.396426540246466
9620.0,CECONOMY AG,2135.0,838.0,25.0,233.0,7072.0,5399.0,0.0,DEU,DE0007257503,25504020.0,,,2095.0,881.0,881.0,17833.0,2024-09-30,648.0,255040.0,76.0,452311.0,60.0,22442.0,10135.0,247.0,2550.0,2219.0,3114.0,516.0,193.0,40.99,2024.0,6455.0,3923.0,516.0,22442.0,1010.0,-585.0,100746,535.0,2.2989639861864823,14.728682170542637,1.0382318866411193,3.9256750735228585,0.33865074414045093,3.9256750735228585,20.53738525978077,8.923783990808118,0.9127545248868778,0.4724264705882353,0.14281674208144796,0.14281674208144796,-6.087814504193389,4.060077519379845,5.096899224806202,5.091267883571781,94.9185989146522,0.9433198380566802,1.8388195232690125,25.949679329057723,2.2143068574247655,547.4993900951451,10.511475409836066,34.72395508421709,9.887710542732377,,5.726718047527296,31.031080414405526,0.8599946528829873,0.2978395061728395,645.0,2.87407539434988,23.031026252983295,359.656652360515,19.641472868217054,,0.0,100.0,0.8991997122560935,5.1894135962636145,-0.9065635198839628,-22.101449275362317,9.659090909090917,-0.1293155919597767,0.5199528004209663,-0.08182553587532133,0.11048005838954444,0.5056311095623184,2.111812598476302,8.268376911692156,3.204628345461767,0.7194935357172964,0.12926109130868874,False,False,False,False,False,False,False,False,False,False,False,False,False,False,False,True,True,False,False,False,False,False,False,False,False,False,False,False,False,False,False,False,False,False,False,False,True,False,False,False,False,False,False,False,False,False,True,False,False,False,False,False,False,False,11,True,1,Low Performers,14.099288391691392
5470.0,SUEDZUCKER AG,1258.0,906.0,30.0,317.0,2777.0,2060.0,155.0,DEU,DE0007297004,30202030.0,40.826,62.0,1496.0,691.0,691.0,6835.0,2025-02-28,374.0,302020.0,-78.0,311314.0,,9694.0,9496.0,89.0,3020.0,3397.0,2843.0,3271.0,574.0,,2024.0,5027.0,1304.0,3271.0,9694.0,781.0,-118.0,100764,902.0,3.3382476832350463,-2.3845918679302964,3.2700639570868577,7.128120486899113,-0.8046214153084381,7.128120486899113,29.492469568805447,6.6498846234529045,1.8102268635217862,0.7864602088584803,0.28123874684911776,0.33705437522506304,23.69418702611626,0.45735249159278507,0.7331091409354937,34.44608256107835,57.60320134793597,3.561797752808989,2.340086830680174,25.25273799494524,1.0208508845829822,,7.705882352941177,47.36641221374046,35.04229420259954,4.3084444444444445,2.4041505451987337,21.472198820556024,5.921188363936455,1.53475935828877,332.0,3.424798844646173,63.35540838852097,285.80441640378547,2.9030877407520634,0.6395708685785022,,,-5.782874914957725,-7.6084841408834425,,-37.00189753320683,5.128205128205132,0.06756510498531743,0.046874774779763956,-0.03811678864617835,-0.07015883193232045,2.829981862401547,0.19175827820793553,9.540859309182814,2.6371955641273246,0.007410046954755941,-0.3620852851218758,False,False,False,False,False,False,False,False,False,False,False,False,False,False,False,False,False,False,False,False,False,False,False,False,False,False,False,False,False,False,False,False,False,False,False,False,False,False,False,False,False,False,False,False,False,False,False,False,False,False,False,False,False,False,12,True,0,Mid,58.03080620705485
64817.0,RWE AKTIENGESELLSCHAFT,7911.0,6620.0,55.0,6791.0,27575.0,4911.0,6851.0,DEU,DE0007037129,55105010.0,813.332,26.0,14772.0,8686.0,8686.0,15916.0,2024-12-31,1895.0,551050.0,5135.0,221122.0,1863.0,24224.0,98440.0,1082.0,5510.0,37447.0,2560.0,31549.0,9377.0,20.985,2024.0,35022.0,2983.0,31549.0,24224.0,11941.0,1116.0,100953,3898.0,6.898618447785452,16.276268661447272,28.03418097754293,35.85700132100396,21.197985468956407,35.85700132100396,34.29656538969617,14.660737030720409,1.2700634632819583,1.1772257479601087,0.4330371713508613,0.6814868540344515,7.565014221861032,0.46822403245744715,0.5917778693460966,32.04896383583909,65.84416903697684,6.27634011090573,0.7746949113516003,18.96586753352296,0.2460788297440065,1154.3483440552777,3.062065478447731,119.20058619550859,154.5863606340819,3.2528534980529074,6.2171875,20.166598943518895,38.709544253632764,4.948284960422163,-2757.0,-11.381274768824307,141.6465256797583,97.48196141952585,3.120225680687185,0.10733157199471599,15.838987341772151,84.16101265822785,-15.199887978715953,-7.562867391590133,4.221504842314361,202.63446761800222,82.21919937815781,1.6612269284570662,-0.27183617371685476,2.3173572420120676,-0.9512590599829768,11.741637627714423,1.4377917055857417,6.7249085737505085,3.678125398525585,0.22018780595825974,0.06741778818363019,True,True,False,False,False,False,False,False,False,False,False,False,False,False,False,False,False,False,False,False,False,False,False,False,False,False,True,False,False,False,True,True,True,False,False,False,False,False,False,False,False,False,False,False,False,False,False,True,False,False,False,False,False,False,11,True,0,Mid,24.299851704655456
4368.5,AXEL SPRINGER SE,897.1,465.5,50.0,225.6,1487.6,2711.0,0.0,DEU,DE0005501357,50201040.0,125.2,76.1,2102.9,516.9,516.9,1830.3,2019-12-31,291.3,502010.0,99.6,511110.0,,3112.1,6851.5,20.9,5020.0,548.6,26.5,2127.6,249.2,16.12,2019.0,1300.6,290.5,2127.6,3112.1,286.1,65.1,101059,136.2,3.2927096256294237,4.681331077270164,7.249124385463192,16.609363452331223,3.200411297837473,16.609363452331223,41.187622505703544,5.332702990190285,0.8742941650981446,0.8564802366227481,0.19232320516267817,0.19232320516267817,-2.7293293439392836,0.9883906749388984,1.0524064673810867,31.053054075749838,63.759760636357,10.794258373205743,3.7782936738247246,32.680434941253736,0.45422170327665473,193.05831265508684,3.469066993646193,105.21561003823786,17.627968252948172,,69.06792452830189,17.269211121652194,8.0074547733042,0.8554754548575351,216.3,6.950290800424151,53.53383458646617,206.3386524822695,3.2202951682647116,2.445294174351724,125.70281124497993,-25.702811244979927,-2.1567579463640074,5.749344034573234,-1.4067278287461793,-36.457109283196246,10.608078118064789,0.05111189900903693,0.07672026316716773,0.9818107690589879,0.10327274170328994,1.8587384975409562,0.1992840052609719,6.794132671677734,1.2081166088195963,0.002646521889421396,0.17050204325944684,False,False,False,False,False,False,False,False,False,False,False,False,False,False,False,False,False,False,False,False,False,False,False,False,False,False,False,False,True,False,False,False,False,False,False,False,False,False,False,False,False,False,False,False,False,False,False,False,False,False,False,False,False,False,6,True,0,Mid,48.98677085236685
39608.0,AUDI AG,5598.0,11135.0,25.0,6281.0,24380.0,3711.0,0.0,DEU,DE0006757008,25102010.0,,4024.0,0.0,6281.0,6281.0,58576.0,2023-12-31,0.0,251020.0,6260.0,336111.0,,69865.0,73447.0,,2510.0,0.0,7966.0,33839.0,3251.0,87.736,2023.0,38217.0,4148.0,33839.0,69865.0,13436.0,-4312.0,101120,0.0,8.55174479556687,18.499364638434944,8.99019537679811,8.99019537679811,8.960137407858012,8.99019537679811,16.158305303084518,18.56142320990573,1.5675553732567677,1.2408121410992616,0.5511074651353568,0.5511074651353568,18.839435239015888,0.0,0.0,46.07267825779133,53.92732174220867,,-2.1391498169081355,0.0,0.9512301387394992,796.3093826935351,12.480350125044659,29.245974379159808,0.0,5.049143600491436,7.353251318101933,25.915285852383352,4.653259858298147,,7884.0,11.28462033922565,29.196228109564437,177.28068778856868,2.1704837613404653,5.759679381664639,0.0,100.0,13.136203909121825,3.7211207140032787,-0.2954679758170764,5.99623554719011,25.521235521235532,0.022936803339705384,-0.009798155603996897,-0.24190780815226462,0.8480422293589029,2.0839654010299893,0.034364537281490456,15.160591991504077,2.5819153264695776,0.0011104428507367288,-0.12089792981366534,True,True,False,False,False,False,False,False,False,False,False,False,False,False,False,False,False,False,False,False,False,False,False,False,False,False,False,False,False,False,False,False,True,False,False,False,False,False,False,False,False,False,False,False,False,False,False,False,False,False,False,False,False,False,10,True,0,Mid,41.43217959444982
1183.19,LECHWERKE AG,179.089,110.958,55.0,19.4,1053.733,4911.0,0.0,DEU,DE0006458003,55101010.0,99.245,,0.0,32.615,32.615,1061.984,2024-12-31,13.215,551010.0,120.931,2211.0,,1175.02,1736.552,38.363,5510.0,168.989,3.785,553.362,,0.459,2024.0,191.879,57.081,553.362,1175.02,1.247,-165.813,101148,0.0,1.1171562959243373,21.85386781166759,1.6510357270514544,2.775697434937278,10.291824820003063,2.775697434937278,9.619921363040634,3.505842468402239,0.18209451540380722,0.17850252388413385,0.0011834117371288554,0.0011834117371288554,-49.630186714823395,0.0,0.0,31.865558877591916,68.13444112240809,0.505695592106978,-0.03823394143798866,0.0,0.6766396859984614,2559.9564270152505,6.561095321320684,55.63095521778353,14.38179775663393,,280.5770145310436,10.384716380505738,,,,,,571.9484536082475,3.138184407313838,,82.06745995650412,17.932540043495877,-19.977662229758952,-2.234437781810017,20.15706806282722,,,-0.6126584818850448,-0.0018825456209900493,-0.3127147815135582,0.4322722775764677,2.6375583772359263,0.007521093711777124,6.389558158926424,2.7573588633657264,0.5935064248640239,0.02811065507734367,False,False,False,False,False,False,False,False,False,False,False,False,False,False,False,False,False,False,False,False,False,False,False,True,False,False,False,False,True,False,False,False,False,False,False,True,False,False,False,False,False,False,False,False,False,False,False,False,False,False,False,False,False,False,11,True,0,Mid,12.898972733120278
1948.7,GELSENWASSER AG,403.9,127.7,55.0,40.3,866.7,4941.0,0.0,DEU,DE0007760001,55103010.0,,,319.5,103.0,103.0,2615.8,2024-12-31,62.7,551030.0,117.2,221310.0,21.9,2980.4,2996.6,24.0,5510.0,1020.8,73.7,1046.7,93.7,1.842,2024.0,868.8,175.4,1046.7,2980.4,26.2,-39.9,101161,97.5,1.3448575051725289,11.19709563389701,1.3521674942960675,3.4559119581264257,3.9323580727419136,3.4559119581264257,12.23325728090189,2.9497877323964277,1.002422983731395,0.9173877927772007,0.03022960655359409,0.03022960655359409,0.0700794233464563,0.3052450558899398,0.3983949555746632,34.9295868651138,65.0303677501168,1.6791666666666665,3.7941747572815534,13.915771207368351,0.9945938730561303,1618.0238870792616,7.379054221341917,49.464333646490395,34.250436183062675,1419.2380952381568,35.492537313432834,14.352933324434359,3.1438733055965646,1.4944178628389155,34.0,1.1407864716145484,73.37509788566953,316.87344913151367,2.862902455335817,,0.0,100.0,-26.773297953367237,-24.205787130716306,5.6192660550458795,-17.07317073170732,14.129110840438507,-0.45026659982584105,0.042631376540111295,-0.35351469118289625,-0.848685611359465,1.763618955958961,0.1565532340592288,4.261496362544217,2.509043149246491,0.7170057433575504,0.04837761147486278,False,False,False,False,False,False,False,False,False,False,False,False,False,False,False,False,False,False,False,False,False,False,False,True,False,False,False,True,False,False,False,False,False,False,False,False,False,False,False,False,False,False,False,False,False,False,False,False,False,False,False,False,False,False,11,True,0,Mid,51.733738129189675
3039.592,LEONI AG,674.353,62.796,25.0,-96.223,2386.093,3357.0,36.302,DEU,DE0005408884,25101010.0,,143.356,436.392,98.77,98.77,4357.033,2022-12-31,194.993,251010.0,-604.904,335929.0,,5093.363,2661.635,58.844,2510.0,769.179,511.992,-377.957,222.907,95.09,2022.0,1527.786,530.403,-377.957,5093.363,247.024,-86.763,101286,1179.268,-3.6151839001215413,160.04571948660825,-1.889184022422906,1.9391902756587345,-11.876318259664586,1.9391902756587345,14.456656633348143,-164.66672371010526,0.6402877004374935,0.4257143372031183,0.10352655994548411,0.11874055202374763,-32.24735923595834,-1.1546075347195581,-4.274719081800311,-14.200181467406312,114.20018146740631,-1.635221942763918,13.856798623063684,60.70178668374889,1.9136218903042679,53.56360290251341,7.552962617501517,48.3254079868252,15.101593976317806,,8.5099630462976,34.616955367659344,4.376420844145606,1.1431538568051163,-160.11100000000002,-3.143522266133398,354.970061787375,,,2.8145647580979403,,,-0.4993237835380526,-22.831252120112143,-6.196977469123621,1202.9866536458323,37.09592107852784,-1.0817639148309188,0.2062567569801784,-0.19048538903393789,-0.29585360938853095,4.807328580449961,3.3655803941232927,2.3593017074091676,2.9367883662116334,0.3797682293272281,-0.20422928030371243,False,False,False,True,False,False,False,False,False,True,False,False,False,False,False,False,True,False,False,False,True,False,False,False,False,False,False,False,False,False,False,False,False,False,True,False,False,False,False,False,False,False,False,True,False,False,False,False,False,False,True,False,False,False,9,True,0,Mid,9.286811433779683
1532.5,KSB SE & CO KGAA,784.8,268.6,20.0,243.2,983.0,3560.0,0.0,DEU,DE0006292030,20106020.0,46.635,69.0,37.5,334.1,334.1,1359.5,2024-12-31,90.9,201060.0,118.1,3339.0,1.3,2967.4,2867.9,20.5,2010.0,667.8,764.8,1092.5,135.0,,2024.0,1938.0,1026.1,1092.5,2967.4,369.3,-88.8,101390,20.8,8.480072526936084,10.810068649885583,8.195726898968795,11.259014625598168,3.9799150771719347,11.259014625598168,54.18548224034508,21.522123893805308,1.9715157680569684,1.1934893184130213,0.37568667344862666,0.37568667344862666,33.299626904703786,0.034324942791762014,0.05336384439359267,38.0940758045957,53.4363122842498,11.863414634146341,-0.9308590242442382,2.0328463335541684,1.0346943756755815,,3.7810907237512748,96.53299184471253,22.504549437217765,3.1072251308900523,1.7775889121338913,40.24198891174727,4.549437217766394,1.4851485148514851,133.60000000000002,4.5022578688414105,50.26061057334326,110.44407894736842,2.6250800915331807,2.3252679113028236,39.48772226926334,60.51227773073666,5.1916253655244216,7.419266998998819,,-23.149048279194417,26.806999746386005,0.4410495948978004,-0.02547266617184261,0.07613679636297159,0.2430585178199154,1.8354355116224006,0.09722052204035422,9.365737996443391,3.0125366934278937,0.635168979838396,-0.3195692048150439,False,False,False,False,False,False,False,False,False,False,False,False,False,False,False,False,False,False,False,False,False,False,False,False,False,False,False,False,False,False,False,False,False,False,False,False,False,False,False,False,False,False,False,False,False,False,False,False,False,False,False,False,False,False,11,True,3,Upper-Mid,49.53500923852603
2582.3,MCKESSON EUROPE AG,978.5,0.9,35.0,69.0,2277.8,5122.0,0.0,DEU,DE000CLS1001,35102010.0,,90.4,160.2,142.1,142.1,8464.8,2022-03-31,73.1,351020.0,-54.3,424210.0,,9257.1,5102.1,16.0,3510.0,352.9,583.2,2492.6,28.4,6.808,2021.0,4150.0,447.8,2492.6,9257.1,1909.4,48.5,101768,31.7,1.3523843123419768,-2.1784482066918076,0.745373821175098,1.5350379708548032,-0.5865767897073597,1.5350379708548032,8.558835920536682,2.60102533172497,1.8219334445517603,1.565896918078848,0.8382649925366582,0.8382649925366582,36.69469434154563,0.06427023991013399,0.07698788413704565,48.85439328903784,50.61249289508242,4.3125,-12.08655876143561,3.761196370122106,1.8143705533015817,1359.7385428907169,9.460500766479305,38.58146719815061,3.812209007140465,4.94450379232988,14.514403292181068,56.60218341467239,0.3067915437880113,0.38850889192886456,-27.5,-0.29706927655529264,3155.555555555555,1.3043478260869565,2.046898820508706,0.9765477309308532,,,-44.7274616225124,-27.60206036354348,-67.87466968667421,-110.4881769641495,-71.68494516450647,-0.19183236718778285,-0.020285868105718145,-0.037385091916835644,-0.0029209578354072556,0.6099293688920165,0.24383705001130732,0.01763979537837361,1.842429168166284,0.593520782858094,0.7031971053714129,False,False,False,False,False,False,False,False,False,False,False,False,False,False,False,False,False,False,False,False,True,False,False,False,False,False,False,False,False,False,False,False,False,False,True,False,False,False,False,False,True,False,True,False,False,False,False,False,False,False,False,False,False,False,8,True,0,Mid,21.566048187081886
1094.563,DMG MORI AG,709.185,171.974,20.0,237.066,964.615,3540.0,1.774,DEU,DE0005878003,20106020.0,,85.737,39.285,307.915,307.915,1073.407,2024-12-31,70.849,201060.0,170.43,3335.0,4.81,2235.785,2544.259,12.437,2010.0,456.516,714.117,1419.503,37.147,7.498,2024.0,1642.446,662.307,1419.503,2235.785,137.938,-176.324,101937,35.149,9.317683459113244,12.006314886266532,10.603255679772431,13.772120306737904,7.622825987293054,13.772120306737904,51.98970384003828,16.25088772323326,1.7026958942168635,0.9623829196104144,0.14299798365150862,0.14483705934491997,26.641587982984433,0.02767517927049115,0.052436662691096814,55.79239377752029,43.0208952783502,19.06134919996784,-0.20623873471574944,2.92556693324068,0.8787568404002893,298.18418244865296,3.152611800870013,115.77702015175878,20.41860017846081,3.298440171665209,1.5031248380867561,33.29547031178822,1.661474605116324,0.5243122697568067,134.827,6.0304099007731065,21.600358193680442,72.54266744282182,1.7923590157963738,3.8347604979906387,0.0,100.0,-10.989016676433872,-8.07479290932811,-0.22621423819028097,12.482376006340456,-47.39353943324883,0.16743301524572757,0.00034554890007888414,-0.2301677019405922,0.49366690707914274,1.8554738142197378,0.015856381169796863,6.759296125119336,2.103300434638087,0.08957054621112989,0.34221558686317843,False,False,False,False,False,False,False,False,False,False,False,False,False,False,False,False,False,False,False,False,False,False,False,False,False,False,False,False,False,False,False,False,False,False,False,False,False,False,False,False,False,False,False,False,False,False,False,False,False,False,False,False,False,False,11,True,3,Upper-Mid,56.511598497729864
13445.0,HENKEL AG & CO KGAA,4144.0,3120.0,30.0,3018.0,9089.0,2840.0,599.0,DEU,DE0006048432,30301010.0,850.368,634.0,2642.0,3673.0,3673.0,10009.0,2024-12-31,655.0,303010.0,2007.0,3256.0,473.0,21586.0,35267.0,113.0,3030.0,3802.0,2568.0,21732.0,626.0,47.15,2024.0,11031.0,7259.0,21732.0,21586.0,3488.0,171.0,101942,1647.0,8.55757507017892,9.235229155162894,13.98128416566293,17.015658297044382,9.297692949133697,17.015658297044382,53.631983693134444,12.382046442930992,1.2136648696226207,0.9311255363626362,0.383760589723842,0.44966442953020136,5.506564210168146,0.12157187557518866,0.197358733664642,61.62134573397226,38.123458190376276,26.707964601769913,0.21807786550503674,12.161510760767856,0.6120736098902657,457.81548250265115,5.208976833976834,70.07134253682942,17.613267858797368,11.115345005149331,3.8975856697819315,21.64062721524371,2.90002779579357,0.9557251908396946,2494.0,11.553784860557768,20.064102564102566,103.37972166998013,1.6228142830848518,2.9370888538867783,42.37010463378177,57.62989536621823,0.3346657990145996,11.154185577407972,-1.2565445026178068,-5.780128447298827,2.960526315789469,-0.48889910488203714,0.0008631799503090962,-0.03402060392359553,-0.03899096897869586,2.383246050438567,0.0606688304581914,8.846797289250574,2.0605702008432156,0.4629066347167239,-0.49276762579012523,True,False,False,False,False,False,False,False,False,False,False,False,False,False,False,False,False,False,False,False,False,False,False,False,False,False,False,False,False,False,False,False,True,False,False,False,False,False,False,False,False,False,False,False,False,False,False,False,False,False,False,False,False,False,11,True,2,High Performers,36.72561163928937
4312.0,PUMA SE,1505.3,694.8,25.0,597.3,2870.9,3021.0,0.0,DEU,DE0006969603,25203020.0,90.8,92.0,1366.4,967.5,967.5,4269.0,2024-12-31,370.2,252030.0,281.6,316210.0,,8817.2,7140.6,127.4,2520.0,1882.5,2013.7,2827.7,263.0,19.599,2024.0,4305.2,5.4,2827.7,8817.2,368.2,-697.8,102175,352.2,8.364843290479792,9.95862361636666,6.774259402077757,10.972871206278636,3.1937576554915394,10.972871206278636,51.583269065009304,14.241434395937148,1.4995994287505658,0.7981817548503953,0.12825246438399107,0.12825246438399107,20.086547348962267,0.48321957774870045,0.6077731018141954,39.60031369912892,60.38708231801249,4.688383045525902,1.395762273901809,24.068005489734755,1.2347981962300087,449.8800959232614,5.857437055736399,62.31394320192351,21.350315292836726,6.147388970229382,2.119978149674728,26.237290983950928,2.9828063330762595,0.7104267963263101,431.79999999999995,4.897246291339654,37.852619458837076,116.3234555499749,2.5252325211302473,1.0434151431293381,32.24431818181818,67.75568181818181,2.5053187160677615,7.5326787542919105,4.9140838284888355,22.253680634201565,-12.450066577896134,0.391754667762913,0.0851279479341244,0.08907412823081952,0.46996621398637134,1.9389715021338014,0.31323871007127524,9.730274766826316,3.671225203856146,0.44903293123096777,-0.052961010477667735,False,False,False,False,False,False,False,False,False,False,False,False,False,False,False,False,False,False,False,False,False,False,False,False,False,False,False,False,False,False,False,False,False,False,False,False,False,False,False,False,False,False,False,False,False,False,False,False,False,False,False,False,False,False,11,True,0,Mid,42.57393932496895
7733.0,PORSCHE AUTOMOBIL HOLDING SE,3.0,1431.0,25.0,-31.0,150.0,3711.0,719.0,DEU,DE000PAH0038,25102010.0,584.019,,7447.0,-30.0,-30.0,0.0,2024-12-31,1.0,251020.0,-20017.0,336111.0,74.0,0.0,42841.0,360.0,2510.0,1.0,0.0,35108.0,,0.038,2024.0,2419.0,18.0,35108.0,0.0,2405.0,37.0,102187,114.0,-0.07236058915524847,-57.01549504386465,,,,,,-0.07284690400657971,16.126666666666665,16.126666666666665,16.033333333333335,20.826666666666668,5.2963282836535095,0.21211689643386122,0.21536401959667312,81.94953432459559,18.050465675404403,-0.08611111111111111,,17.648981116220444,0.0,0.0,0.0,,,0.0,,5.62078382857543,,,,,,,1.2202631878774068,,,,,-31.298309759774213,-9.523809523809534,,,,0.01681188667359388,-1.0794872205441333,4.754868316891622,,0.07543338624573019,3.340258163908406,1.0229259624014593,,0.9967427688263082,False,False,False,True,False,False,False,False,False,False,True,True,True,True,False,False,False,False,False,False,False,False,False,False,False,False,False,False,False,False,False,False,False,False,False,False,False,False,False,False,False,False,False,False,False,False,False,False,True,False,False,False,False,False,11,True,-1,,0.0
1556.639,DRAEGERWERK AG,913.964,167.308,35.0,164.141,978.482,3841.0,0.0,DEU,DE0005550636,35101010.0,37.473,333.066,286.928,298.517,298.517,1724.047,2024-12-31,134.376,351010.0,124.408,339112.0,,3370.88,3093.435,18.744,3510.0,507.144,662.585,1535.15,59.895,15.444,2024.0,1884.764,1014.549,1535.15,3370.88,230.599,-161.385,102218,108.652,5.306107935030152,8.103963782040841,4.869381289158914,8.855758733624453,3.6906683121321433,8.855758733624453,48.854690763242836,9.008450790800392,1.926212234869931,1.2490561911205316,0.23567015029402685,0.23567015029402685,29.296946598199085,0.18690551411914144,0.2576816597726606,49.62606293650909,50.320727605396584,8.756988903115664,0.552668692235283,12.78772626546218,1.0896883238212538,218.26469826469827,3.6881977845954546,98.96432385608506,15.0448547560281,3.7194603887090336,2.602001252669469,36.999743004136185,1.7768357224226317,0.4457269155206287,107.41299999999998,3.1864972944750325,35.79924450713654,101.92943871427613,2.0150701885809204,9.880683975697739,30.12105330846891,69.8789466915311,-0.07778262601733088,-0.035998783667667844,1.799485861182526,-13.79996629456942,-7.950144464252773,-0.09834571863561763,-0.003910554709133832,-0.15836151694121012,0.07193280686720843,3.781958291545897,0.05147184937576963,5.4084860357499025,5.268129800927575,0.007438239047710455,0.5193124570410924,False,False,False,False,False,False,False,False,False,False,False,False,False,False,False,False,False,False,False,False,False,False,False,False,False,False,False,False,False,False,False,False,False,False,False,False,False,False,False,False,False,False,False,False,False,False,False,False,False,False,False,False,False,False,11,True,3,Upper-Mid,62.268784782914324
2332.31,HUGO BOSS AG,408.737,785.511,25.0,360.821,1204.131,2300.0,0.0,DEU,DE000A1PHFF7,25203010.0,96.623,89.968,1007.369,728.223,728.223,1280.106,2024-12-31,367.402,252030.0,213.468,315.0,2.623,4307.349,3782.421,56.231,2520.0,1544.336,1071.561,1426.972,228.584,18.623,2024.0,1852.58,2289.476,1426.972,4307.349,210.622,-404.728,102250,395.753,9.53941932957754,14.959508665902344,8.37686939228746,16.906524175310615,4.955902110555703,16.906524175310615,70.28088506410788,14.82212229100196,1.5385203104977778,0.6486163050365782,0.17491618436864428,0.17491618436864428,17.14375528266155,0.7059486801422873,0.9832862873272917,37.7264191373726,61.66182981746348,6.416762995500703,1.637547839054795,37.09587060774039,1.138780955372234,231.29189711646887,10.53819204035847,34.63592223430235,35.85351453991771,6.642540893732585,1.1946179452219707,16.374671143164658,5.306837221687864,0.6221631890953234,556.9269999999999,12.929692950350665,29.10003806439375,217.70102072772923,2.650662381602442,2.0887093198159703,45.26345869170087,54.73654130829913,2.6180124689723083,8.9511465241338,-0.613726118048874,285.02226093689507,-8.197353360509252,-1.0818589936119924,0.11202790777277863,0.04268964163199785,-0.07281249008604854,6.533374248348302,0.5095922736971833,20.767413251988607,5.745558804631129,0.30161916401188277,0.2973842866180331,False,False,False,False,False,False,False,False,False,False,False,False,False,False,False,False,False,False,False,False,False,False,False,False,False,False,False,False,False,False,False,False,False,False,False,False,False,False,False,False,False,False,False,False,False,False,False,False,False,False,False,False,False,False,11,True,0,Mid,30.039449778927402
6016.5,SALZGITTER AG,1730.5,408.4,15.0,63.5,3531.7,3312.0,0.0,DEU,DE0006202005,15104050.0,,82.0,465.4,382.6,382.6,6847.8,2024-12-31,319.1,151040.0,-352.2,331110.0,,10011.7,10465.3,93.6,1510.0,1899.3,2740.9,4441.4,968.7,23.868,2024.0,5473.6,2072.8,4441.4,10011.7,1002.2,331.9,102259,1290.1,0.6067671256437943,-7.929932003422345,0.6342579182356642,3.82152881129079,-3.5178840756315113,3.82152881129079,31.602025630012886,1.2941224423249371,1.54984851487952,0.7737633434323414,0.2837726873743523,0.2837726873743523,18.555607579333614,0.10478677894357635,0.39525825190255326,42.43929939896611,57.489990731273835,0.6784188034188035,1.9688970203868268,16.774483292404422,0.9566567609146418,419.46120328473273,5.785437734758741,63.08943536062806,18.97080415913381,5.155620783768473,2.4983764456930206,26.112008255855063,9.675679455037606,3.0357254779066123,-560.3000000000001,-5.59645215098335,237.19392752203726,643.1496062992126,2.3563065700004504,0.819041721186212,,,-7.2174598026041314,-0.3494572462388157,-2.7819640747831054,-499.6433666191155,28.85075818036713,0.2299054776241523,0.012350929816686536,0.35923499141751786,-0.3797672340089985,3.2800788438299886,0.08542884242603051,3.902420379731111,2.275773515453363,0.05404092280611452,-0.3859980721716331,False,False,False,False,False,False,False,False,False,False,False,False,False,False,False,False,False,False,False,False,False,False,False,False,False,False,False,False,False,False,False,False,False,False,True,True,False,False,False,False,False,False,False,True,False,False,False,False,False,False,False,False,False,False,11,True,0,Mid,48.19382802895285
1091.5,KOENIG & BAUER AG,359.9,73.4,20.0,-37.8,606.5,3555.0,4.0,DEU,DE0007193500,20106020.0,,54.5,266.2,8.9,8.9,932.7,2024-12-31,46.7,201060.0,-70.1,333248.0,,1274.4,1422.7,26.0,2010.0,229.1,382.7,330.4,43.1,5.612,2024.0,890.0,278.0,330.4,1274.4,137.7,1.3,102365,116.8,-2.656919940957334,-21.216707021791766,-2.966101694915254,0.6983678593848085,-5.500627746390458,0.6983678593848085,26.81261770244821,-6.335903452899766,1.4674361088211048,0.8364385820280297,0.22704039571310797,0.23363561417971968,19.926899557180008,0.8056900726392252,1.1592009685230025,23.223448372812257,76.72032051732621,-1.4538461538461538,27.56179775280899,26.920643846207916,0.8957615800941872,227.08481824661442,3.5409836065573774,103.0787037037037,17.977087256748273,4.495238095238095,2.437157042069506,34.97575033387221,3.381983678593848,0.9229122055674518,30.300000000000004,2.3775894538606406,58.719346049046315,,4.305992736077482,4.276522284996861,,,-3.949351823937286,-0.3083175670940963,-2.246995296986576,-136.07142857142858,-17.432950191570885,-0.4195442744605716,0.08786496216116378,0.1466525081213176,-0.0541028431974802,3.9213757803727134,0.33075021247784614,5.159204329795459,3.1307234661994072,0.1259132280354158,0.20098671829975379,False,False,False,False,False,False,False,False,False,False,False,False,False,False,False,False,False,False,False,False,True,False,False,False,False,False,False,False,False,False,False,False,False,False,False,False,False,False,False,False,False,False,False,False,False,False,False,False,False,False,False,False,False,False,11,True,0,Mid,39.779934227651864
901.799,PAUL HARTMANN AG,427.654,198.663,35.0,108.62,465.595,3842.0,0.0,DEU,DE0007474041,35101020.0,28.4,93.5,263.815,198.021,198.021,1044.456,2024-12-31,89.401,351010.0,108.452,339113.0,15.625,2425.8,2097.867,14.835,3510.0,569.902,500.172,1148.549,138.601,10.079,2024.0,1094.778,795.331,1148.549,2425.8,160.906,-31.748,102529,26.377,5.177639955249784,9.44252269602777,4.477698078984252,8.163121444471926,4.4707725286503415,8.163121444471926,56.94385357407866,7.690651984899077,2.3513525703669496,1.2770884567059353,0.3455921992289436,0.3455921992289436,29.991558092100213,0.22969416193823686,0.2526596601451048,54.748418274371055,42.986471497001475,7.321873946747556,0.6528903500133825,13.832716754684638,1.156317345189185,240.67863875384464,5.6723425947144195,64.34731222689422,23.493363014263334,3.8554760697603085,2.088193661380485,28.055162696205237,5.713620248990024,1.5503294146597912,60.06200000000001,2.4759666914007754,69.76689167081942,182.8972564905174,1.8265367868501912,3.8543985489323105,26.18670010695976,73.81329989304024,2.4629459892122174,5.590936522133472,-0.8752950432730056,-48.96245814992947,22.544052766062794,-0.4151692876159462,0.017269178160031304,0.21377380582425518,-0.38951427406652395,2.2819621022878303,0.08763507010663858,9.469761429108708,4.4642434716616926,0.36410468546596986,0.22549322370812225,False,False,False,False,False,False,False,False,False,False,False,False,False,False,False,False,False,False,False,False,False,False,False,False,False,False,False,False,False,False,False,False,False,False,False,False,False,False,False,False,False,False,False,False,False,False,False,False,False,False,False,False,False,False,11,True,3,Upper-Mid,58.103905622991
1074.69,KWS SAAT SE & CO KGAA,603.264,226.537,30.0,253.274,521.392,100.0,33.022,DEU,DE0007074007,30202010.0,41.25,348.951,426.798,356.161,356.161,516.311,2025-06-30,102.887,302020.0,139.98,111.0,,1676.628,2676.221,11.651,3020.0,623.634,420.328,1601.531,108.116,4.791,2025.0,1550.007,464.725,1601.531,1676.628,407.009,-236.849,102926,56.737,9.463867146995709,8.740386542627023,15.106153541513084,21.242696650658345,8.34890029273041,21.242696650658345,69.20539320588705,12.486830292324372,2.972824669346672,2.166659634209961,0.7806199558105993,0.8439542609015864,38.4353534330685,0.26649374879412263,0.3019204748456321,59.843002502409185,40.15699749759082,21.738391554373017,0.2148635027417376,18.06782773171573,0.6264908615544083,349.95366311834687,2.779260821133036,131.32988355198648,37.195728569485894,1.6299859519839783,1.228352619858777,37.74998402598291,6.44841908879012,1.0508227472858573,118.421,7.063045589122931,47.725537108728375,89.44344859717145,1.6710391494139045,20.81266685275446,29.468495499357054,70.53150450064294,-0.08878994206604762,-9.467631769365848,3.7462104807275853,-6141.887755102017,-20.537997942084374,0.34305048544131467,0.02442768772756635,0.0026673672731636717,0.2807733865456231,2.4249338116019827,0.18664624453625198,8.464809146927701,1.934299544562904,0.2601714579267073,0.05452210288460373,False,False,False,False,False,False,False,False,False,False,False,False,False,False,False,False,False,False,False,False,False,False,False,False,False,False,False,False,False,False,False,False,False,False,False,False,False,True,False,False,False,False,False,True,False,False,False,False,False,False,False,False,False,False,12,True,3,Upper-Mid,41.53598638178244
18975.0,THYSSENKRUPP AG,5222.0,1353.0,15.0,-139.0,11852.0,3390.0,12.0,DEU,DE0007500001,15104050.0,93.0,689.0,650.0,631.0,631.0,30188.0,2024-09-30,770.0,151040.0,-1506.0,331.0,,35041.0,29333.0,65.0,1510.0,4403.0,8434.0,9583.0,1525.0,98.12,2024.0,20918.0,4227.0,9583.0,35041.0,5879.0,-1640.0,103176,823.0,-0.4738690212388777,-15.715329228842743,-0.3966781769926657,1.8007476955566335,-4.297822550726292,1.8007476955566335,13.849490596729547,-1.3583504348675852,1.764934188322646,1.053324333445832,0.4960344245696929,0.49704691191360106,30.90716939965227,0.06782844620682459,0.15370969425023479,32.669689428288955,64.6882350935806,-2.1384615384615384,-6.98256735340729,5.021647973272423,1.194593120376368,357.12392988177737,6.7102642665645345,54.39428098513171,12.565280671213722,3.8651003750275756,3.5793217927436567,37.844748235775405,4.352044747581404,1.9805194805194806,-172.0,-0.49085357153049286,112.71249076127125,,3.060941250130439,1.9662680859564512,,,-6.64695225916454,-11.88909915592803,-1.861353657194853,-146.9945355191257,-10.188457008244988,-0.4866538935409118,-0.3269394328331497,0.17879103014873715,-0.22430985034253376,5.4900506186340134,1.4504766397896958,4.612552415368357,4.033652808264548,0.08643316027323589,-0.5552316299129579,False,False,False,False,False,False,False,False,False,False,False,False,False,False,False,False,False,False,False,False,False,False,False,False,False,False,False,False,False,False,False,False,False,False,False,False,False,False,False,False,False,False,False,False,False,False,True,False,False,False,False,False,False,False,11,True,0,Mid,34.487394077577996
710.0,FUCHS SE,551.0,390.0,15.0,436.0,580.0,2990.0,0.0,DEU,DE000A3E5D64,15101010.0,152.615,79.0,52.0,533.0,533.0,2222.0,2024-12-31,97.0,151010.0,302.0,324191.0,2.0,3525.0,2610.0,9.0,1510.0,813.0,567.0,1897.0,83.0,6.781,2024.0,1285.0,697.0,1897.0,3525.0,153.0,-228.0,103200,60.0,16.704980842911876,15.919873484449129,12.368794326241135,15.120567375886527,8.567375886524822,15.120567375886527,36.9645390070922,22.370446382760388,2.2155172413793105,1.2379310344827585,0.2637931034482759,0.2637931034482759,27.011494252873565,0.027411702688455455,0.05904059040590406,72.68199233716474,27.203065134099617,48.44444444444444,-0.07692307692307693,4.291187739463601,1.3505747126436782,519.8348326205574,6.397459165154265,57.05390070921986,23.06382978723404,5.0,3.9188712522045854,26.97318007662835,2.354609929078014,0.8556701030927835,307.0,8.709219858156029,21.28205128205128,89.44954128440367,1.3758566157090142,2.2411347517730498,50.534768211920536,49.465231788079464,-0.45184975995481436,7.71770532397853,8.115433673469386,-33.26086956521739,0.0,-0.500585552284974,0.0055430427954161,-0.10227467469361243,-0.23684786043372466,1.8049902090443215,0.028183022880020083,14.942528735632186,5.175547287786805,0.8460569672791028,-0.22120291987798313,False,False,False,False,False,False,False,False,False,False,False,False,False,False,False,False,False,False,False,True,False,False,False,False,False,False,False,False,False,False,False,False,False,False,False,False,False,False,False,False,False,False,False,False,False,False,False,False,False,False,False,False,False,False,11,True,3,Upper-Mid,24.428338728131397
17301.0,BERTELSMANN SE & CO KGAA,5548.0,2172.0,50.0,1681.0,9357.0,4833.0,208.0,DEU,DE0005229900,50201020.0,220.0,,5832.0,2462.0,2462.0,13852.0,2024-12-31,781.0,502010.0,784.0,515120.0,133.0,18988.0,32951.0,286.0,5020.0,2915.0,883.0,13532.0,396.0,74.607,2024.0,12565.0,479.0,13532.0,18988.0,2450.0,-1629.0,103255,1125.0,5.101514369821857,5.793674253621046,8.852959764061513,12.966083842426796,4.128923530650938,12.966083842426796,27.048662313039816,8.681057632720513,1.3428449289302127,1.248477075985893,0.26183605856577963,0.2840654055787111,9.73566811325908,0.4309784215193615,0.5141146911025717,41.067038936602835,52.50523504597736,5.8776223776223775,1.830625507717303,21.11316803738885,0.5762495827137264,254.50694975002347,3.4224945926459984,106.64735622498421,15.351801137560564,5.918952618453865,15.687429218573046,24.27240447937847,2.085527701706341,0.5070422535211268,1776.0,9.353275753107225,18.23204419889503,129.2088042831648,2.435042861365652,,28.061224489795915,71.93877551020408,-5.855520848827411,1.0085218564159115,-7.22599418040738,20.48846675712348,-10.204081632653061,-0.12080893838745095,0.0006866197300966331,0.02415900386240769,0.04408664795454003,1.3599723118676057,0.12457961648497791,6.5916057175806495,1.5427911953834248,0.0868021911186794,-0.6956676548323845,False,False,False,False,False,False,False,False,False,False,False,False,False,False,False,False,False,False,False,False,False,False,False,False,False,False,False,False,False,False,False,False,False,False,False,False,False,False,False,False,False,False,False,False,False,False,False,False,False,False,False,False,False,False,11,True,0,Mid,57.13211878758284
2827.932,KRONES AG,1910.958,452.17,20.0,375.33,2392.927,3560.0,0.0,DEU,DE0006335003,20106020.0,82.142,219.539,94.55,513.295,513.295,2665.788,2024-12-31,137.965,201060.0,276.919,333993.0,2.973,5352.733,4749.469,10.421,2010.0,832.211,664.752,1921.706,120.727,19.788,2024.0,3198.498,1587.532,1921.706,5352.733,442.483,-114.995,103269,42.073,7.90256763440292,14.410060644031915,7.011932035466742,9.589400405363016,5.173413282523152,9.589400405363016,50.197628015445574,18.615195689436263,1.3366467092393541,1.0588480133326257,0.18491287030486095,0.18491287030486095,16.96128556687074,0.049201074461962445,0.07109464194835213,40.46149158990195,59.54206670261454,36.01669705402553,-0.5958756660399965,2.87659525728034,1.1270171465483827,270.50399231857693,2.8010730743428165,130.307203815322,15.547403541331128,6.644644606124104,4.01019929236768,49.55166567041495,2.2554272742541053,0.8750552676403436,331.443,6.192033116540652,26.699471437733596,120.47265073402073,2.47148575276343,4.101437527334166,29.662825591598992,70.33717440840101,12.32308441606813,6.083389973306419,6.887052341597788,1528.9526711554522,2.9435088467277826,-0.12255632355370764,0.00998748349980334,0.022541713268301386,0.21021302451786922,1.9361907124627618,0.04549506508788372,9.520432705213993,3.7945051787778494,0.044072518531728284,0.8244201419566822,False,False,False,False,False,False,False,False,False,False,False,False,False,False,False,False,False,False,False,False,False,False,False,False,False,False,False,False,False,False,False,False,False,False,False,False,False,False,False,False,False,False,False,True,False,False,False,False,False,False,False,False,False,False,11,True,3,Upper-Mid,42.40749620863609
28314.0,SAP SE,7828.0,5220.0,45.0,8142.0,19079.0,7372.0,1478.0,DEU,DE0007164600,45103010.0,2741.0,6603.0,6720.0,9422.0,9422.0,7884.0,2024-12-31,1280.0,451030.0,3124.0,513210.0,,34176.0,74122.0,545.0,4510.0,4337.0,0.0,45440.0,797.0,109.121,2024.0,21401.0,10276.0,45440.0,34176.0,11087.0,-3412.0,103487,3433.0,10.984592968349478,6.875000000000001,23.82373595505618,27.569054307116104,9.140917602996254,27.569054307116104,76.9311797752809,15.609662576687116,1.1217044918496777,1.1217044918496777,0.5811101210755281,0.658577493579328,3.132673160465179,0.14788732394366197,0.2234375,61.30433609454683,38.199185127222684,14.939449541284404,-0.09912969645510507,13.697687596125308,0.4610776827392677,313.19361076236476,4.365866121614716,83.60311329588015,12.690191947565543,14.718346253229974,,25.518739375623973,2.3320458801498125,0.62265625,4423.0,12.941830524344569,15.268199233716476,64.1120117907148,1.631205985915493,19.32057584269663,87.74007682458387,12.259923175416134,9.513891114173113,8.468573937221047,1.411683797698915,-20.263205336217773,1.5286624203821653,-0.4645395458999519,-0.018145112819190283,-0.2241374508052263,0.1373582371713566,2.746373490621218,0.12476026092883238,7.042443539030248,1.930148409512513,0.31471603455531205,-0.4500436442306867,True,True,False,False,False,False,False,False,False,False,False,False,False,False,False,False,False,False,False,False,False,False,False,False,False,False,False,False,False,False,False,False,True,False,False,False,False,False,False,False,False,False,False,False,False,False,False,False,False,False,False,False,False,False,11,True,2,High Performers,36.761608512853535
4421.998,SIXT SE,693.228,1079.847,20.0,514.314,1595.496,7510.0,0.0,DEU,DE0007231326,20304040.0,127.078,10.105,2757.739,737.268,737.268,886.577,2024-12-31,222.954,203040.0,243.913,5321.0,0.003,4002.172,6550.656,154.362,2030.0,1124.128,175.534,2128.658,89.925,7.864,2024.0,5240.0,983.991,2128.658,4002.172,163.577,-832.872,103533,327.736,7.851335805146843,11.458533968350013,12.85087197651675,18.421697018518945,6.094515677986853,18.421697018518945,77.84760375116312,10.525423947337885,3.2842451500975245,3.1742266981553073,0.10252423070944709,0.10252423070944709,55.63571037770873,1.2955293898785056,1.4494930608862486,32.495340924634114,67.50465907536588,3.3318692424301317,3.9631423037484335,47.10177118139008,0.6109574369345605,508.92319430315365,5.773240550006636,63.222725060292255,28.08794824410345,1.0981390060211211,5.050742306333816,13.07968240127401,2.246904930622672,0.40333432008396347,989.922,24.734619101827708,8.327568627777824,209.9587022713751,3.077364236058587,0.25248789907080454,52.09972408194725,47.90027591805275,10.54169455178815,1.5664001758860957,-9.97137950772753,-754.143566090226,46.78756814991347,0.591288928605766,-0.07683017051151256,-0.1037442110480408,2.9388099158284624,5.450365938236021,0.3931101754976629,16.48456276745413,8.727931700986776,0.12946156599137126,0.31510746201486417,False,False,False,False,False,False,False,False,False,False,False,True,False,False,False,False,False,False,False,False,False,False,False,False,False,False,False,False,False,False,False,False,False,False,False,False,False,False,False,False,False,False,False,True,False,False,False,False,True,False,False,False,False,False,11,True,3,Upper-Mid,20.59845295315985
4678.726,KABEL DEUTSCHLAND HOLDING AG,177.121,1267.322,50.0,858.442,1763.21,4841.0,0.0,DEU,DE000KD88880,50201030.0,,20.234,2589.29,1429.175,1429.175,512.873,2021-03-31,570.733,502010.0,534.523,515210.0,,2631.54,4153.164,73.101,5020.0,3231.179,33.858,-525.588,417.469,3.021,2020.0,229.793,734.662,-525.588,2631.54,1.933,-774.186,104357,155.399,20.669590702413874,-101.7000007610524,32.62127879492617,54.30945377991594,20.312174620184383,54.30945377991594,80.51053755595584,41.597187966091994,0.13032650676890445,0.11112402946897987,0.001096295960208937,0.001096295960208937,-36.921657801136675,-4.926463313469866,-5.222130261725915,-12.655122696816209,112.65449666808244,11.743231966730962,1.919118372487624,66.08669920089841,0.6336229438567801,871.082423038729,14.857300941164514,24.567046292285127,122.78661924196479,,15.147764191623844,4.3112672651501365,15.864056788040463,0.7314611210495977,849.8529999999998,32.29489196440107,32.94103629543242,147.63047474377998,,0.7689033797700207,0.0,100.0,3.383981481917986,-1.4404597396735608,-5.059710873664358,35.373472404521245,-2.201622519426427,1.0855360562517546,-0.5214025199937786,-1.3064711510114162,1.6733753246814624,3.7063329177757907,1.418678577261145,30.514614881569806,3.6471205110281133,0.5146961303863442,0.3530826581344067,False,False,False,True,False,False,False,False,False,False,False,False,False,False,False,True,True,False,False,False,False,False,False,False,False,False,False,False,False,False,False,False,False,False,False,False,False,False,False,False,False,False,False,False,False,False,True,True,False,False,False,False,False,False,8,True,2,High Performers,8.645464889548641
2066.292,TELE COLUMBUS AG,59.704,182.96,50.0,-77.675,241.261,4841.0,0.0,DEU,DE000TCAG172,50201030.0,,,1686.604,104.97,104.97,264.388,2024-12-31,182.645,502010.0,-215.678,516210.0,,454.165,2145.912,160.295,5020.0,861.527,24.373,70.747,146.314,1.393,2024.0,150.013,24.393,70.747,454.165,57.811,62.429,104364,41.977,-3.619673127323022,-304.8581565296055,-17.10281505620204,23.112745367872908,-47.48890821617694,23.112745367872908,41.78591481069656,-4.420004882348489,0.6217871931228006,0.5207638200952496,0.23962016239674047,0.23962016239674047,-4.252178094907899,23.839936675760104,24.433276322670928,3.296826710508167,96.28968941876461,-0.48457531426432515,15.916642850338194,80.55227800580826,0.21164194990288515,326.0337401292175,7.60694425834115,47.982473330177356,189.69471447601643,,10.847577237106632,5.476226424941936,32.2160448295223,0.8010840701908072,36.646000000000015,8.068873647242745,79.9704853519895,,30.332197831710175,,,,-5.23797700247669,6.968117109469341,,1550.7207207207223,13.93130514004499,-3.429749501525803,1.586904963150663,0.9498068934485586,0.2675789831591298,13.429030033806509,7.719910816431554,8.525978698101323,2.3736240840877216,0.7175103964694044,-0.5226286991132053,False,False,False,True,False,False,True,False,False,False,False,False,False,False,False,True,True,False,False,False,True,False,False,False,False,False,True,False,False,False,True,False,False,False,False,False,True,False,False,False,False,False,False,True,False,True,True,False,False,False,True,False,False,False,11,True,1,Low Performers,5.776925628702318
11420.0,INFINEON TECHNOLOGIES AG,2770.0,2780.0,45.0,2963.0,5146.0,3674.0,395.0,DEU,DE0006231004,45301020.0,455.0,2558.0,4595.0,4828.0,4828.0,6760.0,2024-09-30,1865.0,453010.0,1780.0,334413.0,10.0,14955.0,28639.0,157.0,4530.0,6476.0,3990.0,17219.0,2432.0,58.065,2024.0,9793.0,1412.0,17219.0,14955.0,2201.0,-615.0,132740,573.0,10.346031635182792,10.337417968523143,19.81277164827817,32.283517218321634,11.90237378803076,32.283517218321634,54.79772651287195,13.583020078848445,1.9030314807617568,1.1276719782355227,0.42771084337349397,0.5044694908666926,16.2261252138692,0.26685637958069575,0.300133573378245,60.124306016271525,39.87569398372848,18.872611464968152,0.6145401822700911,18.045322811550683,0.522190020601278,257.55618703177475,5.398916967509026,67.60615178869942,43.3032430625209,3.2182052937378955,1.694235588972431,17.357449631621215,16.262119692410565,1.3040214477211796,348.0,2.3269809428284853,87.4820143884892,93.82382720215998,1.663220860677159,17.10464727515881,25.56179775280899,74.43820224719101,-8.302164449077198,0.70325960828439,-0.8960573476702649,-71.49877149877149,-11.208470244614821,1.045090374696417,0.019441579304853733,0.3902246472647871,0.0763927750024315,4.675615587678315,0.1857166236036557,9.70704284367471,2.8184744444689387,0.5495697063287116,0.034623261573779957,True,True,False,False,False,False,False,False,False,False,False,False,False,False,False,False,False,False,False,False,False,False,False,False,False,False,False,False,False,False,False,False,False,False,False,False,False,False,False,False,False,False,False,False,False,False,False,False,False,False,False,False,False,False,11,True,2,High Performers,30.7033599212726
903.3,BIOTEST AG,206.8,60.9,35.0,86.8,160.1,2836.0,11.7,DEU,DE0005227235,35201010.0,0.791,56.8,635.9,127.3,127.3,461.9,2024-12-31,40.5,352010.0,26.4,325414.0,,726.2,1434.0,32.2,3520.0,485.3,479.5,530.7,28.7,2.495,2024.0,809.5,91.3,530.7,726.2,119.5,-35.4,200759,35.1,6.052998605299861,4.9745618993781795,11.952630129440925,17.52960616909942,3.635362159184797,17.52960616909942,36.394932525475085,7.440425167152409,5.056214865708932,2.061211742660837,0.7464084946908183,0.8194878201124297,45.28591352859135,1.1982287544752213,1.2643678160919538,37.00836820083682,62.99163179916317,2.695652173913043,4.3322859387274155,46.79218967921897,0.5064156206415621,291.062124248497,3.511605415860735,103.94106306802534,66.82732029743872,1.1182630120110872,0.9632950990615223,22.754532775453278,3.9520793169925637,0.7086419753086419,32.2,4.43404020930873,47.12643678160919,70.16129032258065,2.7020915771622382,7.821536766730927,2.9962121212121215,97.00378787878788,6.076541045866213,1.6372528173506318,2.844187963726297,-189.196675900277,-14.071856287425144,0.7673929856368608,0.07471180601243102,-1.6891059506214752,1.4078414274526312,9.923660820056671,0.332314845625025,4.2468619246861925,3.8294908447747145,0.06577858263679129,-0.03229871771023296,False,False,False,False,False,False,False,False,False,False,True,False,False,False,False,False,False,False,False,False,False,False,False,False,False,False,False,False,False,False,False,False,False,False,False,False,False,False,False,False,False,False,False,False,False,False,False,True,False,False,False,False,False,False,11,True,3,Upper-Mid,28.938313413914194
23260.0,FRESENIUS SE & CO KGAA,5513.0,2447.0,35.0,1785.0,9009.0,8090.0,8.0,DEU,DE0005785604,35102015.0,563.237,641.0,10805.0,2921.0,2921.0,15319.0,2024-12-31,1136.0,351020.0,1042.0,6214.0,,21833.0,43550.0,547.0,3510.0,9890.0,2573.0,19542.0,923.0,176.486,2024.0,11446.0,2919.0,19542.0,21833.0,2290.0,-2183.0,202305,2772.0,4.09873708381171,5.332105209292806,8.17569733889067,13.378830211148262,4.772591947968671,13.378830211148262,29.835570008702422,5.881965268395558,1.2705072705072704,0.9849039849039849,0.2541902541902542,0.2550782550782551,5.595866819747417,0.552911677412752,0.6947600040937468,44.87256027554535,53.40987370838117,3.263254113345521,3.864087641218761,31.175660160734786,0.5013318025258324,123.70952936776855,3.9602757119535643,92.16530023359135,45.29840150231301,8.958965941731638,5.953750485814225,17.917336394948336,4.227545458709294,0.8125,1524.0,6.980259240599093,37.71965672251737,137.08683473389357,2.228533415208269,2.935922685842532,54.053454894433784,45.946545105566216,-2.0897798107538446,-3.8291670347142426,-8.964485595646465,-54.12402167369055,-18.606701940035276,-0.8000602505664848,-0.05429001725900349,-0.10331682891980257,0.43837682591134286,2.9975055969396336,0.30308138292904646,5.618828932261768,1.4614247120074504,0.7836426553184878,-0.10907964411568895,False,False,False,False,False,False,False,False,False,False,False,False,False,False,False,False,False,False,False,False,False,False,False,False,False,False,False,False,False,False,False,False,False,False,False,False,False,False,False,False,False,False,False,False,False,False,False,False,False,False,False,False,False,False,11,True,0,Mid,54.04460157771943
4692.058,JUNGHEINRICH AG,1484.87,577.958,20.0,421.588,2150.206,3537.0,169.617,DEU,DE0006219934,20106010.0,80.52,135.742,2156.389,586.483,586.483,3499.164,2024-12-31,164.895,201060.0,288.993,333924.0,0.375,5391.884,7128.36,31.382,2010.0,1830.59,880.842,2436.302,138.426,20.922,2024.0,3073.923,1174.82,2436.302,5391.884,703.391,-386.486,202807,857.891,5.914235532436634,11.86195307478301,7.81893675754152,10.877144241233676,5.359777769699793,10.877144241233676,35.10312907325157,9.179542015781161,1.4295946527914067,1.01993994993968,0.3271272612949643,0.4060113310073546,12.958338243298595,0.885107429210336,1.2372357778304988,34.17759484650046,65.82240515349955,13.434070486266013,3.9402489074704645,42.28574314428565,0.7563989473034471,257.7136029060319,3.6312162007448467,100.5172867220437,33.950841672409865,5.837160082579407,3.9725217462382587,30.697958576727324,2.5673030057768305,0.8394796688801963,439.532,8.151733234617065,23.950875323120364,137.09071415694942,2.9258934237216896,2.517524486802757,27.862266560089687,72.1377334399103,-2.776886727046546,3.1621927921229087,,30.135692481694964,2.857779759250989,0.044525976935936726,-0.0073325371480288835,-0.1342829649973476,0.48601784612682586,0.4426520657875997,0.15472288353991218,8.107867728341441,3.2945715511874747,0.11129985755028808,-0.5606546666031959,False,False,False,False,False,False,False,False,False,False,False,False,False,False,False,False,False,False,False,False,False,False,False,False,False,False,False,False,False,False,False,False,False,False,False,False,False,False,False,False,False,False,False,False,False,False,False,False,False,False,False,False,False,False,11,True,0,Mid,67.91021025335453
2580.721,HORNBACH HOLDING AG & CO,195.558,318.417,25.0,268.392,1183.935,5211.0,0.138,DEU,DE0006083405,25504030.0,38.392,,1301.439,488.333,488.333,3819.492,2025-02-28,219.941,255040.0,140.679,444110.0,,6199.989,4614.193,55.568,2550.0,2706.083,1266.089,1955.338,165.919,19.916,2024.0,1779.927,1907.324,1955.338,6199.989,317.385,-199.356,203162,391.42,5.816661765123392,7.194612900685201,4.328910906132253,7.876352683851537,2.2690201547131776,7.876352683851537,38.39518102370826,8.241030933342994,1.5033992575605923,0.43400862378424493,0.26807637243598675,0.26819293288905216,12.916494823688563,0.665582625612554,0.8657628502079948,42.37659759788981,55.93006187647547,4.82997408580478,2.816672229810396,36.688083918466354,1.3436778652301713,311.3069391444065,31.70409290338416,11.512709135451692,43.646577437476104,10.402805742358957,3.0167642243159842,11.116635129913291,2.676117651176478,0.7543795836156061,152.49799999999996,2.4596495251846413,52.10745657424071,118.63878207994276,2.3597930383391517,,27.29049822645882,72.70950177354118,0.634697671730966,3.0626922851844984,52.426144191030154,-49.65185036003529,9.14072212757282,0.04796353205358323,0.04002468176019809,-0.11438826030819045,0.311570592623169,0.8851541973356237,0.21764668290801692,6.900816675852092,2.148480902247651,0.0381704957554533,-0.0939201318442059,False,False,False,False,False,False,False,False,False,False,False,False,False,False,False,False,False,False,False,False,False,False,False,False,True,False,False,False,False,False,False,False,False,False,False,False,False,False,False,False,False,False,True,False,False,False,False,False,False,False,False,False,False,False,12,True,0,Mid,54.94867009176129
3988.6,VTG AG,177.3,517.8,20.0,174.6,563.9,4400.0,8.2,DEU,DE000VTG9999,20304010.0,,,2842.1,472.9,472.9,586.9,2020-12-31,298.3,203040.0,21.9,482111.0,14.0,1218.3,4643.8,87.7,2030.0,3371.4,87.0,654.9,278.8,2.12,2020.0,426.2,4.8,654.9,1218.3,137.6,-169.7,203586,250.6,3.759851845471381,3.344021988089785,14.331445456784042,38.816383485184275,1.7975868012804728,38.816383485184275,51.826315357465326,4.992851015155848,0.7558077673346338,0.6015250931016137,0.2440148962582018,0.25855648164568185,-2.9652439812222746,4.339746526187204,4.722400366468163,14.102674533786983,85.8908652396744,1.9908779931584948,6.248889828716431,66.59847538653688,0.2623497997329773,574.6698113207547,6.87140439932318,53.11868997783798,276.72986949027336,,6.7459770114942526,6.781084456694947,22.884347040958712,0.9346295675494468,238.99999999999994,19.61749979479602,53.84318269602164,296.5635738831615,7.090853565429837,,0.0,100.0,-0.19660850331777446,-1.006182050735449,22.89855072463769,602.9411764705881,-27.97726685610953,0.9468156020376334,0.2723770499931148,0.958952406346361,1.926840640123456,2.605489586340343,0.9386014050243712,11.15035100564193,0.9650387411727354,0.6162528051180126,-0.6886423528018596,False,False,False,False,False,False,False,False,False,False,False,False,False,False,False,True,True,False,False,False,False,False,False,False,False,False,True,False,False,False,True,False,False,False,False,False,False,False,False,False,False,False,False,True,False,False,False,False,False,False,False,False,False,False,7,True,0,Mid,13.658367157661624
1455.804,FIELMANN GROUP AG,151.336,410.093,25.0,251.093,846.714,3851.0,7.394,DEU,DE0005772206,25504040.0,96.6,,467.188,462.931,462.931,455.587,2024-12-31,211.838,255040.0,152.108,456130.0,,2264.116,2368.947,41.865,2550.0,1001.027,259.32,899.131,79.716,20.221,2024.0,545.615,1035.488,899.131,2264.116,101.683,-44.269,204820,406.664,10.599350681969668,16.917223407934994,11.090111990728388,20.446434723309228,6.71820701766164,20.446434723309228,79.87793028272404,18.37733355094967,0.6443911403378236,0.3381247977475275,0.12009131772948127,0.1288239003961196,-12.710246366845693,0.5195994799422998,0.9718850757008711,37.954880375120254,61.453633196521494,5.997683028782992,1.6680001987337205,36.887781786591255,0.9557478491498543,111.96854754957717,14.960855315324839,24.397000860379947,44.21270818279629,,1.7568525374055222,10.680652627517627,3.520844338364289,0.37630642283254184,330.377,14.591876034620135,19.438517604543357,163.32315118302782,2.634707289594064,,63.50750782338864,36.49249217661136,14.983444044934702,19.249541666792513,23.389065169636304,66.18895752429626,-5.087570991439372,-1.0244609249876622,0.10100085972834867,0.11005620800271869,0.2189692028739411,3.8098689071109475,0.3591593367234257,17.31119353873261,4.742164496181577,0.7953593973621308,0.38282161701463385,False,False,False,False,False,False,False,False,False,False,False,False,False,False,False,False,False,False,False,False,False,False,False,False,False,False,False,False,False,False,False,False,False,False,False,False,False,False,False,False,False,False,False,False,False,False,False,False,False,False,False,False,False,False,11,True,2,High Performers,43.462705321938586
4139.0,PROSIEBENSAT.1 MEDIA SE,565.0,1203.0,50.0,454.0,1685.0,4841.0,0.0,DEU,DE000PSM7770,50201020.0,11.344,,1987.0,641.0,641.0,2245.0,2024-12-31,187.0,502010.0,51.0,515210.0,6.0,3918.0,5608.0,81.0,5020.0,410.0,65.0,1318.0,209.0,,2024.0,1510.0,1064.0,1318.0,3918.0,608.0,-72.0,205865,263.0,8.095577746077034,3.8694992412746583,11.587544665645739,16.360387953037264,1.3016845329249618,16.360387953037264,42.700357325165896,13.73676248108926,0.8961424332344213,0.857566765578635,0.3608308605341246,0.3608308605341246,-3.120542082738944,1.507587253414264,1.7071320182094083,23.502139800285306,73.8052781740371,5.604938271604938,2.561622464898596,40.121255349500714,0.698644793152639,,6.934513274336283,52.635273098519654,10.464522715671261,,34.53846153846154,20.91654778887304,5.334354262378764,1.1176470588235294,994.0,25.370086778968865,17.373233582709894,264.9779735682819,4.254931714719271,,22.24313725490196,77.75686274509803,1.7133956386292892,-5.0135501355013545,,-2.6444662095984284,-4.5662100456621,-1.8838439217292735,-0.1508001627890378,0.21779228615245366,-1.9649167767436926,6.828304803040811,0.8583932037399492,21.451497860199716,4.628110177557051,0.8372530217792904,0.8081290542589302,False,False,False,False,False,False,False,False,False,False,False,False,False,False,False,False,False,False,False,False,False,False,False,False,False,False,False,False,False,False,False,False,False,False,False,False,False,False,False,False,False,False,False,False,False,False,False,False,False,False,False,False,False,False,11,True,2,High Performers,40.447013832742286
1857.8,FREENET AG,426.55,370.7,50.0,379.455,1149.5,4812.0,0.0,DEU,DE000A0Z2ZZ5,50102010.0,,23.308,424.0,524.471,524.471,1736.329,2024-12-31,145.016,501020.0,297.6,517312.0,,2502.3,3342.0,29.026,5010.0,330.81,46.7,1489.2,43.7,3.196,2024.0,818.1,115.0,1489.2,2502.3,181.6,-306.6,205934,273.1,11.354129263913823,19.983883964544724,15.16424889102026,20.95955720736922,11.893058386284618,20.95955720736922,30.610678176078014,19.833524984319464,0.7117007394519357,0.6710743801652892,0.1579817311874728,0.1579817311874728,-9.916217833632555,0.284716626376578,0.46810367982809564,44.56014362657092,55.58946738479952,13.072934610349341,0.9828951457754576,20.858767205266307,0.7487432675044884,782.9474342928661,5.866369710467707,62.21905846621108,13.220237381608918,,37.180492505353314,18.197187312986234,1.7463933181473046,0.30134605836597345,327.0,13.067977460736122,11.788508227677369,97.69274354007722,2.244157937147462,0.9314630539903288,0.0,100.0,-5.6376800663700095,-2.134762364930165,-13.387533875338754,-4.497663551401865,-21.402877697841728,0.23416359208551413,-0.032451088795577857,0.0942780207374616,0.4941639748726735,2.497609395369671,0.4815695622178052,11.092160383004188,1.64079002328772,0.09669018461985812,0.7530993208542217,False,False,False,False,False,False,False,False,False,False,False,False,False,False,False,False,False,False,False,False,False,False,False,False,False,False,False,False,False,False,False,False,False,False,False,False,False,False,False,False,False,False,False,False,False,False,False,False,False,False,False,False,False,False,11,True,2,High Performers,35.06846686214381
772.3,SGL CARBON SE,161.1,120.3,20.0,72.2,243.3,3620.0,17.8,DEU,DE0007235301,20104010.0,,25.9,242.8,131.9,131.9,737.8,2024-12-31,59.7,201040.0,-80.3,335991.0,,1026.4,1336.9,33.5,2010.0,461.3,345.6,554.9,97.3,4.277,2024.0,673.9,132.9,554.9,1026.4,148.0,-90.5,206703,13.5,5.4005535193357765,-14.47107586952604,7.034294621979735,12.850740452065471,-7.8234606391270445,12.850740452065471,28.11769290724865,9.051021687351133,2.769831483764899,1.3493629264282776,0.6083025071927661,0.6814632141389232,32.208841349390376,0.4375563164534151,0.4618850243287079,41.50647019223577,57.76797067843518,2.155223880597015,0.8210765731614861,19.171216994539606,0.7677462787044655,239.98129530044426,6.371198013656115,57.28906858924395,44.94349181605612,2.3836507199256856,2.134837962962963,23.120652255217294,9.479734996102883,1.6298157453936346,23.0,2.240841777084957,80.88113050706566,166.62049861495845,2.409262930257704,2.5233826968043642,,,-5.757047103112645,-9.214993888360713,-11.044093178036595,-70.01303780964798,11.710677382319169,0.8376659291904817,-0.14612918964180593,0.03482512686567028,1.8329504023455392,3.0241561724586945,0.7389257212918894,8.998429201884957,5.035041880087601,0.8439679569270401,0.384105227784315,False,False,False,False,False,False,False,False,False,False,False,False,False,False,False,False,False,False,False,False,False,False,False,False,False,False,False,False,False,False,False,False,False,False,False,False,False,False,False,False,False,False,False,False,False,False,False,False,False,False,False,False,False,False,11,True,3,Upper-Mid,58.85033623041369
530.509,RHOEN-KLINIKUM AG,431.158,127.6,35.0,47.149,404.853,8060.0,129.6,DEU,DE0007042301,35102020.0,6.694,,114.998,109.749,109.749,1658.114,2024-12-31,62.6,351020.0,43.351,622110.0,,1595.619,1856.481,3.4,3510.0,764.444,37.46,1295.93,70.4,14.067,2024.0,904.11,4.9,1295.93,1595.619,409.464,-3.3,207096,34.646,2.5396974167793798,3.3451652481229694,2.954903394858046,6.878145722757124,2.716876647871453,6.878145722757124,-3.916661809617467,3.3417013483324447,2.233180932338404,2.140653521154592,1.011389319086187,1.331505509407118,26.892653358693142,0.08873781762903861,0.11547228631176067,69.80572383988847,28.57605329653253,13.86735294117647,-2.3674019808836526,8.060626529439299,0.8594857690436907,113.4299424184261,3.7007755857481475,98.62797447260282,47.908930640710594,3.195987237034233,44.263587827015485,45.280398775963775,4.412080828819412,1.124600638977636,57.19999999999999,3.5848156734157715,55.17241379310346,270.631402574816,1.4325472826464392,,15.441396968928053,84.55860303107195,8.99193226132342,4.854890416622437,40.431266846361204,23.809523809523768,12.101910828025497,-0.1400670073171272,0.004227725429199027,-0.45870708128161475,0.5846086077556072,1.8697237568722591,0.0511333182101326,6.873218740186406,1.8982389773883552,0.06173187836728122,0.1124389032950867,False,False,False,False,False,False,False,False,False,False,False,False,False,False,False,False,False,False,False,False,False,False,False,False,False,False,False,False,False,False,False,False,False,False,False,False,False,False,False,False,False,False,True,False,False,False,False,False,False,False,False,False,False,False,11,True,3,Upper-Mid,27.684787140313404
6205.2,SARTORIUS AG,391.2,976.2,35.0,434.7,1444.6,3826.0,15.3,DEU,DE0007165631,35203010.0,50.746,216.1,4166.7,768.8,768.8,1522.2,2024-12-31,334.1,352030.0,84.0,334516.0,15.9,3380.7,10103.0,199.5,3520.0,1622.2,788.5,2764.8,409.9,12.826,2024.0,2113.7,886.5,2764.8,3380.7,828.7,-128.3,208821,393.1,4.3026823715728,3.038194444444444,12.85828378738131,22.740852486171505,2.4846925193007365,22.740852486171505,54.973821989528794,6.2713698333694,1.4631731967326596,0.9173473625917208,0.5736536065346809,0.5842447736397619,6.622785311293675,1.5070529513888886,1.6492332175925926,27.3661288726121,61.41938038206474,2.1789473684210527,4.853147762747139,45.1331287736316,0.3346233791942987,263.58178699516606,8.641871165644172,42.23622326737066,47.98414529535304,5.052607980869825,1.9305009511731135,12.074631297634367,12.124707900730618,1.226878180185573,566.3000000000001,16.750968734285802,41.98934644540053,224.56866804692893,3.654152199074074,6.392167302629632,60.411904761904765,39.588095238095235,-0.4417351356126864,3.5642163746886446,-12.234843300944299,92.68458659407966,-26.76433803823478,0.2536720501323209,0.11240636595759079,0.2946165627775791,1.3110071000045926,4.696320998152635,0.5126758031717229,9.66247649213105,2.0642773834259933,0.03209389115285712,0.022778873856991098,False,False,False,False,False,False,False,False,False,False,False,False,False,False,False,False,False,False,False,False,False,False,False,False,False,False,False,False,False,False,False,False,False,False,False,False,False,False,False,False,False,False,False,False,False,False,False,False,False,False,False,False,False,False,11,True,0,Mid,36.32938115776969
738.9,VOSSLOH AG,307.1,136.4,20.0,96.0,513.5,3490.0,0.3,DEU,DE0007667107,20106010.0,21.253,15.2,170.5,150.3,150.3,826.1,2024-12-31,54.3,201060.0,69.2,336510.0,,1209.6,1490.8,18.8,2010.0,307.2,246.9,726.1,55.7,4.321,2024.0,666.9,230.0,726.1,1209.6,95.0,-83.9,209440,61.1,6.439495572846794,9.530367717945188,7.936507936507938,12.425595238095239,5.720899470899472,12.425595238095239,31.704695767195762,10.70711577068927,1.29873417721519,0.8179162609542356,0.18500486854917234,0.18558909444985394,10.289777300778105,0.2348161410274067,0.3189643299820961,48.70539307754226,49.56399248725516,5.106382978723404,0.9088489687292082,15.53528306949289,0.811376442178696,279.9352001851423,3.938782155649625,92.66823743386244,25.396825396825395,7.885267275097784,3.3458890238963144,26.97209551918433,4.604828042328043,1.0257826887661143,80.7,6.671626984126985,40.83577712609971,142.08333333333334,2.0531607216636827,1.2566137566137567,30.71242774566474,69.28757225433526,-0.38705426994977143,7.043871616284902,7.567836694050278,15.450643776824036,-17.35905044510386,0.7992154785469279,-0.0334285483156408,0.1003992410371543,0.7631793406940446,4.215846617939716,0.253157852186241,9.149449959753152,3.7116133384116874,0.3953218819008001,0.5125365818492017,False,False,False,False,False,False,False,False,False,False,False,False,False,False,False,False,False,False,False,False,False,False,False,False,False,False,False,False,False,False,False,False,False,False,False,False,False,False,False,False,False,False,False,False,False,False,False,False,False,False,False,False,False,False,11,True,0,Mid,55.829926370468876
1051.383,BLG-BREMER LAGERHAUS-GESELLS,355.237,169.001,20.0,34.362,373.079,4400.0,0.0,DEU,DE0005261606,20305030.0,1.92,,626.0,112.575,112.575,963.834,2024-12-31,78.213,203050.0,3.599,488320.0,7.984,1220.664,1408.04,28.88,2030.0,510.229,15.628,23.821,38.921,,2024.0,514.068,25.815,23.821,1220.664,134.96,-90.467,210326,132.628,2.4404136246129373,15.108517694471265,2.815025264937772,9.222439590255796,0.2948395299607427,9.222439590255796,21.04018796327245,5.287917749657214,1.3779065559841213,1.336017304645933,0.3617464397620879,0.3617464397620879,10.013138831283202,26.279333361319843,31.8470257335964,1.6917843243089685,74.6699667623079,1.189819944598338,5.540022207417277,53.87829891196273,0.8669242351069572,,3.4361961169585373,106.22210944207416,41.79929939770485,8.657866925788538,61.67353468134118,34.81413880287492,3.1885105155882374,0.4976282715149656,130.08,10.656495153457463,23.030041242359513,491.82527210290436,59.10918937072331,,53.348152264517914,46.651847735482086,0.8784043436760092,6.882814824711092,,179.41745070241012,-5.828695862569555,0.31921122031500315,3.1751302952972766,0.1774761505445499,0.6248856926695983,1.7478538852135697,13.55182879245385,12.00257094968893,2.7659994441819786,0.36689241515717624,-0.17306251416101223,False,False,False,False,False,False,False,False,False,False,False,False,False,False,False,True,True,False,False,False,False,False,False,False,False,False,False,False,True,False,False,False,False,False,False,True,True,False,False,False,False,False,False,False,False,False,True,False,False,False,True,False,False,False,11,True,0,Mid,0.2712652315154827
2716.064,CLAAS KG,545.587,424.686,20.0,359.398,1623.759,3310.0,609.855,DEU,,20106015.0,,300.07,717.038,473.446,473.446,3776.884,2024-09-30,114.048,201060.0,252.767,3312.0,,4997.427,4983.088,59.251,2010.0,755.414,1376.085,2260.313,142.634,11.905,2024.0,3509.758,542.325,2260.313,4997.427,1323.153,-142.791,210332,105.235,7.212355069788052,11.182831758256489,7.19166082866243,9.473795215017649,5.057942817373821,9.473795215017649,24.42342829620122,12.071065856864038,2.161501799220204,1.314033055397999,0.8148703101876572,1.190452524050675,37.84799706527358,0.3172295164430767,0.36378722769811084,45.35968459718151,54.50563987631766,6.065686655077552,-1.057945362301086,16.50127390886936,1.0028775329675093,419.77547249055016,9.159725213394013,39.84835696449393,15.116058723819279,2.649750609623865,2.7446589418531557,37.50164556596231,2.854148744944148,1.2506488496071828,282.052,5.643944373774746,33.58575512260823,118.16593303245982,2.2046008672250257,6.004489910507948,0.0,100.0,-18.6687387521983,-3.312746018924606,,85.19379386872052,4.145096636170464,0.23266940049949655,-0.024025591652146554,-0.011950839729509433,0.4422914798358045,1.5606331645909395,0.09934033432402803,8.52254666182897,4.332754157635812,0.24449476424472993,-0.07960969337146147,False,False,False,False,False,False,False,False,False,False,False,False,False,False,False,False,False,False,False,False,False,False,False,False,False,False,False,False,False,False,False,False,False,False,False,False,False,False,False,False,False,False,False,False,False,False,False,False,False,False,False,False,False,False,11,True,3,Upper-Mid,50.851262038538515
1317.356,COMPUGROUP MEDICAL SE & CO,243.967,128.882,35.0,97.916,331.249,7372.0,0.079,DEU,DE000A288904,35103010.0,2.587,19.739,826.439,207.697,207.697,784.283,2024-12-31,109.781,351030.0,34.6,513210.0,,1185.711,1965.666,34.029,3510.0,166.775,14.707,647.914,24.805,8.815,2024.0,394.6,12.012,647.914,1185.711,107.407,18.813,210334,53.553,4.981314221235958,5.3402149050645615,8.257998787225555,17.516662997981804,2.91808037540345,17.516662997981804,33.8554673103311,6.641286042080831,1.1912488792418996,1.146850254642278,0.3242485260332861,0.3244870173192975,3.2228771317202414,1.2755381115394944,1.3581925996351367,32.96155094507409,67.01830321122713,2.877428076052778,3.719769664463136,44.76813456609617,0.6032108201495066,134.5106069200227,4.86012862395324,75.10089305066748,14.06540042219394,18.71653170431406,53.32719113347385,17.8755699086213,2.09199374889834,0.22594984560169792,104.077,8.777602636730197,19.24628730156267,131.6250663834307,3.033837824155675,1.664739552892737,7.476878612716763,92.52312138728324,-3.4281586118934393,3.4592090394290675,-4.174366778997718,-35.176730715331196,30.738417751541668,-0.41721603985407274,-0.08442639433084351,-0.021828022100526076,0.3129744991489905,3.6163252930064598,0.39576297979062464,6.5566581504691035,2.908911442206919,0.146413020556825,0.22650180346359378,False,False,False,False,False,False,False,False,False,False,False,False,False,False,False,False,False,False,False,False,False,False,False,False,False,False,False,False,False,False,False,False,False,False,False,False,False,False,False,False,False,False,False,False,False,False,False,False,False,False,False,False,False,False,11,True,0,Mid,60.63982294849068
1364.71,DILLINGER HUTTENWERKE,345.856,80.317,15.0,200.78,592.104,3444.0,200.1,DEU,,15104050.0,,,76.047,257.102,257.102,1597.617,2024-12-31,56.322,151040.0,175.0,332322.0,,2287.461,3283.682,24.218,1510.0,546.86,629.266,1918.972,129.731,,2024.0,1436.768,306.257,1918.972,2287.461,427.034,-163.99,210340,30.518,6.1144775894864365,9.119466047446236,8.777417407335033,11.239623320353877,7.650403657155248,11.239623320353877,30.157628916952024,10.06406455276867,2.426546687744045,1.363784064961561,0.721214516368746,1.0591619039898397,25.7230754987846,0.0396290305434368,0.0555323371054919,58.43964184107963,41.56035815892039,8.290527706664465,-1.2464663829919644,3.2452898910430426,0.6966146539159395,,6.613911570133234,55.186707008338075,23.906855679725254,2.708131280603885,2.5388579710329178,23.53729746059454,5.671397239122329,2.3033805617698233,-49.414,-2.1602116932266826,161.5237122900507,40.00249028787727,1.7111672291205915,,0.0,100.0,-12.515756993504457,3.2837927820787094,,-116.48490590586249,58.737014695265934,0.7012634716984315,-0.0026104661303392707,-0.32588238893138993,0.30546853907366694,6.604694185805702,0.032352501240949516,2.4459433038887446,3.7684579077865705,0.124007997077796,0.06795846578236642,False,False,False,False,False,False,False,False,False,False,False,False,False,False,False,False,False,False,False,False,False,False,False,False,False,False,False,False,False,False,False,False,False,False,False,False,False,False,False,False,False,False,False,False,False,False,False,False,False,False,False,False,False,False,11,True,3,Upper-Mid,64.31227979221151
9869.5,EWE-ENERGIEVERSORGUNG WESER,2066.8,931.2,55.0,1484.9,3532.2,4931.0,295.9,DEU,,55101010.0,176.166,0.3,2631.7,2114.5,2114.5,5286.4,2024-12-31,629.6,551010.0,902.5,221122.0,,8857.5,14577.8,136.5,5510.0,7364.7,538.7,3931.6,1049.5,10.899,2024.0,4318.1,1113.1,3931.6,8857.5,751.9,-4.0,210359,485.4,10.186036301773932,22.955031030623665,16.764324019192774,23.872424499012137,10.189105278012983,23.872424499012137,40.317245272368055,22.624289610409402,1.2224958949096882,1.069984712077459,0.21287016590227054,0.29664231923447143,5.391074098972414,0.669371248346729,0.7928324346322108,26.969775960707377,67.70225960021403,10.878388278388279,1.1185623078742017,21.382513136412904,0.607601970118948,812.6892375447289,4.28561060576737,85.16872706745696,83.14648602878916,11.270517877592562,9.813254130313716,19.335565037248422,11.848715777589614,1.6669313850063532,-118.29999999999995,-1.3355913068021446,112.70403780068727,62.711293689810766,3.7078543086784004,0.003386960203217612,19.5197783933518,80.4802216066482,-13.854308500291769,-7.67174823137482,0.49792531120329553,-83.30981941309255,7.596883329915927,0.646014588903901,-0.03518143254923762,0.660044803088862,-0.34235377948553125,5.201134723670325,0.21397399401655762,6.3877951405561895,1.870457939381924,0.16969972165354902,0.25798570313552566,False,False,False,False,False,False,False,False,False,False,False,False,False,False,False,False,False,False,False,False,False,False,False,False,False,False,False,False,False,False,False,False,False,False,False,False,False,False,False,False,False,False,False,False,False,False,False,False,False,False,False,False,False,False,11,True,0,Mid,39.108520386014796
17798.066,FRESENIUS MEDICAL CARE AG,3876.019,2386.144,35.0,1539.374,5660.06,8090.0,163.093,DEU,DE0005785802,35102015.0,422.515,183.493,9760.642,3022.214,3022.214,13096.417,2024-12-31,1482.84,351020.0,537.913,621492.0,,19335.909,33566.579,409.193,3510.0,7258.582,2067.922,14576.563,699.358,111.513,2024.0,7922.744,3142.819,14576.563,19335.909,1343.28,-2569.3,212782,1243.582,4.5860318383949705,3.6902594939561544,7.9612186838487915,15.630059078163846,2.7819379993979076,15.630059078163846,32.26893548164713,6.325188122465172,1.3997632533930735,1.03440988258075,0.23732610608368107,0.2661408182952124,6.740883543717695,0.6696120340576855,0.7549258353975488,43.425822452743844,53.02317522438018,3.761975400361199,3.1966445791065756,32.78327529296328,0.5760464597837033,173.3960076403648,4.988600159080748,73.16681801719278,37.539388502500714,8.545563145361882,6.333129102548355,15.549094234476502,3.6168871088501704,0.4716341614739284,1686.7859999999998,8.723592979259468,29.30912803250768,155.00742509617544,2.3027773419563995,0.9489752977219742,78.54708846969677,21.452911530303226,-0.6050699980368668,-1.0705306673117643,-6.952313404814547,-13.240321879637184,2.1563082460312355,-0.6851539358300058,0.002466702715357161,-0.23648107977793162,0.47027849379236697,2.5187053051457546,0.1616243129603466,7.108689866786841,1.8884406427325797,0.8139810324935125,0.1963698941668408,False,False,False,False,False,False,False,False,False,False,False,False,False,False,False,False,False,False,False,False,False,False,False,False,False,False,False,False,False,False,False,False,False,False,False,False,False,False,False,False,False,False,False,False,False,False,False,False,False,False,False,False,False,False,11,True,0,Mid,57.89383474336657
1432.868,GRAMMER AG,354.442,25.665,25.0,39.773,667.94,2531.0,0.0,DEU,DE0005895403,25101010.0,,74.034,588.86,111.292,111.292,1657.367,2024-12-31,71.519,251010.0,-47.812,336360.0,18.896,1921.727,1699.792,40.938,2510.0,445.825,172.314,251.575,62.163,12.0,2024.0,772.589,176.161,251.575,1921.727,219.846,159.764,213034,107.438,2.3398745258243365,-19.005068071151744,2.069648810679144,5.791249225306196,-2.4879704557411118,5.791249225306196,13.756376425995997,4.732430229583491,1.1566742521783393,0.8986959906578436,0.3291403419468814,0.3291403419468814,6.156576804691398,2.34069363013018,2.76775514260161,14.800340276928,84.29666688630138,0.9715423323073917,4.281098371850627,40.96371791372121,1.130565975131075,160.14391666666668,5.421837705463799,67.3203477913356,23.199184899832286,18.36354862444935,9.618295669533525,33.785780848480286,3.234746662767396,0.8691816160740501,-36.498,-1.8992291829172403,242.2092343658679,64.528700374626,6.756601411110007,3.8524722814426813,,,-16.62384462932689,10.77742027774644,-14.56642460486971,-164.26835710512412,-17.79773081907382,-0.3147518253336986,0.14715084944613663,0.09658846341300374,-0.17602854527156836,1.9117388748657056,0.5661857006197091,1.5098906219113868,2.880809907428363,0.29817556910730064,-0.20696431483562872,False,False,False,False,False,False,False,False,False,False,False,False,False,False,False,False,False,False,False,False,False,False,False,False,False,False,False,False,False,False,False,False,False,False,True,False,False,False,False,False,False,False,False,False,False,False,False,False,False,False,False,False,False,False,11,True,0,Mid,42.946200886563254
1106.831,INDUS HOLDING AG,194.914,143.682,20.0,123.601,465.027,9997.0,-1.336,DEU,DE0006200108,20105010.0,29.876,27.083,541.08,213.03,213.03,767.578,2024-12-31,89.429,201050.0,53.709,999977.0,0.807,1725.8,1806.829,26.385,2010.0,412.753,410.533,697.543,40.336,8.054,2024.0,769.927,550.848,697.543,1725.8,143.815,-199.879,213037,145.965,6.840769104325867,7.69974037442853,7.161953876463089,12.343840537721636,3.112121914474447,12.343840537721636,55.52335148916444,9.978903992578855,1.6556608541009448,0.7728454476836829,0.30926161276657055,0.3063886613035372,16.874867516516506,0.7756941149147795,0.9849500317543148,38.60592230919473,61.258204290500096,4.684517718400606,2.550016429610853,38.02490440434596,0.955154029518012,214.27861931959274,8.854161322429379,41.22355429366091,23.916618379881793,5.660216464414561,1.8697108393235133,18.74715316169931,2.337234905551049,0.45103937201578903,103.34599999999999,5.9882952833468535,28.073105886610712,116.24663230880007,2.5902761550184,1.569301193649322,55.625686570221,44.374313429779,-4.536216828575634,-6.322507123688814,-9.332432736688045,-27.187797231126932,-21.11552226546458,-0.18783225252815888,0.025292141125802147,-0.23600162073330763,0.2214322219578484,1.517655708490393,0.11455042302212119,7.952163707799686,2.3335390568434997,0.1684947986518433,0.11986691628839116,False,False,False,False,False,False,False,False,False,False,False,False,False,False,False,False,False,False,False,False,False,False,False,False,False,False,False,False,False,False,False,False,False,False,False,False,False,False,False,False,False,False,False,False,False,False,False,False,False,False,False,False,False,False,11,True,0,Mid,47.11936896995854
4078.689,STADA ARZNEIMITTEL AG,782.005,543.299,35.0,597.696,2607.51,2834.0,116.314,DEU,DE0007251803,35202010.0,,114.627,1198.796,811.538,811.538,1771.527,2023-12-31,213.842,352020.0,342.446,325412.0,,3734.843,5237.176,205.643,3520.0,448.143,1098.103,1087.889,97.426,11.667,2023.0,2245.783,1058.977,1087.889,3734.843,308.001,-275.677,214700,25.363,11.412562801021007,31.478027629657074,16.00324297433654,21.728838400971608,9.168953018908695,21.728838400971608,52.5675644197092,26.13809947587884,0.8612749327902864,0.4401440454686654,0.11812073587445492,0.16272804322898088,-6.906909372532072,1.1019469817233194,1.1252609411438117,20.772435373567735,77.87954806177984,2.906473840587815,1.12891571312742,23.374410178309837,0.7131406315159161,320.1202537070369,4.775983529517075,76.42404915012492,11.998978270304802,,1.6132612332358622,20.812857921902943,2.6085701594417756,0.45559805837955125,445.873,11.938199276381898,17.932298789432707,90.89888505193274,4.814072023892145,3.069124994009119,0.0,100.0,-1.6423650330361195,-9.002933631538369,-11.499658651293332,-32.92691915993365,31.96169526879682,0.31611864846724946,0.05140329990559522,0.028396379328935132,0.5169261219865164,1.9875906892154203,0.6409153663650177,10.373892341979722,1.8116481283432762,0.23187704907908258,0.16562072164804803,False,False,False,False,False,False,False,False,False,False,False,False,False,False,False,False,False,False,False,False,False,False,False,False,False,False,False,False,False,False,False,False,False,False,False,False,False,False,False,False,False,False,False,False,False,False,False,False,False,False,False,False,False,False,10,True,2,High Performers,44.86929899964242
1628.0,HEIDELBERGER DRUCKMASCHINEN,297.0,113.0,20.0,71.0,853.0,3555.0,0.0,DEU,DE0007314007,20106020.0,,108.0,43.0,140.0,140.0,1054.0,2025-03-31,69.0,201060.0,5.0,333248.0,,2314.0,2174.0,14.0,2010.0,650.0,608.0,546.0,88.0,9.722,2024.0,1137.0,830.0,546.0,2314.0,171.0,-31.0,214759,36.0,3.265869365225391,0.9157509157509158,3.0682800345721692,6.050129645635264,0.216076058772688,6.050129645635264,54.451166810717375,12.054329371816639,1.3329425556858148,0.6201641266119577,0.20046893317702227,0.20046893317702227,13.063477460901565,0.07875457875457875,0.1446886446886447,25.114995400183993,74.88500459981601,5.071428571428571,-0.6571428571428571,3.633854645814168,1.0643974241030358,238.01686895700473,7.7912457912457915,46.84745030250648,28.08988764044944,8.147887323943662,1.7335526315789473,21.527138914443423,3.8029386343993083,1.2753623188405796,25.0,1.08038029386344,77.87610619469027,159.1549295774648,3.9816849816849818,4.66724286949006,0.0,100.0,-4.577319587628869,2.838221381267747,-2.8577138289368476,0.0,35.384615384615394,-0.10571882277779014,-0.1697386803511185,0.04444766098970426,0.032341049634310816,1.590876007431103,0.946581864219822,5.197792088316467,2.438037162436402,0.057408384385266825,0.41406660674042967,False,False,False,False,False,False,False,False,False,False,False,False,False,False,False,False,False,False,False,False,False,False,False,False,False,False,False,False,False,False,False,False,False,False,False,False,False,False,False,False,False,False,False,False,False,False,False,False,False,False,False,False,False,False,12,True,0,Mid,51.79776673220926
46509.9,ENBW ENERGIE BADEN,5242.4,2620.2,55.0,6067.8,13964.3,4911.0,3926.1,DEU,DE0005220008,55101010.0,433.4,44.8,18526.4,7773.0,7773.0,25943.1,2024-12-31,1705.2,551010.0,1243.7,2211.0,1248.6,34936.7,64277.7,889.0,5510.0,29670.5,3014.3,10232.9,5483.5,28.597,2024.0,21484.3,3666.6,10232.9,34936.7,8757.7,2380.3,216524,4278.5,9.439976850447357,12.153934857176363,17.36798266579271,22.24880999064022,3.559866844893765,22.24880999064022,25.742557253547126,21.09856637678942,1.538516073129337,1.3226584934439964,0.6271492305378716,0.9083018840901442,11.699236282567673,1.8104740591621145,2.228586226778333,15.919829116474299,72.35775393332369,6.825421822272216,1.8071786954843692,35.4787119016393,0.543527537544125,1221.6910864776023,6.664256828933313,54.7697979488618,84.926452698738,4.645837765957446,8.606674849882227,21.78064865419889,15.695529343069037,3.2157518179685667,-2863.3,-8.19567961484628,209.27791771620488,43.18204291505982,6.281474459830546,0.12823191658055855,34.847632065610675,65.15236793438933,-21.991568756168256,-0.6817173963092782,,-18.287149339345344,24.51746219174349,0.9007487912192431,-0.12818660308997296,0.4843372271521028,-0.1773859004519628,5.072178113991962,1.2103639397944819,4.07637485473189,3.599864914724167,0.34690540748176457,-0.47936871698007827,True,True,False,False,False,False,False,False,False,False,False,False,False,False,False,False,False,False,False,False,False,False,False,False,False,False,False,False,False,False,False,False,True,False,False,False,False,False,False,False,False,False,False,False,False,False,False,False,False,False,False,False,False,False,11,True,0,Mid,32.78494805967696
772.813,JENOPTIK AG,232.805,167.12,45.0,147.082,260.817,3827.0,0.676,DEU,DE000A2NB601,45203010.0,21.75,99.441,463.899,220.135,220.135,669.586,2024-12-31,73.053,452030.0,91.0,333310.0,,1115.787,1740.009,22.468,4520.0,419.917,267.009,960.337,83.235,4.071,2024.0,588.719,165.76,960.337,1115.787,85.573,-62.385,218000,17.217,8.452944783618936,9.475840251911569,13.181906582528743,19.729123927774744,8.15567845834375,19.729123927774744,39.989800920785065,10.32708062427856,2.257210994682095,1.233470210914166,0.3280959446661835,0.3306878002584187,18.84484505539914,0.4830585513210467,0.500986632817438,55.19149613593952,44.414310500692814,6.546288054121417,1.7968201331001432,27.650201809300984,0.6412535797228636,274.0817980840089,4.792796546465927,76.15595539291996,37.634154188926736,3.402806326280413,2.50772820391822,18.297491564698802,7.459757104178485,1.1393782596197282,83.885,7.518011950309512,49.80552896122546,113.62369290599803,1.8118733319657578,8.912184852485286,23.9010989010989,76.0989010989011,4.665737377679058,4.3851745023132604,-11.806759098786824,-5.059136438232148,5.848466351289483,0.4407378857090055,0.03502205472110263,0.383648736051978,0.007218571883573462,1.6762282502380685,0.18782838723287446,9.604548022452757,2.5902597818907727,0.7604788523854166,0.32283116788596705,False,False,False,False,False,False,False,False,False,False,False,False,False,False,False,False,False,False,False,False,False,False,False,False,False,False,False,False,False,False,False,False,False,False,False,False,False,False,False,False,False,False,False,False,False,False,False,False,False,False,False,False,False,False,11,True,2,High Performers,27.984515903446994
1383.882,ZUBLIN ANLAGEN & PROJEKTE AG,637.346,63.58,20.0,-16.325,1185.562,1540.0,0.0,DEU,,20103010.0,,1.749,0.0,45.313,45.313,2445.023,2015-12-31,61.638,201030.0,35.098,236220.0,,3270.03,1907.528,6.243,2010.0,313.786,67.732,522.571,88.395,13.983,2015.0,1518.048,678.737,522.571,3270.03,801.819,32.892,220293,106.455,-0.8558196786626461,6.716407913948534,-0.4992308939061721,1.3857059415357045,1.0733234863288714,1.3857059415357045,25.229340403604862,-3.1239774116818575,1.2804458982322309,1.2233151872276609,0.676319753838264,0.676319753838264,17.430202859407572,0.0,0.20371394509071494,27.395194198984235,72.54845014070567,-2.6149287201665863,-15.34579480502284,5.580783086801347,1.7142762779891043,233.8575413001502,5.130698239260935,71.1404146139332,9.595814105680986,9.83509080081567,36.09849111202977,75.44659894900624,2.703186209300832,1.4340990947142995,-24.814999999999998,-0.7588615394965794,139.02956904687008,,3.6502752735991852,0.0534857478371758,0.0,100.0,0.22966789342160343,4.082256241024229,,-172.56484486943296,-5.85159070817668,,,,,,,3.333109658154428,,,,False,False,False,False,False,False,False,False,False,False,False,False,False,False,False,False,False,False,False,False,True,False,False,False,False,False,False,False,False,False,False,False,False,False,False,False,False,False,False,False,False,False,False,False,False,False,False,False,False,False,False,False,False,False,2,True,0,Mid,34.27058627948183
1073.971,ELRINGKLINGER AG,233.211,168.022,25.0,11.636,602.484,3050.0,12.7,DEU,DE0007856023,25101010.0,9.504,133.038,320.667,119.706,119.706,1295.94,2024-12-31,108.07,251010.0,-137.849,339991.0,0.029,1803.136,1759.303,26.431,2510.0,715.129,419.759,636.859,108.317,9.078,2024.0,851.562,263.662,636.859,1803.136,124.399,-59.248,220295,44.687,0.6613982923919302,-21.64513652158484,0.6453201533328601,6.638767125718747,-7.644958561084687,6.638767125718747,28.128549371761192,1.2152150437690463,1.4134184476268248,0.7167045099952861,0.20647685249732772,0.22755625045644362,14.157765887968129,0.5035133365470221,0.5736811444919518,36.19950628174908,61.045254853768796,0.4402406265370209,2.012889913621706,20.766974193757413,1.024914980534905,198.62701035470369,7.731779375758433,47.20776192145241,39.66029184709306,7.239242325697171,3.0873429753739647,20.326799874723115,6.007145329026762,1.0022855556583696,59.705,3.3111756406616033,64.46596279058696,1443.984187005844,2.7624686155020184,7.378145630723362,,,-2.3812204946078164,-12.393031092378804,-5.200501253132838,2.0790234061105695,52.10498230635285,-0.8535960562738824,-0.01185165207261132,-0.841471770727287,0.709805219909235,3.3785085388782212,0.13358232103760886,9.550486755266146,2.782741537123024,0.7021783634218506,-0.5065758480843952,False,False,False,False,False,False,False,False,False,False,False,False,False,False,False,False,False,False,False,False,False,False,False,False,False,False,False,False,False,False,False,False,False,False,False,True,False,False,False,False,False,False,False,False,False,False,False,False,False,False,False,False,False,False,11,True,4,Lower-Mid,73.27646657678817
21580.0,MERCK KGAA,4900.0,4586.0,35.0,4086.0,11294.0,2834.0,558.0,DEU,DE0006599905,35202010.0,284.0,2279.0,6997.0,5892.0,5892.0,6826.0,2024-12-31,1806.0,352020.0,2777.0,325412.0,,21156.0,51567.0,267.0,3520.0,10025.0,4484.0,29912.0,1702.0,59.02,2024.0,13450.0,5895.0,29912.0,21156.0,3075.0,-985.0,220301,3273.0,7.923672115888068,9.2838994383525,19.313669880884856,27.850255246738513,13.126299867649841,27.850255246738513,67.73492153526186,11.070470616922702,1.190897821852311,0.7938728528422171,0.27226846112980346,0.3216752257836019,4.180968448814164,0.2339194971917625,0.3433404653650709,58.006089165551614,41.848468982100954,15.303370786516854,1.2211473183978276,19.915837648108287,0.41026237710163477,358.4547610979329,4.317551020408163,84.53866515409341,47.38608432595954,9.812615955473099,1.5223015165031222,15.465316966276882,8.044999054641709,0.9424141749723145,2884.0,13.632066553223671,37.112952464020935,112.23690651003426,1.7239569403583845,10.772357723577237,10.2268635217861,89.7731364782139,0.7764492926213507,6.334673677698732,-6.180453996312075,45.877592311583214,-5.810736026563368,0.48009625781099513,-0.04695215369896828,0.40790498000839015,-0.24171394464961865,2.6364905768608735,0.2329913084873707,8.893284464870945,1.5872687760401074,0.36475132640648655,0.2689354965133424,True,True,False,False,False,False,False,False,False,False,False,False,False,False,False,False,False,False,False,False,False,False,False,False,False,False,False,False,False,False,False,False,True,False,False,False,False,False,False,False,False,False,False,False,False,False,False,False,False,False,False,False,False,False,11,True,2,High Performers,44.821826699791096
3290.333,AURUBIS AG,717.167,537.473,15.0,477.547,2207.551,3330.0,41.839,DEU,DE0006766504,15104025.0,65.489,13.526,235.406,679.112,679.112,15509.246,2024-09-30,201.565,151040.0,416.096,331410.0,,17183.261,7846.232,36.056,1510.0,1926.662,3545.794,4554.9,846.67,6.979,2024.0,4740.018,633.348,4554.9,17183.261,364.209,17.205,220303,147.816,6.086322708785568,9.135129201519245,2.779140699777534,3.9521718258251446,2.4215194077538604,3.9521718258251446,9.742126363558114,9.96902911839035,2.1471839155697876,0.5409723263471603,0.16498327784952646,0.18393595436753218,32.2762186996255,0.05168192495993326,0.0841340095282004,58.0520688146871,41.93519895919468,13.244591746172622,0.027996854716158717,4.88415331078663,2.1900016466502645,2462.137985384725,23.95991589127776,15.233776347807325,11.21243517164757,6.785186539449477,4.373983937025106,13.782105856671075,4.92729523226121,4.20048123434128,-309.197,-1.7994081565774973,157.5279130300499,112.54871248275037,1.7225914948736527,0.07871614124932398,15.738916019380145,84.26108398061986,0.4361597415107221,8.080314274926636,-3.4716459197787097,491.40239470563574,35.47001777636976,0.14212468402637574,-0.01782356057655293,0.27903245106989083,-0.29789896758560147,1.5227710416822389,0.07190729391134693,6.850077846283413,2.6928259874766445,0.09582139537714494,0.3665091022160684,False,False,False,False,False,False,False,False,False,False,False,False,False,False,False,False,False,False,False,False,False,False,False,True,True,False,False,False,False,False,False,True,False,False,False,False,False,False,False,False,False,False,False,True,False,False,False,False,False,False,False,False,False,False,11,True,0,Mid,16.698915042287286
1347.032,PFALZWERKE AG,270.851,49.506,55.0,27.879,264.951,4911.0,0.0,DEU,,55103010.0,11.062,,256.7,90.445,90.445,1506.518,2024-12-31,62.566,551030.0,35.94,221122.0,6.113,1787.197,1732.074,3.177,5510.0,793.789,19.184,378.966,134.034,1.492,2024.0,441.204,146.151,378.966,1787.197,93.088,33.214,220307,10.628,1.609573263036106,9.483700384731083,1.5599287599520366,5.0607179846429915,2.0109702511810394,5.0607179846429915,15.704983837819775,4.385793797371576,1.665228664922948,1.592822823842899,0.3513404365335477,0.3513404365335477,10.175835443520311,0.6773694737786503,0.7054142060237593,21.879319243866025,77.76988742975183,8.7752596789424,1.9264746531040964,15.433982612752109,1.0318248527487854,1197.853217158177,6.598450808747244,55.31601440691765,44.41530508388275,10.1399522277635,78.52992076730608,21.01174661128797,7.4996768683027115,2.142281750471502,-84.52799999999999,-4.729640884580714,270.7429402496667,177.5745184547509,4.570526115799306,,30.779076238174735,69.22092376182526,-9.603162680691558,-2.583562522145544,6.0412224591329,5505.305039787761,0.8714892079833669,-0.03382912737714257,-0.024185162627496006,0.44478561343587464,-0.39341158594315784,1.2853282924683083,0.1731064487616404,2.8581919710127854,1.5646567341546296,0.007619845070686371,-0.40180405290175586,False,False,False,False,False,False,False,False,False,False,False,False,False,False,False,False,False,False,False,False,False,False,False,False,False,False,False,False,True,False,False,False,False,False,True,False,False,False,False,False,False,False,False,True,False,False,False,False,False,False,False,False,False,False,11,True,0,Mid,51.20635350504442
14787.0,ADIDAS AG,3145.0,2910.0,25.0,1323.0,9593.0,3021.0,75.0,DEU,DE000A1EWWW0,25203010.0,357.0,170.0,4410.0,2493.0,2493.0,10488.0,2024-12-31,1170.0,252030.0,756.0,316210.0,,23683.0,20655.0,221.0,2520.0,4912.0,4989.0,5476.0,419.0,46.045,2024.0,11904.0,10915.0,5476.0,23683.0,2530.0,-1559.0,221244,1177.0,6.405228758169934,13.805697589481372,5.586285521259975,10.526538023054512,3.1921631550057006,10.526538023054512,55.715069881349486,13.382561197653247,1.2409048264359428,0.7208381111226936,0.26373397268841864,0.27155217345981447,11.188574195110142,0.8053323593864135,1.0202702702702702,26.5117404986686,71.59041394335513,5.986425339366516,1.2262334536702768,27.049140643911883,1.1465988864681675,514.3446628298403,7.5303656597774244,48.47042182155977,20.74061563146561,10.247944612721765,2.1022248947684905,27.47518760590656,1.769201536967445,0.3581196581196581,2491.0,10.518093146983068,14.398625429553263,219.95464852607708,3.7719138056975896,0.7178144660727104,47.22222222222222,52.77777777777778,10.528772109954732,14.622641509433954,-10.698008184480512,9.880899867666514,15.426997245179063,-0.4227210971496479,0.1074996125257679,-0.15935475444875294,0.5446956087812201,3.247124986310203,0.40942978923554557,14.088598402323893,5.595751210865922,0.1864242996914177,0.5394375436823811,False,False,False,False,False,False,False,False,False,False,False,False,False,False,False,False,False,False,False,False,False,False,False,False,False,False,False,False,False,False,False,False,True,False,False,False,False,False,False,False,False,False,False,False,False,False,False,False,False,False,False,False,False,False,11,True,0,Mid,47.58742800119246
66695.0,DEUTSCHE BAHN AG,3607.0,4567.0,20.0,-472.0,25066.0,4011.0,514.0,DEU,,20304010.0,,163.0,33330.0,2563.0,2563.0,25325.0,2024-12-31,3035.0,203040.0,-1787.0,482111.0,,26203.0,83898.0,935.0,2030.0,43633.0,2185.0,17116.0,17874.0,227.895,2024.0,22598.0,739.0,17116.0,26203.0,4684.0,5752.0,221614,4793.0,-0.5625879043600562,-10.44052348679598,-1.8013204594893715,9.781322749303515,-6.8198297904820055,9.781322749303515,3.350761363202687,-0.9356539666177696,0.901539934572728,0.8143700630335913,0.18686667198595708,0.2073725365036304,-2.9416672626284295,1.9473007712082262,2.22733115213835,20.40096307420916,79.49533957901261,-0.5048128342245989,13.046820132657043,45.439700588810226,0.31231972156666427,114.9783891704513,7.26448572220682,50.24443765980995,166.519100866313,,11.590389016018307,9.882237955612768,68.21356333244285,5.889291598023064,-13307.0,-50.78426134412091,391.3728924895993,,4.901729376022435,0.6220661756287448,,,-42.01721581730875,8.2946096654275,-25.145589930727773,1.1170212765957421,10.30609725993581,-0.6138444855094198,0.1664278556428696,2.826218004104268,-2.5064489113267965,3.545165686302901,0.9874345302017017,5.443514744094019,1.5074311312744262,0.32978912341762556,-0.32266721792438124,False,False,False,False,False,False,False,False,False,False,False,False,False,False,False,False,False,False,False,False,True,False,False,False,False,False,True,False,False,False,True,True,True,True,True,False,False,False,False,False,False,False,False,False,False,False,False,True,True,False,False,False,False,False,11,True,0,Mid,9.285176224789788
206294.0,DEUTSCHE TELEKOM,22303.0,39874.0,50.0,24399.0,35182.0,4813.0,6.0,DEU,DE0005557508,50101020.0,4400.0,21.0,134361.0,46037.0,46037.0,67748.0,2024-12-31,21638.0,501010.0,11209.0,517111.0,,118397.0,304934.0,6713.0,5010.0,92727.0,2451.0,63296.0,11198.0,198.194,2024.0,37161.0,0.0,63296.0,118397.0,8478.0,-20282.0,221616,15391.0,8.001403582414556,17.708859959555106,20.607785670245025,38.8835865773626,9.467300691740501,38.8835865773626,42.778955547860164,12.344111263451332,1.0562503552953215,0.9865840486612473,0.24097549883463135,0.24114604058893752,0.648992896823575,2.1227407735085944,2.3658998988877653,20.75727862422688,67.65201650193157,3.6345896022642634,3.0687056063601017,49.10964339824355,0.3882709045236018,597.3793353986498,5.30856835403309,68.75676748566264,78.31870739968073,59.826680141485596,27.64096287229702,10.094315491221051,9.458009915791784,0.5175154820223681,28676.0,24.22020828230445,28.083462908160705,163.4247305217427,4.817587209302325,0.017736935902092115,39.25417075564279,60.74582924435721,3.2312910341700807,5.039182928299546,-0.7302706709674811,14.740717029449414,-9.003738013976925,0.9083638954089496,0.09609006619788991,-0.022447142565844867,1.3659145704370923,3.561205423752282,0.641028743180756,13.076272242518053,1.4031013189131987,0.7156791433631443,-0.37895880169637797,True,True,False,False,False,False,False,False,False,False,False,False,False,False,False,False,False,False,False,False,False,False,False,False,False,False,False,True,False,False,False,False,True,False,False,False,False,False,False,False,False,False,False,False,False,False,False,False,False,False,False,False,False,False,11,True,2,High Performers,46.89409363269942
907.905,SOFTWARE GMBH,160.769,-1.343,45.0,97.764,444.979,7372.0,0.0,DEU,,45103020.0,3.7,196.191,425.563,157.018,157.018,181.482,2023-12-31,59.254,451030.0,-5.227,511210.0,0.875,1000.181,2364.646,63.766,4510.0,58.113,0.0,1456.741,9.646,4.707,2023.0,1513.244,412.629,1456.741,1000.181,130.007,-266.48,222247,6.648,4.13440320453886,-0.3588146417242324,9.774630791826679,15.69895848851358,-0.5226054084210758,15.69895848851358,81.85508422975441,5.193847540036041,3.4007087974938144,3.4007087974938144,0.2921643493288448,0.2921643493288448,45.176529594704654,0.29213360508147984,0.2966972165951257,61.605035172283706,38.39496482771628,1.5331681460339366,1.9246455820351807,18.278042463861397,0.42297282553075594,212.48799660080732,6.221230461096356,58.67006571810502,5.810248345049546,0.9362667502913604,,12.296808909240536,0.9644254389955418,0.16279069767441862,-10.989,-1.098701135094548,,-1.3737162963872183,1.6232439397257303,19.61554958552502,,,4.384176970129605,-11.71439718787861,-5.784627702161737,-322.7199027158492,-28.36242109171927,-1.5867969667914168,-0.0046997039002349235,-0.050987146877700895,-2.1419414468350735,6.221738615381914,0.08577094075354849,-0.0567949705791057,3.8603215177489156,0.5962530846146866,-0.36520526259992725,False,False,False,False,False,False,False,False,False,False,False,True,False,False,False,False,False,False,False,False,False,False,False,False,False,False,False,False,False,False,False,False,False,False,False,False,False,False,False,False,False,False,False,False,False,False,False,False,False,False,False,False,False,False,10,True,3,Upper-Mid,29.46416142804253
3754.654,DUERR AG,1221.942,384.265,20.0,151.456,2411.012,3560.0,133.263,DEU,DE0005565204,20106020.0,48.441,153.689,1212.048,295.497,295.497,3243.715,2024-12-31,144.041,201060.0,61.79,3339.0,,4290.936,4978.375,74.982,2010.0,680.643,627.516,1219.056,115.432,17.685,2024.0,3140.097,634.568,1219.056,4290.936,964.848,-375.802,222340,113.163,3.0422778517086395,5.068676090351879,3.5296727800181595,6.886539440345883,1.4400121558559718,6.886539440345883,24.405421101596474,6.22992681514242,1.3023979142368434,1.0421271233822147,0.40018382322443846,0.45545646392469213,14.645039797122555,0.9942512895223845,1.087079674764736,24.487026389133,75.41926833555127,2.019898108879464,1.2195149189331873,26.619348683054213,0.8619149822984407,242.63138252756573,3.5115709256249477,103.94208396489718,15.862343320897821,5.885371390167126,5.169135129622194,43.925778994149695,2.690135672030532,0.8013829395797031,268.83299999999997,6.265136557618198,30.039686154086375,253.71394992605113,4.083795166095733,3.5817127079033577,78.39618061174947,21.60381938825053,-7.269801574729639,-3.444734614239564,-2.978933508887438,28.68364367430949,46.889952153110045,-0.4965662083968718,0.05705757022247362,0.04179476540472589,-0.001964439770119759,2.270022492596523,0.24554521334371138,7.718683305295403,1.7130674126114176,0.5263646183349368,-0.5931023291626563,False,False,False,False,False,False,False,False,False,False,False,False,False,False,False,False,False,False,False,False,False,False,False,False,False,False,False,False,False,False,False,False,False,False,False,False,False,False,False,False,False,False,False,False,False,False,False,False,False,False,False,False,False,False,11,True,0,Mid,65.93744752458277
2723.727,HORNBACH-BAUMARKT AG,133.852,293.846,25.0,220.139,1107.509,5211.0,0.0,DEU,DE0006084403,25504030.0,,,1549.617,519.867,519.867,3478.644,2025-02-28,299.728,255040.0,115.342,444110.0,,5847.008,4394.077,71.261,2550.0,2552.384,1199.091,1670.35,102.09,24.145,2024.0,1666.76,1866.56,1670.35,5847.008,301.138,-223.404,223089,382.419,5.0099031036552155,6.905259376777323,3.764985442126982,8.891162796425112,1.9726670461199987,8.891162796425112,40.50557139651597,6.836684972237295,1.5049629393530888,0.422271060551201,0.2719056910598469,0.2719056910598469,12.727382792791294,0.9277199389349537,1.1566653695333315,38.01367158563676,61.986328414363236,3.089193247358303,3.1371446927771918,43.969097491919236,1.3306566999167286,242.16226962103954,43.6826345515943,8.35572313224131,43.65282209294053,10.45506936956751,2.901067558675697,9.899462389939911,1.7460212129006836,0.3406088186622538,191.756,3.279557681467171,34.74268834695725,133.48202726459192,2.630632502170204,,0.0,100.0,1.1598855149173026,3.2473713383834646,2.530893031551229,-40.31331803991024,-11.954946874568783,0.0922619794689531,0.10742276383931121,-0.11002956581513568,0.4920661200644018,1.1044119343611911,0.4925614583297832,6.687320226750691,2.765392281962057,0.09072494351679716,0.032137880620271064,False,False,False,False,False,False,False,False,False,False,False,False,False,False,False,False,False,False,False,False,False,False,False,False,True,False,False,False,False,False,False,False,False,False,False,False,False,False,False,False,False,False,False,False,False,False,False,False,False,False,False,False,False,False,12,True,0,Mid,58.50730604550108
6390.975,UNITED INTERNET AG,1292.487,954.121,50.0,640.725,1881.568,7370.0,17.99,DEU,DE0005089031,50101020.0,69.1,6.535,3397.504,1295.975,1295.975,3684.958,2024-12-31,655.25,501010.0,-47.583,517.0,,6329.186,11935.709,148.024,5010.0,2759.136,119.667,4781.247,774.598,10.972,2024.0,1989.27,1255.137,4781.247,6329.186,132.847,-101.754,225236,497.345,5.368135231849235,-0.9952006244396074,10.123339715407322,20.476171817355343,-0.7518028384692755,20.476171817355343,41.77832662841635,7.834020133392006,1.0572405568121908,0.9936409420228236,0.07060441078929915,0.08016558529906972,0.9023510878155625,0.7105895177555144,0.8146094523039701,40.05834089956449,53.54499678234448,4.328521050640437,2.902835317039295,32.631903140399956,0.5302731492532199,576.8488880787459,4.896904959198816,74.53687646405083,43.59385235320941,58.76572394198808,30.793435115779623,11.941762320110183,12.238509027859191,1.182141167493323,179.52300000000002,2.836431098722648,81.18446192883292,148.91271606383393,2.4963590042514014,0.10325182416822638,,,1.866505204390112,6.13645696557934,0.09122422915526229,486.5422942464148,-2.9194427315977767,-0.5468603182232925,-0.0728668106173555,0.9960844831622925,-0.778187920511514,2.039358137012388,0.4132467835297932,7.993835975726284,4.339954980035436,0.7909672587684747,0.4524402035389427,False,False,False,False,False,False,False,False,False,False,False,False,False,False,False,False,False,False,False,False,False,False,False,False,False,False,False,True,False,False,False,False,False,False,False,False,False,False,False,False,False,False,False,True,False,False,False,False,False,False,False,False,False,False,11,True,0,Mid,52.46724288211563
1977.262,MORPHOSYS AG,42.655,-295.837,35.0,-241.272,264.31,2836.0,520.845,DEU,DE0006632003,35201010.0,,283.614,252.818,-230.737,-230.737,47.819,2023-12-31,10.535,352010.0,-189.734,325414.0,,238.278,2026.311,109.858,3520.0,14.99,62.068,49.049,0.349,0.524,2023.0,814.022,147.167,49.048,238.278,679.345,42.999,231016,5.267,-11.906958013848811,-386.82541947848074,-101.25651549870321,-96.83520929334642,-79.62715819337078,-96.83520929334642,79.93142463844754,-79.92659018706914,3.0798002345730393,2.8449699216828725,2.5702584086867692,4.540842192879573,27.12870827824554,5.154396623784379,5.261779037289243,2.420605721431705,97.5793942785683,-2.1962169345882865,,12.736692442571751,0.11759201820451057,454.72900763358774,5.586168092837885,65.33996004666818,6.290971050621544,0.43345970253514565,0.7704292066765484,35.63125305049423,0.14646757149212264,0.03312766967252017,-296.186,-124.30270524345512,,,41.31197374054517,119.02651524689647,,,-14.370730269848742,-15.462307649945839,-16.693163751987285,-19.653751522500464,-81.93581780538302,-9.350024856455683,0.42868959036981164,-0.35269395808601167,-14.312630135462468,59.69286138078496,1.6865268725124853,-14.599782560525012,6.565925530537057,0.22490140849214998,0.16866164819419466,False,False,False,True,True,True,True,True,False,True,False,False,True,True,False,True,True,False,False,False,False,False,False,False,False,False,False,False,False,False,False,False,False,True,False,False,True,True,False,False,False,False,False,False,False,True,True,False,True,True,False,False,False,False,10,True,1,Low Performers,0.4987943682363261
1182.716,GFK SE,450.346,146.203,25.0,117.575,516.885,7310.0,5.357,DEU,DE0005875306,25401010.0,,21.287,451.004,159.909,159.909,1003.599,2016-12-31,42.334,254010.0,-140.555,5418.0,,1483.814,1720.885,14.129,2540.0,92.489,0.0,522.579,17.913,13.069,2016.0,655.424,288.739,522.579,1483.814,179.047,-32.096,231081,32.191,6.832240387939927,-26.89641183438294,7.923836815126424,10.776889825813745,-9.47254844609904,10.776889825813745,32.36355769658461,12.076525576145023,1.2680267370885205,1.2680267370885205,0.3463962003153506,0.3567602077831626,8.050450785496995,0.8630350626412467,0.9246353182963726,30.36687518340853,68.7271955999384,8.321537263783707,1.9020067663483609,28.07828530087717,0.8622389061442224,113.53691942765322,3.29483108543209,110.77957884209206,6.233193648260496,10.710442546864062,,36.573797784279606,1.2072267817934053,0.42313506873907497,128.29,8.645962364555125,12.252142568893936,124.3487135870721,3.293061910256631,1.4346137723461294,,,-3.8623166902721495,-6.590454002901803,-3.084909158324056,-11.261594648995999,-32.052497818912876,-1.6594393656980002,0.1378205823171777,-0.6735361896385356,-1.1768285116979618,1.842533514258373,0.156250906889541,8.495803031579682,1.3594207806928698,0.8111328393416563,,False,False,False,False,False,False,False,False,False,False,False,False,False,False,False,False,False,False,False,False,False,False,False,False,False,False,False,False,False,False,False,False,False,False,False,False,False,False,False,False,False,False,False,False,False,False,False,False,False,False,False,False,False,False,3,True,0,Mid,65.13344822801169
959.977,EVOTEC SE,204.232,18.22,35.0,-78.919,344.585,8731.0,90.413,DEU,DE0005664809,35203010.0,,50.451,392.743,22.181,22.181,580.986,2024-12-31,101.1,352030.0,-196.078,541714.0,,796.967,1912.502,14.323,3520.0,823.937,31.122,952.525,117.468,4.74,2024.0,681.964,188.201,952.525,796.967,396.8,-161.421,232623,46.677,-4.126479344858201,-20.58507650717829,-9.902417540500421,2.783176718734904,-24.60302622316859,2.783176718734904,27.100369275013897,-5.8664147218249445,1.97908788832944,1.8887705500819831,1.1515301014263535,1.4139123873645112,17.640713578338747,0.41231778693472615,0.46132122516469387,49.80517667432505,50.19482332567495,-5.5099490330238075,1.921464316306749,22.97618512294366,0.4167143354621329,168.13649789029535,3.9022631125386815,93.5354663367492,103.38407989289394,2.3622306071213672,18.668016194331983,31.426476939631957,14.739380676991646,1.161899109792285,-99.248,-12.453213244714023,644.7200878155872,,2.0078234167082227,6.330375034348975,,,1.9887999631442943,-15.093044607070993,-6.342620035566093,-43.890277133908484,-44.93369147903863,-0.8325694190209383,0.03863097794431662,1.9179508914088061,-2.290958640246113,9.297187349360202,0.2626236081321498,0.9526787422967401,7.231034069487787,0.08821256077322058,-0.12149034181171033,False,False,False,False,False,False,True,False,False,False,False,False,False,False,False,False,False,False,False,False,False,False,False,False,False,False,False,False,False,False,False,False,False,False,True,False,False,False,False,False,False,False,False,False,False,False,False,True,False,False,False,False,False,False,11,True,3,Upper-Mid,21.3172571177402
832.529,CANCOM SE,511.463,192.876,45.0,43.341,620.879,7373.0,0.0,DEU,DE0005419105,45102010.0,33.1,1.03,142.2,108.385,108.385,1057.572,2024-12-31,65.044,451020.0,33.453,541512.0,0.77,1738.992,1406.896,6.933,4510.0,178.885,68.049,573.998,22.276,5.553,2024.0,771.75,472.186,573.998,1738.992,144.674,-227.475,233025,51.783,3.0806115022005893,5.828069087348736,2.4923058875486492,6.2326336176359645,1.9237006265698753,6.2326336176359645,39.18476910762097,6.0515388202703715,1.2429958172204245,1.1333947516343765,0.23301480642766143,0.23301480642766143,10.72367822497185,0.2477360548294593,0.33795065488033055,40.79889345054646,59.17487859799161,6.251406317611424,0.4549430271716566,13.788012760005005,1.236048720019106,313.1626148028093,3.4000348021264486,107.3518423316496,10.286706321823216,11.526350325775,15.541330511837055,46.63720701459099,1.2809719653684433,0.3424758624930816,170.6,9.81028089835951,11.54938924490346,445.0197272790199,2.451046867759121,0.05922971468528895,98.94478821032493,1.0552117896750701,13.951338164437965,-9.14312468719224,-1.104185218165632,147.80663529138343,-13.612037539750254,-0.13984582611537466,0.007952547201984498,-0.11105880643008201,0.24443401315183136,0.9231519418954547,0.08594466595622366,13.709328905619177,5.771812763363266,0.2524325344007958,0.022867453873592656,False,False,False,False,False,False,False,False,False,False,False,False,False,False,False,False,False,False,False,False,False,False,False,False,False,False,False,False,False,False,False,False,False,False,False,False,False,False,False,False,False,False,False,False,False,False,False,False,False,False,False,False,False,False,11,True,0,Mid,57.544206448204996
2884.745,CTS EVENTIM AG & CO KGAA,353.584,506.419,50.0,418.33,2497.395,7990.0,229.785,DEU,DE0005470306,50202010.0,159.346,15.39,96.723,496.411,496.411,1989.932,2024-12-31,78.081,502020.0,318.867,561599.0,,2808.579,4067.28,12.323,5020.0,217.881,15.555,1026.957,142.276,4.434,2024.0,2406.091,309.873,1026.957,2808.579,1748.388,-193.853,234919,24.575,10.285252060344996,31.04969341462203,14.894720782288836,17.67480993057343,11.353321377109207,17.67480993057343,29.148085206077525,37.22857041150505,0.963440304797599,0.9572118147109289,0.7000846882451515,0.7920945625341606,-2.244841761570388,0.09418407976185954,0.11811400087832304,25.249232902578626,70.92565547491198,33.94709080581027,-3.277707383599477,2.982287917232155,0.6905300348144214,633.4188092016238,7.9431733336350065,45.951408167617856,7.757695261553973,,127.92876888460303,51.680041698629054,5.06576457347292,1.822159039971312,364.143,12.965382138084774,28.094522519889658,121.05729926134869,3.960516360470789,0.5479639347869509,49.97255909203523,50.02744090796477,19.08064778728644,27.287902785901608,25.43140028288544,-25.79035857304437,2.04555887078266,-1.5039697320762582,-0.034587777432309216,0.3551110241865341,0.3248755201716945,21.20389538993195,0.2043468968732351,12.451048366475876,8.660978644354024,0.055340053068831774,-0.03791956543392789,False,False,False,False,False,False,False,False,False,False,False,False,False,False,False,False,False,False,False,False,False,False,False,False,False,False,False,False,True,False,False,False,False,False,False,False,False,False,False,False,False,False,False,False,False,False,False,False,False,True,False,False,False,False,11,True,2,High Performers,34.85452733736534
2302.211,BECHTLE AG,1526.454,558.151,45.0,351.327,1608.168,7370.0,73.087,DEU,DE0005158703,45102010.0,88.2,5.928,568.761,491.647,491.647,5027.075,2024-12-31,140.32,451020.0,245.498,541512.0,,6305.762,4217.281,23.124,4510.0,476.89,377.231,1911.446,88.666,13.952,2024.0,2638.103,839.448,1911.446,6305.762,716.202,-145.969,238136,243.49,8.330651905813248,12.843574968897892,5.57152331470804,7.7967896663400875,3.89323288763515,7.7967896663400875,20.278072657991213,14.165228950648071,1.64043992916163,1.4058680436372322,0.44535272434223294,0.49080009053780455,24.4217779180472,0.29755535861332205,0.42494059471206613,45.32413182806647,54.58993602750207,15.193175921120915,0.19536171277359565,19.260063533826653,1.4952197873463968,451.9611525229358,4.130987242327643,88.35660305606207,7.562765610246629,6.122485399564049,13.326251023908426,53.17777022683573,1.4061107920026161,0.6318842645381985,469.48499999999996,7.445333331641758,15.885665348624297,158.8693724080415,2.2063301814437866,0.09400925693040746,35.92697292849636,64.07302707150365,-1.8213557665315405,10.8880205532778,-2.5289925946625713,31.194931997216724,-12.366324695091823,0.17938117558220817,0.036557985066390936,0.03815598229389945,0.47202518168333363,0.7092724602242448,0.1630064865436234,13.234854400264057,3.544531465357436,0.7035909137046608,-0.335848058177192,False,False,False,False,False,False,False,False,False,False,False,False,False,False,False,False,False,False,False,False,False,False,False,False,False,False,False,False,False,False,False,False,False,False,False,False,False,False,False,False,False,False,False,False,False,False,False,False,False,False,False,False,False,False,11,True,0,Mid,35.919808793475845
1336.721,CARL ZEISS MEDITEC AG,582.935,247.319,35.0,187.41,568.835,3845.0,0.0,DEU,DE0005313704,35101010.0,52.522,409.148,526.757,254.122,254.122,910.785,2024-09-30,66.712,351010.0,178.726,334510.0,,2066.127,3393.2,29.424,3510.0,263.889,536.556,2041.697,86.814,5.73,2024.0,1212.483,558.131,2041.697,2066.127,20.285,176.249,238442,27.071,5.523105033596605,8.753796474207485,9.07059440198981,12.299437546675495,8.650291100208264,12.299437546675495,55.91824703902519,7.29660721975165,2.131519684970158,1.188265489992704,0.03566060456898749,0.03566060456898749,18.968761051514793,0.2579995954345821,0.27125866374883245,60.17025226924437,39.3941117529176,6.369290375203915,2.0995545446675217,16.321702227985384,0.6089022161971,360.58062827225126,3.5443522862754855,102.98073400134648,12.77215776184136,3.2100262876603365,1.6974649430814304,17.77731934457149,4.201774624696352,1.3013250989327256,160.505,7.7683995223914115,35.102034214920806,131.96681073581985,1.6619508183633516,19.802654919082904,29.386882714322482,70.61311728567752,-1.1091274589575595,11.878833759105078,18.80572257930748,-13.338912585713503,32.23560951089854,0.2882926311304993,0.016400196964128914,0.26529472024557876,0.522632697340081,3.893627057909703,0.07538619842482269,7.288665566426972,3.437645346854512,0.06030468679328077,0.04666658506071393,False,False,False,False,False,False,False,False,False,False,False,False,False,False,False,False,False,False,False,False,False,False,False,False,False,False,False,False,False,False,False,False,False,False,False,False,False,True,False,False,False,False,False,False,False,False,False,False,False,False,False,False,False,False,11,True,3,Upper-Mid,56.433996849440064
45665.0,DEUTSCHE POST AG,12949.0,8722.0,20.0,5322.0,21171.0,4210.0,616.0,DEU,DE0005552004,20301010.0,2132.0,92.0,18764.0,9947.0,9947.0,70933.0,2024-12-31,4625.0,203010.0,3332.0,492110.0,,84186.0,69875.0,1034.0,2030.0,30769.0,1146.0,23793.0,2936.0,482.638,2024.0,20147.0,372.0,23793.0,84186.0,4235.0,-6347.0,241456,5387.0,7.6164579606440075,14.004118858487791,6.321716199843204,11.815503765471695,3.957902739172784,11.815503765471695,15.742522509680946,12.50558075052283,0.951631949364697,0.8975012989466723,0.20003778753955884,0.2291341929998583,-1.465474060822898,0.7886353129071576,1.0150464422309082,34.05080500894454,65.35241502683363,5.147001934235977,2.0022117221272744,34.56314847942755,1.204808586762075,174.42886801287924,6.501351455710866,56.14217328296866,36.54883234742118,,61.896160558464224,24.592486583184257,3.487515738958972,0.6348108108108108,5786.0,6.872876725346257,33.662004127493695,163.8857572341225,2.936788130962888,0.10928182833250183,63.985594237695075,36.014405762304925,2.9697399642848454,4.58137516089443,-18.801943485487783,-1.5484090522375316,-13.16178645371192,0.40330400428408303,0.06452802795712036,0.07618462731549844,0.6939544352493967,1.8189449759321399,0.3326216133116856,12.482289803220036,3.202911638225857,0.5407775201877482,0.18620537105265988,True,True,False,False,False,False,False,False,False,False,False,False,False,False,False,False,False,False,False,False,False,False,False,False,False,False,False,False,True,False,False,False,True,False,False,False,False,False,False,False,False,False,False,False,False,False,False,False,False,False,False,False,False,False,11,True,0,Mid,49.203428292050035
756.6,SCHULER AG,319.4,108.3,20.0,-132.3,486.2,3540.0,12.1,DEU,DE000A0V9A22,20106020.0,,,63.3,-28.9,-28.9,551.0,2019-12-31,103.4,201060.0,-123.9,333517.0,0.4,1136.3,1171.6,10.0,2010.0,286.4,157.4,369.3,22.9,6.276,2019.0,745.3,445.6,369.3,1136.3,206.4,-21.2,241840,15.5,-11.29224991464664,-33.54995938261576,-11.643052010912612,-2.5433424271759217,-10.90381061339435,-2.5433424271759217,51.50928451993312,-30.58252427184466,1.5329082682023858,1.2091731797614151,0.42451665981077746,0.4494035376388318,22.115056333219528,0.17140536149471972,0.2133766585431898,31.520996927278937,64.57835438716286,-13.23,,6.725844998292933,0.9698702628883579,181.05481198215423,3.557608015028178,102.59702543342426,25.20461145824166,4.385565418757237,3.5006353240152475,44.878798224650055,2.015312857520021,0.22147001934235974,85.4,7.515620874768988,21.144967682363802,,3.1724884917411313,,,,-6.253609438165164,-5.0490315260556144,-4.547528517110266,3184.6153846153834,-24.67105263157895,-3.157324460998459,-0.025732878769231513,-0.13516281986856016,0.45670439716668,7.146851054548595,0.10521482754379878,9.243769204506657,7.354999848113174,0.6830885575182309,-0.7216541018234701,False,False,False,True,False,False,False,False,False,True,False,False,False,False,False,False,False,False,False,False,False,False,False,False,False,False,False,False,False,False,False,False,False,False,False,False,False,False,False,False,False,False,False,True,False,False,False,False,False,False,False,False,False,False,6,True,0,Mid,15.894828241332531
3932.2,WIRECARD AG,1055.4,749.6,45.0,486.6,2339.6,7374.0,139.6,DEU,DE0007472060,45102020.0,24.713,82.9,1375.9,583.6,583.6,1102.5,2018-12-31,97.0,451020.0,347.4,518210.0,113.0,2061.3,5854.9,29.4,4510.0,81.5,10.6,1922.7,23.5,5.369,2018.0,3925.5,234.7,1922.7,2061.3,2859.4,303.4,242158,133.9,8.310987378093564,18.0683413949134,23.606461941493233,28.312230146024355,16.853442002619705,28.312230146024355,46.51433561344783,14.751712847874854,1.6778509146862712,1.6733202256796034,1.2221747307232007,1.2818430500940332,27.08671369280432,0.7156082592188069,0.7852499089821606,32.83916036140669,67.16083963859332,16.551020408163268,-2.312542837559972,25.78694768484518,0.3520640830757144,383.9262432482772,1.9530983513359863,186.8825498471838,3.953815553291612,1.299766693990794,104.00943396226415,66.86365266699688,1.1400572454276428,0.2422680412371134,726.1,35.22534323000048,3.135005336179295,154.0484997944924,3.0451448483902843,4.021733857274536,7.113701784686241,92.88629821531376,34.26399063610766,29.318008685106033,14.428815004262564,32.386939620907704,56.478891996271145,0.4879204244472153,0.17433069286363506,-2.233302976072102,6.82208304997171,1.220848560660378,0.2773352738296344,12.80295137406275,3.2125722627169773,0.3993138869511902,-0.36875584684393276,False,False,False,False,False,False,False,False,False,False,False,False,False,False,False,False,False,False,False,False,False,False,False,False,False,False,False,False,True,False,False,False,False,False,False,False,False,False,False,False,False,False,False,False,False,False,False,True,True,False,False,False,False,False,5,True,2,High Performers,26.168110814679906
5361.493,MVV ENERGIE AG,665.709,498.004,55.0,372.627,3051.368,4931.0,17.723,DEU,DE000A0H52F5,55103010.0,82.383,0.304,1463.508,575.97,575.97,5106.223,2024-09-30,203.343,551030.0,183.012,22111.0,,6361.422,7876.016,60.581,5510.0,2819.963,357.179,2178.635,412.129,5.447,2024.0,3662.918,585.169,2178.635,6361.422,796.631,-329.445,244394,241.787,4.731161033700287,8.400305695997723,5.857605422183909,9.054107713652703,2.8769039375158574,9.054107713652703,19.73142168527728,10.230982144303505,1.2004183041835663,1.0833629375414568,0.2610733939662473,0.26688160851132997,7.7647125145505065,0.6717545619160621,0.7827355201766243,27.661637558887648,68.0736682099173,6.150888892557072,1.5776238345747176,21.651746263593168,0.807695413518713,1167.8762621626583,9.555859992879771,38.19645749016494,44.329129556253314,10.402129016433648,14.295977647062118,18.567001387503527,6.478567213431212,2.0267675799019393,85.875,1.3499340241851587,82.75616260110361,133.64678351273525,3.61511496877632,0.004778805745004812,45.0150809782965,54.9849190217035,-4.278055232457534,-17.55867834980779,2.080209895052465,-109.19012400112582,28.519217276058306,0.4304629757397033,-0.04539001981402237,-0.14181184346800718,-0.02853103350258227,3.948103928022732,0.22085311763604165,6.323044544348311,4.467484801843641,0.13076368167196753,0.16525281237886663,False,False,False,False,False,False,False,False,False,False,False,False,False,False,False,False,False,False,False,False,False,False,False,False,False,False,False,False,False,False,False,False,False,False,False,False,False,False,False,False,False,False,False,False,False,False,False,False,False,False,False,False,False,False,11,True,0,Mid,67.88156216463013
380.161,TAKKT AG,122.29,93.863,20.0,22.025,188.791,5040.0,0.0,DEU,DE0007446007,20201060.0,,,76.347,54.707,54.707,639.842,2024-12-31,32.682,202010.0,-41.285,423420.0,,1053.715,922.733,7.398,2020.0,105.6,112.468,542.572,11.851,,2024.0,253.303,203.817,542.572,1053.715,8.131,-80.238,244398,45.822,2.3869309973741046,-7.609128373745788,2.0902236373212872,5.191821317908543,-3.9180423549062127,5.191821317908543,39.27750862424849,3.558623987953189,1.3417112044536021,0.7459836538818058,0.04306879035547245,0.04306879035547245,6.991404880935222,0.14071312194510588,0.22516642952456078,58.80054143506301,41.19945856493699,2.9771559881048932,2.084523004368728,13.239907969044134,1.1419500548912849,,8.616526289966473,42.360457998604936,10.021685180527943,16.333627852182538,5.689102678095102,14.13420783693658,1.1246874154776199,0.36261550700691514,82.012,7.783129214256228,12.625848310836007,426.16572077185015,1.7006646122542262,,,,-15.088379514164496,-8.3519231800656,,-9.418040844277053,-25.47478304615771,-0.8906813425784554,-0.03542728508959511,-0.05087707498181856,-0.16035910790212463,3.230778385588403,0.14633268013278283,10.172281689286066,2.1525713808397575,0.8360323023464974,0.13477653990459565,False,False,False,False,False,False,False,False,False,False,False,False,False,False,False,False,False,False,False,False,False,False,False,False,False,False,False,False,False,False,False,False,False,False,False,False,False,False,False,False,False,False,False,False,False,False,False,False,False,False,False,False,False,False,11,True,0,Mid,41.89180924968816
4634.533,NORDEX SE,1489.367,429.753,20.0,178.605,3608.714,3510.0,2.682,DEU,DE000A0D6554,20104020.0,,35.272,420.969,324.33,324.33,5839.121,2024-12-31,145.725,201040.0,8.836,333611.0,13.65,7298.825,5631.15,110.808,2010.0,537.27,909.369,990.652,164.19,10.006,2024.0,3602.275,758.885,990.652,7298.825,1154.12,-37.883,245628,79.594,3.171732239418236,0.8919378348804626,2.447037708124253,4.44359194801903,0.12106058166896727,4.44359194801903,19.99916424904008,12.652475416560108,0.9982157078671239,0.7462231698050884,0.31981475949604204,0.3205579605366344,-0.1143460927164052,0.4249413517562171,0.5052864174301369,17.592356801008677,82.30171456984809,1.6118421052631577,-2.015098819103999,8.889178942134377,1.2961517629613846,729.4448331001399,4.900622210643851,74.48033827362623,7.361047839892038,,6.421068895025011,46.94399900553174,2.2495401657116045,1.1267112712300567,265.563,3.638434953571294,38.205666976146766,240.6164441085076,5.68428671218551,0.4832558665264614,0.0,100.0,12.478787400594339,3.856838885650049,1.8007935700478095,837.8218031571139,23.56075314941075,-0.9120628997596782,0.0026417477131352573,-0.17161718806648782,-0.5519504143481706,5.193389274065121,0.25334284740443513,7.6317093311312965,6.545178817911841,0.33926613573938214,-0.18087296235493386,False,False,False,False,False,False,False,False,False,False,False,False,False,False,False,False,False,False,False,False,False,False,False,False,False,False,False,False,False,False,False,False,False,False,False,False,False,False,False,False,False,False,False,True,False,False,False,False,False,False,False,False,False,False,11,True,0,Mid,47.10455729083123
15074.7,FRAPORT AG,499.9,1179.1,20.0,711.2,2476.6,4581.0,651.9,DEU,DE0005773303,20305010.0,,,11108.5,1243.5,1243.5,3053.9,2024-12-31,532.3,203050.0,450.6,488119.0,,4489.3,20252.8,470.8,2030.0,9850.3,24.8,4828.6,1250.1,19.211,2024.0,3977.0,37.0,4828.6,4489.3,3298.1,489.9,245839,1367.8,3.511613209037763,9.331897444393821,15.842113469805982,27.69919586572517,10.037199563406322,27.69919586572517,31.973804379301896,4.462543373637613,1.6058305741742713,1.5958168456755228,1.331704756521037,1.594928531050634,7.4083583504503085,2.3005633102762704,2.5838338234685,23.841641649549693,74.4326710380787,1.5106202209005948,7.380940892641736,61.602840101121814,0.22166317743719388,233.68382697412943,8.980396079215843,40.64408705143341,219.41728109059318,2.9920687816582245,123.14112903225806,18.75296255332596,27.846212104336978,2.348487694908886,-71.0,-1.5815383244603836,106.0215418539564,165.79021372328458,4.194342045313341,,0.0,100.0,10.819550728215255,7.209291246049676,6.390873345516979,-10.915934755332424,32.580337257397375,-1.4119148056778545,0.20639183826524174,2.5186092961726434,-2.8340724992644297,19.168434900645412,0.7840965888141145,5.821911044398799,2.761984825328693,0.059681037092877774,0.6484236809527287,False,False,False,False,False,False,False,False,False,False,False,False,False,False,False,False,False,False,False,False,False,False,False,False,False,False,True,False,True,False,True,False,False,False,False,False,False,False,False,False,False,False,False,False,False,False,False,True,True,True,False,False,False,False,11,True,0,Mid,24.22732788251494
3058.171,MAINOVA AG,720.41,437.463,55.0,187.878,1131.172,4931.0,0.0,DEU,DE0006553464,55103010.0,,,897.252,312.781,312.781,3164.856,2024-12-31,124.903,551030.0,303.732,221122.0,,3891.921,5260.131,41.779,5510.0,1762.447,247.028,2194.145,480.477,3.416,2024.0,1179.599,330.158,2194.145,3891.921,53.35,55.926,248166,32.4,3.571736141172149,13.842840833217496,4.827384728518385,8.036673920154083,7.804166631337071,8.036673920154083,18.681391528759182,6.077446539541832,1.0428113496444396,0.8244289993033773,0.047163472928962176,0.047163472928962176,0.9206424706913175,0.40893012995950584,0.4236967019043864,41.71274441644134,58.1386851392104,4.496948227578447,2.8016471588747396,17.673552236626804,0.7398905084303032,1139.3211358313818,5.402369484043809,67.56294642157432,45.28475783552647,80.36675821339351,12.811729844390111,14.709899810480003,12.345497249301824,3.8468011176673094,-43.01399999999995,-1.1052125672643396,109.83260298585252,232.84418612078053,2.397348853425822,,0.0,100.0,-16.006285412637222,-5.475967863348242,18.528799444829968,-80.56848058835755,7.256273285547499,0.01919161260292293,-0.017819915000269092,0.3953714123804114,-0.8555199452206084,4.065889595596093,0.13949653471904083,8.316579948294063,2.2775737338710096,0.0002450780740219781,-0.7711345820673754,False,False,False,False,False,False,False,False,False,False,False,False,False,False,False,False,False,False,False,False,False,False,False,False,False,False,False,True,False,False,False,True,False,False,False,False,False,False,False,False,False,False,False,False,False,False,False,False,False,False,False,False,False,False,11,True,0,Mid,56.67805216904046
1818.313,CAPITAL STAGE AG,65.523,153.037,55.0,57.325,182.821,4911.0,71.188,DEU,,55105020.0,,,1364.777,159.818,159.818,7.431,2017-12-31,102.493,551050.0,27.221,221114.0,,222.432,2519.698,60.596,5510.0,1455.168,0.339,692.012,93.92,0.108,2017.0,277.428,18.688,692.012,222.432,195.576,10.085,248220,124.608,2.2750742350869038,3.9336023074744375,25.771921306286867,71.85027334196519,12.23789742483096,71.85027334196519,96.65920371169615,2.7871113663093303,1.517484315259188,1.515630042500588,1.0697676962712162,1.4591540359149113,3.7546959992824536,1.97218689849309,2.1522531401189577,27.464084981612874,72.16392599430567,0.9460195392435146,8.095514898196697,59.10966314217021,0.08827724592391628,2059.5555555555557,3.394716359141065,107.52002859300819,654.2080276219249,2.3511156679738283,21.920353982300885,10.362313261351161,42.22414041145159,0.9163552632862733,59.117000000000004,26.577560782621205,61.37077961538713,266.96380287832534,3.6411189401339863,,0.0,100.0,56.881995725862765,7.0482288829495365,16.129032258064523,-27.111434419155177,563.4173906901179,-3.79282540857258,-0.2862321351009119,-2.113981426911015,1.5653646814037216,6.149028151568778,0.6377291110357374,6.073624696292969,0.8969912486643496,0.6341054565400587,-0.45110585783594304,False,False,False,False,False,True,False,True,False,False,False,False,False,False,False,False,False,False,False,False,False,False,False,True,False,False,True,False,False,False,True,False,False,False,False,False,False,False,False,False,True,False,False,False,True,True,False,True,False,False,False,False,False,False,4,True,2,High Performers,2.7534538517604448
2195.55,REPOWER SYSTEMS SE,327.039,318.052,20.0,43.332,1129.736,3510.0,2.421,DEU,DE0006177033,20104020.0,,25.46,870.727,139.665,139.665,1170.277,2015-12-31,96.333,201040.0,-102.598,333611.0,,1589.278,2126.193,41.95,2010.0,176.117,416.552,-69.528,16.465,3.912,2015.0,1224.75,154.67,-69.528,1589.278,421.822,874.428,251958,5.982,2.038008779071326,147.56357151075827,2.726521099518146,8.787952768489841,-6.4556358296031275,8.787952768489841,26.36423583539192,5.4083941692388535,1.084102834644554,0.7153866035958842,0.3733810376937621,0.3755240162303405,4.468738256592881,-12.523400644344724,-12.609437924289493,-3.270070026568613,103.2620274829237,1.032943980929678,3.2569863602190954,41.23374500809662,0.7474758876546014,406.2571574642127,4.859597784973658,75.10909670932335,11.081572890331332,16.72677710653169,2.809437957325856,35.22074430684326,1.0360050286985663,0.1709175464274963,301.58700000000005,18.976352784094416,5.176826430898092,733.9887381150189,,1.6019853040185543,,,-19.12116522502927,38.102234442013064,12.835304297663686,273.6535626231215,-58.093662509544416,-1.575698933847265,-6.328776814451174,-0.6731706042318041,7.65063661931683,1.6410025050674593,7.303401867452708,14.95875492017893,4.279496833992412,0.92199378651658,,False,False,False,True,False,False,False,False,False,False,False,False,False,False,False,True,True,False,False,False,False,False,False,False,False,False,False,False,False,False,False,False,False,False,False,True,False,False,False,False,False,False,False,False,False,False,True,False,True,False,True,False,False,False,3,True,0,Mid,9.030004698217258
1181.652,BAUER AG,317.872,194.223,20.0,57.696,813.34,3530.0,6.498,DEU,DE000A40ETC9,20103010.0,,6.924,215.315,165.088,165.088,1160.816,2024-12-31,107.392,201030.0,9.098,3331.0,2.7,2044.994,1683.634,45.495,2010.0,497.239,494.573,493.922,181.558,11.38,2024.0,968.233,500.441,493.922,2044.994,79.442,-102.032,269104,202.562,3.4268730614848595,1.8419912455812864,2.8213285711351723,8.072786521623046,0.4448912808546138,8.072786521623046,43.23621487398007,8.13493937851522,1.1904406521258022,0.582364078982959,0.09767378955910196,0.10566306833550544,9.199921122999411,0.4359291548058195,0.846038443316961,29.336661055787662,70.18461257019042,1.2681833168480052,2.050027863927118,24.819943051755907,1.2146309708642138,179.7007029876977,6.4333882820758035,56.735266704938994,24.314936865340435,13.202623746715481,2.347107504857726,23.598596844682397,8.878167857705206,1.6906101013110846,12.66500000000002,0.6193172204906234,93.4791451063983,336.6316555740433,3.408704208356785,0.33858290048772766,0.0,100.0,19.572181757266005,-0.9138039302926559,-5.434601961110186,27.235282298573548,28.863242767509867,0.05595002123465378,-0.07295234221075891,0.4150177608684703,-0.2629567905354139,2.3188685408149006,0.27613365851643706,11.535939521297385,2.970828233775301,0.006403846880110084,0.259944472374841,False,False,False,False,False,False,False,False,False,False,False,False,False,False,False,False,False,False,False,False,False,False,False,False,False,False,False,False,False,False,False,False,False,False,False,False,False,False,False,False,False,False,False,False,False,False,False,False,False,False,False,False,False,False,11,True,0,Mid,63.329175323075816
6906.0,BRENNTAG SE,2610.5,906.6,20.0,883.6,3478.2,5160.0,7.2,DEU,DE000A1DAHH0,20107010.0,303.209,,2565.6,1302.5,1302.5,12210.9,2024-12-31,418.9,201070.0,536.2,4246.0,,16237.4,11668.0,148.6,2010.0,2135.6,1518.4,4726.7,342.2,18.122,2024.0,5088.9,1519.7,4726.7,16237.4,770.5,23.0,269835,946.3,7.572848817278026,11.344066685002224,5.441757916907879,8.021604444061243,3.302252823727937,8.021604444061243,24.797689285230394,12.11689041866078,1.4630843539761946,1.0265367143925017,0.2215226266459663,0.2235926628716003,13.80442235173123,0.5427888378784352,0.7429919394080436,40.50994172094617,59.18752142612272,5.946164199192463,2.1047216890595006,30.09856016455262,1.3916181007884814,896.0048559761616,6.220034476153994,58.6813467673396,13.15235197753335,10.080958589433166,8.04195205479452,28.97668837847103,2.1074802616182393,0.8169014084507042,564.4000000000001,3.4759259487356355,37.74542245753364,102.60298777727479,2.468529841115366,,56.54774337933607,43.45225662066393,-3.4356025239219434,12.86734121379791,2.332147495623693,-57.968424188263334,6.5711616318903765,0.029577388059669456,-0.017586809929596364,0.07960830878247982,0.20501301825634885,0.577573490321878,0.08905949424554,7.769969146383271,3.933069490187494,0.02884681176873489,0.20239835109554938,False,False,False,False,False,False,False,False,False,False,False,False,False,False,False,False,False,False,False,False,False,False,False,False,False,False,False,False,False,False,False,False,False,False,False,False,False,False,False,False,False,False,False,False,False,False,False,False,False,False,False,False,False,False,11,True,0,Mid,49.525258908592185
1249.278,DIEBOLD NIXDORF AG,555.913,81.68,45.0,152.23,1086.104,7372.0,0.0,DEU,DE000A0CAYB2,45202030.0,,87.872,4.677,205.53,205.53,1813.551,2018-12-31,53.3,452020.0,37.414,334111.0,3.817,2399.846,1638.437,6.265,4520.0,100.102,211.075,359.841,34.552,8.786,2018.0,1031.011,276.755,359.841,2399.846,130.356,-16.119,270249,344.565,9.291172013327335,10.397369949505476,6.343323696603866,8.56429954255398,1.5590167035718128,8.56429954255398,24.430525958749023,41.76199803576229,0.949274655097486,0.7549332292303499,0.12002165538475136,0.12002165538475136,-3.362533927151308,0.012997407188174775,0.9705453241848483,21.962455681848006,76.24815601698448,24.29848363926576,1.0649832141293243,21.315558669634537,1.4647166781511893,273.1443205099021,4.316945277408515,84.55052740884207,4.1711843176603836,,8.591974416676537,41.88558974193088,1.4397590512057856,0.6482551594746717,47.12800000000001,1.9637926766967548,42.30166503428011,53.65565263088749,4.553224896551532,3.6615682839648875,0.0,100.0,1.613772598341967,3.1343731725755886,4.2848664688427185,-64.00051942893373,0.3689179375453877,0.31931894179770987,0.12190908014663596,-0.22806702583551877,0.5259782619628286,0.8212851867279339,0.2524548799190266,4.98523898080915,2.1468009426106813,0.3779213193661512,-0.7095106278307913,False,False,False,False,False,False,False,False,False,False,False,False,False,False,False,False,False,False,False,False,False,False,False,False,False,False,False,False,False,False,False,False,False,False,False,False,False,False,False,False,False,False,False,False,False,False,False,False,False,False,False,False,False,False,5,True,0,Mid,37.72949221803675
5119.0,LANXESS AG,1043.0,508.0,15.0,23.0,1773.0,2800.0,0.0,DEU,DE0005470405,15101020.0,,104.0,2428.0,583.0,583.0,4508.0,2024-12-31,560.0,151010.0,-177.0,325.0,,6366.0,9711.0,47.0,1510.0,2140.0,1348.0,4586.0,320.0,12.338,2024.0,3449.0,1177.0,4586.0,6366.0,615.0,-97.0,271763,584.0,0.23684481515806816,-3.8595726122982987,0.36129437637448947,9.158027018535972,-2.7803958529688972,9.158027018535972,29.186302230600063,0.32791559737667525,1.9452904681331078,1.1849971799210377,0.34686971235194586,0.34686971235194586,17.258778704561838,0.5294374182293938,0.6567815089402529,47.22479662238698,52.71341777365873,0.48936170212765956,4.111492281303602,31.016373185047886,0.6555452579548965,515.9669314313503,6.103547459252157,59.801288092994035,33.616085453974236,3.7983293556085918,3.344213649851632,17.073421892699,5.026704366949419,0.5714285714285714,188.0,2.9531888155827835,62.99212598425197,2208.695652173913,2.1175316179677277,1.6336789192585612,,,-5.183199285075957,0.47594412829798927,12.35770876969311,-63.28125,-1.8404907975460127,-0.5081288468194866,-0.022332934506128475,-0.14407214250934824,-0.05301699421945929,2.958311804424543,0.18518384752209463,5.231181134795593,2.6774683386281595,0.3245282395020797,0.26489027008770094,False,False,False,False,False,False,False,False,False,False,False,False,False,False,False,False,False,False,False,False,False,False,False,False,False,False,False,False,False,False,False,False,False,False,False,True,False,False,False,False,False,False,False,False,False,False,False,False,False,False,False,False,False,False,11,True,4,Lower-Mid,61.738678667467525
9047.0,MTU AERO ENGINES AG,3079.0,714.0,20.0,832.0,6049.0,3724.0,858.0,DEU,DE000A0D9PT0,20101010.0,118.0,339.0,2112.0,1178.0,1178.0,5813.0,2024-12-31,346.0,201010.0,633.0,336412.0,,7411.0,12484.0,66.0,2010.0,1537.0,1753.0,3363.0,459.0,12.892,2024.0,7519.0,293.0,3363.0,7411.0,2605.0,736.0,273099,722.0,6.664530599166933,18.822479928635147,11.226555120766427,15.895290783969775,8.541357441640804,15.895290783969775,21.56254216704898,15.19634703196347,1.2430153744420565,0.9532154075053728,0.4306496941643247,0.5724913208794842,11.775072092278116,0.6280107047279215,0.8426999702646447,26.93848125600769,72.4687600128164,12.606060606060606,0.19439728353140917,22.701057353412367,0.593639859019545,574.8526217809494,2.4069503085417345,151.64417757387665,20.739441370935097,5.041496598639456,3.316029663434113,45.53027875680872,6.193496154365133,1.3265895953757225,255.0,3.440831196869518,64.28571428571429,85.8173076923077,3.712161760333036,4.574281473485359,18.64139020537125,81.35860979462875,38.18758157747531,22.344178753430022,5.9326211996713285,-42.69662921348315,38.25301204819278,-0.522577306925928,-0.011729329632645275,0.40419579056910093,0.2879084999951017,4.773797471147643,0.14849214132229066,5.7193207305350855,1.8780075002062253,0.13181529255894736,-0.008116966790129935,False,False,False,False,False,False,False,False,False,False,False,False,False,False,False,False,False,False,False,False,False,False,False,False,False,False,False,False,False,False,False,False,False,False,False,False,False,False,False,False,False,False,False,False,False,False,False,False,False,False,False,False,False,False,11,True,0,Mid,54.903633558778694
4572.9,WACKER CHEMIE AG,948.7,310.4,15.0,245.5,1522.8,2821.0,168.7,DEU,DE000WCH8881,15101050.0,124.195,208.5,1725.5,718.2,718.2,4262.4,2024-12-31,472.7,151010.0,241.0,325211.0,,5721.8,9409.9,52.3,1510.0,3596.5,1795.5,4669.2,651.6,16.637,2024.0,4055.3,573.9,4669.2,5721.8,1215.4,145.9,276585,221.2,2.60895439909032,5.161483765955624,4.29060785067636,12.551994127722047,4.211961270928729,12.551994127722047,25.50595966304311,3.8391167685739753,2.663054898870502,1.4839768846861048,0.7981350144470712,0.9089177830312584,26.913144666787108,0.3695493874753705,0.41692367000771013,49.620080978543875,48.596690719348764,4.694072657743786,1.018240044555834,20.68778626765428,0.6080617222287166,343.9201779166917,6.031200590281438,60.51863050089133,62.85609423607955,2.2593484698914117,2.373934837092732,22.998119002327343,11.388024747457095,1.3784641421620478,-341.20000000000005,-5.963158446642666,209.92268041237114,126.43584521384928,2.0153131157371713,3.6439581949736093,51.53319502074688,48.46680497925312,-10.627596763612502,6.273717022045533,1.5813896690682672,-214.99831479609037,1.8761726078799335,0.455456032142309,-0.02742528516664312,-0.3080933203303266,0.3533045854370772,5.297143149401356,0.20147112465319497,3.2986535457337487,2.842252816782154,0.08132090122133334,0.1366247830647122,False,False,False,False,False,False,False,False,False,False,False,False,False,False,False,False,False,False,False,False,False,False,False,False,False,False,False,False,False,False,False,False,False,False,False,False,False,False,False,False,False,False,False,False,False,False,False,False,False,False,False,False,False,False,11,True,3,Upper-Mid,49.59758156891072
1817.166,KLOCKNER & CO SE,787.494,114.705,20.0,-42.043,983.341,5051.0,0.0,DEU,DE000KC01000,20107010.0,19.95,,712.706,83.748,83.748,5519.483,2024-12-31,125.791,201070.0,-146.841,423510.0,1.208,6632.193,3537.881,63.505,2010.0,759.316,1290.669,1713.743,110.252,,2024.0,2256.006,543.674,1713.743,6632.193,120.793,-142.386,278310,183.314,-1.1883667087728502,-8.568437624544638,-0.6339230477762031,1.2627497420536464,-2.2140640358324917,1.2627497420536464,16.777406809482173,-1.7326966278706044,2.294225502648623,0.9816909902058388,0.12283938125228176,0.12283938125228176,35.97252140476178,0.41587682633860507,0.5228438569843903,48.439814680030224,51.36311820550211,-0.6620423588693803,9.256662845679896,25.32645953891609,1.8746229734691473,,8.421896547783222,43.33940673921884,11.448943056994873,5.211263765405665,4.276451204762801,25.673192512693333,1.6623762306072816,0.876469699740045,4.453000000000003,0.06714219565082022,96.1178675733403,,2.064417476832874,,,,-4.66339409427613,-8.516666015901265,,-98.09181404078625,24.998015940500885,0.10773640244949141,-0.0012993261904905447,0.003428671810000239,0.0587752787113187,2.9009785182162453,0.05851734353754374,3.242194974901643,5.13394025479308,0.015171502685082359,0.04101178367650772,False,False,False,False,False,False,False,False,False,False,False,False,False,False,False,False,False,False,False,False,False,False,False,False,False,False,False,False,False,False,False,False,False,False,False,False,False,False,False,False,False,False,False,False,False,False,False,False,False,False,False,False,False,False,11,True,0,Mid,20.308377775791172
4305.061,SYMRISE AG,1070.501,894.914,15.0,709.061,1925.204,2844.0,0.0,DEU,DE000SYM9999,15101050.0,167.7,275.649,1648.716,1005.062,1005.062,2739.073,2024-12-31,296.001,151010.0,478.224,325620.0,,4998.513,8324.708,79.893,1510.0,1749.839,1283.31,3981.18,227.423,12.956,2024.0,3106.288,998.114,3981.18,4998.513,709.492,-281.876,281772,897.068,8.517548002884906,12.012117010534565,14.185438749484097,20.107219887194454,9.567325322550927,20.107219887194454,45.20224314711195,12.594566578139277,1.6134851163824717,0.9469012115079753,0.3685282183082936,0.3685282183082936,14.187692829586334,0.4141274697451509,0.6394546340532203,47.82365940042581,51.71425832593767,8.875132990374626,1.8270435057737728,30.58106062098514,0.6004430425667783,385.80680765668416,4.669321186995622,78.16982070467758,35.007191138644636,4.232140135671975,2.134381404337222,21.3820472742107,4.549813114420228,0.7683183502758437,667.491,13.353791417567585,25.41283296495529,126.21114403415221,2.091015226641348,5.514620048002276,35.06724882063635,64.93275117936365,5.672629855859812,6.106533676845904,2.370417193426033,41.82653796221734,-8.617017856855835,-0.16395144603314366,-0.03824117939882956,-0.01516358334860434,0.06055689941465871,0.9746357666051831,0.15240703317274348,10.750094778099124,1.6883816613494942,0.311270883538305,-0.530394311251048,False,False,False,False,False,False,False,False,False,False,False,False,False,False,False,False,False,False,False,False,False,False,False,False,False,False,False,False,False,False,False,False,False,False,False,False,False,False,False,False,False,False,False,False,False,False,False,False,False,False,False,False,False,False,11,True,2,High Performers,39.76443854553901
989.0,WACKER NEUSON SE,266.2,305.3,20.0,110.7,558.6,3531.0,0.3,DEU,DE000WACK012,20106010.0,40.8,58.9,297.0,187.8,187.8,1637.2,2024-12-31,77.1,201060.0,70.2,333120.0,4.1,2234.9,2488.6,25.5,2010.0,574.4,621.9,1499.6,61.9,6.019,2024.0,1008.0,346.9,1499.6,2234.9,35.6,-177.5,284636,214.8,4.448284175841839,4.681248332888771,4.953241755783257,8.40306053962146,3.1410801378137725,8.40306053962146,26.743925902724957,6.161638650784816,1.8045112781954886,0.6911922663802363,0.06373075546007877,0.06426781238811313,18.05834605802459,0.1980528140837557,0.3412910109362497,60.258780036968574,39.741219963031426,4.341176470588235,2.535676251331203,20.565779956602107,0.8980551313991804,371.3075261671374,8.395567242674682,43.475323280683696,25.701373663251147,4.973075211392969,2.632577584820711,12.127300490235475,2.769698867958298,0.8028534370946823,243.4,10.890867600340059,20.275139207337045,275.79042457091236,1.6595092024539877,2.6354646740346324,58.11965811965811,41.88034188034189,-15.81980488907303,-5.909486180952028,-8.511931904544756,-1640.5063291139243,-52.015503875968996,-0.0979512458514454,0.02132982424060812,-0.3032373531764797,0.4818314816871432,1.8776599077777045,0.10957989210481218,12.267941814674918,6.464320727040573,0.029934964477456884,0.7518975709515904,False,False,False,False,False,False,False,False,False,False,False,False,False,False,False,False,False,False,False,False,False,False,False,False,False,False,False,False,False,False,False,False,False,False,False,False,False,False,False,False,False,False,False,True,False,False,False,False,False,False,False,False,False,False,11,True,0,Mid,39.95273822861108
2270.023,GERRESHEIMER GROUP,387.886,240.332,35.0,217.047,985.503,3220.0,0.0,DEU,DE000A0LD6E6,35203010.0,,65.519,916.087,411.602,411.602,1233.583,2024-11-30,194.555,352030.0,109.72,327212.0,,2035.903,3809.164,61.661,3520.0,1018.153,355.088,1511.562,369.846,12.142,2024.0,992.301,387.458,1511.562,2035.903,186.378,168.269,284944,453.861,5.698021928171116,7.2587164800385295,10.66096960415108,20.21717144677325,5.389254792590806,20.21717144677325,39.408557283917744,8.940625271610516,1.0068980003105013,0.6465865654391716,0.18911966782445105,0.18911966782445105,0.1784643559584203,0.6060532085352768,0.9063128075461013,39.68225048855864,59.5937323780231,3.520004540957818,2.8755205271111413,35.96453185003323,0.534475018665513,167.67443584253007,5.248714828583656,69.54083274104906,50.00989732811436,299.48558399529264,3.474020524489704,15.075853914402215,18.166189646559783,1.9009842974994218,-129.514,-6.361501505720067,153.8896193598855,110.72809115076458,2.5200183651084114,3.218178862156007,0.0,100.0,2.2817040662431065,11.082227929518162,4.133790737564325,193.01147032872547,9.248001701433806,-0.14623513953854378,-0.03884029189784664,1.1288886323723293,-1.17232334025491,1.2589848654733227,0.2271157408050461,6.3093109144158666,1.109079302886883,0.1484072624515376,-0.825851216049157,False,False,False,False,False,False,False,False,False,False,False,False,False,False,False,False,False,False,False,False,False,False,False,False,False,False,False,True,False,False,False,False,False,False,False,False,False,False,False,False,False,False,False,False,False,False,False,False,False,False,False,False,False,False,11,True,0,Mid,47.84589085309322
1184.769,SAF HOLLAND SE,191.732,200.652,25.0,166.266,511.747,3700.0,10.45,DEU,DE000SAFH001,25101010.0,38.6,40.97,551.911,250.851,250.851,1376.112,2024-12-31,84.585,251010.0,77.349,3362.0,6.529,1876.747,1711.869,41.016,2510.0,357.167,291.469,523.463,48.505,4.935,2024.0,857.25,216.411,523.463,1876.747,311.18,-49.043,285715,233.464,9.712542256446024,14.776402534658612,8.859265526999643,13.366266204235306,4.121439917047956,13.366266204235306,26.67567871428594,15.461225582913482,1.6751441630336865,1.1055873312398508,0.608073911522686,0.6284941582461646,20.182794361017113,1.0543457703791863,1.5003448190225481,30.57844963604108,69.2090925181775,4.05368636629608,1.8903452647188967,45.87821848517615,1.096314612858811,380.29321175278625,9.788386915068951,37.28908584907821,19.031174686838447,5.431926785006209,4.721297976800278,29.37794889679059,2.584525245011714,0.5734468286339186,152.147,8.106953148186728,24.173693758347788,120.68131788820324,3.270276982327309,2.1830326623673835,49.903683305537236,50.096316694462764,-10.892900383159954,3.640405657310253,-6.071564522268746,2.918157650862785,-11.637185069134492,0.10359047867956825,0.03951154439210965,0.03591477668216199,0.5072179833176997,1.0576754382713478,0.2763706036758689,11.721223995527694,3.5884403626109243,0.10551823707414434,-0.08552116181401809,False,False,False,False,False,False,False,False,False,False,False,False,False,False,False,False,False,False,False,False,False,False,False,False,False,False,False,False,False,False,False,False,False,False,False,False,False,False,False,False,False,False,False,False,False,False,False,False,False,False,False,False,False,False,11,True,0,Mid,45.97989033739139
2460.212,HAMBURGER HAFEN UND LOGISTIK,342.308,195.947,20.0,134.417,520.437,4731.0,20.0,DEU,DE000A0S8488,20305030.0,15.659,5.146,1403.823,309.174,309.174,1205.899,2024-12-31,174.757,203050.0,32.522,541614.0,,1607.62,3283.977,59.252,2030.0,1894.585,37.978,761.385,244.716,6.549,2024.0,655.799,19.623,761.385,1607.62,250.786,146.229,287162,103.051,4.093116364700484,4.2714264137066005,8.361242084572226,19.231783630459933,2.0229905077070454,19.231783630459933,24.988554509150173,6.208040982667716,1.2600929603390996,1.187119670584528,0.4818758082150193,0.5203050513318614,4.121892449307653,1.8437754880907822,1.9791222574650145,23.184845691672017,74.91562821542294,2.2685647741848376,4.0627219623901105,45.885644144279944,0.4895344882135289,245.47564513666205,4.6964137560325785,77.71887635137658,117.85030044413483,11.876449816048819,31.752567275791243,18.06023611005802,15.222254015252362,1.4003215894070051,-48.769000000000005,-3.0336149089959075,124.88887301157968,145.77545994926237,4.313162197836837,0.32010052126746374,48.148945329315545,51.851054670684455,9.598996468551002,9.09599185694372,1.3777089783281848,43.240226745381285,-5.303728010773079,-0.3414374050639267,0.11896882947712337,0.6026365660125278,-1.015141000523657,2.5671435498962256,0.5012200989362704,5.966759206900658,2.5549524225864833,0.1945873352782075,0.5593401818185055,False,False,False,False,False,False,False,False,False,False,False,False,False,False,False,False,False,False,False,False,False,False,False,False,False,False,False,False,False,False,False,False,False,False,False,False,False,False,False,False,False,False,False,False,False,False,False,False,False,False,False,False,False,False,11,True,0,Mid,44.42465443393655
987.91,SMA SOLAR TECHNOLOGY AG,241.575,-112.823,45.0,-98.052,699.393,3620.0,13.125,DEU,DE000A0DJ6J9,45301010.0,,134.969,41.058,-59.294,-59.294,1238.436,2024-12-31,38.758,453010.0,-117.728,335999.0,,1529.999,1541.226,9.39,4530.0,233.285,563.565,553.316,46.823,3.771,2024.0,1062.46,235.42,553.316,1529.999,208.957,117.227,289333,155.171,-6.361948215252014,-21.276811080829034,-6.408631639628523,-3.875427369560372,-7.694645552055916,-3.875427369560372,19.056417683933134,-16.496683906092795,1.5191172917086673,0.7133256981411022,0.29876907546972875,0.3175353485093502,23.557025381092714,0.07420352926718186,0.35464183215377826,35.901029440198904,64.09897055980109,-10.442172523961661,,12.732006856878872,0.9927155394471673,405.72765844603555,6.333432681361896,57.63067492200975,15.247395586533063,4.214095469982125,2.197503393574831,29.23205292410068,3.0603287976005213,1.2080860725527631,-159.646,-10.434385904827389,,,2.78543544737546,8.821509033666034,,,-19.64539964360348,-4.974921620430162,,-265.66975218961437,5.426339134937974,0.631703926132041,0.010128898811210828,0.01567469266835471,-0.6755921728203186,8.866138806401356,0.0891388503083084,-7.320341079114938,6.925471752266059,0.055840691137759385,0.867733769754151,False,False,False,False,False,False,False,False,False,False,False,False,False,False,False,False,False,False,False,False,False,False,False,False,False,False,False,False,False,False,False,False,False,False,False,False,False,False,False,False,False,False,False,False,False,False,False,False,False,False,False,False,False,False,11,True,0,Mid,24.487006030566356
2409.816,STROEER SE & CO KGAA,259.608,454.493,50.0,278.147,856.623,7310.0,0.0,DEU,DE0007493991,50201010.0,,48.07,1436.188,566.727,566.727,860.222,2024-12-31,288.58,502010.0,130.797,5418.0,,2046.841,2886.43,74.509,5020.0,1147.243,40.586,465.5,95.536,11.858,2024.0,425.443,629.284,465.5,2046.841,75.491,-252.922,295079,363.131,9.636367415804298,28.098174006444683,13.589086792769933,27.68788586900497,6.390188588170748,27.68788586900497,57.973188928695485,14.626321457568222,0.49665138573211315,0.4492723169935899,0.08812628192331982,0.08812628192331982,-14.938176224609641,3.085258861439313,3.86534693877551,16.127188256773938,83.48776862768194,3.7330658041310443,3.0417255574553534,62.337177759377504,0.7091254594776246,172.61266655422497,7.884352562324735,46.294226078136994,56.049443996871275,,21.195042625535898,11.609462207640581,4.6674851637230255,0.33105551320257814,358.957,17.53712183799328,21.02034574789931,163.40028833674282,6.200708915145005,2.348497025416239,0.0,100.0,6.922056280787525,5.303192261696732,3.0771905424200385,32.91454681448241,-27.107923549383894,0.48529252216321134,0.3778397427159388,-0.11288322520050043,0.45127996823427174,2.2858091070332587,1.342797646479037,15.745852142612154,1.1303645716434663,0.4958153482817816,0.34752059293587245,False,False,False,False,False,False,False,False,False,False,False,False,False,False,False,False,False,False,False,False,False,False,False,False,False,False,False,False,False,False,False,False,False,False,False,False,False,False,False,False,False,False,False,False,False,False,True,False,False,False,False,False,False,False,11,True,2,High Performers,40.783517194087025
10650.0,EVONIK INDUSTRIES AG,2056.0,1713.0,15.0,834.0,4059.0,2800.0,157.0,DEU,DE000EVNK013,15101050.0,545.22,461.0,2944.0,1870.0,1870.0,10212.0,2024-12-31,1036.0,151010.0,222.0,325.0,,15157.0,19750.0,222.0,1510.0,6461.0,2662.0,9020.0,840.0,30.669,2024.0,5508.0,2624.0,9020.0,15157.0,618.0,-1330.0,295421,837.0,4.222784810126582,2.46119733924612,5.502408128257571,12.33753381275978,1.4646697895361878,12.33753381275978,32.62518968133536,6.970912738214643,1.3569844789356984,0.7011579206701158,0.15225424981522542,0.19093372751909338,7.336708860759495,0.3263858093126386,0.41917960088691797,45.67088607594937,53.92405063291139,3.7567567567567566,1.6914438502673796,19.144303797468353,0.7674430379746835,494.21239688284584,7.372081712062257,49.511116975654815,42.62716896483473,10.46031746031746,3.836213373403456,13.539240506329115,5.541993798245035,0.8108108108108109,873.0,5.7597149831760905,49.036777583187394,205.3956834532374,2.1895787139689578,3.0414989773701917,245.59459459459464,-145.59459459459464,-0.7205082858452894,-0.9528585757271779,-4.9288570631451645,8.98876404494382,5.9268600252206705,-0.5681103448253229,0.01769660600533515,-0.2812362605535861,0.18636498081170066,2.4082166509832375,0.1270454139143703,8.673417721518987,1.4060616756414321,0.6121628501700321,-0.054724814041009096,False,False,False,False,False,False,False,False,False,False,False,False,False,False,False,False,False,False,False,False,False,False,False,False,False,False,False,False,False,False,False,False,False,False,False,False,False,False,True,True,False,False,False,False,False,False,False,False,False,False,False,False,False,False,11,True,0,Mid,63.97772769975316
12598.3,KION GROUP AG,2884.9,1170.6,20.0,771.0,5510.2,3537.0,0.0,DEU,DE000KGX8881,20106010.0,107.5,375.8,5433.9,1881.7,1881.7,7299.0,2024-12-31,1110.7,201060.0,360.3,333924.0,,11503.2,18805.4,296.7,2010.0,4204.4,1748.6,6189.4,462.9,42.719,2024.0,5569.0,2062.9,6189.4,11503.2,787.0,-224.7,297185,3185.2,4.0998862028991665,5.821242769896921,6.702482787398288,16.35805688851798,3.1321719173795115,16.35805688851798,36.548090965992074,6.633228084967264,1.0106711190156437,0.6933323654313819,0.14282603172298647,0.14282603172298647,0.3126761462133227,0.8779364720328303,1.3925582447410088,32.91288672402607,66.99299137481786,2.5985844287158746,4.162246904394961,45.833111765769395,0.6116966403267147,269.2759661977106,3.987382578252279,91.53874574031573,36.54982961262952,195.6326530612239,4.174196500057189,19.52577451157646,4.0240976423951595,0.4167642027550193,707.6999999999999,6.152201126643019,39.54382368016402,151.82879377431905,3.0383235854848616,3.2669170317824605,29.83624757146822,70.16375242853178,0.6078522263134323,8.149110901520551,0.9308919078558686,0.9269823160296564,4.539295392953924,-0.21706214395776283,-0.016866020357349208,-0.22351805946635564,-0.3274421490359033,1.8432564957069506,0.24983558455479307,6.224807767981536,3.32442837821426,0.15254195766071404,0.4892741503059048,False,False,False,False,False,False,False,False,False,False,False,False,False,False,False,False,False,False,False,False,False,False,False,False,False,False,False,True,False,False,False,False,False,False,False,False,False,False,False,False,False,False,False,False,False,False,False,False,False,False,False,False,False,False,11,True,0,Mid,61.45109585140601
715.258,NORMA GROUP SE,161.888,136.985,20.0,56.021,259.501,3580.0,0.0,DEU,DE000A1H8BV3,20106020.0,12.7,50.8,401.327,149.363,149.363,498.732,2024-12-31,93.342,201060.0,14.696,3333.0,,1161.69,1436.628,25.687,2010.0,319.013,219.941,720.994,54.919,6.041,2024.0,535.902,346.665,720.994,1161.69,127.13,-114.121,297222,69.603,3.8994785010455044,2.0382971286862306,4.822370856252529,12.857388804242095,1.2650534996427618,12.857388804242095,57.06840895591767,4.991530943464482,2.0651249898844326,1.2175714159097655,0.48990177301821575,0.48990177301821575,19.23956654053799,0.5566301522620161,0.6531677101335102,50.186547944213814,49.78727965764276,2.180908630824931,2.3017748706172214,32.78023260022776,0.8086226914691904,192.300943552392,7.1758870330104765,50.86479181192917,27.461112689271662,4.202915329539328,2.2675717578805226,20.117803634622188,4.727509060076267,0.5883632234149686,82.06600000000002,7.064363126135201,40.09125086688323,244.52437478802597,1.9925658188556352,4.372939424459193,86.41807294501905,13.581927054980952,-5.229435336500798,-3.793667354638597,0.7841174507841275,40.99475990035222,-9.53432058905893,-1.180630036173918,-0.05391390023971358,-0.047865723365811505,-0.5602892538547872,4.532879852160701,0.18549399524169477,9.535175424675005,1.856927146182786,0.7462286605808969,-0.35906789008979645,False,False,False,False,False,False,False,False,False,False,False,False,False,False,False,False,False,False,False,False,False,False,False,False,False,False,False,False,False,False,False,False,False,False,False,False,False,False,False,False,False,False,False,False,False,False,False,False,False,False,False,False,False,False,11,True,3,Upper-Mid,56.28600528354929
9351.0,TELEFONICA DEUTSCHLAND,1614.0,2513.0,50.0,505.0,4924.0,4812.0,0.0,DEU,DE000A1J5RX9,50101020.0,,,2875.0,2719.0,2719.0,3289.0,2024-12-31,2214.0,501010.0,336.0,517.0,,8492.0,14705.0,180.0,5010.0,6488.0,147.0,5354.0,1155.0,7.428,2024.0,2687.0,250.0,5354.0,8492.0,402.0,-1578.0,313972,1377.0,3.4342060523631415,6.275681733283527,5.9467734338200655,32.018370230805466,3.9566650965614696,32.018370230805466,61.269430051813465,6.13683315105116,0.5456945572705117,0.5158407798537774,0.08164094232331438,0.08164094232331438,-15.212512750765045,0.5369816959282779,0.7941725812476653,36.40938456307378,63.590615436926214,2.8055555555555554,1.415961750643619,28.915334920095205,0.5774906494389663,1143.2417878298331,5.261462205700124,69.37235044747997,76.40131888836552,,22.374149659863946,13.70962257735464,13.601036269430052,0.521680216802168,1358.0,15.99152143193594,45.96100278551532,497.6237623762376,2.746544639521853,,0.0,100.0,-1.416299048061298,-4.803521719427717,2.3845623707787755,8.640000000000004,-1.7857142857142905,0.927919209194586,0.0826689326352544,0.145049803776207,0.4885491923084618,3.2949582674926226,0.3085636146362646,17.089425365521933,2.5271750049076416,0.8723950224718997,0.0025306783683457317,False,False,False,False,False,False,False,False,False,False,False,False,False,False,False,False,False,False,False,False,False,False,False,False,False,False,False,False,False,False,False,False,False,False,False,True,False,False,False,False,False,False,False,False,False,False,False,False,False,False,False,False,False,False,11,True,0,Mid,28.315435032671658
1370.422,OSRAM LICHT AG,367.934,,20.0,-1.138,458.122,3640.0,0.0,DEU,DE000LED4000,20104010.0,,,525.0,-1.138,-1.138,8.449,2024-12-31,,201040.0,0.0,3351.0,,8.887,3481.883,24.067,2010.0,0.037,0.0,2111.461,,0.024,2024.0,367.934,2.919,2111.461,8.887,0.0,,315541,0.0,-0.03268346466552724,0.0,-12.805221109485764,-12.805221109485764,0.0,-12.805221109485764,4.928547316304721,-0.04316392315304493,0.803135409345109,0.803135409345109,0.0,0.0,-2.590207654880994,0.24864300122048197,0.24864300122048197,60.641354117872424,39.358645882127576,-0.0472846636473179,,15.078048285941831,0.002552354573660287,370.2916666666667,0.024153788451189616,15111.501068977157,0.41633847192528406,,,10.567098320075662,,,,,,,1.6490396933687148,,,,,10.338899476680673,0.0,,,,0.030081994470008692,-0.016148377390151084,-0.8746350479882355,,0.14640872048535256,,4.214743466936388,,-0.14746789339996336,False,False,False,False,False,False,False,False,False,False,False,False,False,False,False,False,False,False,False,False,False,False,False,False,False,True,False,False,False,False,False,False,False,False,False,False,False,False,False,False,False,False,False,False,False,False,False,False,False,False,False,False,False,False,11,True,0,Mid,0.15002995180380424
1233.16,STABILUS SE,209.011,196.976,20.0,126.513,290.691,3714.0,0.0,DEU,DE000STAB1L8,20106020.0,28.405,34.378,790.796,204.891,204.891,883.474,2024-09-30,78.378,201060.0,70.178,3363.0,,1305.926,1910.888,32.651,2010.0,300.311,223.59,649.869,53.548,7.984,2024.0,571.867,189.683,649.869,1305.926,109.426,440.69,315582,30.171,6.6206392002043035,10.798791756492461,9.68760863938692,15.689326960333128,5.3738113798178455,15.689326960333128,32.34884671872678,8.781569622361896,1.9672676484652087,1.1981003883849173,0.376434082926544,0.376434082926544,14.714415496878939,1.2168544737477862,1.2632807535057067,34.00874357890154,64.5333478466556,3.874705215766745,3.472778208901319,42.9625912141371,0.6834131566057247,163.56788577154308,6.248120912296482,58.41756347603157,22.996019682585384,4.644514467806641,3.951312670512993,16.664346628373824,4.100385473602639,0.6832019189058154,143.428,10.982858140507195,27.18503777109902,155.69625255902554,2.9404203000912488,2.632461563672061,40.47564763886118,59.52435236113882,7.4611562685660715,43.21223408441097,6.995443580809435,9.91746304229537,12.45799731182795,0.2725675188843278,-0.24692377243173472,-0.18834501152958566,-0.0028283717082525136,2.3912224167607414,1.1208187859020873,10.308087130171941,2.3470718783997153,0.14292261055205147,0.38633353248229296,False,False,False,False,False,False,False,False,False,False,False,False,False,False,False,False,False,False,False,False,False,False,False,False,False,False,False,False,False,False,False,False,False,False,False,False,False,False,False,False,False,False,False,False,False,False,False,False,False,False,False,False,False,False,11,True,0,Mid,55.28505909968765
640.157,SCOUT24 SE,52.84,257.017,50.0,254.787,261.963,7370.0,1.649,DEU,DE000A12DM80,50203010.0,95.6,43.059,41.794,301.86,301.86,142.932,2024-12-31,47.073,502030.0,162.104,519130.0,1.759,588.798,2072.493,5.073,5020.0,54.2,0.0,1432.336,0.884,1.066,2024.0,119.003,65.891,1432.336,588.798,57.125,-171.725,317079,162.761,12.293744779837617,11.31745623931815,43.27239562634384,51.267157836813304,27.53134351679184,51.267157836813304,75.7247816738508,17.28388948057498,0.45427407687345156,0.45427407687345156,0.21806514660467316,0.22435992869221988,-6.897972634889481,0.029178907742317444,0.14281216139229902,69.11174127005496,30.88825872994505,50.224127735068,0.4884052209633605,9.8699971483619,0.28410132145199046,552.343339587242,11.143035579106737,32.75588571972052,9.20519431112198,,,5.305928656936357,0.15013637953933268,0.018779342723004695,256.133,43.500996946321145,0.34394612029554467,100.8752408874864,1.4469321444130427,7.313034351339508,58.97448551547154,41.02551448452846,10.702118538907568,2.628435773942339,1.0426540284360408,27.904700553799433,20.108695652173925,2.7933164819655585,-0.07479711518675228,-0.08761913702092726,0.9961506824352137,11.444048391748495,0.30555334563971004,12.401344660753981,2.909322990334067,0.6553504498423376,0.5786809364117763,False,False,False,False,True,False,True,False,False,False,False,False,False,False,False,False,False,False,False,True,False,False,False,False,False,False,False,False,False,False,False,False,False,True,False,False,False,False,False,False,False,False,False,False,False,False,False,False,False,False,False,False,False,False,11,True,2,High Performers,18.263510755844145
5318.6,ZALANDO SE,1074.3,654.1,25.0,391.9,3990.2,5960.0,89.1,DEU,DE000ZAL1111,25504010.0,,68.0,1182.6,673.8,673.8,5988.6,2024-12-31,281.9,255040.0,251.1,454110.0,67.9,10572.5,7983.9,93.4,2550.0,1596.6,1549.7,2665.3,120.6,15.309,2024.0,5451.6,3910.9,2665.3,10572.5,2676.9,-325.6,318434,542.9,4.908628615087864,9.421078302630097,3.7067864743438164,6.373137857649562,2.375029557815086,6.373137857649562,43.35682194372192,10.184776111645313,1.3662473058994538,0.9778707834193776,0.6708686281389404,0.6931983359230114,18.30433747917685,0.44370239747870777,0.6473942895734063,33.38343416124952,66.6165658387505,4.195931477516059,-1.4119916889284656,21.612244642342716,1.3242275078595673,690.6068325821412,9.84129200409569,37.08862615275479,15.101442421376209,7.234501163268097,3.8643608440343296,46.984556419794835,1.14069519981083,0.427811280595956,533.5,5.046110191534642,18.43754777556948,166.90482265884157,2.9954976925674406,0.6431780562780799,0.0,100.0,4.233419763188762,2.4930356753148475,-3.064648895080102,-29.71014492753623,-36.69291338582678,-0.09231774401717892,0.09766222991295101,-0.04996548954247792,0.13439952618348297,1.3553190125092662,0.37137524481038625,8.192737884993551,2.080364110223859,0.05103639497690944,-0.19793484379224358,False,False,False,False,False,False,False,False,False,False,False,False,False,False,False,False,False,False,False,False,False,False,False,False,False,False,False,False,False,False,False,False,False,False,False,False,False,False,False,False,False,False,False,False,False,False,False,False,False,False,False,False,False,False,11,True,0,Mid,54.137520012593974
767.0,ROCKET INTERNET SE,,,25.0,1059.3,,6799.0,33.2,DEU,DE000A12UKK6,25503030.0,49.706,,138.6,1065.2,1065.2,,2021-12-31,5.9,255030.0,1059.9,523999.0,,1136.5,5689.9,3.0,2550.0,42.6,18.9,4898.4,,0.387,2021.0,,,4898.4,,,,318452,541.3,18.617198896289917,21.637677609015192,93.2072151341839,93.72635283765949,93.26000879894414,93.72635283765949,,21.03037522334723,,,,,,0.028294953454189125,0.1388004246284501,86.08938645670399,13.480026011001952,353.09999999999997,,11.949243396193255,0.19973988998049177,2936.692506459948,,,3.748350197976243,,,,,,,,,,1.161583374162992,,4.689687706387395,95.31031229361261,118.81016557566424,41.132552832622274,,,,-122.01437830990707,-0.004122102361466202,,,777.5365159611879,0.04762645078721284,,,0.14775142725213203,,False,False,False,False,True,True,True,True,False,False,False,False,False,False,False,False,False,False,False,True,False,False,False,True,False,False,False,False,False,False,False,False,False,False,False,False,False,False,False,False,True,False,False,False,False,True,False,False,False,True,False,False,False,False,8,True,-1,,0.0
4235.918,HELLA GMBH & CO. KGAA,1241.512,854.141,25.0,287.77,2621.545,3714.0,106.088,DEU,DE000A13SX22,25101010.0,106.0,905.935,1040.789,775.765,775.765,5780.268,2024-12-31,487.995,251010.0,353.104,3363.0,,8024.792,7483.219,63.226,2510.0,2323.492,1118.106,3200.43,455.751,38.485,2024.0,3890.616,641.572,3200.43,8024.792,1401.52,-234.472,318659,162.522,3.84553759551872,11.03301743828173,3.5860119489701416,9.667104144256946,4.400163892098387,9.667104144256946,27.969871368628624,6.78507759207907,1.4840927773507606,1.0575862706915198,0.534616037489343,0.5750837769330681,16.958891621373102,0.3252028633652353,0.37598416462787815,42.76809218065113,56.60555971968747,4.551450352703002,-0.2555013438347954,16.080125411270203,1.0723716625158237,208.5173963882032,6.463724877407548,56.46898760740465,28.953921796353104,6.323359370752307,5.169695896453467,35.319452764913066,5.6792873883834,0.9339255525159069,398.39,4.964490045349462,53.357817971505874,296.8137748896688,2.3381917429845367,11.289202262189473,30.019484344555714,69.9805156554443,0.8882291626462369,5.969927116121965,1.8849442723638532,10.262350163709378,-1.8588105077059214,-0.5474795014026841,-0.03524262037644669,-0.20897004907270572,0.26485004657699396,3.509538064600949,0.1973324026154787,11.414085302060517,2.3771550164837705,0.31635824974518734,0.42463871299940875,False,False,False,False,False,False,False,False,False,False,False,False,False,False,False,False,False,False,False,False,False,False,False,False,False,False,False,False,False,False,False,False,False,False,False,False,False,False,False,False,False,False,False,False,False,False,False,False,False,False,False,False,False,False,12,True,0,Mid,63.38400740860379
2252.627,ALLANE SE,,,20.0,-2.485,,6159.0,,DEU,DE000A0DPRE6,20304040.0,,,1655.982,10.221,10.221,,2024-12-31,12.706,203040.0,-39.208,532112.0,,749.098,2441.071,47.387,2030.0,38.958,36.547,194.517,,0.703,2024.0,,,194.517,,,,319665,304.6,-0.10179957895530281,-20.156592997013114,-0.3317322967088418,1.3644409676704516,-5.234028124491054,1.3644409676704516,,-0.13428810283064188,,,,,,8.513302179243974,10.079232149375118,7.968510543118164,92.28027369953598,-0.05244054276489332,,80.31646764883119,0.3068726800654303,1065.5732574679944,,,5.200654653997208,,,,,,,,,,12.549396710827331,,,,20.63158233759541,45.882858455909826,-3.698630136986303,,,-0.8366671539152435,-0.589690735495042,,,3.041086649386782,5.672077992094691,,,0.8326079153159311,,False,False,False,False,False,False,False,False,False,False,False,False,False,False,False,True,True,False,False,False,False,False,False,False,False,False,False,False,False,False,False,False,False,False,False,False,True,False,False,False,False,True,False,False,False,False,True,False,False,False,True,False,False,False,11,True,1,Low Performers,16.589925690402424
2869.2,SILTRONIC AG,188.4,344.5,45.0,121.7,570.3,3674.0,366.6,DEU,DE000WAF3001,45301010.0,6.0,83.1,1440.8,360.2,360.2,898.9,2024-12-31,238.5,453010.0,63.0,334413.0,292.3,1412.8,5084.4,40.9,4530.0,3820.8,308.3,2009.9,699.9,3.825,2024.0,1198.2,73.1,2009.9,1412.8,663.7,525.6,319865,82.5,2.3935960978679884,3.134484302701627,8.61409966024915,25.495469988674973,4.459229898074745,25.495469988674973,36.37457531143828,3.5268206450865045,2.1009994739610733,1.560406803436788,1.1637734525688237,1.806593021216904,12.349539768704275,0.716851584655953,0.7578984029056172,39.53072142239006,56.43143733773896,2.975550122249389,2.3864519711271512,29.96027063173629,0.2778695617968689,369.359477124183,7.498938428874734,48.67355605889015,270.4416761041903,2.2500398152572063,2.91566655854687,16.75910628589411,49.53992072480181,2.9345911949685535,-355.4,-25.15571913929785,203.16400580551522,283.07313064913717,2.529678093437484,5.881936579841449,9.523809523809524,90.47619047619048,-6.6719513806315245,12.863770560944744,-2.0987970309700454,-50.00703333802223,-41.61661661661662,1.3043987376036914,0.02857687177787374,6.12410903989961,-4.0532578301195255,10.982404135082342,0.28275825618027317,6.775627409330502,8.47179587857436,0.15517386689275128,0.1554490730765204,False,False,False,False,False,False,False,False,False,False,False,False,False,False,False,False,False,False,False,False,False,False,False,False,False,False,True,False,False,False,True,False,False,False,False,False,False,False,False,False,False,False,False,False,False,False,False,True,True,False,False,False,False,False,11,True,0,Mid,15.183191400290521
17401.0,SCHAEFFLER AG,4609.0,1390.0,25.0,770.0,7673.0,3714.0,0.0,DEU,DE000SHA0100,25101010.0,181.0,987.0,5512.0,1846.0,1846.0,13280.0,2024-12-31,1076.0,251010.0,-632.0,3363.0,1242.0,18188.0,21370.0,275.0,2510.0,7224.0,3570.0,3814.0,895.0,115.055,2024.0,9801.0,2075.0,3814.0,18188.0,1281.0,1188.0,320124,1099.0,3.603182030884417,-16.570529627687467,4.2335605893996044,10.149549153287882,-3.4748185616890255,10.149549153287882,26.98482515944579,8.256487239974266,1.2773361136452497,0.8120682914114428,0.1669490420956601,0.1669490420956601,9.9578848853533,1.4452018877818562,1.733350812794966,17.847449695835284,81.42723444080487,2.8,2.887323943661972,30.935891436593355,0.8510996724379972,158.08091782191124,3.946192232588414,92.49422696283264,39.718495711458104,8.546992481203008,3.719887955182073,27.562002807674308,4.920826918847592,0.8317843866171004,495.0,2.7215746646140313,64.38848920863309,180.5194805194805,5.6030414263240695,5.426654937321311,,,11.49390057009747,42.40970278555245,38.01852162855979,1.642710472279263,3.948896631823451,-0.8422117865832994,-1.5961540276393669,-0.37024646473381495,0.04125017188131884,2.91794344941175,9.870028829367342,6.504445484323819,3.192472882427832,0.9163925996279358,0.06587635249346642,False,False,False,False,False,False,False,False,False,False,False,False,False,False,False,False,False,False,False,False,False,False,False,False,False,False,False,False,False,False,False,False,False,False,False,False,False,False,False,False,False,False,True,False,False,False,True,False,False,False,True,False,False,False,11,True,0,Mid,61.02177345366238
6952.0,COVESTRO AG,2290.0,870.0,15.0,68.0,3576.0,2821.0,0.0,DEU,DE0006062144,15101050.0,,392.0,2437.0,910.0,910.0,11045.0,2024-12-31,842.0,151010.0,-266.0,325211.0,75.0,14179.0,13631.0,160.0,1510.0,5898.0,2851.0,6658.0,781.0,17.503,2024.0,5766.0,1870.0,6658.0,14179.0,509.0,-565.0,320448,702.0,0.4988628860685203,-3.9951937518774407,0.4795824811340715,6.417942026941251,-1.8760138232597503,6.417942026941251,22.103110233443825,0.7476635514018692,1.6124161073825503,0.8151565995525727,0.142337807606264,0.142337807606264,16.06631941897146,0.36602583358365876,0.471462901772304,48.84454552123835,51.00139388159343,0.425,2.89010989010989,23.02839116719243,1.0402024796419924,810.0896989087585,6.191703056768559,58.9498554199873,41.596727554834615,6.474429223744292,3.8740792704314275,20.534076736849826,5.508145849495733,0.9275534441805225,89.0,0.6276888356019465,89.77011494252874,1279.4117647058824,2.0473115049564434,2.7646519500670004,,,-1.377199693955622,-0.04399794676248625,8.17007601507942,-61.63793103448276,2.091503267973849,-0.7668193612743537,-0.10558126345922565,0.12096335271390217,-0.7485806712997983,6.191469390614984,0.6845625915860161,6.382510454111951,5.464956741910282,0.16872963392890875,0.38143987000974205,False,False,False,False,False,False,False,False,False,False,False,False,False,False,False,False,False,False,False,False,False,False,False,False,False,False,False,False,False,False,False,False,False,False,False,True,False,False,False,False,False,False,False,False,False,False,False,False,False,False,False,False,False,False,11,True,4,Lower-Mid,71.76150057288812
27945.0,UNIPER SE,5320.0,1665.0,55.0,2274.0,17221.0,4911.0,1347.0,DEU,DE000UNSE026,55105010.0,,8.0,1064.0,2885.0,2885.0,64380.0,2024-12-31,611.0,551050.0,297.0,2211.0,,69751.0,38489.0,577.0,5510.0,6105.0,2604.0,10382.0,681.0,6.844,2024.0,24744.0,1055.0,10382.0,69751.0,6732.0,1.0,321632,834.0,5.908181558367326,2.8607204777499518,3.260168312999097,4.13614141732735,0.4258003469484309,4.13614141732735,7.70024802511792,19.867202516162852,1.4368503571221183,1.285639626037977,0.39091806515301086,0.46913651936589046,19.545844267193225,0.10248507031400501,0.182816413022539,26.973940606407027,72.60515991582011,3.9410745233968805,-1.6755632582322357,4.9312790667463435,1.8122320663046585,10191.55464640561,13.11109022556391,27.839027397456668,8.7525626872733,9.271700119633126,24.723502304147466,31.31284263036192,0.9763300884575131,1.1145662847790507,984.0,1.4107324626170235,40.9009009009009,73.21899736147758,3.7072818339433633,0.011469369614772547,0.0,100.0,-35.418730614323415,-29.970342606575574,8.53155724706629,-83.56164383561644,20.95914742451155,-1.1938703768392598,0.05232561339275675,-0.07521828485700675,0.04624693890069247,17.61291902254827,0.8028855085454072,4.325911299332277,5.669726314129563,0.05054106172840381,0.292820293884823,False,False,False,False,False,False,False,False,False,False,False,False,False,False,False,False,False,False,False,False,False,False,False,True,False,False,False,False,False,False,False,False,False,False,False,False,False,False,False,False,False,False,False,False,False,False,False,False,False,True,False,False,False,False,11,True,0,Mid,31.079189429652725
39640.0,INNOGY SE,5527.0,1574.0,55.0,-2991.0,17339.0,4931.0,717.0,DEU,DE000A2AADD2,55103010.0,,352.0,15277.0,-1730.0,-1730.0,27270.0,2019-12-31,1261.0,551030.0,-88.0,22111.0,,33535.0,48464.0,511.0,5510.0,12885.0,492.0,7426.0,1856.0,34.523,2019.0,20119.0,3253.0,7426.0,33535.0,1285.0,-2791.0,322597,2623.0,-6.171591284252228,-1.185025585779693,-8.919039809154615,-5.1587893245862535,-0.2624124049500522,-5.1587893245862535,18.68197405695542,-13.174470334317052,1.1603321990887594,1.1319568602572236,0.07411038698886903,0.11546225272507064,5.736216573126445,2.057231349313224,2.4104497710746027,15.322713766919776,81.79267084846484,-5.853228962818004,,36.93463189171344,0.6919569164740839,971.3813979086406,6.067486882576443,60.156701953183244,38.42254361115253,12.06294964028777,55.426829268292686,14.05579399141631,5.534516177128373,1.471847739888977,-282.0,-0.8409124794990308,117.91613722998729,,6.526259089684891,1.0496496198002088,,,-4.357870119499186,-2.8271243533704915,-19.534309155323516,129.2682926829268,-30.952380952380953,-2.6073795855329838,0.3078057027016783,0.33343687287587087,-0.5562945140016146,5.898614840057967,0.6047896808554947,3.2477715417629582,0.9119385548062038,0.6838746222982153,0.5242867155408714,True,False,False,False,False,False,False,False,False,False,False,False,False,False,False,False,False,False,False,False,False,False,False,False,False,False,False,False,False,False,False,False,False,False,False,False,False,False,False,False,False,False,False,False,False,False,False,False,False,False,False,False,False,False,6,True,0,Mid,24.75541249089782
9707.9,DELIVERY HERO SE,659.6,638.3,25.0,-264.5,3732.7,5961.0,0.0,DEU,DE000A2E4K43,25301040.0,,415.2,5399.6,131.3,131.3,8569.7,2024-12-31,395.8,253010.0,-882.4,454110.0,,12294.7,12420.4,316.9,2530.0,710.6,174.6,2592.3,139.1,42.711,2024.0,5196.3,3751.2,2592.3,12294.7,3808.7,1579.6,324859,267.8,-2.129561044732859,-34.03927014620221,-2.151333501427444,1.0679398439978203,-7.177076301170422,1.0679398439978203,30.297607912352476,-3.3096009709831202,1.39210223162858,1.3453264393066682,1.020360596886972,1.020360596886972,11.783839489871504,2.0829379315665624,2.1862438760945877,20.871308492480114,78.16092879456377,-0.8346481539917956,14.156130997715161,45.62977037776562,0.9898795529934624,287.85792887078276,18.63963007883566,19.58193367873962,5.779726223494676,8.400314293522818,49.08190148911799,35.975491932626966,1.1313818149283836,0.3514401212733704,499.19999999999993,4.060286139556068,21.79226069246436,,4.79126644292713,3.377064914149999,,,23.665496534867604,18.427124849825518,-4.261185331300998,-398.56459330143537,-5.822613405551791,8.972026520287347,0.3008027572527716,-0.0801579304416634,6.9184227417801,32.619992422082234,1.266528482981589,5.139125954075554,5.329311162187991,0.832158532973581,0.6939970776631674,False,False,False,True,False,False,False,False,False,False,False,False,False,False,False,False,False,False,False,False,True,False,False,False,True,False,False,False,False,False,False,False,False,False,False,False,False,False,False,False,False,False,False,True,False,True,False,False,True,True,False,False,False,False,11,True,0,Mid,42.2640810696325
10067.0,METRO AG,966.0,1079.0,30.0,152.0,6498.0,5140.0,22.0,DEU,DE000BFB0019,30101020.0,,43.0,2866.0,907.0,907.0,25222.0,2024-09-30,755.0,301010.0,-120.0,4244.0,,31029.0,11736.0,205.0,3010.0,5404.0,2258.0,1668.0,378.0,80.951,2024.0,4544.0,5347.0,1668.0,31029.0,816.0,-625.0,324977,1153.0,1.2951601908657124,-7.194244604316546,0.48986432047439493,2.9230719649360277,-0.38673498984820653,2.9230719649360277,18.714750717071126,3.3524481693868546,0.6992920898738073,0.3518005540166205,0.12557710064635272,0.12896275777162203,-16.64962508520791,1.7182254196642686,2.40947242206235,14.212678936605316,85.77880027266531,0.7414634146341463,3.5314222712238146,34.24505794137696,2.6439161554192228,383.3059505132735,32.12111801242236,11.36324083921493,17.415965709497566,,11.170062001771479,15.184049079754603,1.2182152180218504,0.5006622516556292,701.0,2.2591768990299395,35.032437442075995,709.8684210526316,7.0359712230215825,0.13858003802894067,,,1.56459690353834,0.7554945054945028,-1.0790136129237404,111.14457831325302,-2.8277634961439535,-0.14996869248568365,-0.32753590910055747,-0.07472043322469782,0.11418151320475307,0.6057903226135065,2.3519599327908947,9.193933197000682,1.2170855916199268,0.6741386588581022,-0.28151864859605574,False,False,False,False,False,False,False,False,False,False,False,False,False,False,False,False,False,False,False,False,False,False,False,False,True,False,False,False,False,False,False,False,False,False,False,True,False,False,False,False,False,False,False,False,False,False,True,False,False,False,True,False,False,False,11,True,0,Mid,12.39393726761945
1744.3,HELLOFRESH SE,50.7,239.3,30.0,2.6,976.1,5960.0,9.9,DEU,DE000A161408,30101030.0,,167.7,672.8,266.2,266.2,2601.1,2024-12-31,263.6,301010.0,-136.4,454.0,,7661.3,2632.7,38.6,3010.0,1201.3,237.2,891.7,112.2,21.783,2024.0,887.4,4734.8,891.7,7661.3,496.6,-26.9,325735,241.5,0.09875792912219394,-15.296624425255132,0.03393679923772728,3.4746061373396158,-1.7803766984715388,3.4746061373396158,66.04884288567216,0.16618728028124002,0.9091281630980432,0.6661202745620326,0.5087593484274152,0.5189017518696855,-3.369164735822541,0.7545138499495345,1.0253448469216102,33.87017130702321,66.2551752953242,0.06735751295336788,1.569120961682945,34.72860561400844,2.9100543168610176,351.7100491208741,151.11045364891518,2.4154516857452393,15.680106509339145,,10.965851602023609,20.78854408022183,1.4645034132588464,0.4256449165402124,127.10000000000001,1.6589873781212066,46.88675302966987,9203.846153846152,2.95245037568689,2.1889235508334095,,,0.8516968117315615,1.9912447216518636,14.575005259835905,-4.722638680659664,-55.191693290734825,3.4122079361327287,0.04125791311740634,0.10159847107856994,2.427733443519362,14.281215114286393,0.6547261115670869,9.08952786113116,27.8212903455183,0.6279619665767598,0.26846720111114136,False,False,False,False,False,False,False,False,False,False,False,False,False,False,False,False,False,False,False,False,False,False,True,False,True,False,False,False,False,False,False,False,False,False,False,True,False,False,False,False,False,False,False,False,False,True,False,False,False,True,False,True,False,False,11,True,0,Mid,0.1797919494207235
2036.103,1&1 AG,1382.958,311.418,50.0,590.688,730.556,4813.0,4.161,DEU,DE0005545503,50102010.0,8.8,,392.741,872.141,872.141,2561.735,2024-12-31,281.453,501020.0,212.764,517.0,,4064.254,8130.073,20.477,5010.0,801.586,119.568,6093.97,290.956,3.281,2024.0,1844.042,545.326,6093.97,4064.254,8.3,-129.677,326410,20.218,7.265469818044684,3.491385746894061,14.53373731070942,21.458821225248226,5.235007457703185,21.458821225248226,36.96912151651939,9.106124814254866,2.5241624187605054,2.360495293995258,0.011361209818275396,0.01705687175247346,13.695891783505509,0.06444747840898461,0.06776518427232166,74.95590752998159,25.044092470018413,28.84641304878644,0.4639834613898441,5.079400886068305,0.4999037524017312,1238.7241694605302,2.938812313895288,124.19983347497475,19.722832283612195,3.6500270322213306,21.4249213836478,17.112490871853183,7.158902962265647,1.0337640742859378,20.46199999999999,0.503462628073934,93.42940998914642,52.72123354461239,1.3341176605726643,,4.1360380515500745,95.86396194844993,-0.7920275363029972,5.035550274110623,-1.1746987951807175,-129.17100292251763,-1.6133122778778985,0.17617649291895807,0.1694473200119703,0.9389856741287159,-1.3252129635961196,2.677655973876076,0.8203732220725649,3.830445310884662,2.8639220354942614,0.032467408723126624,-0.014924651183731628,False,False,False,False,False,False,False,False,False,False,False,False,False,False,False,False,False,False,False,False,False,False,False,False,False,False,False,False,False,False,False,False,False,False,False,False,False,False,False,False,False,False,False,False,False,False,False,False,False,False,False,False,False,False,9,True,3,Upper-Mid,40.64906767835049
1471.724,DERMAPHARM HOLDING,113.432,201.378,35.0,222.074,326.915,2834.0,0.587,DEU,DE000A2GS5D8,35202010.0,48.456,23.098,889.677,294.305,294.305,455.543,2024-12-31,72.231,352020.0,113.787,325412.0,,1194.707,2080.019,58.408,3520.0,315.028,343.381,604.422,38.237,3.61,2024.0,593.498,287.427,604.422,1194.707,121.896,-209.169,326577,89.935,10.676537089324666,18.82575419160785,18.58815592442331,24.634073459015475,9.524259923144335,24.634073459015475,61.8698978075796,14.863405972428867,1.8154504993652785,0.7650826667482374,0.37286756496336965,0.37466313873636875,12.816373311974557,1.4719467524345573,1.6207417996035882,29.058484561919872,70.75531521587062,3.802116148472812,2.914377941251423,47.0963005626391,0.5743731187070888,330.9437673130194,10.532363001622118,34.65509116461191,26.368641014072907,4.481557338614991,1.326640087832466,11.313742807157052,3.200533687339239,0.5293710456729106,163.141,13.65531465037034,18.987674919802565,90.68058394949429,3.4413356893031684,1.93336106677202,42.58482954994859,57.41517045005141,3.8589362758265855,-3.7328184320348345,3.2313411495567657,-8.286438686537634,-7.953588021472746,0.6342065967192626,-0.4287600068167555,0.35205452462828,0.4545569899003441,4.946341128536405,1.8607090101973809,9.68154617818395,5.595114278957773,0.18083648887113943,0.3398187220747304,False,False,False,False,False,False,False,False,False,False,False,False,False,False,False,False,False,False,False,False,False,False,False,False,False,False,False,False,False,False,False,False,False,False,False,False,False,False,False,False,False,False,False,False,False,False,True,False,False,False,False,False,False,False,11,True,0,Mid,28.553828531130236
27807.0,SIEMENS HEALTHINEE,7205.0,2826.0,35.0,2809.0,11573.0,3845.0,0.0,DEU,DE000SHL1006,35101010.0,1063.0,2006.0,13455.0,3944.0,3944.0,12760.0,2024-09-30,1135.0,351010.0,1942.0,334510.0,,22363.0,46055.0,476.0,3510.0,3868.0,4179.0,18199.0,696.0,72.0,2024.0,14443.0,3681.0,18199.0,22363.0,2683.0,-1657.0,326765,2754.0,6.099229182499186,10.670915984394746,12.560926530429729,17.636274202924472,8.683986942717882,17.636274202924472,42.94146581406788,8.87407594616794,1.247991013566059,0.8868919035686512,0.23183271407586625,0.23183271407586625,6.231679513625013,0.7393263366119017,0.8906533326006923,39.51579633047444,60.377809141244164,5.901260504201681,3.4295131845841786,35.19487569210726,0.48557159917489956,310.59722222222223,3.1038167938931296,117.59714707329071,17.296427134105443,7.79198606271777,3.053362048336923,21.46998154380632,3.1122836828690246,0.613215859030837,2130.0,9.52466127084917,24.628450106157114,100.60519757920969,2.5306335512940272,8.970173948039172,54.73738414006179,45.26261585993821,3.1503690036900345,-1.347356696084312,1.4084507042253502,66.27634660421546,-16.945107398568016,-0.4776451175456497,-0.2652137876545959,0.06290598133090063,-0.3302687012248217,1.9286414682458912,1.2275754620331256,6.136141569862121,1.8083818439305444,0.5622366133614215,0.25521289966323085,True,False,False,False,False,False,False,False,False,False,False,False,False,False,False,False,False,False,False,False,False,False,False,False,False,False,False,False,False,False,False,False,True,False,False,False,False,False,False,False,False,False,False,False,False,False,False,False,False,False,False,False,False,False,10,True,0,Mid,48.56262255053975
3574.6,SPRINGER NATURE AG,461.7,531.2,50.0,404.4,819.4,2731.0,0.0,DEU,DE000SPG1003,50201040.0,25.9,,1873.2,684.5,684.5,237.6,2024-12-31,280.1,502010.0,68.3,511130.0,,1847.1,5388.6,156.4,5020.0,186.5,35.6,1810.7,11.0,9.136,2024.0,852.9,671.9,1810.7,1847.1,300.1,-369.1,327148,20.6,7.504732212448502,3.7720218699950294,21.893779438038006,37.058091061664236,3.697688268095934,37.058091061664236,87.13659249634563,10.977496674719726,1.040883573346351,0.9974371491335123,0.3662435928728338,0.3662435928728338,0.6216828118620792,1.034517037609764,1.0458938532059423,33.60241992354229,66.33633968006532,2.5856777493606136,2.3282688093498902,35.14456445087777,0.3427792005344616,202.17819614711033,4.000649772579597,91.23517947052136,10.096908667641168,55.13731343283582,6.674157303370786,14.137252718702445,0.5955281251691842,0.03927168868261335,520.2,28.16306642845542,2.0707831325301203,131.35509396636996,2.975976141823604,,37.920937042459734,62.079062957540266,-0.31840259039396246,-0.41765227675930605,-0.10933741526352181,8.533277696640962,-12.698412698412698,0.8104904438494789,-26.07405839138555,-0.05004242365600309,0.2953670217378043,3.477855100505245,340.8222605351467,9.857848049586163,1.8199733616180795,0.7392075753636814,-0.12390943393823423,False,False,False,False,False,False,False,False,False,False,False,False,False,False,False,False,False,False,False,False,False,False,False,False,False,False,False,True,False,False,False,False,False,False,False,False,False,False,False,False,False,False,False,False,False,False,True,False,False,False,True,False,False,False,9,True,2,High Performers,40.30380496213447
6487.0,KNORR-BREMSE AKTIE,1626.0,1042.0,20.0,809.0,3313.0,3743.0,0.0,DEU,DE000KBX1006,20106010.0,,73.0,2210.0,1135.0,1135.0,3921.0,2024-12-31,326.0,201060.0,445.0,336510.0,,7996.0,9614.0,107.0,2010.0,1665.0,1216.0,3045.0,228.0,29.051,2024.0,5416.0,2055.0,3045.0,7996.0,2263.0,630.0,328745,964.0,8.414811732889536,14.614121510673234,10.117558779389695,14.194597298649326,5.56528264132066,14.194597298649326,50.96298149074537,15.394862036156043,1.6347721098702084,1.2677331723513432,0.6830667069121642,0.6830667069121642,21.87434990638652,0.7257799671592775,1.0423645320197044,31.67256084876222,67.47451633035158,7.5607476635514015,0.8026431718061674,33.014354066985646,0.8317037653422092,275.24009500533543,4.9175891758917585,74.22336168084043,20.822911455727862,3.802187351402758,3.2245065789473686,40.45142500520075,2.851425712856428,0.6993865030674846,814.0,10.18009004502251,21.8809980806142,128.80098887515453,3.1573070607553366,0.9129564782391195,0.0,100.0,-0.5338035793898466,16.553648987544744,-1.4786176959338038,23.25135250946717,-10.289552274041814,-0.6583842840662589,0.08252887487373964,0.011364456353949167,-0.18171730814797565,2.4134139151679683,0.3867440733374963,10.838360723944248,4.264691832593389,0.818630594329998,0.23510027054584584,False,False,False,False,False,False,False,False,False,False,False,False,False,False,False,False,False,False,False,False,False,False,False,False,False,False,False,False,False,False,False,False,False,False,False,False,False,False,False,False,False,False,False,False,False,False,False,False,False,False,False,False,False,False,11,True,0,Mid,42.66112100577649
3148.809,ENCAVIS AG,160.594,207.068,55.0,72.748,1150.37,4911.0,102.833,DEU,DE0006095003,55105020.0,,,1584.684,237.524,237.524,45.87,2024-12-31,164.776,551050.0,-173.159,22111.0,21.524,410.804,3923.899,107.572,5510.0,2684.594,6.902,766.293,215.539,0.423,2024.0,669.399,48.345,766.293,410.804,478.049,266.853,329260,1003.269,1.8539722862387642,-22.596970088464854,17.708688328253867,57.81930068840615,-42.15124487590189,57.81930068840615,88.8340911967751,3.0943731053089847,0.581898867320949,0.5758990585637664,0.41556108034806194,0.5049523196884481,-12.25747655584407,2.0679870493401347,3.3772369054656637,19.528866568685892,80.2469431552647,0.6762726360019337,8.88290867449184,65.95360889768061,0.10469280682300945,971.1678486997636,2.5580283198625104,142.68802153825183,653.497531669604,,6.645899739206027,16.275724731956657,52.467600120738844,1.3080727775889691,-8.470999999999975,-2.062053923525568,104.09092665211428,284.637378347171,5.120624878473378,,,,-12.994010454171933,9.803794820563837,7.360406091370542,-105.83635336429151,140.19769541088104,-1.7933585055783152,0.0002615165379069288,1.1090660343816516,-3.167883605059035,7.241835752217022,0.5631549626380469,5.277098110833128,1.5789561790488267,0.45993679648027314,0.3029086122153937,False,False,False,False,False,True,True,True,False,False,False,False,False,False,False,False,False,False,False,False,False,False,False,False,False,False,True,False,False,False,True,False,False,False,False,False,False,False,False,False,False,False,False,False,True,False,False,False,True,False,False,False,False,False,9,True,2,High Performers,2.60555928049669
47703.0,TRATON SE,11859.0,2340.0,20.0,4520.0,23260.0,3713.0,46.0,DEU,DE000TRAT0N7,20106010.0,850.0,2022.0,16011.0,6961.0,6961.0,33615.0,2024-12-31,2441.0,201060.0,2804.0,336120.0,33.0,47473.0,65547.0,878.0,2010.0,12934.0,7532.0,17838.0,1763.0,105.541,2024.0,22804.0,5233.0,17838.0,47473.0,2588.0,1392.0,332311,8517.0,6.895815216562161,15.719251037111784,9.521201525077412,14.663071640722094,5.906515282371032,14.663071640722094,29.191329808522738,13.353422553103488,0.9803955288048152,0.6565778159931213,0.1112639724849527,0.11324161650902838,-0.6956840129983066,0.8975782038345106,1.3750420450723175,27.214060140052176,72.7767861229347,5.148063781321184,3.1518459991380547,37.42047690969839,0.7242589287076449,449.8062364389195,4.003119993254068,91.17888062688266,27.244960293219307,,4.4629580456718,22.040673104795033,3.7136898868830706,0.7222449815649324,577.0,1.2154277168074485,75.34188034188034,51.76991150442478,3.674571140262361,4.259263160112064,30.313837375178316,69.68616262482169,1.2822153951186133,6.23672993079305,1.8529062641742478,-45.61734213006597,15.834428383705657,0.33803306441861164,0.09947383621153878,-0.09839830422023664,0.23541133556566574,2.3855782735217828,0.3122638010993772,3.5699574351228893,1.783993709808947,0.15058866623312134,-0.7725188022961524,True,True,False,False,False,False,False,False,False,False,False,False,False,False,False,False,False,False,False,False,False,False,False,False,False,False,False,False,False,False,False,False,False,False,False,False,False,False,False,False,False,False,False,False,False,False,False,False,False,False,False,False,False,False,9,True,0,Mid,56.460534486522484
969.856,TEAMVIEWER SE,36.257,249.178,45.0,206.371,547.954,7372.0,0.0,DEU,DE000A2YN900,45103010.0,,79.95,329.143,252.54,252.54,34.665,2024-12-31,46.169,451030.0,123.081,511210.0,7.45,671.422,1070.341,14.724,4510.0,41.457,0.237,100.485,3.201,,2024.0,134.323,284.278,100.485,671.422,55.265,-254.393,333885,115.49,19.280864696391152,122.48693834900732,30.73640720738969,37.612708549913464,18.331392179583034,37.612708549913464,94.83707712883998,48.034811511354015,0.24513554057457382,0.24470302251648865,0.10085700624504977,0.10085700624504977,-38.64478703515982,3.275543613474648,4.424869383490073,9.388129577396363,90.61187042260364,14.015960336864984,1.541807238457274,41.541247135258764,0.6272972818942749,,18.518410238023005,19.710115247936468,6.174507239858093,,146.26582278481013,8.550732897272924,0.4767493469085017,0.0693322359158743,245.977,36.63523089800454,1.2846238431964299,120.74274001676591,10.651749017266258,11.907563350620027,0.0,100.0,7.13799029502673,-3.70587288006744,,8.585693600791068,-4.075516931375489,2.123393221414488,1.4774174578854269,-0.08060112468838011,-5.029500080864851,15.042714857597067,4.9609845578420115,23.280244333347973,5.376025306526689,0.14944096730055284,0.2325696354778396,False,False,False,True,False,False,False,False,False,True,False,False,False,False,False,False,True,False,False,False,False,False,False,False,False,False,False,False,True,False,False,False,False,True,False,False,True,False,False,False,False,False,False,False,False,False,True,False,True,True,True,False,False,False,9,True,2,High Performers,11.30346845686468
3810.0,HENSOLDT AG,860.0,311.0,20.0,184.0,1883.0,3812.0,1.0,DEU,DE000HAG0005,20101010.0,57.75,80.0,1328.0,298.0,298.0,1618.0,2024-12-31,114.0,201010.0,108.0,334511.0,4.0,2240.0,4696.0,100.0,2010.0,451.0,719.0,872.0,199.0,8.986,2024.0,2407.0,290.0,872.0,2240.0,734.0,367.0,340115,48.0,3.9182282793867125,12.385321100917432,8.214285714285714,13.303571428571429,4.821428571428572,13.303571428571429,27.767857142857146,8.363636363636363,1.2782793414763676,0.8964418481147106,0.3898035050451407,0.3903345724907063,11.158432708688245,1.5229357798165137,1.5779816513761469,18.56899488926746,81.1328790459966,1.84,2.1543624161073827,29.3015332197615,0.47700170357751276,249.27665257066545,2.604651162790698,140.13392857142856,20.133928571428573,4.2748091603053435,2.2503477051460363,33.94378194207837,8.883928571428571,1.7456140350877194,112.0,5.0,63.9871382636656,169.02173913043478,5.385321100917431,3.571428571428571,53.47222222222222,46.52777777777778,21.277747698971304,31.910112359550567,30.099898653539903,-49.54954954954955,342.22222222222223,0.9894429023506705,0.29635478218950073,0.39134878118786237,0.8893397521947942,2.4976082546314156,4.115527831311952,6.622657580919931,2.559832346577172,0.7323852915410274,-0.23781128686064526,False,False,False,False,False,False,False,False,False,False,False,False,False,False,False,False,False,False,False,False,False,False,False,False,False,False,False,False,False,False,False,False,False,False,False,False,False,False,False,False,False,False,False,False,True,False,False,False,False,False,True,False,False,False,7,True,0,Mid,50.91348367620002
41510.0,SIEMENS ENERGY AG,12551.0,2889.0,20.0,-86.0,33471.0,3510.0,0.0,DEU,DE000ENER6Y0,20104020.0,,1456.0,3287.0,1283.0,1283.0,28593.0,2024-09-30,1369.0,201040.0,1184.0,333611.0,,34465.0,50874.0,332.0,2010.0,5286.0,9792.0,9075.0,1514.0,98.0,2024.0,30079.0,3388.0,9075.0,34465.0,6363.0,-2258.0,340153,480.0,-0.16904509179541613,13.046831955922865,-0.24952850718119834,3.722617147831133,3.4353692151458004,3.722617147831133,17.037574350790656,-0.695680310629348,0.8986585402288548,0.6061067790027188,0.1901048668997042,0.1901048668997042,-6.667452922907575,0.36220385674931127,0.41509641873278236,17.838188465620945,81.59374140032236,-0.25903614457831325,-2.0233826968043647,7.404568148759681,0.6774580335731415,351.68367346938777,2.7459963349533902,132.92078920644133,15.337298708835052,,2.9200367647058822,37.17812635137791,4.39286232409691,1.1059167275383492,1375.0,3.989554620629624,52.40567670474212,,5.60595041322314,4.224575656463078,0.0,100.0,10.752273530640455,6.1932494207527,4.255319148936176,248.9847715736041,23.289902280130303,-1.1688684584344808,0.049508049159296866,0.25726849822902065,0.45724550425760996,4.957404049954364,0.16296940898709383,5.678735699964618,1.378252774716857,0.33355994602247063,0.2844420654943981,False,False,False,False,False,False,False,False,False,False,False,False,False,False,False,False,False,False,False,False,False,False,False,False,False,False,False,False,False,False,False,False,False,False,False,False,False,False,False,False,False,False,False,False,False,False,False,False,False,False,False,False,False,False,8,True,0,Mid,37.71617507240323
1595.612,AUTO1 GROUP SE,414.441,-219.725,25.0,42.05,665.355,5500.0,2.414,DEU,DE000A2LQ884,25504050.0,,,925.4,86.975,86.975,5547.187,2024-12-31,44.925,255040.0,20.894,441120.0,,6271.911,2208.487,24.5,2550.0,143.801,696.731,612.875,15.88,,2024.0,1745.496,445.741,612.875,6271.911,615.792,302.727,346413,248.153,1.9040184524518369,3.4091780542524983,0.6704495647339384,1.3867384278890438,0.3331361047693438,1.3867384278890438,11.55507468138499,2.733581446750418,2.6234055504204523,1.5762487694539007,0.9255089388371621,0.9291370771993898,48.90864197978073,1.509932694268815,1.914832551499082,27.750899144980252,72.24910085501975,1.7163265306122448,6.412888761138257,53.138325016176225,2.839913026429406,,15.13342309279246,24.118799676844905,2.292778070352082,5.806566920429832,7.961734155649741,46.64881432401458,0.2531923683228286,0.35347801892042297,-235.605,-3.7565105754848878,,-522.5326991676576,3.603486844788905,,0.0,100.0,14.810551664108473,29.553812518075183,,220.6339053632912,-12.031907821847987,0.5171088323214388,0.08273871032581356,0.036245723881349855,-0.08480501150680447,1.8035834866110145,23.12003853184818,-9.949119012246847,13.997927779574384,0.6165278140185146,-0.6870045561163935,False,False,False,False,False,False,False,False,False,False,False,False,False,False,False,False,False,False,False,False,False,False,True,False,False,False,False,False,False,False,False,False,False,False,False,True,False,False,False,False,False,False,False,False,False,False,False,False,False,False,True,True,False,False,9,True,0,Mid,8.086993097323342
5492.5,VANTAGE TOWERS AG,418.2,797.5,50.0,483.6,3098.7,4899.0,0.0,DEU,DE000A3H3LL2,50101020.0,20.2,,1751.5,899.5,899.5,46.1,2023-03-31,415.9,501010.0,473.1,517810.0,,1095.3,11035.8,88.3,5010.0,3561.8,0.0,5543.3,398.4,0.711,2022.0,599.8,68.6,5543.3,1095.3,177.5,-364.4,347036,2460.8,4.382101886587289,8.534627388017968,44.152287044645306,82.12361909979002,43.193645576554374,82.12361909979002,95.79110745914362,6.629379832209245,0.19356504340529898,0.19356504340529898,0.05728208603607965,0.05728208603607965,-22.643578172855612,0.3159670232532968,0.7598903180415998,50.23016002464706,49.769839975352944,5.4767836919592305,4.485603112840467,38.16941227640951,0.09924971456532376,1540.506329113924,2.6190817790530847,139.36181867981375,325.1894458139323,,,5.397886877254029,36.373596274993155,0.9579225775426785,399.1,36.43750570619922,49.956112852664575,164.90901571546732,1.9908357837389279,,4.269710420629887,95.73028957937011,7.036059806508366,2.9305327563050154,33.39587242026265,-36.418671339812015,38.237335183900065,-3.4009206978608333,-0.017038389323645986,8.59046786226722,-0.9005132019462643,3.603036892031549,0.017314030801691624,7.226481088820022,2.871600803488531,0.8909546372101826,,False,False,False,False,True,True,True,True,False,False,False,False,False,False,False,False,False,False,False,False,False,False,False,True,False,False,True,False,False,False,True,False,False,True,False,False,False,False,False,False,False,False,True,False,False,False,False,True,False,False,False,False,False,False,3,True,2,High Performers,10.968701762181416
2325.035,SYNLAB AG,435.598,363.127,35.0,142.529,682.853,8071.0,44.651,DEU,DE000A2TSL71,35102015.0,,,1404.09,436.607,436.607,615.77,2023-12-31,294.078,351020.0,92.274,621511.0,,2635.163,4663.266,91.512,3510.0,953.096,65.037,2340.398,126.232,23.538,2023.0,789.148,1162.838,2340.398,2635.163,265.589,-825.196,347562,157.269,3.0564201141431777,3.942662743687184,5.408735626600707,16.56850069616187,3.50164297237021,16.56850069616187,76.63256504436347,3.806368187052542,1.1556630782906425,1.0604200318370134,0.38894022578798076,0.4543291162226717,2.2794110393874183,0.5999364210702623,0.6671339661032012,50.18795839654011,49.85851118079046,1.5574897281230877,2.9678177399812644,33.48209173570626,0.5650895745599758,111.95356444897612,6.049529612165345,60.33526958294421,36.16838882452433,24.79103438543674,9.4679951412273,15.036392948632999,4.790291909836317,0.4292466624500983,236.895,8.98976647744371,34.76249356285817,254.7741161447846,1.9925098209791665,,0.0,100.0,-18.931057513549366,-13.340137376758786,-5.496446782029151,-49.741595488740955,-20.24312729432428,0.507736975074965,0.4475833608695324,-0.046924804180004956,1.752197078782582,5.593786398873084,4.219750721598487,7.786967331479698,5.117901303114474,0.061791265355221774,-0.91115572778417,False,False,False,False,False,False,False,False,False,False,False,False,False,False,False,False,False,False,False,False,False,False,False,False,False,False,False,False,False,False,False,False,False,False,False,False,False,False,False,False,False,False,False,False,False,False,True,False,False,False,True,False,False,False,9,True,0,Mid,27.499849499060865
4731.8,VITESCO TECHNOLOGIES GROUP,1828.1,629.0,25.0,325.4,3143.8,3714.0,0.0,DEU,DE000VTSC017,25101010.0,10.005,1020.2,672.4,796.1,796.1,7350.2,2023-12-31,470.7,251010.0,-96.4,336350.0,,9233.2,7583.1,57.5,2510.0,1842.7,825.1,2851.3,499.8,35.528,2023.0,3815.2,403.2,2851.3,9233.2,1063.6,234.4,350278,42.5,4.2911210454827176,-3.3809139690667416,3.5242386171641464,8.622146168175714,-1.044058397955205,8.622146168175714,20.393796300307592,9.23461134602832,1.2135632037661428,0.9511101215090018,0.3383166868121381,0.3383166868121381,8.853898801281792,0.23582225651457228,0.2507277382246694,37.60071738471074,62.399282615289266,5.659130434782608,-0.4380103002135409,9.42754282549353,1.2176022998509846,259.8851609997749,5.050708385755703,72.26709049950179,19.957327903652036,13.75215966636879,8.908253545024845,38.13348103018554,5.4130745570333145,1.0618228170809434,129.2,1.3992981848113328,79.45945945945945,193.30055316533497,2.65952372601971,11.049257028982368,,,1.7993384785005562,-0.27092073595749167,-6.610940251820308,-11.202749140893475,11.91222570532915,0.7667813728400232,-0.011081557756935747,-0.43634804352195666,0.3998975218116258,1.8326080543522392,0.0980835005480291,8.2947607179122,3.2373747807147866,0.6127339875537323,0.08642542817070153,False,False,False,False,False,False,False,False,False,False,False,False,False,False,False,False,False,False,False,False,False,False,False,False,False,False,False,False,False,False,False,False,False,False,False,False,False,False,False,False,False,False,False,False,False,False,False,False,False,False,False,False,False,False,6,True,0,Mid,62.968692294095874
51004.0,DAIMLER TRUCK HOLDING AG,20151.0,1555.0,20.0,4549.0,23603.0,3537.0,2205.0,DEU,DE000DTR0CK8,20106010.0,1486.0,1750.0,18373.0,5623.0,5623.0,38745.0,2024-12-31,1074.0,201060.0,2900.0,333924.0,632.0,54077.0,73854.0,154.0,2010.0,12794.0,9012.0,22205.0,1417.0,104.919,2024.0,38455.0,5512.0,22205.0,54077.0,8758.0,403.0,351590,10293.0,6.1594497251333715,13.060121594235532,8.412079072433752,10.398135991271705,5.36272352386412,10.398135991271705,28.35216450616713,11.210508157129478,1.6292420455026904,1.247426174638817,0.371054526966911,0.4644748548913274,20.109946651501613,0.8274262553478946,1.2909705021391578,30.066076312725105,69.06057898015003,29.538961038961038,3.5404588298061532,38.81441763479297,0.7322149104990928,515.4166547527141,2.6835889037764877,136.0118904525029,23.65885681528191,3.6410584433072986,4.299267643142477,39.14344517561676,2.6203376666605025,1.319366852886406,138.0,0.2551916711356029,91.12540192926045,34.18333699714223,3.3260076559333482,3.236126264400762,51.241379310344826,48.758620689655174,-3.243871891214889,3.710048868168281,0.48172693840025094,-121.5625,38.109161793372316,0.7266982425643214,-0.23033827316018007,-0.07801387965298195,-0.4257079427443689,2.7731776397988606,0.6562814513663305,2.105505456711891,2.9284351018323878,0.3204495168611029,-0.806866012852634,True,True,False,False,False,False,False,False,False,False,False,False,False,False,False,False,False,False,False,False,False,False,False,False,False,False,False,False,False,False,False,False,False,False,False,False,False,False,False,False,False,False,False,False,False,False,False,False,False,False,False,False,False,False,7,True,0,Mid,57.35760819191131
30471.0,DR ING  H C F PORSCHE AG,4573.0,6353.0,25.0,5712.0,14343.0,3711.0,2767.0,DEU,DE000PAG9113,25102010.0,2100.0,2033.0,7160.0,8647.0,8647.0,26614.0,2024-12-31,2935.0,251020.0,3592.0,336110.0,343.0,40083.0,53527.0,316.0,2510.0,14330.0,6130.0,23043.0,2174.0,39.463,2024.0,20288.0,4958.0,23043.0,40083.0,9151.0,-1679.0,354519,4175.0,10.6712500233527,15.588248057978562,14.250430357009206,21.572736571613902,8.961405084449767,21.572736571613902,33.60277424344485,18.912028606429825,1.414487903506937,0.9871017220944015,0.6380115735899045,0.830927978804992,11.106544360789881,0.3107234301089268,0.49190643579395044,43.04930222130887,56.92641097016459,18.075949367088608,0.2525731467561004,21.17622881910064,0.748837035514787,1015.7109190887667,8.765143232013996,41.64221739889729,35.75081705461168,6.742304457527334,4.3415986949429035,25.639396939862124,5.423745727615199,0.7407155025553662,4179.0,10.425866327370706,34.22005351802298,111.22198879551821,2.322918022826889,5.07197565052516,58.463251670378625,41.536748329621375,-1.1028867505551432,6.105417566951443,0.5503605371111275,-16.536848412222895,7.837301587301582,0.11399933371381193,0.022737221280166326,-1.1226496373351766,1.4970888140968681,2.0319024190356036,0.06482625871648164,11.868776505315076,2.0989337188704567,0.014689455986969963,0.6251670892980747,True,True,False,False,False,False,False,False,False,False,False,False,False,False,False,False,False,False,False,False,False,False,False,False,False,False,False,False,False,False,False,False,True,False,False,False,False,False,False,False,False,False,False,False,False,False,False,True,False,False,False,False,False,False,7,True,0,Mid,41.30105729930429
1484.826,IONOS GROUP SE,202.642,386.803,45.0,321.934,360.112,7370.0,0.993,DEU,DE000A3E00M1,45102030.0,,,1070.865,433.317,433.317,689.849,2024-12-31,111.383,451020.0,169.666,518210.0,,1560.301,1643.586,24.012,4510.0,309.976,0.054,158.616,76.872,4.182,2024.0,269.639,425.527,158.616,1560.301,31.173,-279.366,355804,14.368,19.58729266372432,106.96651031421797,20.632813796825104,27.771372318546234,10.873927530649535,27.771372318546234,55.78744101298403,26.18454453545846,0.748764273337184,0.7486143199893367,0.08656473541564845,0.08932221086773003,-5.5046100417015,6.751305038583749,6.841888586271246,9.650605444436739,90.34063322515524,13.407213060136598,2.4325378418109604,66.02836724089886,0.9493272636783229,373.09923481587754,7.699790764007461,47.4038855323428,19.866423209367937,,12774.981481481482,14.225906037165077,4.926741699197783,0.6901591804853524,309.931,19.863539150458788,19.873682468853655,120.14978225350536,10.36204418217582,,0.0,100.0,9.592171009472272,2.9644827143362695,-4.170485792850586,33.133588491260646,-5.908273051077739,-0.3682413121916899,-29.924378341048133,-0.552064089903569,2.1330384601756167,2.0671587018981805,163.58876286179517,23.534089484821603,5.675463328849005,0.14808946354942037,-0.6071737893549983,False,False,False,True,False,False,False,False,False,False,False,False,False,False,False,True,True,False,False,False,False,False,False,False,False,False,False,False,True,False,False,False,False,False,False,False,True,False,False,False,False,False,False,False,False,False,True,False,False,False,True,False,False,False,7,True,2,High Performers,17.652883906209297
650.0,SCHOTT PHARMA AG & CO KGAA,411.446,225.326,35.0,188.839,435.48,3221.0,3.249,DEU,DE000A3ENQ51,35203010.0,24.098,24.254,80.874,253.817,253.817,569.503,2024-09-30,64.978,352030.0,149.685,327213.0,2.142,957.091,1442.269,12.779,3520.0,723.49,140.445,790.406,145.075,4.517,2024.0,588.601,125.184,790.406,957.091,26.431,-78.156,358679,205.465,13.093188579938971,18.937735796540007,19.730516742922042,26.51963083970072,15.639578681650962,26.51963083970072,40.49646271880103,21.67374437609035,1.3516143106457241,1.0291081105906126,0.06069394690915771,0.0681546798934509,10.616674143311682,0.1023195674121907,0.362268252012257,54.802952847215046,45.06787568754511,14.777290867830034,1.0239976045733739,19.853369933070738,0.6636008955333575,211.88642904582687,2.3261643083174945,156.91066993629659,75.59260300222236,6.25055348384611,4.054989497668127,30.360286465284908,15.15791079427139,2.232678752808643,80.251,8.384887121496284,64.38449180298767,119.32175027404297,1.8247191949453827,2.5341372972893907,16.09914153054748,83.90085846945252,6.508888250860778,17.083635052945702,0.8484036615316048,1197.5101050929725,-17.320635789065765,0.9721526029538595,0.020794380238289993,0.556610173744923,0.5613837376784517,1.9277031144388368,0.044542066407044036,15.62302178026429,1.4071708079860712,0.6358118199172683,-0.5066219254178034,False,False,False,False,False,False,False,False,False,False,False,False,False,False,False,False,False,False,False,False,False,False,False,False,False,False,False,False,False,False,False,False,False,False,False,False,False,False,False,False,False,False,False,True,False,False,False,False,False,False,False,False,False,False,5,True,0,Mid,26.595350469615624
1142.56,RENK GROUP AG,301.796,168.63,20.0,114.552,478.633,3790.0,1.218,DEU,DE000RENK730,20106010.0,42.0,28.985,527.164,191.585,191.585,783.756,2024-12-31,77.033,201060.0,53.323,336992.0,,1140.504,1589.227,41.779,2010.0,298.561,391.239,440.914,30.883,3.674,2024.0,871.984,158.711,440.914,1140.504,165.524,-88.973,358690,6.386,7.208032584394804,12.093741636691057,10.043980555964731,16.798275148530827,4.675389126210868,16.798275148530827,31.279855221901894,11.83293081755809,1.8218217298013302,1.0044125666220258,0.345826551867506,0.3483712990955492,24.75108968070641,1.195616378704237,1.210099928784298,27.743928337487343,71.89407177199983,2.741855956341703,1.9209541456794632,33.5729257053901,0.7176470070040339,310.42569406641263,3.7790560511073705,96.58496594488051,26.17798797724515,2.8994562108651047,2.003266545513101,29.405490845549437,2.7078379383149906,0.4009061051757039,137.74699999999999,12.077730547196678,18.31406036885489,147.2082547663943,3.604392239756506,2.5414202843655085,78.76526076927405,21.23473923072595,23.231118314424613,7.921267435385526,12.907191149354635,186.31677405944708,10.099821746880554,1.7279547518703875,-0.2873390024284759,-0.6892361893888411,0.4808650000345789,2.7494610030633466,0.4455832759485087,10.610818970480617,2.752971813336129,0.9216083237639261,,False,False,False,False,False,False,False,False,False,False,False,False,False,False,False,False,False,False,False,False,False,False,False,False,False,False,False,False,False,False,False,False,False,False,False,False,False,False,False,False,False,False,False,False,False,False,False,False,False,False,False,False,False,False,3,True,0,Mid,45.95582980509365
3718.7,DOUGLAS AG,114.0,683.6,25.0,386.3,1424.4,5990.0,0.0,DEU,DE000BEAU1Y4,25504040.0,,,2108.1,702.7,702.7,2443.7,2024-09-30,316.4,255040.0,84.0,4561.0,9.7,4451.0,4481.3,280.3,2550.0,1280.1,793.5,762.6,151.3,19.02,2024.0,1245.1,937.1,762.6,4451.0,98.9,-689.3,360887,296.1,8.620266440541807,11.014948859166012,8.67894855088744,15.787463491350259,1.887216355875084,15.787463491350259,45.097730847000676,13.456648204270735,0.8741224375175511,0.31704577365908443,0.06943274361134513,0.06943274361134513,-4.0010711177560125,2.764358772619984,3.152635719905586,17.017383348581884,82.98261665141811,1.3781662504459506,3.2806318485840325,53.64961060406578,0.9932385691651976,234.0168243953733,39.04385964912281,9.348461019995506,28.759829251853514,,3.0796471329552615,4.750853546961819,3.3992361267130984,0.47819216182048047,532.3,11.959110312289372,22.13282621416033,176.960911208905,5.876344086021505,,0.0,100.0,8.722733823493488,-0.3358242149274826,4.224889035015611,12.015993265993252,38.17351598173517,2.7505162680335276,-0.386332071580355,-0.015487685059056356,0.2748948067127794,5.235584664334608,4.392062608346757,15.254502041818222,2.993392295349665,0.6899824917532128,0.9939962230801268,False,False,False,False,False,False,False,False,False,False,False,False,False,False,False,False,False,False,False,False,False,False,False,False,True,False,False,False,False,False,False,False,False,False,False,False,False,False,False,False,False,False,False,False,False,False,True,False,False,False,True,False,False,False,5,True,2,High Performers,34.05214102310432
