,algorithm,chi2,p_value,dof
0,kmeans,77.57299065333564,1.5257955110489053e-06,28
1,hierarchical,47.902876178794926,0.01097704201459799,28
2,dbscan,6.45125,0.2647514420264654,5
