,algorithm,rand_index
0,kmeans,0.0744236987189365
1,hierarchical,0.014633359941640812
2,dbscan,0.06275033377837116
