ib,cogs,gsubind,dltt,che,emp,at,ebitda,dlc,isin,gvkey,conm,seq,lct,invt,ebit,fyear,ivch,naics,lt,ggroup,datadate,gind,fincf,xint,oibdp,ceq,sale,dp,xsga,loc,ppent,rect,dvt,capx,sic,xrd,ivst,revt,gsector,oancf,act,roa,roe,ebit_margin,ebitda_margin,net_profit_margin,operating_margin,gross_margin,roc,current_ratio,quick_ratio,cash_ratio,cash_ratio_enhanced,working_capital_ratio,debt_to_equity,total_debt_to_equity,equity_ratio,debt_ratio,interest_coverage,net_debt_to_ebitda,debt_to_assets,asset_turnover,revenue_per_employee,receivables_turnover,days_sales_outstanding,capital_intensity,working_capital_turnover,inventory_turnover,asset_quality,capex_to_revenue,capex_to_depreciation,fcf,fcf_margin,reinvestment_rate,cash_conversion,financial_leverage,rnd_intensity,dividend_payout_ratio,retention_ratio,revenue_growth,asset_growth,employee_growth,fcf_growth,capex_growth,margin_trend,leverage_trend,capex_trend,fcf_trend,margin_volatility,leverage_volatility,cf_to_assets,cashflow_volatility,margin_consistency,growth_quality,ebitda_outlier,ebit_outlier,roa_outlier,roe_outlier,ebit_margin_outlier,ebitda_margin_outlier,net_profit_margin_outlier,operating_margin_outlier,gross_margin_outlier,roc_outlier,current_ratio_outlier,quick_ratio_outlier,cash_ratio_outlier,cash_ratio_enhanced_outlier,working_capital_ratio_outlier,debt_to_equity_outlier,total_debt_to_equity_outlier,equity_ratio_outlier,debt_ratio_outlier,interest_coverage_outlier,net_debt_to_ebitda_outlier,debt_to_assets_outlier,asset_turnover_outlier,revenue_per_employee_outlier,receivables_turnover_outlier,days_sales_outstanding_outlier,capital_intensity_outlier,working_capital_turnover_outlier,inventory_turnover_outlier,asset_quality_outlier,capex_to_revenue_outlier,capex_to_depreciation_outlier,fcf_outlier,fcf_margin_outlier,reinvestment_rate_outlier,cash_conversion_outlier,financial_leverage_outlier,rnd_intensity_outlier,dividend_payout_ratio_outlier,retention_ratio_outlier,revenue_growth_outlier,asset_growth_outlier,employee_growth_outlier,fcf_growth_outlier,capex_growth_outlier,margin_trend_outlier,leverage_trend_outlier,capex_trend_outlier,fcf_trend_outlier,margin_volatility_outlier,leverage_volatility_outlier,cashflow_volatility_outlier,margin_consistency_outlier,growth_quality_outlier,years_available,latest_year,PC1,PC2,PC3,PC4,PC5,PC6,PC7,PC8,PC9,PC10,PC11,PC12,PC13,cluster,cluster_name,proximity_score,growth_score,trends_score,volatility_score,quality_score,relative_score,overall_score
1298.0,44695.0,15101020.0,20455.0,3683.0,109.717,80415.0,6675.0,3540.0,DE000BASF111,17436,BASF SE,35599.0,17039.0,13681.0,2864.0,2024.0,,325.0,43532.0,1510.0,2024-12-31,151010.0,-1547.0,1083.0,6675.0,35599.0,65260.0,3811.0,10347.0,DEU,17773.0,12244.0,2000.0,6198.0,2800.0,2061.0,769.0,65260.0,15.0,6946.0,31232.0,3.561524591183237,3.646169836231355,4.388599448360404,10.228317499233832,1.988967208090714,10.228317499233832,31.512411890897944,5.109358832554323,1.832971418510476,1.0300487117788604,0.2161511825811373,0.2612829391396208,17.649692221600446,0.574594791988539,0.6740357875221215,44.26910402288131,54.13417894671392,2.644506001846722,3.042996254681648,29.83896039296151,0.8115401355468507,594.8029931551173,5.329957530218882,68.48084584737971,27.2341403616304,4.598041287958853,3.2669395512023973,19.806006342100357,9.497395035243642,1.626344791393335,748.0,1.1461844927980387,89.23121220846531,242.52793296089385,2.2589117671844714,3.1581366840330984,154.08320493066256,-54.08320493066256,-5.285768192505302,3.9020608566444848,0.0282624947577581,-72.45949926362297,14.884151992585725,-0.5584299133540365,0.0055697257137825,-0.0066211145461601,-0.2316564715302633,2.549269232760668,0.0635727266514843,8.637691972890629,1.7210048065993824,0.5278355347349147,0.3474910408465332,True,True,False,False,False,False,False,False,False,False,False,False,False,False,False,False,False,False,False,False,False,False,False,False,False,False,False,False,False,False,False,False,False,False,False,False,False,False,False,False,False,False,False,False,False,False,False,False,False,False,False,False,False,False,11,True,-0.6362876562743351,-0.4496337085595827,-0.6127203078879465,-0.021760794915851034,0.04139671502427725,-0.18123272561008943,-0.16361686030707903,-0.3895875297787371,0.47361259051262117,0.7323208913680365,0.29025969387030554,0.14448456801970416,0.12216548593034748,0,Stable,50.03817995548558,77.4278838930071,97.44545958076878,78.34242778896015,58.45903933916238,49.361504365092344,31.6294545661453
10207.0,89497.0,25102010.0,73487.0,21741.0,163.132,265010.0,17353.0,39311.0,DE0007100000,17828,MERCEDES BENZ GROUP AG,92625.0,74826.0,26234.0,12586.0,2024.0,272.0,336110.0,171380.0,2510.0,2024-12-31,251020.0,-10752.0,249.0,17353.0,92625.0,145594.0,4767.0,11167.0,DEU,71757.0,49973.0,4140.0,4039.0,3711.0,7585.0,7230.0,145594.0,25.0,17735.0,101767.0,4.749254745103959,11.019703103913631,8.64458700221163,11.918760388477548,7.010591095786914,11.918760388477548,38.52974710496312,7.576815642458101,1.3600486461925,1.00944858738941,0.2905540854783097,0.3871782535482319,10.166031470510546,0.7933819163292848,1.217792172739541,34.9515112637259,64.66925776385797,50.54618473895582,5.247334754797441,42.56367684238331,0.5493905890343761,892.4919696932545,2.913453264762972,125.28088382763026,49.2856848496504,5.404179503359193,3.4114889075245864,27.06086562771216,2.774152781021196,0.8472834067547724,13696.0,9.406981056911686,22.7741753594587,140.91053551565233,2.86110661268556,5.209692707117052,40.56039972567845,59.43960027432155,-4.975916667754444,0.7558303107724873,-1.760851760851767,27.70163170163171,7.850467289719631,0.3217632319941527,-0.0830119467670089,-0.1390770153346783,1.7978061353709127,3.079812716571244,0.4783350473683612,6.692200294328515,3.73365028935714,0.120065131444565,-0.4650282774815283,True,True,False,False,False,False,False,False,False,False,False,False,False,False,False,False,False,False,False,True,False,False,False,False,False,False,False,False,False,False,False,False,True,False,False,False,False,False,False,False,False,False,False,False,False,False,False,False,False,False,False,False,False,False,11,True,-0.7287811002114833,-0.4345269373353359,-0.30872629581482447,-0.04480415712162757,-0.2641842462289805,-0.18735377488654023,-0.2472666746618917,0.10985222433890111,-0.68805105078721,-0.6062864098008649,-0.7113122063079955,-0.1788410679607382,-0.44297701025695857,0,Stable,45.80521850635119,83.03806558596172,93.12437118896072,88.44622857024454,49.67962769018777,48.98886327412052,30.777797240434733
8216.0,43108.0,20105010.0,41321.0,10216.0,327.0,147812.0,12658.0,6598.0,DE0007236101,19349,SIEMENS AG,51264.0,43913.0,10923.0,9659.0,2024.0,,999977.0,91581.0,2010.0,2024-09-30,201050.0,-8880.0,1785.0,12658.0,51264.0,75930.0,2999.0,13984.0,DEU,12078.0,34677.0,4160.0,2088.0,9997.0,6435.0,1060.0,75930.0,20.0,11665.0,61353.0,6.534652125673153,16.026841448189764,12.720927169761625,16.67061767417358,10.820492558935864,16.67061767417358,43.226656130646646,10.432575471188638,1.3971489080682258,1.14840707763077,0.232641814496846,0.2567804522578735,11.798771412334586,0.80604322721598,0.934749531835206,34.68189321570644,61.95775715097557,5.411204481792717,2.9785906146310634,32.4188834465402,0.5136930695748654,232.2018348623853,2.1896357816420107,166.69438956934016,15.906756222836824,4.353784403669724,3.946534834752357,30.371688360890865,2.749901224812328,0.6962320773591197,9577.0,12.612932964572632,17.899699957136733,120.76819546536908,2.883348938826467,8.474911102331093,50.63291139240506,49.36708860759494,-2.3646954442001267,1.8922291079294329,2.187500000000009,-4.430695539367324,-5.86113615870153,0.4274657300079713,0.0305137151956357,0.0217197223074527,0.7932198642492456,1.833229520947242,0.1736675054671443,7.891781452114849,0.9997692922485408,0.5980832047422889,-0.397258245788941,True,True,False,False,False,False,False,False,False,False,False,False,False,False,False,False,False,False,False,False,False,False,False,False,False,False,False,False,False,False,False,False,True,False,False,False,False,False,False,False,False,False,False,False,False,False,False,False,False,False,False,False,False,False,11,True,-0.7815202698526271,-0.3603549563255801,-0.6789728534437565,0.2467530634925355,-0.29004909083439434,-0.268022573258947,0.28796211716521136,-0.1966257907716761,-0.5934054116444778,0.4657310892384949,-0.21132676338910786,0.8391184380376041,-0.7747306812702915,0,Stable,43.20734819150811,87.81955594740694,92.7273124099498,69.26693886803953,49.970337489248315,48.76365375531794,30.455872668714285
161.329,1909.906,15101050.0,420.534,684.943,8.382,4460.234,468.383,28.917,DE0007600801,100004,ALTANA AG,3005.005,646.347,626.463,288.839,2024.0,3.088,325.0,1430.794,1510.0,2024-12-31,151010.0,-95.191,53.735,468.383,3005.005,3168.838,179.544,575.095,DEU,1219.89,559.556,88.2,179.539,2800.0,213.23,126.731,3168.838,15.0,438.997,2117.433,6.475870996902852,5.368676591220314,9.114981579998725,14.780907070667542,5.091109106871351,14.780907070667542,39.72850615904001,8.431928522781378,3.276000352751695,2.3067640137573164,1.0597140545248915,1.2557867523172537,32.982260571978955,0.1399445258826524,0.1495674716015447,67.37325889179805,32.07889989628347,5.375248906671629,-0.502776573872237,10.076847986002528,0.7104645182293127,378.0527320448581,5.66312933826105,64.45199786167674,38.496445700285086,2.154080726755608,3.048713172206499,27.90210110052522,5.665767704123719,0.9999721516731274,259.458,8.187796283685062,40.89754599689746,151.9867469420681,1.4842684121989815,6.72896500231315,54.67088992059704,45.32911007940296,15.58711150586447,7.722761277389667,14.570803717878622,-1.9262608011974656,21.0802462891402,-0.6327483285192008,-0.0059883295837248,0.1963717792348544,-0.6761885055462092,2.4440278110633824,0.063661057004838,9.84246566435752,2.210320931129537,0.7372969057825468,-0.763409682844701,False,False,False,False,False,False,False,False,False,False,False,False,False,False,False,False,False,False,False,False,False,False,False,False,False,False,False,False,False,False,False,False,False,False,False,False,False,False,False,False,False,False,False,False,False,False,False,False,False,False,False,False,False,False,11,True,-0.23939757674210288,0.09944855467221443,-1.0536023013946303,0.3927962935109007,0.40081644759543267,-0.6336487106302813,0.5236330031397688,-0.3141057244920965,-1.3183470184400934,0.504057357349488,-0.10123519211597316,0.7930779004107646,-1.6048590331057961,0,Stable,25.088268170446508,53.73987932877259,97.80768413854028,84.91487339051154,30.19919113746742,49.55462273024015,18.09628916749449
7290.0,78741.0,25102010.0,66770.0,19287.0,159.104,267732.0,17900.0,44491.0,DE0005190003,100022,BAYERISCHE MOTOREN WERKE AKT,92315.0,87689.0,24387.0,11339.0,2024.0,,336111.0,172729.0,2510.0,2024-12-31,251020.0,5766.0,562.0,17900.0,92315.0,142380.0,6561.0,9632.0,DEU,88419.0,45130.0,2677.0,12205.0,3711.0,7642.0,0.0,142380.0,25.0,7566.0,96387.0,4.23520535460834,7.896874830742566,7.9638994240764145,12.571990448096642,5.120101137800253,12.571990448096642,44.69658659924146,7.127636169343433,1.0991914607305364,0.8210836022762262,0.2199477699597441,0.2199477699597441,3.2487711592189203,0.7232844066511401,1.205232085793208,34.48037589828635,64.5156350380231,20.176156583629894,5.138212290502794,41.55685536282551,0.5318004571735915,894.8863636363635,3.154885885220474,115.6935665121506,62.100716392751785,16.369280294320532,3.228810431787428,24.06025428413488,8.57213091726366,1.8602347203170249,-4639.0,-3.258182328978789,161.31377213851442,66.72546079901225,2.900200400801604,5.367326871751651,36.72153635116598,63.27846364883402,-8.436121364905013,6.712902068635662,2.680864795095217,-169.64419756793274,12.167999264773457,-0.3216470686221347,-0.1079604426758696,0.0324983239486987,1.0003772041760857,2.300976531313524,0.3906040870311205,2.825960288646856,2.9111938621377837,0.2149450768542423,0.5827736771714417,True,True,False,False,False,False,False,False,False,False,False,False,False,False,False,False,False,False,False,False,False,False,False,False,False,False,False,False,False,False,False,False,True,False,False,False,False,False,False,False,False,False,False,False,False,False,False,False,False,False,False,False,False,False,11,True,-0.5868533899876306,-0.5502762946364032,-0.3726236003499729,-0.2970198217251944,-0.00904331694593223,-0.03650982627391262,-0.5968008911643836,-0.47733402531155966,0.8468312321424302,0.14807568544523436,0.31609973651673356,-0.6030972415398348,0.5534891484403087,0,Stable,42.3067272402232,68.64060221286309,95.95633075029157,93.46920543723665,48.39906013668915,49.70269096997727,27.218781228018745
-432.0,8325.0,20106010.0,679.0,789.0,36.569,18090.0,648.0,2418.0,DE0005937007,100042,MAN SE,5935.0,7099.0,2219.0,-413.0,2020.0,5.0,336120.0,12155.0,2010.0,2020-12-31,201060.0,-524.0,82.0,648.0,5935.0,10838.0,1061.0,1805.0,DEU,6280.0,1541.0,16.0,362.0,3711.0,566.0,148.0,10838.0,20.0,570.0,4549.0,-2.283029297954671,-7.278854254422915,-3.8106661745709545,5.978962908285661,-3.985975272190441,5.978962908285661,23.186934858830043,-6.2443302086483214,0.6407944780955064,0.3282152415833216,0.1111424144245668,0.1319904211860825,-14.096185737976782,0.1144060657118786,0.5218197135636057,32.808181315644006,67.191818684356,-5.036585365853658,3.561728395061728,17.119955776672192,0.5991155334438917,296.3712434028822,7.033095392602206,51.89749031186566,57.94427016054623,,3.751689950428121,12.880044223327806,3.3400996493818043,0.3411875589066918,208.0,1.919173279202805,63.50877192982456,,3.0480202190395955,5.222365750138402,,,-14.412066650872625,-4.011461318051579,0.6495472435527061,170.12987012987014,-17.35159817351598,-0.6133146416011801,0.0257370724738015,0.0528575838968084,0.657805222079259,2.5504076581144326,0.1011788679758263,3.150912106135987,3.2180062657300605,0.2698697699082267,-0.3905236664983529,False,False,False,False,False,False,False,False,False,False,False,False,False,False,False,False,False,False,False,False,False,False,False,False,False,False,False,False,False,False,False,False,False,False,False,False,False,False,False,False,False,False,False,False,False,False,False,False,False,False,False,False,False,False,7,True,-0.9928047355546533,-0.6008912677771837,-0.08190515958586171,-0.13865104850434204,-0.7467665370594914,-0.04553622404330992,-0.0284731300535838,0.18997395593079672,-0.5955991848011299,-0.17572283965917213,-0.7277728100375012,0.37102720459049393,-0.1793795700464177,0,Stable,44.09729780521558,55.73241994255591,97.68021062664117,94.01696834380475,60.128616519007295,48.0927541322602,25.998782113469616
-2552.0,16782.0,35202010.0,35498.0,8087.0,91.864,110850.0,7216.0,5246.0,DE000BAY0017,100080,BAYER AG,31908.0,28952.0,13467.0,3167.0,2024.0,216.0,325.0,78805.0,3520.0,2024-12-31,352020.0,-7178.0,2007.0,7216.0,31908.0,46606.0,4049.0,16764.0,DEU,13456.0,12188.0,108.067,2778.0,2800.0,6387.0,1896.0,46606.0,35.0,7368.0,34444.0,2.85701398285972,-7.997994233421085,6.795262412564906,15.482985023387547,-5.475689825344377,15.482985023387547,63.991760717504185,4.698394801649704,1.1896932854379665,0.7245440729483282,0.2793243990052501,0.3448121027908262,4.954442940911141,1.1125109690359785,1.2769211483013665,28.78484438430311,71.0915651781687,1.5779770802192328,4.5256374722838135,36.75597654488047,0.4204420387911592,507.3369328572672,3.823925172300624,95.45165858473158,28.871819079088528,8.486161689730517,1.2461572733348183,18.290482634190347,5.96060593056688,0.6860953321807853,4590.0,9.84851735828005,37.70358306188925,232.6491948215977,3.474050394885295,13.70424408874394,,,-2.164284064907529,-4.652543028926792,-5.2274298212130255,93.99830938292476,0.9814612868048078,-0.245515221629714,0.0626117834328853,0.0147683118715722,-0.5070196153752454,3.2777902945769237,0.3169684483219406,6.646820027063599,2.5113358628213223,0.0617144980740626,0.3274444893955998,True,True,False,False,False,False,False,False,False,False,False,False,False,False,False,False,False,False,False,False,False,False,False,False,False,False,False,False,False,False,False,False,True,False,False,False,False,False,False,False,False,False,False,False,False,False,False,False,False,False,False,False,False,False,11,True,-0.6734345024347586,-0.7914005252328203,-0.2673580961178808,-0.1323432146005555,-0.4607044188664181,0.04403822251476703,-0.4976196921138589,-0.05467347723217657,0.5024273135204922,-0.3118219452323936,-0.06457383443319627,-0.6941362855962226,0.42087020726862023,0,Stable,47.71439453437814,74.5000937973387,95.81933571386175,89.2945978661303,53.955362204408466,48.84559586596559,30.26077188335206
912.0,3775.0,30302010.0,0.0,2503.0,22.791,13011.0,1671.0,114.0,DE0005200000,100083,BEIERSDORF AG,8475.0,3696.0,1612.0,1356.0,2024.0,,325620.0,4516.0,3030.0,2024-12-31,303020.0,-1029.0,45.0,1671.0,8475.0,9850.0,315.0,4076.0,DEU,2719.0,2042.0,223.0,437.0,2844.0,354.0,1296.0,9850.0,30.0,1231.0,6441.0,10.42195065713627,10.761061946902654,13.766497461928934,16.96446700507614,9.258883248730964,16.96446700507614,61.6751269035533,16.0,1.7426948051948052,1.306547619047619,0.6772186147186147,1.0278679653679654,21.097532856813466,0.0,0.0134513274336283,65.13719160710168,34.70909230650987,30.133333333333333,-1.4296828246558946,0.8761816924141111,0.7570517254630698,432.18814444298187,4.823702252693438,75.66802030456853,27.604060913705585,3.588342440801457,2.34181141439206,34.931980631773115,4.436548223350254,1.3873015873015873,794.0,8.060913705583756,35.49959382615759,90.78171091445428,1.535221238938053,3.5939086294416245,24.451754385964914,75.54824561403508,4.265904519953434,3.024784226779631,3.7936059750432793,87.26415094339623,-15.473887814313349,-0.1521733838461118,0.0014112453995748,0.1914147622911139,-0.09660360856517,0.969901098575644,0.0208567178442092,9.461225117208516,2.0022533568888843,0.2707791238919422,0.0118690843335776,False,False,False,False,False,False,False,False,False,False,False,False,False,False,False,False,False,False,False,False,False,False,False,False,False,False,False,False,False,False,False,False,False,False,False,False,False,False,False,False,False,False,False,False,False,False,False,False,False,False,False,False,False,False,11,True,-0.4954676685689508,-0.5203908876202565,-0.5128312539536241,-0.025149610397905007,-0.40079202438964384,-0.17288548044552984,-0.04996081821078876,-0.3564962796160713,-0.07697622452911902,-0.11184545201820706,0.13982104102141787,-0.18576393042275655,-0.23361915344141812,0,Stable,64.15694994295703,75.8063558052219,95.4797754559826,81.76768742513482,89.57948973663456,48.612546926727795,37.0337333479661
178.0,4366.2,20201070.0,317.3,533.5,31.478,3463.5,356.5,59.3,DE0005909006,100102,BILFINGER SE,1300.9,1520.7,115.1,235.7,2024.0,6.6,237.0,2152.2,2020.0,2024-12-31,202010.0,-427.7,45.3,356.5,1300.9,5037.5,120.8,315.2,DEU,470.8,1364.8,90.047,63.2,1600.0,3.2,68.5,5037.5,20.0,241.1,2063.8,6.805254800057744,13.682834960412022,4.678908188585608,7.076923076923077,3.5334987593052114,7.076923076923077,13.326054590570724,14.565566679026077,1.3571381600578682,1.281449332544223,0.3508252778325771,0.3958703228776221,15.680669842644727,0.2439080636482435,0.2894918902298409,37.56027140176123,62.13945430922476,5.2030905077262695,-0.4401122019635343,10.873393965641691,1.4544535874115778,160.0324035834551,3.691016998827667,98.88873449131512,9.34590570719603,9.275455717179154,37.93397046046916,54.80871950339253,1.254590570719603,0.5231788079470199,177.89999999999998,3.53151364764268,26.21318954790544,102.29104794229951,2.6623875778307324,0.0635235732009925,50.588202247191006,49.411797752808994,12.303816657749223,3.1601834753082647,9.870855148342072,106.3805104408352,7.849829351535842,0.4126368727273162,0.0091061602096166,-0.0263555888033327,0.7366047146325976,1.9064345649928285,0.0847178708553942,6.961166450122708,4.226694402859491,0.5153294296066727,-0.7245276623620271,False,False,False,False,False,False,False,False,False,False,False,False,False,False,False,False,False,False,False,False,False,False,False,False,False,False,False,False,False,False,False,False,False,False,False,False,False,False,False,False,False,False,False,False,False,False,False,False,False,False,False,False,False,False,11,True,-0.3367862432844218,-0.0396757791794935,-0.5651469646618477,0.040568657587686824,0.07871283634944208,-0.5823793370883066,0.33216205866736176,-0.1448187140390516,-1.279983838306367,0.0776441515394409,-0.36219694739338004,0.37376151255697615,-1.231926846821563,0,Stable,33.13213313020853,65.39258194766093,92.80926456268367,81.42225001704442,38.19073886579749,49.727501930068584,23.06174054423255
42.0,1329.5,20106010.0,131.7,62.0,12.3985,1683.3,118.5,155.9,DE0006305006,100301,DEUTZ AG,847.9,574.3,431.6,35.1,2024.0,0.8,3336.0,835.4,2010.0,2024-12-31,201060.0,41.3,20.9,118.5,847.9,1813.7,83.4,254.7,DEU,380.8,245.4,23.6,64.2,3510.0,100.4,0.0,1813.7,20.0,101.7,745.8,2.0851898057387275,4.953414317726147,1.9352704416386397,6.533605337156089,2.315708220764184,6.533605337156089,26.69680763080995,3.5830951408738265,1.2986244123280517,0.5471008183876023,0.1079575134946892,0.1079575134946892,10.188320560803184,0.1553249203915556,0.3391909423281047,50.371294481078834,49.628705518921166,1.6794258373205744,1.9037974683544303,17.08548684132359,1.0774668805322878,146.28382465620842,7.39079054604727,49.38578596239731,20.9957545349286,10.575510204081631,3.080398517145505,18.26174775738133,3.539725423168109,0.7697841726618705,37.5,2.067596625682307,63.12684365781711,289.7435897435897,1.985257695482958,5.535645365826763,56.19047619047619,43.80952380952381,-12.092865451725466,5.854609483083872,146.2462760675273,-49.18699186991871,-1.2307692307692242,0.1662702930658463,0.0238718231750555,-0.1503443419477527,-0.0996995849330072,2.922952849647946,0.106272391884557,6.041703796114775,2.1762461491344536,0.0355941306440361,-0.0394732867052111,False,False,False,False,False,False,False,False,False,False,False,False,False,False,False,False,False,False,False,False,False,False,False,False,False,False,False,False,False,False,False,False,False,False,False,False,False,False,False,False,False,False,True,False,False,False,False,False,False,False,False,False,False,False,11,True,-0.34470081983390305,-0.13104298172360831,-0.12689739158525146,-0.36055131644165755,-0.04881572119261757,3.0320832867776657,-0.49473103420448294,-0.16127897750337492,-0.9863512571299753,0.12807387795482975,0.5730179628448399,-0.5493580040720517,0.10639516826826859,0,Stable,15.871851496287245,37.119515151263464,93.95526321004341,84.55856940457697,58.548464191602804,50.57910092666635,11.916667871204417
804.0,4692.0,20101010.0,1871.0,1253.0,28.539,14344.0,1806.0,552.0,DE0007030009,100312,RHEINMETALL AG,4050.0,6782.0,3989.0,1420.0,2024.0,,332994.0,9880.0,2010.0,2024-12-31,201010.0,-234.0,135.0,1806.0,4050.0,9751.0,386.0,2383.0,DEU,1661.0,2848.0,352.0,732.0,3480.0,330.0,69.0,9751.0,20.0,1720.0,8231.0,9.899609592861127,19.85185185185185,14.562608963183262,18.521177315147163,8.245308173520664,18.521177315147163,51.881858270946566,23.98243539942577,1.2136537894426422,0.6254792096726629,0.1847537599528163,0.1949277499262754,10.101784718349135,0.4619753086419753,0.5982716049382716,28.234802007808145,68.87897378694925,10.51851851851852,0.6478405315614618,16.89208031232571,0.6797964305633017,341.67279862644097,3.423806179775281,106.60650189724132,17.034150343554508,6.729468599033816,1.176234645274505,28.590351366424983,7.506922366936725,1.8963730569948187,988.0,10.132294123679625,42.55813953488372,121.12676056338027,3.541728395061728,3.3842682801763924,43.78109452736319,56.21890547263681,35.883500557413605,22.52498505167848,15.295115743546251,186.3768115942029,83.91959798994975,1.0327341372410506,-0.0067134414545788,0.060298832520116,0.7267969321845053,3.627016880404304,0.1184222070824454,11.991076408254322,3.054783778009728,0.8918064260790117,0.2234434608279311,False,False,False,False,False,False,False,False,False,False,False,False,False,False,False,False,False,False,False,False,False,False,False,False,False,False,False,False,False,False,False,False,False,False,False,False,False,False,False,False,False,False,False,False,False,False,False,False,False,False,False,False,False,False,11,True,0.5506630514696245,0.539994893827088,-1.6458383452317285,0.25563569384294643,1.9161310541935883,-1.0590903388451363,0.344178536468459,-0.9079809069320196,-0.2778759403561028,1.2163960910952802,1.3924989025338401,-0.34838775212464534,-0.8912138478637022,0,Stable,12.453156894604787,16.756190265166655,89.9658693434214,95.14691644674976,35.555482335683486,53.51637890134459,7.494691297616913
398.162,3288.165,20106020.0,124.639,638.313,18.347,6032.165,732.31,170.137,DE0006602006,100368,GEA GROUP AG,2423.749,2620.045,775.678,562.352,2024.0,5.804,3332.0,3608.021,2010.0,2024-12-31,201060.0,-483.943,49.717,732.31,2423.749,5422.129,169.958,1280.105,DEU,925.441,1264.576,189.733,237.105,3550.0,153.85,0.0,5422.129,20.0,710.118,2776.052,9.322556660834046,16.42752611759716,10.371424213625312,13.505949415810653,7.343277889552239,13.505949415810653,39.356570085293065,22.06696939398553,1.0595436337925497,0.7634884133669461,0.2436267316019381,0.2436267316019381,2.58625219966629,0.0514240542234365,0.1216198542010744,40.18041615240962,59.81303561822331,11.311060603013054,-0.469114172959539,4.886736354194555,0.8988694772109185,295.5321850983812,4.287705128042917,85.12712257491478,17.06785286738844,34.75567762984993,4.23908503270687,31.54570539764745,4.372913296603604,1.3950799609315243,473.013,8.723750393987308,33.389521178170384,126.276424730418,2.488774621464517,2.8374463241284005,47.652211913743656,52.34778808625634,0.9051471380523424,1.3086461843609063,-2.269216427848497,54.98155344259288,3.828570427654343,0.2639485037882495,-0.0001746025753819,0.237246102330013,0.4389229556919149,2.46568109363861,0.0725319213396251,11.77219124476867,3.321121910068246,0.1260541894012099,-0.3047544360852852,False,False,False,False,False,False,False,False,False,False,False,False,False,False,False,False,False,False,False,False,False,False,False,False,False,False,False,True,False,False,False,False,False,False,False,False,False,False,False,False,False,False,False,False,False,False,False,False,False,False,False,False,False,False,11,True,-0.5872269227910473,-0.46835015090076465,-0.40395673256756903,-0.03638552624250506,-0.2497989755710455,-0.2100978937028926,-0.215146356566798,-0.03524404973675978,-0.4843007192541282,-0.5516647980411037,-0.43357866027538183,-0.33651088307571175,-0.38848680179212963,0,Stable,54.33435020598684,91.58889775736183,93.50597519386035,93.19372533025727,58.39298800150511,48.775895050136654,35.47207474599901
1745.7,7667.1,15102010.0,6713.2,3233.0,50.692,37301.7,4170.2,1605.2,DE0006047004,100373,HEIDELBERG MATERIALS AG,18795.6,7258.7,2857.3,2864.9,2024.0,,327310.0,17326.8,1510.0,2024-12-31,151020.0,-1450.1,272.2,4170.2,18795.6,21201.9,1305.3,3621.3,DEU,13372.7,2674.3,546.2,1323.1,3241.0,182.8,12.9,21201.9,15.0,3231.7,9201.2,7.680347008313294,9.287812041116007,13.512468222187636,19.668991929968534,8.233696036675958,19.668991929968534,63.83767492536047,11.23102615567961,1.2676099025996392,0.8739719233471559,0.4453965586124237,0.4471737363439734,5.2075374580783205,0.3571686990572262,0.4425716657089957,50.38805201907688,46.45042987316932,10.524981631153564,1.2194618963119277,22.300324113914375,0.5683896444397978,418.24942791762015,7.928018546909471,46.03924648262656,63.073120805210856,10.91474903474903,2.683337416442096,15.836543642783038,6.240478447686291,1.0136367118670038,1908.6,9.002023403562887,40.94130024445338,112.8032392055569,1.9845974589797613,0.8621868794777826,31.28830841496248,68.71169158503753,-0.0212200090538683,5.159635200090196,-0.5980743965331325,-1.272501551831151,4.025473700762627,0.1930399733021766,-0.0174849315739678,-0.0601129667644838,0.4297125882430861,1.3860037580955615,0.1291914513107497,8.663680207604479,1.6178022369055896,0.2133822877909015,-0.144910674519003,False,True,False,False,False,False,False,False,False,False,False,False,False,False,False,False,False,False,False,False,False,False,False,False,False,False,False,False,False,False,False,False,True,False,False,False,False,False,False,False,False,False,False,False,False,False,False,False,False,False,False,False,False,False,11,True,-0.6053513718888625,-0.47645837355696413,-0.6609549082137001,0.12593066763254884,-0.16265899116656127,-0.15691520170869683,-0.16518613335622961,-0.21985224738073617,-0.22643077854681404,-0.3163851909651006,-0.11832164640548577,-0.1856602217731525,-0.34689260627247787,0,Stable,61.00827824345614,86.34274838435947,93.83453108514111,76.82710265074246,74.89275758618058,48.62891939476095,37.35472355503638
-48.9,2740.1,20106020.0,104.2,656.0,12.3985,3998.1,239.3,490.7,DE0006204407,100449,KUKA AG,1185.0,2208.3,533.5,87.6,2024.0,,333999.0,2445.5,2010.0,2024-12-31,201060.0,-167.9,27.4,239.3,1185.0,3732.4,151.7,558.7,DEU,524.2,1500.6,88.2,58.1,3569.0,202.3,0.0,3732.4,20.0,272.9,2690.1,2.191040744353568,-4.1265822784810124,2.3470153252598864,6.411424284642589,-1.3101489658128818,6.411424284642589,26.586110813417648,6.7949115730685685,1.2181768781415567,0.9765883258615224,0.2970610877145315,0.2970610877145315,12.050724093944618,0.0879324894514767,0.5020253164556961,29.6390785623171,61.16655411320377,3.197080291970803,-0.255328040117008,14.879567794702483,0.9335434331307372,301.0364156954471,2.487271757963481,146.74713321187437,14.044582574214983,7.746782897467834,5.136082474226804,53.9406217953528,1.5566391597899476,0.3829927488464074,214.8,5.755010181116707,21.28984976181752,311.5296803652968,3.373924050632912,5.420105026256564,,,-7.926092212053182,0.6647027721127019,-15.805378242564185,-8.244340025630093,-29.575757575757574,-0.360944867861146,0.0298609281874391,-0.1587650196071329,0.1834855572703241,2.9295929636206246,0.1471253933313968,6.825742227558091,4.395828412274297,0.1669782325181008,0.3070419392493664,False,False,False,False,False,False,False,False,False,False,False,False,False,False,False,False,False,False,False,False,False,False,False,False,False,False,False,False,False,False,False,False,False,False,False,False,False,False,False,False,False,False,False,False,False,False,False,False,False,False,False,False,False,False,11,True,-0.6331953359208911,-0.6929610436881868,0.053851650278982297,-0.541054140826814,-0.7389487706574379,-0.1986628962646922,-0.3394757846888383,-0.3686685768732539,0.42002023230205054,-0.08045940602806444,-0.09113959665861208,-0.4389491197667766,0.4652491109045409,0,Stable,46.495390122879634,60.59580946188613,96.45629976004945,79.34043386641561,62.88497362340174,48.72563321772293,27.687527468434773
1168.0,28796.0,25101020.0,4112.0,2966.0,168.761,36966.0,4364.0,2768.0,DE0005439004,100609,CONTINENTAL AG,14351.0,14269.0,6113.0,2242.0,2024.0,,3363.0,22168.0,2510.0,2024-12-31,251010.0,-1072.0,449.0,4364.0,14351.0,39719.0,2122.0,3850.0,DEU,9942.0,8142.0,500.015,1938.0,3714.0,4151.0,0.0,39719.0,25.0,2934.0,17950.0,6.065032732781475,8.138805658142289,5.644653692187617,10.98718497444548,2.9406581233162967,10.98718497444548,27.50069236385609,12.143205329578077,1.257971827037634,0.829560585885486,0.2078631999439344,0.2078631999439344,9.957799058594384,0.2865305553619957,0.4794091004111211,38.822160904615046,59.96861981280095,4.993318485523385,0.8968835930339139,18.6116972352973,1.0744738408267056,235.3565100941568,4.878285433554409,74.82137012512904,25.03084166268033,10.790274381961424,4.710616718468837,30.04923443163989,4.879276920365569,0.9132893496701224,996.0,2.507616002416979,66.05316973415133,130.86529884032117,2.575848372935684,10.45091769682016,42.809503424657535,57.19049657534247,-4.107869291775812,-2.0840838295437814,-16.76933168280209,-17.220744680851052,-8.77424213895689,-0.7538652456830097,0.0128076625420784,-0.1264394247112786,-0.5167188587038252,2.9135851766363854,0.1261954790230663,7.937023210517773,3.213632306621219,0.7364185025449634,0.0796956645299811,False,False,False,False,False,False,False,False,False,False,False,False,False,False,False,False,False,False,False,False,False,False,False,False,False,False,False,False,False,False,False,False,False,False,False,False,False,False,False,False,False,False,False,False,False,False,False,False,False,False,False,False,False,False,11,True,-0.6647925722899414,-0.40530989827623526,-0.3103949590942945,-0.17856326673563447,-0.36527464547858957,-0.4785818812071879,0.18704756658354896,-0.32852121703068765,0.059565971348326044,1.1295331665314803,-0.030991895869647224,0.7084386402875268,-0.1441863179031396,0,Stable,43.603763332116344,74.14715805681284,98.39375837490341,94.2987012771373,48.27819867227263,49.07004619702061,28.563579041368463
-66.8,2824.3,15101030.0,683.4,524.1,10.835,9353.5,477.6,62.5,DE000KSAG888,100736,K&S AG,6212.3,709.8,678.3,-43.6,2024.0,,32531.0,3137.2,1510.0,2024-12-31,151010.0,-65.7,55.3,477.6,6212.3,3653.1,521.2,187.4,DEU,6060.5,804.8,26.9,505.2,2870.0,12.8,206.5,3653.1,15.0,590.8,2145.2,-0.4661356711391458,-1.075286125911498,-1.1935068845637953,13.07382770797405,-1.8285839424050807,13.07382770797405,22.68758041115764,-0.6322780863436634,3.0222597914905607,2.066638489715413,0.7383770076077769,1.0293040293040294,15.346127118191047,0.1100075656359158,0.1200682516942195,66.41684930774576,33.54038595178275,-0.7884267631103075,0.4644053601340032,7.974554979419468,0.3905596835409205,337.15736040609136,4.539140159045726,80.41170512715229,165.9001943554789,2.5450048766894247,4.163791832522484,14.207515903137862,13.829350414716268,0.9693016116653874,85.59999999999997,2.343215351345432,85.51117129316181,,1.5056420327414968,0.350387342257261,,,-5.668026648763103,-1.2698178133378255,-5.346378963920662,-75.61253561253562,7.489361702127661,-0.3133395064661238,-0.0362860554009648,-2.1490312769738877,2.6709777141917024,10.652563837611792,0.4571640690932067,6.316352167637781,3.270369579329774,0.0095173207119978,-0.7609845683457818,False,False,False,False,False,False,False,False,False,False,False,False,False,False,False,False,False,False,False,False,False,False,False,False,False,False,True,False,False,False,False,False,False,False,False,False,False,False,False,False,False,False,False,False,False,False,False,True,False,False,False,False,False,False,11,True,-0.06143850013875065,-1.0558377859212509,0.2709623839399948,0.7194314111031503,-0.07713974934652205,-0.33645765166661923,-0.7197015432858729,-0.21861095742526826,-1.9103099323738533,-2.1949497560354376,-1.017658098793654,1.1341516867258594,0.4129453461818856,0,Stable,12.723768699477706,77.50627145303946,96.18213452565037,96.92126721228948,32.90368617615421,49.8133456134707,16.715448197747
11351.0,189658.0,25102010.0,137061.0,67622.0,679.472,632905.0,45843.0,117020.0,DE0007664039,100737,VOLKSWAGEN AG,182294.0,217039.0,56720.0,33403.0,2024.0,2069.0,336110.0,436174.0,2510.0,2024-12-31,251020.0,11140.0,14474.0,45843.0,182294.0,324656.0,12440.0,31349.0,DEU,144645.0,111640.0,3170.532,17202.0,3711.0,17963.0,27326.0,324656.0,25.0,17151.0,245231.0,5.277727305045781,6.22675458325562,10.288736385589669,14.12048445123454,3.496316100734316,14.12048445123454,41.58185895224484,10.459519969939407,1.1298937057395215,0.8685581853952515,0.3115661240606527,0.437469763498726,4.454380989247992,0.7518678618056546,1.393797930815057,28.802742907703365,68.91618805349934,2.307793284510156,4.067338524965644,40.14520346655501,0.5129616609127752,477.8062966538725,2.908061626657112,125.5131585431965,44.55331181311912,11.51589103291714,3.343758815232722,28.323682069188894,5.298531368587058,1.382797427652733,-51.0,-0.0157089349958109,100.29735875459156,51.34568751309763,3.471891559788035,5.532933320191217,27.931741696766803,72.0682583032332,0.735996822678131,5.424777375411849,-0.6656189466759277,-101.08441420369977,17.39575513546714,0.422981124868318,-0.0290853464624734,-0.1597886534865612,0.6665555175325564,1.798038321810791,0.1461485333306627,2.7098853698422354,1.983443747234279,0.6087469152289839,-0.0549605069231229,True,True,False,False,False,False,False,False,False,False,False,False,False,False,False,False,False,False,False,False,False,False,False,False,False,False,False,False,False,False,False,False,False,False,False,False,False,False,False,False,False,False,False,False,False,False,False,False,False,False,False,False,False,False,11,True,-0.5680046391305819,-0.24866930000945806,-0.7326677057252045,0.10558361257044942,0.17297821344943923,-0.3847782541229138,0.05829016965600983,-0.37496249359235534,-0.13382331804933753,0.6732710746519468,0.09495057268617173,0.4123073649453047,-0.4830727878804817,0,Stable,51.752083601166696,76.86135349942498,92.75037819738017,81.69988304464569,60.49494290052675,49.57654484117725,32.23003646538043
76.0,17833.0,25504020.0,2095.0,1010.0,40.99,10135.0,881.0,535.0,DE0007257503,100746,CECONOMY AG,516.0,7072.0,3114.0,233.0,2024.0,60.0,452311.0,9620.0,2550.0,2024-09-30,255040.0,-585.0,247.0,881.0,516.0,22442.0,648.0,3923.0,DEU,2219.0,2135.0,88.2,193.0,5399.0,84.1,0.0,22442.0,25.0,838.0,6455.0,2.2989639861864823,14.728682170542635,1.038231886641119,3.9256750735228585,0.3386507441404509,3.9256750735228585,20.53738525978077,8.923783990808118,0.9127545248868778,0.4724264705882353,0.1428167420814479,0.1428167420814479,-6.087814504193389,4.060077519379845,5.096899224806202,5.091267883571781,94.9185989146522,0.9433198380566802,1.8388195232690123,25.949679329057723,2.214306857424765,547.4993900951451,10.511475409836066,34.72395508421709,9.887710542732377,,5.726718047527296,31.03108041440553,0.8599946528829873,0.2978395061728395,645.0,2.87407539434988,23.031026252983292,359.656652360515,19.64147286821705,0.3747437839764727,116.05263157894736,-16.05263157894737,0.8991997122560935,5.189413596263615,-0.9065635198839628,-22.10144927536232,9.659090909090915,-0.1293155919597767,0.5199528004209663,-0.0818255358753213,0.1104800583895444,0.5056311095623184,2.111812598476302,8.268376911692156,3.204628345461767,0.7194935357172964,0.1292610913086887,False,False,False,False,False,False,False,False,False,False,False,False,False,False,False,True,True,False,False,False,False,False,False,False,False,False,False,False,False,False,False,False,False,False,False,False,True,False,False,False,False,False,False,False,False,False,True,False,False,False,False,False,False,False,11,True,-0.3634141812388579,0.9396344789238502,-0.16067984175243308,0.23793258139848517,-0.05722767555626772,0.03883742183016398,0.8513891413876473,-0.5012971965635402,0.7903043179191019,0.4672696901089007,-0.43888389228395025,0.7124367531746238,-0.2372235654304,0,Stable,19.7989287470275,83.42034498699469,91.06750772664587,92.15020748700508,49.287022419055255,55.58093711199811,20.432623246860203
-78.0,6835.0,30202030.0,1496.0,781.0,12.3985,9496.0,691.0,902.0,DE0007297004,100764,SUEDZUCKER AG,3271.0,2777.0,2843.0,317.0,2024.0,,311314.0,5470.0,3020.0,2025-02-28,302020.0,-118.0,89.0,691.0,3271.0,9694.0,374.0,1304.0,DEU,3397.0,1258.0,40.826,574.0,2060.0,62.0,155.0,9694.0,30.0,906.0,5027.0,3.3382476832350463,-2.3845918679302964,3.2700639570868577,7.128120486899113,-0.8046214153084381,7.128120486899113,29.492469568805447,6.6498846234529045,1.8102268635217864,0.7864602088584803,0.2812387468491177,0.337054375225063,23.69418702611626,0.457352491592785,0.7331091409354937,34.44608256107835,57.60320134793597,3.561797752808989,2.340086830680174,25.25273799494524,1.0208508845829822,781.8687744485221,7.705882352941177,47.36641221374046,35.04229420259954,4.3084444444444445,2.4041505451987337,21.472198820556024,5.921188363936455,1.53475935828877,332.0,3.424798844646173,63.35540838852097,285.80441640378547,2.9030877407520634,0.6395708685785022,,,-5.782874914957725,-7.608484140883442,-24.688695863451397,-37.00189753320683,5.128205128205132,0.0675651049853174,0.0468747747797639,-0.0381167886461783,-0.0701588319323204,2.829981862401547,0.1917582782079355,9.540859309182814,2.6371955641273246,0.0074100469547559,-0.3620852851218758,False,False,False,False,False,False,False,False,False,False,False,False,False,False,False,False,False,False,False,False,False,False,False,False,False,False,False,False,False,False,False,False,False,False,False,False,False,False,False,False,False,False,False,False,False,False,False,False,False,False,False,False,False,False,12,True,-0.9005378838582889,-0.763911314696283,-0.2827453114713547,0.09687027218960423,-0.5956475598046319,-0.09217705720244389,-0.4109836883044031,0.2959425477361706,-0.32248479647654116,-0.751497947439894,-0.9579821028321749,-0.29816487036719846,-0.24058203305070433,0,Stable,39.46664879802139,61.58555711258632,94.3885642045071,90.80299553174615,47.59418149230461,47.7476757286269,25.024493086096506
5135.0,15916.0,55105010.0,14772.0,11941.0,20.985,98440.0,8686.0,3898.0,DE0007037129,100953,RWE AKTIENGESELLSCHAFT,31549.0,27575.0,2560.0,6791.0,2024.0,1863.0,221122.0,64817.0,5510.0,2024-12-31,551050.0,1116.0,1082.0,8686.0,31549.0,24224.0,1895.0,2983.0,DEU,37447.0,7911.0,813.332,9377.0,4911.0,26.0,6851.0,24224.0,55.0,6620.0,35022.0,6.898618447785452,16.276268661447272,28.03418097754293,35.85700132100396,21.197985468956407,35.85700132100396,34.29656538969617,14.660737030720409,1.2700634632819583,1.1772257479601087,0.4330371713508613,0.6814868540344515,7.565014221861032,0.4682240324574471,0.5917778693460966,32.04896383583909,65.84416903697684,6.27634011090573,0.7746949113516003,18.96586753352296,0.2460788297440065,1154.3483440552775,3.062065478447731,119.2005861955086,154.5863606340819,3.252853498052908,6.2171875,20.166598943518892,38.70954425363277,4.948284960422163,-2757.0,-11.381274768824309,141.6465256797583,97.48196141952585,3.120225680687185,0.1073315719947159,15.838987341772151,84.16101265822785,-15.199887978715951,-7.562867391590133,4.221504842314361,202.63446761800225,82.21919937815781,1.6612269284570662,-0.2718361737168547,2.317357242012068,-0.9512590599829768,11.741637627714423,1.4377917055857417,6.7249085737505085,3.678125398525585,0.2201878059582597,0.0674177881836301,True,True,False,False,False,False,False,False,False,False,False,False,False,False,False,False,False,False,False,False,False,False,False,False,False,False,True,False,False,False,True,True,True,False,False,False,False,False,False,False,False,False,False,False,False,False,False,True,False,False,False,False,False,False,11,True,-0.33086898806369214,-0.9624293653254349,0.2954142731637268,0.6467656621960635,0.8670261558342147,-0.17685444506639716,-1.1323060616103193,0.18100658327594268,-0.843018618361535,-1.1233990545926222,-0.5267040039882915,0.90266938790242,1.6352214320983947,0,Stable,12.129588133021125,30.28571973492285,86.61745783623118,90.15533604306884,81.01370483688746,52.648768049502515,9.394693213446878
99.6,1830.3,50201040.0,2102.9,286.1,16.12,6851.5,516.9,136.2,DE0005501357,101059,AXEL SPRINGER SE,2127.6,1487.6,26.5,225.6,2019.0,,511110.0,4368.5,5020.0,2019-12-31,502010.0,65.1,20.9,516.9,2127.6,3112.1,291.3,290.5,DEU,548.6,897.1,125.2,249.2,2711.0,76.1,0.0,3112.1,50.0,465.5,1300.6,3.292709625629424,4.681331077270164,7.249124385463192,16.609363452331223,3.200411297837473,16.609363452331223,41.18762250570354,5.332702990190285,0.8742941650981446,0.8564802366227481,0.1923232051626781,0.1923232051626781,-2.729329343939284,0.9883906749388984,1.052406467381087,31.05305407574984,63.759760636357,10.794258373205745,3.7782936738247246,32.680434941253736,0.4542217032766547,193.05831265508684,3.469066993646193,105.21561003823786,17.627968252948172,,69.06792452830189,17.269211121652194,8.0074547733042,0.8554754548575351,216.3,6.950290800424151,53.53383458646617,206.3386524822695,3.220295168264712,2.445294174351724,125.70281124497993,-25.702811244979927,-2.1567579463640074,5.749344034573234,-1.4067278287461793,-36.457109283196246,10.608078118064787,0.0511118990090369,0.0767202631671677,0.981810769058988,0.1032727417032899,1.858738497540956,0.1992840052609719,6.794132671677734,1.2081166088195965,0.0026465218894213,0.1705020432594468,False,False,False,False,False,False,False,False,False,False,False,False,False,False,False,False,False,False,False,False,False,False,False,False,False,False,False,False,True,False,False,False,False,False,False,False,False,False,False,False,False,False,False,False,False,False,False,False,False,False,False,False,False,False,6,True,-0.6072623815566671,-0.6557861065184352,-0.6682983671319872,0.08175972415652186,-0.12873103896192584,0.03770827855864091,-0.49774863996263313,-0.23629729210902412,0.2938136521172423,-0.6357663575471951,0.018060584000256556,-0.7393951707576766,0.10461293937129522,0,Stable,45.84882128269523,80.93030419453726,94.38863439627923,71.76464634303824,53.79278786143048,49.16887004166006,30.479074142258682
6260.0,58576.0,25102010.0,0.0,13436.0,87.736,73447.0,6281.0,0.0,DE0006757008,101120,AUDI AG,33839.0,24380.0,7966.0,6281.0,2023.0,,336111.0,39608.0,2510.0,2023-12-31,251020.0,-4312.0,39.6845,6281.0,33839.0,69865.0,0.0,4148.0,DEU,0.0,5598.0,88.2,3251.0,3711.0,4024.0,0.0,69865.0,25.0,11135.0,38217.0,8.55174479556687,18.499364638434944,8.99019537679811,8.99019537679811,8.960137407858012,8.99019537679811,16.158305303084518,18.56142320990573,1.5675553732567675,1.2408121410992616,0.5511074651353568,0.5511074651353568,18.839435239015888,0.0,0.0,46.07267825779133,53.92732174220867,158.27338129496405,-2.1391498169081355,0.0,0.9512301387394992,796.3093826935351,12.48035012504466,29.245974379159808,0.0,5.049143600491436,7.353251318101933,25.915285852383352,4.653259858298147,,7884.0,11.28462033922565,29.19622810956444,177.28068778856868,2.1704837613404653,5.759679381664639,1.4089456869009584,98.59105431309904,13.136203909121823,3.721120714003279,-0.2954679758170764,5.99623554719011,25.52123552123553,0.0229368033397053,-0.0097981556039968,-0.2419078081522646,0.8480422293589029,2.0839654010299893,0.0343645372814904,15.160591991504075,2.5819153264695776,0.0011104428507367,-0.1208979298136653,True,True,False,False,False,False,False,False,False,False,False,False,False,False,False,False,False,False,False,True,False,False,False,False,False,False,False,False,False,False,False,False,True,False,False,False,False,False,False,False,False,False,False,False,False,False,False,False,False,False,False,False,False,False,10,True,-0.2760893046237151,-0.4458933118527584,-0.7461911509517107,0.15272539584488112,0.1499552386532752,-0.21746096236168352,-0.41173441951169265,-0.1575613331038034,-0.21630479437568711,-0.8094917585124023,-0.09912132730624809,-0.949340461572839,-0.4335778301898984,0,Stable,42.086497710421284,58.38103816761118,94.64179970330188,89.78144702719572,54.02128189408941,49.21361358062206,25.59175480931019
120.931,1061.984,55101010.0,0.0,1.247,0.459,1736.552,32.615,0.0,DE0006458003,101148,LECHWERKE AG,553.362,1053.733,3.785,19.4,2024.0,,2211.0,1183.19,5510.0,2024-12-31,551010.0,-165.813,38.363,32.615,553.362,1175.02,13.215,57.081,DEU,168.989,179.089,99.245,151.34750000000005,4911.0,84.1,0.0,1175.02,55.0,110.958,191.879,1.1171562959243373,21.85386781166759,1.6510357270514544,2.775697434937278,10.291824820003065,2.775697434937278,9.619921363040634,3.505842468402239,0.1820945154038072,0.1785025238841338,0.0011834117371288,0.0011834117371288,-49.6301867148234,0.0,0.0,31.86555887759192,68.13444112240809,0.505695592106978,-0.0382339414379886,0.0,0.6766396859984614,2559.9564270152505,6.561095321320684,55.63095521778353,14.38179775663393,,280.5770145310436,10.384716380505738,12.88041905669691,11.452705259175184,-40.38950000000003,-3.4373457473064315,136.40071017862616,571.9484536082475,3.138184407313838,7.157324981702439,82.06745995650412,17.932540043495877,-19.977662229758952,-2.234437781810017,20.15706806282722,-168.9328839015233,0.0,-0.6126584818850448,-0.00188254562099,0.1352476680117348,0.0150127579201238,2.6375583772359263,0.0075210937117771,6.389558158926424,2.7573588633657264,0.5935064248640239,-0.0876015555259898,False,False,False,False,False,False,False,False,False,False,False,False,False,False,False,False,False,False,False,False,False,False,False,True,False,False,False,False,True,False,False,True,False,False,False,True,False,False,False,False,False,False,False,False,False,False,False,False,False,False,False,False,False,False,11,True,-1.0738829991938692,-0.4666206875487556,-0.1528450435114702,-0.16628410080806524,-0.36113937976934113,0.056119882591802506,-0.09222590722763732,-0.07644189742674479,-0.06636559738025369,0.7832486865416761,-0.38256878884630874,0.8856676216038872,-0.15033740137534748,0,Stable,41.56718669958862,50.63312683743799,97.71248228415998,92.16265947809994,61.598680712417064,48.59679985778989,24.22184370545115
117.2,2615.8,55103010.0,319.5,26.2,1.842,2996.6,103.0,97.5,DE0007760001,101161,GELSENWASSER AG,1046.7,866.7,73.7,40.3,2024.0,21.9,221310.0,1948.7,5510.0,2024-12-31,551030.0,-39.9,24.0,103.0,1046.7,2980.4,62.7,175.4,DEU,1020.8,403.9,88.2,93.7,4941.0,84.1,0.0,2980.4,55.0,127.7,868.8,1.3448575051725289,11.19709563389701,1.3521674942960675,3.4559119581264257,3.9323580727419136,3.4559119581264257,12.23325728090189,2.949787732396428,1.002422983731395,0.9173877927772008,0.030229606553594,0.030229606553594,0.0700794233464563,0.3052450558899398,0.3983949555746632,34.9295868651138,65.0303677501168,1.6791666666666665,3.7941747572815534,13.915771207368351,0.9945938730561305,1618.0238870792616,7.379054221341917,49.4643336464904,34.250436183062675,1419.2380952381568,35.492537313432834,14.35293332443436,3.1438733055965646,1.4944178628389155,34.0,1.1407864716145484,73.37509788566953,316.87344913151367,2.862902455335817,2.821768890081868,75.25597269624573,24.744027303754265,-26.77329795336724,-24.205787130716303,5.61926605504588,-17.07317073170732,14.129110840438509,-0.450266599825841,0.0426313765401112,-0.3535146911828962,-0.848685611359465,1.763618955958961,0.1565532340592288,4.261496362544217,2.509043149246491,0.7170057433575504,0.0483776114748627,False,False,False,False,False,False,False,False,False,False,False,False,False,False,False,False,False,False,False,False,False,False,False,True,False,False,False,True,False,False,False,False,False,False,False,False,False,False,False,False,False,False,False,False,False,False,False,False,False,False,False,False,False,False,11,True,-1.5824751336499006,-0.8115208711935928,0.21309988789851048,-0.06788334200353208,-0.7179446515877104,0.2453951002268937,-0.18217668746611992,0.5994516281958745,0.3083826247776337,1.3662703641961822,-0.8578336252901994,1.286169379492001,0.29964321106239467,0,Stable,20.72774272601311,25.024110154182424,96.84912902942742,88.72652028002472,50.14136656346872,47.95763875580527,12.044713613532606
118.1,1359.5,20106020.0,37.5,369.3,12.3985,2867.9,334.1,20.8,DE0006292030,101390,KSB SE & CO KGAA,1092.5,983.0,764.8,243.2,2024.0,1.3,3339.0,1532.5,2010.0,2024-12-31,201060.0,-88.8,20.5,334.1,1092.5,2967.4,90.9,1026.1,DEU,667.8,784.8,46.635,135.0,3560.0,69.0,0.0,2967.4,20.0,268.6,1938.0,8.480072526936084,10.810068649885585,8.195726898968795,11.259014625598168,3.979915077171935,11.259014625598168,54.18548224034508,21.522123893805308,1.9715157680569684,1.1934893184130213,0.3756866734486266,0.3756866734486266,33.299626904703786,0.034324942791762,0.0533638443935926,38.0940758045957,53.4363122842498,11.86341463414634,-0.9308590242442382,2.0328463335541684,1.0346943756755815,239.335403476227,3.7810907237512743,96.53299184471253,22.504549437217765,3.1072251308900523,1.7775889121338913,40.24198891174727,4.549437217766394,1.4851485148514851,133.60000000000002,4.5022578688414105,50.26061057334326,110.44407894736842,2.6250800915331807,2.325267911302824,39.48772226926334,60.51227773073666,5.1916253655244216,7.419266998998819,-22.69297917446067,-23.149048279194417,26.806999746386005,0.4410495948978004,-0.0254726661718426,0.0761367963629715,0.2430585178199154,1.8354355116224008,0.0972205220403542,9.365737996443393,3.0125366934278937,0.635168979838396,-0.3195692048150439,False,False,False,False,False,False,False,False,False,False,False,False,False,False,False,False,False,False,False,False,False,False,False,False,False,False,False,False,False,False,False,False,False,False,False,False,False,False,False,False,False,False,False,False,False,False,False,False,False,False,False,False,False,False,11,True,-0.4254203038851954,-0.08832362154968805,-0.8257488100713837,0.13172140238308025,0.3529436086519101,-0.7419722283532121,0.20630239741597242,-0.2994754470013073,-0.5834299534604809,0.5726194106187894,-0.1522022256967515,0.3949886233602873,-0.7359622134605798,0,Stable,41.839143605750166,62.4504125637027,92.66956758454918,93.6997570177302,50.67490824157629,49.76703915517268,26.103219326855474
-54.3,8464.8,35102010.0,160.2,1909.4,6.808,5102.1,142.1,31.7,DE000CLS1001,101768,MCKESSON EUROPE AG,2492.6,2277.8,583.2,69.0,2021.0,,424210.0,2582.3,3510.0,2022-03-31,351020.0,48.5,16.0,142.1,2492.6,9257.1,73.1,447.8,DEU,352.9,978.5,88.2,28.4,5122.0,90.4,0.0,9257.1,35.0,0.9,4150.0,1.3523843123419768,-2.178448206691808,0.745373821175098,1.5350379708548032,-0.5865767897073597,1.5350379708548032,8.558835920536682,2.60102533172497,1.8219334445517603,1.565896918078848,0.8382649925366582,0.8382649925366582,36.69469434154563,0.0642702399101339,0.0769878841370456,48.85439328903784,50.61249289508242,4.3125,-12.08655876143561,3.761196370122106,1.8143705533015817,1359.7385428907169,9.460500766479305,38.58146719815061,3.812209007140465,4.94450379232988,14.514403292181068,56.60218341467239,0.3067915437880113,0.3885088919288645,-27.5,-0.2970692765552926,3155.555555555555,1.3043478260869563,2.046898820508706,0.9765477309308532,,,-44.7274616225124,-27.60206036354348,-67.87466968667421,-110.4881769641495,-71.68494516450647,-0.1918323671877828,-0.0202858681057181,-0.0373850919168356,-0.0029209578354072,0.6099293688920165,0.2438370500113073,0.0176397953783736,1.842429168166284,0.593520782858094,0.7031971053714129,False,False,False,False,False,False,False,False,False,False,False,False,False,False,False,False,False,False,False,False,True,False,False,False,False,False,False,False,False,False,False,False,False,False,True,False,False,False,False,False,True,False,True,False,False,False,False,False,False,False,False,False,False,False,8,True,1.3549996143655654,-2.1130111146485464,-0.4695318318690649,0.09631821573040614,-4.154594978412131,3.1801235107778423,-0.5446328620196427,0.5246035363513577,0.8798024462779152,4.436663961755667,-2.3859335204145045,1.1207609925707593,4.737081789706436,0,Stable,0.587663613242462,11.454050793848108,95.66024226532286,79.59691033298824,38.16244197963706,50.1514577329893,1.9531730643742011
170.43,1073.407,20106020.0,39.285,137.938,7.498,2544.259,307.915,35.149,DE0005878003,101937,DMG MORI AG,1419.503,964.615,714.117,237.066,2024.0,4.81,3335.0,1094.563,2010.0,2024-12-31,201060.0,-176.324,12.437,307.915,1419.503,2235.785,70.849,662.307,DEU,456.516,709.185,88.2,37.147,3540.0,85.737,1.774,2235.785,20.0,171.974,1642.446,9.317683459113244,12.006314886266532,10.603255679772433,13.772120306737904,7.622825987293054,13.772120306737904,51.98970384003828,16.25088772323326,1.7026958942168635,0.9623829196104144,0.1429979836515086,0.1448370593449199,26.641587982984436,0.0276751792704911,0.0524366626910968,55.79239377752029,43.0208952783502,19.06134919996784,-0.2062387347157494,2.92556693324068,0.8787568404002893,298.18418244865296,3.152611800870013,115.77702015175878,20.41860017846081,3.298440171665209,1.503124838086756,33.29547031178822,1.661474605116324,0.5243122697568067,134.827,6.0304099007731065,21.60035819368044,72.54266744282182,1.7923590157963738,3.834760497990639,51.751452209118106,48.24854779088189,-10.989016676433872,-8.07479290932811,-0.2262142381902809,12.482376006340456,-47.39353943324883,0.1674330152457275,0.0003455489000788,-0.2301677019405922,0.4936669070791427,1.8554738142197376,0.0158563811697968,6.759296125119336,2.103300434638087,0.0895705462111298,0.3422155868631784,False,False,False,False,False,False,False,False,False,False,False,False,False,False,False,False,False,False,False,False,False,False,False,False,False,False,False,False,False,False,False,False,False,False,False,False,False,False,False,False,False,False,False,False,False,False,False,False,False,False,False,False,False,False,11,True,-0.96760130298546,-1.012945331433679,0.11958870661871086,-0.321244134307425,-1.2470515144566912,0.2427906589287098,-0.3851072763010605,-0.18064425582982588,0.6233353545092688,-0.2036385389441819,-0.122551424921157,-0.23576408633424847,0.521161326489581,0,Stable,34.389297101777636,43.63653982580065,93.96021116302181,83.31980928369157,55.38987465696543,47.340649068909585,20.301199814581153
2007.0,10009.0,30301010.0,2642.0,3488.0,47.15,35267.0,3673.0,1647.0,DE0006048432,101942,HENKEL AG & CO KGAA,21732.0,9089.0,2568.0,3018.0,2024.0,473.0,3256.0,13445.0,3030.0,2024-12-31,303010.0,171.0,113.0,3673.0,21732.0,21586.0,655.0,7259.0,DEU,3802.0,4144.0,850.368,626.0,2840.0,634.0,599.0,21586.0,30.0,3120.0,11031.0,8.55757507017892,9.235229155162894,13.98128416566293,17.015658297044382,9.297692949133696,17.015658297044382,53.63198369313445,12.382046442930992,1.2136648696226209,0.9311255363626362,0.383760589723842,0.4496644295302013,5.506564210168146,0.1215718755751886,0.197358733664642,61.62134573397226,38.12345819037628,26.707964601769916,0.2180778655050367,12.161510760767856,0.6120736098902657,457.8154825026512,5.208976833976834,70.07134253682942,17.613267858797368,11.115345005149331,3.897585669781932,21.64062721524371,2.90002779579357,0.9557251908396946,2494.0,11.553784860557768,20.06410256410257,103.37972166998011,1.6228142830848518,2.9370888538867783,42.37010463378177,57.62989536621823,0.3346657990145996,11.154185577407972,-1.2565445026178068,-5.780128447298827,2.960526315789469,-0.4888991048820371,0.000863179950309,-0.0340206039235955,-0.0389909689786958,2.383246050438567,0.0606688304581914,8.846797289250574,2.060570200843216,0.4629066347167239,-0.4927676257901252,False,True,False,False,False,False,False,False,False,False,False,False,False,False,False,False,False,False,False,False,False,False,False,False,False,False,False,False,False,False,False,False,True,False,False,False,False,False,False,False,False,False,False,False,False,False,False,False,False,False,False,False,False,False,11,True,-0.49511425915999413,-0.18250832333708636,-0.8198713724185851,0.1660007616656364,0.02064893267683403,-0.44301940554757596,0.2197796188356798,-0.33428261003992543,-0.8402048812037289,0.028670049149142996,-0.19592288012343367,0.4025587344971943,-0.8652064190346987,0,Stable,43.58889389309204,68.16645140533612,97.10770075606553,82.85820136925696,51.47744147715161,48.83504771973742,27.660525268037233
281.6,4269.0,25203020.0,1366.4,368.2,19.599,7140.6,967.5,352.2,DE0006969603,102175,PUMA SE,2827.7,2870.9,2013.7,597.3,2024.0,,316210.0,4312.0,2520.0,2024-12-31,252030.0,-697.8,127.4,967.5,2827.7,8817.2,370.2,5.4,DEU,1882.5,1505.3,90.8,263.0,3021.0,92.0,0.0,8817.2,25.0,694.8,4305.2,8.364843290479792,9.95862361636666,6.774259402077757,10.972871206278636,3.1937576554915394,10.972871206278636,51.5832690650093,14.241434395937148,1.4995994287505658,0.7981817548503953,0.128252464383991,0.128252464383991,20.086547348962267,0.4832195777487004,0.6077731018141954,39.60031369912892,60.38708231801249,4.688383045525902,1.395762273901809,24.068005489734755,1.2347981962300087,449.8800959232614,5.857437055736399,62.31394320192351,21.35031529283673,6.147388970229382,2.119978149674728,26.237290983950928,2.9828063330762595,0.7104267963263101,431.8,4.897246291339654,37.85261945883708,116.3234555499749,2.5252325211302478,1.043415143129338,32.24431818181818,67.75568181818181,2.505318716067761,7.5326787542919105,4.914083828488836,22.253680634201565,-12.450066577896134,0.391754667762913,0.0851279479341244,0.0890741282308195,0.4699662139863713,1.9389715021338012,0.3132387100712752,9.730274766826316,3.671225203856146,0.4490329312309677,-0.0529610104776677,False,False,False,False,False,False,False,False,False,False,False,False,False,False,False,False,False,False,False,False,False,False,False,False,False,False,False,False,False,False,False,False,False,False,False,False,False,False,False,False,False,False,False,False,False,False,False,False,False,False,False,False,False,False,11,True,-0.41628670346669666,-0.27767457052412914,-0.4090085934420908,-0.2557198198615511,-0.16155345643172273,-0.3991345204229388,0.08625203332024356,-0.5111990965908035,-0.26285716300947976,0.26983824214263336,0.15189566341689031,0.07009759126070436,-0.35173875861369996,0,Stable,61.818609450905605,73.39565792159937,92.79797193620497,88.89474482265307,79.83645229856019,50.066402613856994,35.73679246860215
124.408,1724.047,35101010.0,286.928,230.599,15.444,3093.435,298.517,108.652,DE0005550636,102218,DRAEGERWERK AG,1535.15,978.482,662.585,164.141,2024.0,,339112.0,1556.639,3510.0,2024-12-31,351010.0,-161.385,18.744,298.517,1535.15,3370.88,134.376,1014.549,DEU,507.144,913.964,37.473,59.895,3841.0,333.066,0.0,3370.88,35.0,167.308,1884.764,5.306107935030152,8.103963782040841,4.869381289158914,8.855758733624453,3.6906683121321433,8.855758733624453,48.85469076324284,9.008450790800392,1.926212234869931,1.2490561911205316,0.2356701502940268,0.2356701502940268,29.296946598199085,0.1869055141191414,0.2576816597726606,49.62606293650909,50.32072760539658,8.756988903115664,0.552668692235283,12.78772626546218,1.0896883238212538,218.26469826469827,3.688197784595455,98.96432385608506,15.0448547560281,3.7194603887090336,2.602001252669469,36.999743004136185,1.7768357224226317,0.4457269155206287,107.41299999999998,3.1864972944750325,35.79924450713654,101.92943871427612,2.0150701885809204,9.88068397569774,30.12105330846891,69.8789466915311,-0.0777826260173308,-0.0359987836676678,1.799485861182526,-13.79996629456942,-7.950144464252773,-0.0983457186356176,-0.0039105547091338,-0.1583615169412101,0.0719328068672084,3.781958291545897,0.0514718493757696,5.408486035749903,5.268129800927575,0.0074382390477104,0.5193124570410924,False,False,False,False,False,False,False,False,False,False,False,False,False,False,False,False,False,False,False,False,False,False,False,False,False,False,False,False,False,False,False,False,False,False,False,False,False,False,False,False,False,False,False,False,False,False,False,False,False,False,False,False,False,False,11,True,-0.40973632295526735,-0.6572509193911782,0.062052897272883004,-0.6176720458924642,-0.38272598519931694,-0.08261174981449304,-0.6477219916174527,-0.3641726178764921,0.677536763749011,-0.3345362072151111,0.13275721569239526,-1.1087328189620136,0.6061676740529259,0,Stable,37.61180635868742,85.0871048433475,95.22221473951113,68.48420902131195,42.83218497457932,49.363440176425954,27.807788269977095
213.468,1280.106,25203010.0,1007.369,210.622,18.623,3782.421,728.223,395.753,DE000A1PHFF7,102250,HUGO BOSS AG,1426.972,1204.131,1071.561,360.821,2024.0,2.623,315.0,2332.31,2520.0,2024-12-31,252030.0,-404.728,56.231,728.223,1426.972,4307.349,367.402,2289.476,DEU,1544.336,408.737,96.623,228.584,2300.0,89.968,0.0,4307.349,25.0,785.511,1852.58,9.53941932957754,14.959508665902344,8.37686939228746,16.906524175310615,4.955902110555703,16.906524175310615,70.28088506410788,14.82212229100196,1.5385203104977778,0.6486163050365782,0.1749161843686442,0.1749161843686442,17.14375528266155,0.7059486801422873,0.9832862873272916,37.7264191373726,61.66182981746348,6.416762995500703,1.637547839054795,37.09587060774039,1.138780955372234,231.29189711646887,10.53819204035847,34.63592223430235,35.85351453991771,6.642540893732585,1.1946179452219707,16.374671143164658,5.306837221687864,0.6221631890953234,556.9269999999999,12.929692950350663,29.10003806439375,217.70102072772923,2.650662381602442,2.0887093198159703,45.26345869170087,54.73654130829913,2.6180124689723083,8.9511465241338,-0.613726118048874,285.02226093689507,-8.197353360509252,-1.0818589936119924,0.1120279077727786,0.0426896416319978,-0.0728124900860485,6.533374248348302,0.5095922736971833,20.767413251988607,5.745558804631129,0.3016191640118827,0.2973842866180331,False,False,False,False,False,False,False,False,False,False,False,False,False,False,False,False,False,False,False,False,False,False,False,False,False,False,False,False,False,False,False,False,False,False,False,False,False,False,False,False,False,False,False,False,False,False,False,False,False,False,False,False,False,False,11,True,-0.15669073174188639,-0.2981923368608639,-0.19744919040503198,-0.6082118406460674,-0.08557953145008475,-0.47387582516157306,-0.09148808097369668,-0.494675238890323,0.04028171905498591,0.11962449696350194,0.353279467528855,-0.6353063771590004,0.3246379791998983,0,Stable,48.07279016364507,68.9754593398944,98.27063677233043,63.2109505025788,70.48597576785863,51.02682234542089,29.575434966442188
-352.2,6847.8,15104050.0,465.4,1002.2,23.868,10465.3,382.6,1290.1,DE0006202005,102259,SALZGITTER AG,4441.4,3531.7,2740.9,63.5,2024.0,,331110.0,6016.5,1510.0,2024-12-31,151040.0,331.9,93.6,382.6,4441.4,10011.7,319.1,2072.8,DEU,1899.3,1730.5,88.2,968.7,3312.0,82.0,0.0,10011.7,15.0,408.4,5473.6,0.6067671256437943,-7.929932003422345,0.6342579182356642,3.82152881129079,-3.5178840756315117,3.82152881129079,31.60202563001289,1.2941224423249371,1.54984851487952,0.7737633434323414,0.2837726873743523,0.2837726873743523,18.55560757933361,0.1047867789435763,0.3952582519025532,42.43929939896611,57.48999073127384,0.6784188034188035,1.9688970203868268,16.774483292404422,0.9566567609146418,419.46120328473273,5.785437734758741,63.08943536062806,18.97080415913381,5.155620783768473,2.4983764456930206,26.112008255855063,9.675679455037606,3.0357254779066123,-560.3000000000001,-5.59645215098335,237.19392752203728,643.1496062992126,2.3563065700004504,0.819041721186212,,,-7.2174598026041314,-0.3494572462388157,-2.7819640747831054,-499.6433666191155,28.85075818036713,0.2299054776241523,0.0123509298166865,0.3592349914175178,-0.3797672340089985,3.2800788438299886,0.0854288424260305,3.902420379731111,2.275773515453363,0.0540409228061145,-0.3859980721716331,False,False,False,False,False,False,False,False,False,False,False,False,False,False,False,False,False,False,False,False,False,False,False,False,False,False,False,False,False,False,False,False,False,False,True,True,False,False,False,False,False,False,False,True,False,False,False,False,False,False,False,False,False,False,11,True,-0.8518436355657306,-0.5463905151991767,-0.48309452329585495,-0.024164537599657678,-0.22325281815169068,-0.3963699036840844,0.5108713903878224,1.7134970980661832,0.27774502443902604,-0.886830751385283,0.2719669792884844,-0.48433119418435794,-0.6576358388965827,0,Stable,17.42573066393871,58.058873428106764,93.66281467707029,86.01972275496776,49.69591824430468,49.4495282468763,15.6791232797915
-70.1,932.7,20106020.0,266.2,137.7,5.612,1422.7,8.9,116.8,DE0007193500,102365,KOENIG & BAUER AG,330.4,606.5,382.7,-37.8,2024.0,,333248.0,1091.5,2010.0,2024-12-31,201060.0,1.3,26.0,8.9,330.4,1274.4,46.7,278.0,DEU,229.1,359.9,88.2,43.1,3555.0,54.5,4.0,1274.4,20.0,73.4,890.0,-2.656919940957334,-21.21670702179177,-2.966101694915254,0.6983678593848085,-5.500627746390458,0.6983678593848085,26.81261770244821,-6.335903452899766,1.4674361088211048,0.8364385820280297,0.2270403957131079,0.2336356141797196,19.926899557180008,0.8056900726392252,1.1592009685230025,23.223448372812257,76.72032051732621,-1.4538461538461538,27.56179775280899,26.92064384620792,0.8957615800941872,227.0848182466144,3.540983606557377,103.0787037037037,17.977087256748273,4.495238095238095,2.437157042069506,34.97575033387221,3.381983678593848,0.9229122055674518,30.300000000000004,2.3775894538606406,58.71934604904632,,4.305992736077482,4.276522284996861,,,-3.949351823937286,-0.3083175670940963,-2.246995296986576,-136.07142857142858,-17.432950191570885,-0.4195442744605716,0.0878649621611637,0.1466525081213176,-0.0541028431974802,3.9213757803727134,0.3307502124778461,5.159204329795459,3.1307234661994072,0.1259132280354158,0.2009867182997537,False,False,False,False,False,False,False,False,False,False,False,False,False,False,False,False,False,False,False,False,True,False,False,False,False,False,False,False,False,False,False,False,False,False,False,False,False,False,False,False,False,False,False,False,False,False,False,False,False,False,False,False,False,False,11,True,-0.6214194551354624,-0.7064767915126219,-0.17587203896927228,-0.27854070626724425,-0.5907103455815342,-0.031751989167862586,-0.4188224025021744,-0.3239806844602742,0.36267315722992055,-0.24455914167482498,-0.110694183448283,-0.4423462909155664,0.1406320053002662,0,Stable,54.969805163520405,72.79059540511128,96.50515403219968,95.38624671298653,64.80238314228856,48.95057719532802,32.906511376174855
108.452,1044.456,35101020.0,263.815,160.906,10.079,2097.867,198.021,26.377,DE0007474041,102529,PAUL HARTMANN AG,1148.549,465.595,500.172,108.62,2024.0,15.625,339113.0,901.799,3510.0,2024-12-31,351010.0,-31.748,14.835,198.021,1148.549,2425.8,89.401,795.331,DEU,569.902,427.654,28.4,138.601,3842.0,93.5,0.0,2425.8,35.0,198.663,1094.778,5.177639955249784,9.44252269602777,4.477698078984252,8.163121444471926,4.4707725286503415,8.163121444471926,56.94385357407866,7.690651984899077,2.3513525703669496,1.2770884567059353,0.3455921992289436,0.3455921992289436,29.991558092100213,0.2296941619382368,0.2526596601451048,54.748418274371055,42.98647149700148,7.321873946747556,0.6528903500133825,13.832716754684638,1.156317345189185,240.67863875384464,5.67234259471442,64.34731222689422,23.49336301426333,3.855476069760309,2.088193661380485,28.05516269620524,5.713620248990024,1.5503294146597912,60.06200000000001,2.4759666914007754,69.76689167081942,182.8972564905174,1.8265367868501912,3.8543985489323114,26.18670010695976,73.81329989304024,2.4629459892122174,5.590936522133472,-0.8752950432730056,-48.96245814992947,22.544052766062794,-0.4151692876159462,0.0172691781600313,0.2137738058242551,-0.3895142740665239,2.2819621022878303,0.0876350701066385,9.469761429108708,4.4642434716616926,0.3641046854659698,0.2254932237081222,False,False,False,False,False,False,False,False,False,False,False,False,False,False,False,False,False,False,False,False,False,False,False,False,False,False,False,False,False,False,False,False,False,False,False,False,False,False,False,False,False,False,False,False,False,False,False,False,False,False,False,False,False,False,11,True,-0.339248685442585,-0.2915848188992781,-0.4263850123450831,-0.29142463623154824,0.2506118778032186,-0.38527192367804136,-0.2917646083382116,-0.38759567627796837,0.18632041529736584,0.28623808895975933,0.147020834021653,-0.43059711213682056,0.017890183632189305,0,Stable,57.877857044952144,72.51795824649912,96.73716429557004,78.33738024479354,76.81696657778629,50.19530702458737,34.028836554955724
139.98,516.311,30202010.0,426.798,407.009,4.791,2676.221,356.161,56.737,DE0007074007,102926,KWS SAAT SE & CO KGAA,1601.531,521.392,420.328,253.274,2025.0,,111.0,1074.69,3020.0,2025-06-30,302020.0,-236.849,11.651,356.161,1601.531,1676.628,102.887,464.725,DEU,623.634,603.264,41.25,108.116,100.0,348.951,33.022,1676.628,30.0,226.537,1550.007,9.463867146995709,8.740386542627023,15.106153541513084,21.242696650658345,8.34890029273041,21.242696650658345,69.20539320588705,12.486830292324372,2.972824669346672,2.166659634209961,0.7806199558105993,0.8439542609015864,38.4353534330685,0.2664937487941226,0.3019204748456321,59.84300250240919,40.15699749759082,21.738391554373017,0.2148635027417376,18.06782773171573,0.6264908615544083,349.95366311834687,2.779260821133036,131.32988355198648,37.19572856948589,1.6299859519839783,1.228352619858777,37.74998402598291,6.44841908879012,1.0508227472858571,118.421,7.063045589122931,47.725537108728375,89.44344859717145,1.6710391494139043,20.81266685275446,29.46849549935705,70.53150450064294,-0.0887899420660476,-9.467631769365848,3.746210480727585,-6141.887755102017,-20.53799794208437,0.3430504854413146,0.0244276877275663,0.0026673672731636,0.2807733865456231,2.4249338116019827,0.1866462445362519,8.464809146927701,1.934299544562904,0.2601714579267073,0.0545221028846037,False,False,False,False,False,False,False,False,False,False,False,False,False,False,False,False,False,False,False,False,False,False,False,False,False,False,False,False,False,False,False,False,False,False,False,False,False,True,False,False,False,False,False,True,False,False,False,False,False,False,False,False,False,False,12,True,-0.7954965694859338,-1.096132585123654,0.10564555745212469,-0.31700314113277517,-0.9335667044816895,0.15157985136594987,-1.8942940726479625,-1.1969241447810353,3.8391836080908246,0.3516970242247769,-0.6465948372672855,0.5295782151733454,-3.66916497238026,0,Stable,1.381545349116663,1.825533326886494,93.12604746717489,81.1621820652118,87.13522894775478,46.7740767854076,0.8264481386796392
-1506.0,30188.0,15104050.0,650.0,5879.0,98.12,29333.0,631.0,823.0,DE0007500001,103176,THYSSENKRUPP AG,9583.0,11852.0,8434.0,-139.0,2024.0,,331.0,18975.0,1510.0,2024-09-30,151040.0,-1640.0,65.0,631.0,9583.0,35041.0,770.0,4227.0,DEU,4403.0,5222.0,93.0,1525.0,3390.0,689.0,12.0,35041.0,15.0,1353.0,20918.0,-0.4738690212388777,-15.715329228842744,-0.3966781769926657,1.8007476955566335,-4.297822550726292,1.8007476955566335,13.849490596729549,-1.3583504348675852,1.764934188322646,1.053324333445832,0.4960344245696929,0.497046911913601,30.90716939965227,0.0678284462068245,0.1537096942502347,32.669689428288955,64.6882350935806,-2.1384615384615384,-6.98256735340729,5.021647973272423,1.194593120376368,357.12392988177737,6.710264266564535,54.39428098513171,12.565280671213722,3.865100375027576,3.5793217927436567,37.844748235775405,4.352044747581404,1.9805194805194808,-172.0,-0.4908535715304928,112.71249076127124,,3.060941250130439,1.9662680859564512,,,-6.64695225916454,-11.88909915592803,-1.861353657194853,-146.9945355191257,-10.188457008244988,-0.4866538935409118,-0.3269394328331497,0.1787910301487371,-0.2243098503425337,5.490050618634013,1.4504766397896958,4.612552415368357,4.033652808264548,0.0864331602732358,-0.5552316299129579,False,False,False,False,False,False,False,False,False,False,False,False,False,False,False,False,False,False,False,False,False,False,False,False,False,False,False,False,False,False,False,False,False,False,False,False,False,False,False,False,False,False,False,False,False,False,True,False,False,False,False,False,False,False,11,True,-0.8039628291841575,0.5187617454628362,0.45823886714743783,0.357926198920585,-1.093525187895291,0.49235394870833593,0.28469203352207634,0.3033392112412045,0.15118778071501116,-1.159912841327782,-1.8301449735732807,0.2954356928426296,-0.5200784624465026,0,Stable,16.745209006356777,52.81184823488715,94.31172071604128,84.63059825415735,43.82276281224589,49.74942472201018,14.619860837775784
302.0,2222.0,15101010.0,52.0,153.0,6.781,2610.0,533.0,60.0,DE000A3E5D64,103200,FUCHS SE,1897.0,580.0,567.0,436.0,2024.0,2.0,324191.0,710.0,1510.0,2024-12-31,151010.0,-228.0,9.0,533.0,1897.0,3525.0,97.0,697.0,DEU,813.0,551.0,152.615,83.0,2990.0,79.0,0.0,3525.0,15.0,390.0,1285.0,16.704980842911876,15.919873484449129,12.368794326241137,15.120567375886528,8.567375886524822,15.120567375886528,36.9645390070922,22.370446382760388,2.2155172413793105,1.2379310344827583,0.2637931034482759,0.2637931034482759,27.011494252873565,0.0274117026884554,0.059040590405904,72.68199233716474,27.203065134099617,48.44444444444444,-0.0769230769230769,4.291187739463601,1.3505747126436782,519.8348326205574,6.397459165154265,57.05390070921986,23.06382978723404,5.0,3.9188712522045854,26.97318007662835,2.354609929078014,0.8556701030927835,307.0,8.709219858156029,21.28205128205128,89.44954128440367,1.3758566157090142,2.2411347517730498,50.534768211920536,49.46523178807946,-0.4518497599548143,7.71770532397853,8.115433673469386,-33.26086956521739,0.0,-0.500585552284974,0.0055430427954161,-0.1022746746936124,-0.2368478604337246,1.8049902090443213,0.02818302288002,14.942528735632186,5.175547287786805,0.8460569672791028,-0.2212029198779831,False,False,False,False,False,False,False,False,False,False,False,False,False,False,False,False,False,False,False,True,False,False,False,False,False,False,False,False,False,False,False,False,False,False,False,False,False,False,False,False,False,False,False,False,False,False,False,False,False,False,False,False,False,False,11,True,-0.4043833428957001,0.03691178650360955,-0.3431559612101406,-0.35989593556506916,0.1291040584405988,-0.669198452370841,0.3755263787864427,-0.5215381019516142,-0.5959519136424817,1.156737583053369,0.050170404698574804,0.824399163951879,-0.6452662778330369,0,Stable,33.61992161656674,78.56991145037293,97.16313169881616,69.41059613290086,38.11478067695409,50.18239063212107,25.23345536418264
784.0,13852.0,50201020.0,5832.0,2450.0,74.607,32951.0,2462.0,1125.0,DE0005229900,103255,BERTELSMANN SE & CO KGAA,13532.0,9357.0,883.0,1681.0,2024.0,133.0,515120.0,17301.0,5020.0,2024-12-31,502010.0,-1629.0,286.0,2462.0,13532.0,18988.0,781.0,479.0,DEU,2915.0,5548.0,220.0,396.0,4833.0,84.1,208.0,18988.0,50.0,2172.0,12565.0,5.101514369821857,5.793674253621046,8.852959764061513,12.966083842426796,4.128923530650938,12.966083842426796,27.048662313039816,8.681057632720513,1.342844928930213,1.248477075985893,0.2618360585657796,0.2840654055787111,9.73566811325908,0.4309784215193615,0.5141146911025717,41.06703893660284,52.50523504597736,5.8776223776223775,1.830625507717303,21.11316803738885,0.5762495827137264,254.50694975002347,3.4224945926459984,106.6473562249842,15.351801137560564,5.918952618453865,15.687429218573046,24.27240447937847,2.085527701706341,0.5070422535211268,1776.0,9.353275753107225,18.23204419889503,129.2088042831648,2.435042861365652,0.4429113124078365,28.061224489795915,71.93877551020408,-5.855520848827411,1.0085218564159115,-7.22599418040738,20.48846675712348,-10.20408163265306,-0.1208089383874509,0.0006866197300966,0.0241590038624076,0.04408664795454,1.3599723118676057,0.1245796164849779,6.5916057175806495,1.5427911953834248,0.0868021911186794,-0.6956676548323845,False,False,False,False,False,False,False,False,False,False,False,False,False,False,False,False,False,False,False,False,False,False,False,False,False,False,False,False,False,False,False,False,False,False,False,False,False,False,False,False,False,False,False,False,False,False,False,False,False,False,False,False,False,False,11,True,-0.8621483919839429,-0.5766753133259086,-0.5290282644566958,0.24833174568567407,-0.5940051096666746,-0.09374829108653425,-0.07169701756890756,0.1286631554864405,-0.9218375248784557,-0.8596317507742585,-0.8441258751166254,0.11613789907348401,-0.7391066855161934,0,Stable,34.02735494622925,76.96034760227964,95.32989601405836,75.86520877736278,37.74235114294937,47.315195242365455,25.15499411883365
276.919,2665.788,20106020.0,94.55,442.483,19.788,4749.469,513.295,42.073,DE0006335003,103269,KRONES AG,1921.706,2392.927,664.752,375.33,2024.0,2.973,333993.0,2827.932,2010.0,2024-12-31,201060.0,-114.995,10.421,513.295,1921.706,5352.733,137.965,1587.532,DEU,832.211,1910.958,82.142,120.727,3560.0,219.539,0.0,5352.733,20.0,452.17,3198.498,7.90256763440292,14.410060644031915,7.011932035466742,9.589400405363016,5.173413282523152,9.589400405363016,50.19762801544557,18.615195689436263,1.336646709239354,1.0588480133326257,0.1849128703048609,0.1849128703048609,16.96128556687074,0.0492010744619624,0.0710946419483521,40.46149158990195,59.54206670261454,36.01669705402553,-0.5958756660399965,2.87659525728034,1.1270171465483827,270.50399231857693,2.8010730743428165,130.307203815322,15.547403541331128,6.644644606124104,4.01019929236768,49.55166567041495,2.2554272742541053,0.8750552676403436,331.443,6.192033116540652,26.6994714377336,120.47265073402072,2.47148575276343,4.101437527334166,29.662825591598992,70.33717440840101,12.32308441606813,6.083389973306419,6.887052341597788,1528.9526711554522,2.9435088467277826,-0.1225563235537076,0.0099874834998033,0.0225417132683013,0.2102130245178692,1.9361907124627615,0.0454950650878837,9.520432705213992,3.7945051787778494,0.0440725185317282,0.8244201419566822,False,False,False,False,False,False,False,False,False,False,False,False,False,False,False,False,False,False,False,False,False,False,False,False,False,False,False,False,False,False,False,False,False,False,False,False,False,False,False,False,False,False,False,True,False,False,False,False,False,False,False,False,False,False,11,True,-0.08595888414681237,-0.4645790097776223,-0.4146107478482702,-0.6204102419210547,-0.1480095247399174,-0.6893201072700946,1.2339738890589687,1.6719975802287261,0.7429353159357295,-0.5701409759395206,2.374989594077128,-1.9074101414160545,1.4445205056599053,0,Stable,11.628062976269721,34.68920975859259,95.33562288089244,87.25661635149167,32.73647993672892,52.230556847878596,9.854606654296777
3124.0,7884.0,45103010.0,6720.0,11087.0,109.121,74122.0,9422.0,3433.0,DE0007164600,103487,SAP SE,45440.0,19079.0,0.0,8142.0,2024.0,,513210.0,28314.0,4510.0,2024-12-31,451030.0,-3412.0,545.0,9422.0,45440.0,34176.0,1280.0,10276.0,DEU,4337.0,7828.0,2741.0,797.0,7372.0,6603.0,1478.0,34176.0,45.0,5220.0,21401.0,10.984592968349478,6.875000000000001,23.82373595505618,27.569054307116104,9.140917602996254,27.569054307116104,76.9311797752809,15.609662576687116,1.1217044918496777,1.1217044918496777,0.5811101210755281,0.658577493579328,3.132673160465179,0.1478873239436619,0.2234375,61.30433609454683,38.19918512722269,14.939449541284404,-0.099129696455105,13.697687596125308,0.4610776827392677,313.1936107623648,4.365866121614716,83.60311329588015,12.690191947565545,14.718346253229974,,25.518739375623973,2.3320458801498125,0.62265625,4423.0,12.941830524344567,15.268199233716476,64.1120117907148,1.631205985915493,19.32057584269663,87.74007682458387,12.259923175416134,9.513891114173113,8.468573937221047,1.411683797698915,-20.263205336217773,1.5286624203821653,-0.4645395458999519,-0.0181451128191902,-0.2241374508052263,0.1373582371713566,2.746373490621218,0.1247602609288323,7.042443539030248,1.930148409512513,0.314716034555312,-0.4500436442306867,True,True,False,False,False,False,False,False,False,False,False,False,False,False,False,False,False,False,False,False,False,False,False,False,False,False,False,False,False,False,False,False,True,False,False,False,False,False,False,False,False,False,False,False,False,False,False,False,False,False,False,False,False,False,11,True,-0.3308613387377499,-0.26502183397897994,-0.8496434825241216,0.2253028541094833,-0.03700888207757476,-0.39089697295905806,0.09467414001886926,-0.3487412774863839,-0.7483914070256992,-0.3087195478214084,-0.11585556711317188,-0.011372478680911987,-0.9418885973716267,0,Stable,45.70992770883169,65.58195073197821,96.9770314259433,81.16219267408104,56.553665391391604,48.74921767870327,28.12126369332941
534.523,512.873,50201030.0,2589.29,1.933,3.021,4153.164,1429.175,155.399,DE000KD88880,104357,KABEL DEUTSCHLAND HOLDING AG,-525.588,1763.21,33.858,858.442,2020.0,,515210.0,4678.726,5020.0,2021-03-31,502010.0,-774.186,73.101,1429.175,-525.588,2631.54,570.733,734.662,DEU,3231.179,177.121,88.2,417.469,4841.0,20.234,0.0,2631.54,50.0,1267.322,229.793,20.669590702413878,-101.7000007610524,32.62127879492617,54.30945377991594,20.312174620184383,54.30945377991594,80.51053755595584,41.597187966092,0.1303265067689044,0.1111240294689798,0.0010962959602089,0.0010962959602089,-36.92165780113668,-4.926463313469866,-5.222130261725915,-12.655122696816209,112.65449666808244,11.743231966730962,1.919118372487624,66.08669920089841,0.6336229438567801,871.082423038729,14.857300941164514,24.567046292285127,122.7866192419648,,15.147764191623844,4.3112672651501365,15.864056788040465,0.7314611210495977,849.8529999999998,32.29489196440107,32.94103629543242,147.63047474377998,,0.7689033797700207,16.50069314136155,83.49930685863845,3.383981481917986,-1.4404597396735608,-5.059710873664358,35.373472404521245,-2.201622519426427,1.0855360562517546,-0.5214025199937786,-1.3064711510114162,1.6733753246814624,3.706332917775791,1.418678577261145,30.51461488156981,3.647120511028113,0.5146961303863442,0.3530826581344067,False,False,False,True,False,False,False,False,False,False,False,False,False,False,False,True,True,False,False,False,False,False,False,False,False,False,False,False,False,False,False,False,False,False,False,False,False,False,False,False,False,False,False,False,False,False,True,True,False,False,False,False,False,False,8,True,0.2965464249631545,0.26613666424000054,0.7977841600209348,0.7584911425755736,-0.12856750594376773,-0.09880501283065962,0.10368109598499387,-0.9037092208205249,0.23140099448865178,-1.0177225537272896,-0.268084393648441,1.481063894982962,1.3341287613694326,0,Stable,9.98431317681453,80.87092932269361,87.3542054974403,89.70934307553476,59.02887725159538,53.13781427232292,16.124364669129854
1780.0,6760.0,45301020.0,4595.0,2201.0,58.065,28639.0,4828.0,573.0,DE0006231004,132740,INFINEON TECHNOLOGIES AG,17219.0,5146.0,3990.0,2963.0,2024.0,10.0,334413.0,11420.0,4530.0,2024-09-30,453010.0,-615.0,157.0,4828.0,17219.0,14955.0,1865.0,1412.0,DEU,6476.0,2770.0,455.0,2432.0,3674.0,2558.0,395.0,14955.0,45.0,2780.0,9793.0,10.346031635182792,10.337417968523145,19.81277164827817,32.283517218321634,11.90237378803076,32.283517218321634,54.79772651287195,13.583020078848444,1.9030314807617568,1.127671978235523,0.4277108433734939,0.5044694908666926,16.2261252138692,0.2668563795806957,0.300133573378245,60.124306016271525,39.87569398372848,18.872611464968152,0.6145401822700911,18.045322811550683,0.522190020601278,257.55618703177475,5.398916967509026,67.60615178869942,43.3032430625209,3.2182052937378955,1.694235588972431,17.357449631621215,16.262119692410565,1.3040214477211796,348.0,2.3269809428284853,87.4820143884892,93.82382720215998,1.663220860677159,17.10464727515881,25.56179775280899,74.43820224719101,-8.302164449077198,0.70325960828439,-0.8960573476702649,-71.49877149877149,-11.20847024461482,1.045090374696417,0.0194415793048537,0.3902246472647871,0.0763927750024315,4.675615587678315,0.1857166236036557,9.70704284367471,2.8184744444689387,0.5495697063287116,0.0346232615737799,True,True,False,False,False,False,False,False,False,False,False,False,False,False,False,False,False,False,False,False,False,False,False,False,False,False,False,False,False,False,False,False,False,False,False,False,False,False,False,False,False,False,False,False,False,False,False,False,False,False,False,False,False,False,11,True,-0.8006030292150541,-0.4512383574047615,-0.2694265068234266,-0.19504799775457085,-0.38115600585174836,-0.2332961486533401,0.012356237034750398,-0.31724809427915585,0.03581730661850909,0.6545882126822664,-0.07012370846756381,0.5066945555017416,-0.12364071051781939,0,Stable,55.83205686945968,72.12128859878555,89.90642900963253,93.9199570904483,67.70479775049189,49.17332049263333,33.15101603760171
26.4,461.9,35201010.0,635.9,119.5,2.495,1434.0,127.3,35.1,DE0005227235,200759,BIOTEST AG,530.7,160.1,479.5,86.8,2024.0,,325414.0,903.3,3520.0,2024-12-31,352010.0,-35.4,32.2,127.3,530.7,726.2,40.5,91.3,DEU,485.3,206.8,0.791,28.7,2836.0,56.8,11.7,726.2,35.0,60.9,809.5,6.052998605299861,4.97456189937818,11.952630129440925,17.52960616909942,3.635362159184797,17.52960616909942,36.394932525475085,7.440425167152409,5.056214865708932,2.061211742660837,0.7464084946908183,0.8194878201124297,45.28591352859135,1.1982287544752213,1.2643678160919538,37.00836820083682,62.99163179916317,2.695652173913043,4.332285938727416,46.79218967921897,0.5064156206415621,291.062124248497,3.511605415860735,103.94106306802534,66.82732029743872,1.1182630120110872,0.9632950990615224,22.75453277545328,3.952079316992564,0.7086419753086419,32.2,4.43404020930873,47.12643678160919,70.16129032258065,2.7020915771622382,7.821536766730927,2.996212121212121,97.00378787878788,6.076541045866213,1.6372528173506318,2.844187963726297,-189.196675900277,-14.071856287425144,0.7673929856368608,0.074711806012431,-1.6891059506214752,1.4078414274526312,9.923660820056671,0.332314845625025,4.2468619246861925,3.8294908447747145,0.0657785826367912,-0.0322987177102329,False,False,False,False,False,False,False,False,False,False,True,False,False,False,False,False,False,False,False,False,False,False,False,False,False,False,False,False,False,False,False,False,False,False,False,False,False,False,False,False,False,False,False,False,False,False,False,True,False,False,False,False,False,False,11,True,0.31629995577950865,-1.0975020463836114,0.38849163609121856,0.3410622027332718,-0.08753817213537364,-0.377614355874681,-0.8120592962280837,-0.8806145213398372,-0.9275100802860988,-1.7466653176403737,-0.050189772440714014,0.6318029180045264,0.8674556425389813,0,Stable,16.2050065151429,71.93593420631625,91.09956721055377,88.07013530414267,61.841662971213715,50.851533410712065,17.272392737004598
1042.0,15319.0,35102015.0,10805.0,2290.0,176.486,43550.0,2921.0,2772.0,DE0005785604,202305,FRESENIUS SE & CO KGAA,19542.0,9009.0,2573.0,1785.0,2024.0,,6214.0,23260.0,3510.0,2024-12-31,351020.0,-2183.0,547.0,2921.0,19542.0,21833.0,1136.0,2919.0,DEU,9890.0,5513.0,563.237,923.0,8090.0,641.0,8.0,21833.0,35.0,2447.0,11446.0,4.09873708381171,5.332105209292806,8.17569733889067,13.378830211148262,4.772591947968671,13.378830211148262,29.835570008702422,5.881965268395558,1.2705072705072704,0.9849039849039848,0.2541902541902542,0.2550782550782551,5.595866819747417,0.552911677412752,0.6947600040937468,44.87256027554535,53.40987370838117,3.263254113345521,3.864087641218761,31.175660160734783,0.5013318025258324,123.70952936776855,3.960275711953564,92.16530023359137,45.29840150231301,8.958965941731638,5.953750485814225,17.917336394948336,4.227545458709294,0.8125,1524.0,6.980259240599093,37.71965672251737,137.08683473389357,2.228533415208269,2.935922685842532,54.05345489443378,45.946545105566216,-2.089779810753845,-3.8291670347142426,-8.964485595646465,-54.12402167369055,-18.60670194003528,-0.8000602505664848,-0.0542900172590034,-0.1033168289198025,0.4383768259113428,2.9975055969396336,0.3030813829290464,5.618828932261768,1.4614247120074504,0.7836426553184878,-0.1090796441156889,False,False,False,False,False,False,False,False,False,False,False,False,False,False,False,False,False,False,False,False,False,False,False,False,False,False,False,False,False,False,False,False,False,False,False,False,False,False,False,False,False,False,False,False,False,False,False,False,False,False,False,False,False,False,11,True,-0.7485032334776007,-0.4515240243135352,-0.48093801486176846,0.10152962600666567,-0.5565931720400992,-0.36409652197256887,0.3352730392775421,-0.31004879819727854,-0.14233895635155483,1.1140121126748919,-0.054263355244682246,1.0555869096428119,-0.5134991180922612,0,Stable,37.35222034590347,68.3385960853393,98.40544630702556,75.043813672314,43.928790823358014,48.58562226000298,25.191677551162282
288.993,3499.164,20106010.0,2156.389,703.391,20.922,7128.36,586.483,857.891,DE0006219934,202807,JUNGHEINRICH AG,2436.302,2150.206,880.842,421.588,2024.0,0.375,333924.0,4692.058,2010.0,2024-12-31,201060.0,-386.486,31.382,586.483,2436.302,5391.884,164.895,1174.82,DEU,1830.59,1484.87,80.52,138.426,3537.0,135.742,169.617,5391.884,20.0,577.958,3073.923,5.914235532436634,11.86195307478301,7.81893675754152,10.877144241233676,5.359777769699793,10.877144241233676,35.10312907325157,9.17954201578116,1.4295946527914067,1.01993994993968,0.3271272612949643,0.4060113310073546,12.958338243298597,0.885107429210336,1.2372357778304988,34.17759484650046,65.82240515349955,13.434070486266013,3.940248907470465,42.28574314428565,0.7563989473034471,257.7136029060319,3.631216200744847,100.5172867220437,33.950841672409865,5.837160082579407,3.9725217462382583,30.697958576727324,2.5673030057768305,0.8394796688801963,439.532,8.151733234617065,23.950875323120364,137.09071415694942,2.9258934237216896,2.517524486802757,27.862266560089687,72.1377334399103,-2.776886727046546,3.1621927921229087,68.74621930072189,30.135692481694964,2.857779759250989,0.0445259769359367,-0.0073325371480288,-0.1342829649973476,0.4860178461268258,0.4426520657875997,0.1547228835399121,8.107867728341441,3.2945715511874747,0.111299857550288,-0.5606546666031959,False,False,False,False,False,False,False,False,False,False,False,False,False,False,False,False,False,False,False,False,False,False,False,False,False,False,False,False,False,False,False,False,False,False,False,False,False,False,False,False,False,False,True,False,False,False,False,False,False,False,False,False,False,False,11,True,-0.20406342714529416,-0.038731669931038215,-0.28365422840420457,-0.17216310854027517,-0.12444278494430007,2.1964583606071884,-0.15840224874729825,0.04553563858729854,-1.6857797746567602,0.028352862326209857,-0.1433810318183927,-0.40751053422899863,-0.3671259438274236,0,Stable,18.14359505952692,66.73985878623088,94.54081387677637,92.10703215045153,44.57814394890342,50.220022950906554,17.2684168417454
140.679,3819.492,25504030.0,1301.439,317.385,19.916,4614.193,488.333,391.42,DE0006083405,203162,HORNBACH HOLDING AG & CO,1955.338,1183.935,1266.089,268.392,2024.0,,444110.0,2580.721,2550.0,2025-02-28,255040.0,-199.356,55.568,488.333,1955.338,6199.989,219.941,1907.324,DEU,2706.083,195.558,38.392,165.919,5211.0,84.1,0.138,6199.989,25.0,318.417,1779.927,5.816661765123392,7.194612900685201,4.328910906132253,7.876352683851537,2.2690201547131776,7.876352683851537,38.39518102370826,8.241030933342994,1.5033992575605923,0.4340086237842449,0.2680763724359867,0.2681929328890521,12.916494823688565,0.665582625612554,0.8657628502079948,42.37659759788981,55.93006187647547,4.82997408580478,2.816672229810396,36.688083918466354,1.3436778652301713,311.3069391444065,31.70409290338416,11.512709135451692,43.6465774374761,10.402805742358955,3.016764224315984,11.116635129913291,2.676117651176478,0.7543795836156061,152.49799999999996,2.4596495251846413,52.10745657424071,118.63878207994276,2.359793038339152,1.356454019515196,27.29049822645882,72.70950177354118,0.634697671730966,3.0626922851844984,52.42614419103016,-49.65185036003529,9.14072212757282,0.0479635320535832,0.040024681760198,-0.1143882603081904,0.311570592623169,0.8851541973356237,0.2176466829080169,6.900816675852092,2.148480902247651,0.0381704957554533,-0.0939201318442059,False,False,False,False,False,False,False,False,False,False,False,False,False,False,False,False,False,False,False,False,False,False,False,False,True,False,False,False,False,False,False,False,False,False,False,False,False,False,False,False,False,False,True,False,False,False,False,False,False,False,False,False,False,False,12,True,-0.11154539490973295,-0.22307748717310782,-0.4497606482289371,-0.1088999984633251,-0.06409362731229232,2.21708404130606,-0.3916018911833246,-0.12592723168237344,-0.912657763506028,0.08836495864624613,0.21901642680857805,-0.8598424872280833,0.07356431455343904,0,Stable,20.487540775885588,73.32781329609094,94.4926677821855,83.68964147802505,58.09144192637654,50.46555332928804,19.194188304767877
21.9,586.9,20304010.0,2842.1,137.6,2.12,4643.8,472.9,250.6,DE000VTG9999,203586,VTG AG,654.9,563.9,87.0,174.6,2020.0,14.0,482111.0,3988.6,2030.0,2020-12-31,203040.0,-169.7,87.7,472.9,654.9,1218.3,298.3,4.8,DEU,3371.4,177.3,88.2,278.8,4400.0,84.1,8.2,1218.3,20.0,517.8,426.2,3.759851845471381,3.344021988089785,14.331445456784042,38.81638348518428,1.7975868012804728,38.81638348518428,51.826315357465326,4.992851015155848,0.7558077673346338,0.6015250931016137,0.2440148962582018,0.2585564816456818,-2.9652439812222746,4.339746526187204,4.722400366468163,14.102674533786985,85.8908652396744,1.9908779931584948,6.248889828716431,66.59847538653688,0.2623497997329773,574.6698113207547,6.87140439932318,53.11868997783798,276.72986949027336,,6.7459770114942526,6.781084456694947,22.884347040958712,0.9346295675494468,238.99999999999997,19.61749979479602,53.84318269602164,296.5635738831615,7.090853565429837,6.903061643273413,402.7397260273973,-302.7397260273973,-0.1966085033177744,-1.006182050735449,22.89855072463769,602.9411764705881,-27.97726685610953,0.9468156020376334,0.2723770499931148,0.958952406346361,1.926840640123456,2.605489586340343,0.9386014050243712,11.15035100564193,0.9650387411727354,0.6162528051180126,-0.6886423528018596,False,False,False,False,False,False,False,False,False,False,False,False,False,False,False,True,True,False,False,False,False,False,False,False,False,False,True,False,False,False,True,False,False,False,False,False,False,False,True,True,False,False,False,True,False,False,False,False,False,False,False,False,False,False,7,True,-0.8486541603674166,-0.31439390984578935,-0.5316555775396967,0.03880027107552292,-0.756982623871252,-0.5985292449481018,1.9179063399095522,1.7826187153228665,-0.8367815616694881,0.07172326919490823,0.9663350785245424,0.8322152171227187,-0.8895902254654308,0,Stable,14.62566482699324,57.643567155374576,89.58979478702142,68.91927927571787,36.78394691269242,51.95322748946413,14.496801004103482
152.108,455.587,25504040.0,467.188,101.683,20.221,2368.947,462.931,406.664,DE0005772206,204820,FIELMANN GROUP AG,899.131,846.714,259.32,251.093,2024.0,,456130.0,1455.804,2550.0,2024-12-31,255040.0,-44.269,41.865,462.931,899.131,2264.116,211.838,1035.488,DEU,1001.027,151.336,96.6,79.716,3851.0,84.1,7.394,2264.116,25.0,410.093,545.615,10.599350681969668,16.917223407934994,11.090111990728388,20.446434723309228,6.71820701766164,20.446434723309228,79.87793028272404,18.37733355094967,0.6443911403378236,0.3381247977475275,0.1200913177294812,0.1288239003961196,-12.710246366845691,0.5195994799422998,0.9718850757008712,37.954880375120254,61.45363319652149,5.997683028782992,1.6680001987337203,36.887781786591255,0.9557478491498544,111.96854754957717,14.96085531532484,24.397000860379947,44.21270818279629,,1.7568525374055222,10.680652627517627,3.520844338364289,0.3763064228325418,330.377,14.591876034620135,19.43851760454336,163.32315118302782,2.634707289594064,3.714473993381964,63.50750782338864,36.49249217661136,14.983444044934702,19.249541666792517,23.389065169636304,66.18895752429626,-5.087570991439372,-1.0244609249876622,0.1010008597283486,0.1100562080027186,0.2189692028739411,3.809868907110948,0.3591593367234257,17.31119353873261,4.742164496181577,0.7953593973621308,0.3828216170146338,False,False,False,False,False,False,False,False,False,False,False,False,False,False,False,False,False,False,False,False,False,False,False,False,False,False,False,False,False,False,False,False,False,False,False,False,False,False,False,False,False,False,False,False,False,False,False,False,False,False,False,False,False,False,11,True,0.22029549903922568,0.13609974762742522,-0.6719145510033867,-0.48122709173548295,0.485858384799637,-0.7244414078105054,0.3465349565335457,-1.1614932925174881,0.03520494192190981,1.1739439116637431,1.187213541227884,0.020205419116113395,-0.3218403762048572,0,Stable,26.038155514569556,41.55507073983393,98.41997619403536,74.92941945797952,38.920996525843,52.25749771450028,16.648522816802913
51.0,2245.0,50201020.0,1987.0,608.0,12.3985,5608.0,641.0,263.0,DE000PSM7770,205865,PROSIEBENSAT.1 MEDIA SE,1318.0,1685.0,65.0,454.0,2024.0,6.0,515210.0,4139.0,5020.0,2024-12-31,502010.0,-72.0,81.0,641.0,1318.0,3918.0,187.0,1064.0,DEU,410.0,565.0,11.344,209.0,4841.0,84.1,0.0,3918.0,50.0,1203.0,1510.0,8.095577746077034,3.8694992412746574,11.58754466564574,16.360387953037264,1.3016845329249618,16.360387953037264,42.700357325165896,13.73676248108926,0.8961424332344213,0.857566765578635,0.3608308605341246,0.3608308605341246,-3.120542082738944,1.507587253414264,1.7071320182094083,23.502139800285303,73.8052781740371,5.604938271604938,2.561622464898596,40.12125534950072,0.698644793152639,316.0059684639271,6.934513274336283,52.63527309851965,10.46452271567126,,34.53846153846154,20.91654778887304,5.334354262378764,1.1176470588235294,994.0,25.370086778968865,17.373233582709894,264.9779735682819,4.254931714719271,2.146503318019397,22.24313725490196,77.75686274509803,1.7133956386292892,-5.0135501355013545,107.3327759197324,-2.6444662095984284,-4.5662100456621,-1.8838439217292733,-0.1508001627890378,0.2177922861524536,-1.9649167767436928,6.828304803040811,0.8583932037399492,21.45149786019972,4.628110177557051,0.8372530217792904,0.8081290542589302,False,False,False,False,False,False,False,False,False,False,False,False,False,False,False,False,False,False,False,False,False,False,False,False,False,False,False,False,False,False,False,False,False,False,False,False,False,False,False,False,False,False,True,False,False,False,False,False,False,False,False,False,False,False,11,True,0.11845926608895574,0.0318897760310095,0.12668980481370476,-0.7598369618582343,-0.01116448034200836,2.2662003481427764,-0.07917365863824807,-0.609145580548681,0.07805050469467663,2.544392489007009,1.4150212070021362,0.05825407006305731,0.6599605335970181,0,Stable,12.188280951169105,48.96771858133388,95.41406006866748,76.6326132510516,26.5392816922215,52.510933637228305,12.220470167667724
297.6,1736.329,50102010.0,424.0,181.6,3.196,3342.0,524.471,273.1,DE000A0Z2ZZ5,205934,FREENET AG,1489.2,1149.5,46.7,379.455,2024.0,,517312.0,1857.8,5010.0,2024-12-31,501020.0,-306.6,29.026,524.471,1489.2,2502.3,145.016,115.0,DEU,330.81,426.55,88.2,43.7,4812.0,23.308,0.0,2502.3,50.0,370.7,818.1,11.354129263913824,19.983883964544724,15.16424889102026,20.95955720736922,11.893058386284618,20.95955720736922,30.61067817607801,19.833524984319464,0.7117007394519357,0.6710743801652892,0.1579817311874728,0.1579817311874728,-9.916217833632556,0.284716626376578,0.4681036798280956,44.56014362657092,55.58946738479952,13.07293461034934,0.9828951457754576,20.858767205266307,0.7487432675044884,782.9474342928661,5.866369710467707,62.21905846621108,13.220237381608918,,37.180492505353314,18.197187312986237,1.7463933181473046,0.3013460583659734,327.0,13.067977460736122,11.788508227677369,97.69274354007722,2.244157937147462,0.9314630539903288,29.63709677419355,70.36290322580645,-5.6376800663700095,-2.134762364930165,-13.387533875338754,-4.497663551401865,-21.402877697841728,0.2341635920855141,-0.0324510887955778,0.0942780207374616,0.4941639748726735,2.497609395369671,0.4815695622178052,11.092160383004188,1.64079002328772,0.0966901846198581,0.7530993208542217,False,False,False,False,False,False,False,False,False,False,False,False,False,False,False,False,False,False,False,False,False,False,False,False,False,False,False,False,False,False,False,False,False,False,False,False,False,False,False,False,False,False,False,False,False,False,False,False,False,False,False,False,False,False,11,True,-0.7167004293549052,-0.9349050258987783,-0.21067700653937968,-0.2577290548338617,-0.7274065630758012,0.08320666322603203,-0.5531186597756138,-0.4009484766887313,1.1747861868138831,-0.027580837280469287,0.360320719945786,-0.7199767479429335,0.8603622639365549,0,Stable,32.01353795645188,66.39285533888366,93.62850670064476,77.28874579688977,36.91004978704277,48.75510621129001,22.7643434834133
-80.3,737.8,20104010.0,242.8,148.0,4.277,1336.9,131.9,13.5,DE0007235301,206703,SGL CARBON SE,554.9,243.3,345.6,72.2,2024.0,,335991.0,772.3,2010.0,2024-12-31,201040.0,-90.5,33.5,131.9,554.9,1026.4,59.7,132.9,DEU,461.3,161.1,88.2,97.3,3620.0,25.9,17.8,1026.4,20.0,120.3,673.9,5.4005535193357765,-14.47107586952604,7.034294621979735,12.850740452065471,-7.823460639127044,12.850740452065471,28.11769290724865,9.051021687351133,2.769831483764899,1.3493629264282776,0.6083025071927661,0.6814632141389232,32.208841349390376,0.4375563164534151,0.4618850243287079,41.50647019223577,57.76797067843518,2.155223880597015,0.8210765731614861,19.17121699453961,0.7677462787044655,239.98129530044423,6.371198013656115,57.28906858924395,44.94349181605612,2.3836507199256856,2.134837962962963,23.12065225521729,9.479734996102884,1.6298157453936346,23.0,2.240841777084957,80.88113050706566,166.62049861495845,2.409262930257704,2.523382696804364,,,-5.757047103112645,-9.214993888360713,-11.044093178036595,-70.01303780964798,11.710677382319169,0.8376659291904817,-0.1461291896418059,0.0348251268656702,1.8329504023455392,3.0241561724586945,0.7389257212918894,8.998429201884957,5.035041880087601,0.8439679569270401,0.384105227784315,False,False,False,False,False,False,False,False,False,False,False,False,False,False,False,False,False,False,False,False,False,False,False,False,False,False,False,False,False,False,False,False,False,False,False,False,False,False,False,False,False,False,False,False,False,False,False,False,False,False,False,False,False,False,11,True,-0.7655647034016807,-0.35634526421732043,0.04500501899773091,-0.43390570798728645,-0.1502437221528437,-0.47017325150512485,-0.046625516744474876,-0.215489715336618,0.50962716609585,1.671137185371737,0.019940347076483733,0.6438092081650806,0.2385147361106841,0,Stable,29.25694786193037,59.1248639269503,90.61178442672573,71.20464124566122,35.998743229925296,50.8091537466576,20.571508733814696
43.351,1658.114,35102020.0,114.998,409.464,14.067,1856.481,109.749,34.646,DE0007042301,207096,RHOEN-KLINIKUM AG,1295.93,404.853,37.46,47.149,2024.0,,622110.0,530.509,3510.0,2024-12-31,351020.0,-3.3,3.4,109.749,1295.93,1595.619,62.6,4.9,DEU,764.444,431.158,6.694,70.4,8060.0,84.1,129.6,1595.619,35.0,127.6,904.11,2.53969741677938,3.345165248122969,2.954903394858046,6.878145722757124,2.716876647871453,6.878145722757124,-3.916661809617467,3.3417013483324447,2.233180932338404,2.140653521154592,1.011389319086187,1.331505509407118,26.892653358693146,0.0887378176290386,0.1154722863117606,69.80572383988847,28.57605329653253,13.86735294117647,-2.3674019808836526,8.060626529439299,0.8594857690436907,113.4299424184261,3.700775585748148,98.62797447260282,47.908930640710594,3.195987237034233,44.263587827015485,45.280398775963775,4.412080828819412,1.124600638977636,57.19999999999999,3.5848156734157715,55.17241379310346,270.631402574816,1.4325472826464392,5.270681785564098,15.441396968928052,84.55860303107195,8.99193226132342,4.854890416622437,40.4312668463612,23.809523809523768,12.101910828025495,-0.1400670073171272,0.004227725429199,-0.4587070812816147,0.5846086077556072,1.8697237568722591,0.0511333182101326,6.873218740186406,1.8982389773883552,0.0617318783672812,0.1124389032950867,False,False,False,False,False,False,False,False,False,False,False,False,False,False,False,False,False,False,False,False,False,False,False,False,False,False,False,False,False,False,False,False,False,False,False,False,False,False,False,False,False,False,True,False,False,False,False,False,False,False,False,False,False,False,11,True,0.13561918107329785,-0.20341493937742752,-0.630759532471393,-0.0669261911781582,0.0667986106490958,2.040753615026763,-0.35249435424035486,-0.28882029398768766,-0.6800372834435005,0.19625427269286597,0.5558796768262332,-1.1317006566994856,0.183193423889923,0,Stable,20.243792333154754,66.48357821871394,95.4205192839489,80.57417738347736,60.72766934513824,50.58382091855301,18.070053666068993
84.0,1522.2,35203010.0,4166.7,828.7,12.826,10103.0,768.8,393.1,DE0007165631,208821,SARTORIUS AG,2764.8,1444.6,788.5,434.7,2024.0,15.9,334516.0,6205.2,3520.0,2024-12-31,352030.0,-128.3,199.5,768.8,2764.8,3380.7,334.1,886.5,DEU,1622.2,391.2,50.746,409.9,3826.0,216.1,15.3,3380.7,35.0,976.2,2113.7,4.3026823715728,3.038194444444444,12.85828378738131,22.740852486171505,2.4846925193007365,22.740852486171505,54.9738219895288,6.2713698333694,1.4631731967326596,0.9173473625917208,0.5736536065346809,0.5842447736397619,6.622785311293675,1.5070529513888886,1.6492332175925926,27.3661288726121,61.41938038206474,2.1789473684210527,4.853147762747139,45.1331287736316,0.3346233791942987,263.58178699516606,8.641871165644172,42.23622326737066,47.98414529535304,5.052607980869825,1.9305009511731133,12.074631297634369,12.124707900730618,1.226878180185573,566.3000000000001,16.750968734285802,41.98934644540053,224.5686680469289,3.654152199074074,6.392167302629632,60.411904761904765,39.58809523809524,-0.4417351356126864,3.5642163746886446,-12.2348433009443,92.68458659407966,-26.76433803823478,0.2536720501323209,0.1124063659575907,0.2946165627775791,1.3110071000045926,4.696320998152635,0.5126758031717229,9.66247649213105,2.0642773834259933,0.0320938911528571,0.022778873856991,False,False,False,False,False,False,False,False,False,False,False,False,False,False,False,False,False,False,False,False,False,False,False,False,False,False,False,False,False,False,False,False,False,False,False,False,False,False,False,False,False,False,False,False,False,False,False,False,False,False,False,False,False,False,11,True,-0.5725487032201168,-0.7098199175007655,-0.40028267932850964,-0.09886279105031187,-0.6785114551518521,-0.12136915276979116,-0.22301291047444585,-0.2961724531769216,0.013751435084716669,-0.6549873909932439,-0.082354865860746,-0.5394164861152615,0.021148173539793272,0,Stable,47.621570555106885,67.20335051945354,93.34153965756926,83.32406342847732,58.421298636844575,49.15947017116976,29.129130799960784
69.2,826.1,20106010.0,170.5,95.0,4.321,1490.8,150.3,61.1,DE0007667107,209440,VOSSLOH AG,726.1,513.5,246.9,96.0,2024.0,,336510.0,738.9,2010.0,2024-12-31,201060.0,-83.9,18.8,150.3,726.1,1209.6,54.3,230.0,DEU,307.2,307.1,21.253,55.7,3490.0,15.2,0.3,1209.6,20.0,136.4,666.9,6.439495572846794,9.530367717945188,7.936507936507938,12.42559523809524,5.720899470899472,12.42559523809524,31.70469576719576,10.70711577068927,1.29873417721519,0.8179162609542356,0.1850048685491723,0.1855890944498539,10.289777300778104,0.2348161410274067,0.3189643299820961,48.70539307754226,49.56399248725516,5.106382978723404,0.9088489687292082,15.53528306949289,0.811376442178696,279.9352001851423,3.938782155649625,92.66823743386244,25.396825396825395,7.885267275097784,3.3458890238963144,26.97209551918433,4.604828042328043,1.0257826887661143,80.7,6.671626984126985,40.83577712609971,142.08333333333334,2.0531607216636827,1.2566137566137567,30.71242774566474,69.28757225433526,-0.3870542699497714,7.043871616284902,7.567836694050278,15.450643776824036,-17.35905044510386,0.7992154785469279,-0.0334285483156408,0.1003992410371543,0.7631793406940446,4.215846617939716,0.253157852186241,9.149449959753152,3.711613338411688,0.3953218819008001,0.5125365818492017,False,False,False,False,False,False,False,False,False,False,False,False,False,False,False,False,False,False,False,False,False,False,False,False,False,False,False,False,False,False,False,False,False,False,False,False,False,False,False,False,False,False,False,False,False,False,False,False,False,False,False,False,False,False,11,True,-0.4127389148723774,-0.4312493750332879,-0.24124473729532717,-0.4750696526924812,-0.24079022280648277,-0.2453500340980594,-0.17298995044543247,-0.687368414132412,0.5564758889356105,0.46696187035937275,0.592674940473478,-0.3121530837091015,0.34237576832701755,0,Stable,46.8219734646706,72.34814878287582,91.0143370367953,89.08499826927064,53.84185850928292,50.04751521806987,29.581011703299612
252.767,3776.884,20106015.0,717.038,1323.153,11.905,4983.088,473.446,105.235,,210332,CLAAS KG,2260.313,1623.759,1376.085,359.398,2024.0,,3312.0,2716.064,2010.0,2024-09-30,201060.0,-142.791,59.251,473.446,2260.313,4997.427,114.048,542.325,DEU,755.414,545.587,88.2,142.634,3310.0,300.07,609.855,4997.427,20.0,424.686,3509.758,7.212355069788052,11.182831758256487,7.19166082866243,9.473795215017647,5.057942817373821,9.473795215017647,24.42342829620122,12.071065856864038,2.161501799220204,1.314033055397999,0.8148703101876572,1.190452524050675,37.84799706527358,0.3172295164430767,0.3637872276981108,45.35968459718151,54.50563987631766,6.065686655077552,-1.057945362301086,16.50127390886936,1.0028775329675093,419.77547249055016,9.159725213394012,39.84835696449393,15.11605872381928,2.649750609623865,2.744658941853156,37.50164556596231,2.854148744944148,1.2506488496071828,282.052,5.643944373774746,33.58575512260823,118.16593303245982,2.2046008672250257,6.004489910507948,34.89379547171902,65.10620452828098,-18.6687387521983,-3.312746018924606,-3.98032020002419,85.19379386872052,4.145096636170464,0.2326694004994965,-0.0240255916521465,-0.0119508397295094,0.4422914798358045,1.5606331645909397,0.099340334324028,8.52254666182897,4.332754157635812,0.2444947642447299,-0.0796096933714614,False,False,False,False,False,False,False,False,False,False,False,False,False,False,False,False,False,False,False,False,False,False,False,False,False,False,False,False,False,False,False,False,False,False,False,False,False,False,False,False,False,False,False,False,False,False,False,False,False,False,False,False,False,False,11,True,-1.0290248938635516,-0.574663631739843,0.043919259046245385,-0.3384030672161903,-0.42841020179499967,-0.06001762616155727,-0.32320021328442744,0.1781836405780941,-0.1250278857554263,-0.014016934600135277,-0.6496434253805582,0.05284728275243566,0.27161349694507003,0,Stable,47.008956981882974,52.63972725995581,93.64364003251515,79.94633042046505,82.27098557383195,48.62544993249488,26.699541881746562
34.6,784.283,35103010.0,826.439,107.407,8.815,1965.666,207.697,53.553,DE000A288904,210334,COMPUGROUP MEDICAL SE & CO,647.914,331.249,14.707,97.916,2024.0,,513210.0,1317.356,3510.0,2024-12-31,351030.0,18.813,34.029,207.697,647.914,1185.711,109.781,12.012,DEU,166.775,243.967,2.587,24.805,7372.0,19.739,0.079,1185.711,35.0,128.882,394.6,4.981314221235958,5.3402149050645615,8.257998787225555,17.516662997981804,2.91808037540345,17.516662997981804,33.8554673103311,6.641286042080831,1.1912488792418996,1.146850254642278,0.3242485260332861,0.3244870173192975,3.2228771317202414,1.2755381115394944,1.3581925996351367,32.96155094507409,67.01830321122713,2.877428076052778,3.719769664463136,44.76813456609617,0.6032108201495066,134.5106069200227,4.86012862395324,75.10089305066748,14.06540042219394,18.71653170431406,53.32719113347385,17.8755699086213,2.09199374889834,0.2259498456016979,104.077,8.777602636730197,19.24628730156267,131.6250663834307,3.033837824155675,1.664739552892737,7.476878612716763,92.52312138728324,-3.4281586118934397,3.4592090394290675,-4.174366778997718,-35.1767307153312,30.738417751541668,-0.4172160398540727,-0.0844263943308435,-0.021828022100526,0.3129744991489905,3.61632529300646,0.3957629797906246,6.556658150469104,2.908911442206919,0.146413020556825,0.2265018034635937,False,False,False,False,False,False,False,False,False,False,False,False,False,False,False,False,False,False,False,False,False,False,False,False,False,False,False,False,False,False,False,False,False,False,False,False,False,False,False,False,False,False,False,False,False,False,False,False,False,False,False,False,False,False,11,True,-0.5605733657685071,-0.5003045843109816,-0.5263848315801812,-0.05737201780853534,0.14118653677518717,-0.12467794682596098,-0.5396694985290792,-0.13582323852463718,0.31738891106693395,-0.19474308851889163,-0.06173467412343023,-0.6574411490111823,0.21109376050259454,0,Stable,53.098487133501,67.6363903492981,96.51932998291578,94.29875857658567,65.61008959221746,49.487332962438046,31.384853405795116
175.0,1597.617,15104050.0,76.047,427.034,12.3985,3283.682,257.102,30.518,,210340,DILLINGER HUTTENWERKE,1918.972,592.104,629.266,200.78,2024.0,,332322.0,1364.71,1510.0,2024-12-31,151040.0,-163.99,24.218,257.102,1918.972,2287.461,56.322,306.257,DEU,546.86,345.856,88.2,129.731,3444.0,84.1,200.1,2287.461,15.0,80.317,1436.768,6.1144775894864365,9.119466047446236,8.777417407335033,11.239623320353877,7.650403657155248,11.239623320353877,30.157628916952024,10.06406455276867,2.426546687744045,1.363784064961561,0.721214516368746,1.0591619039898397,25.7230754987846,0.0396290305434368,0.0555323371054919,58.43964184107963,41.56035815892039,8.290527706664465,-1.2464663829919644,3.2452898910430426,0.6966146539159395,184.49497923135863,6.613911570133234,55.18670700833808,23.90685567972525,2.708131280603885,2.5388579710329178,23.53729746059454,5.671397239122329,2.3033805617698238,-49.414,-2.1602116932266826,161.5237122900507,40.00249028787727,1.7111672291205915,3.6765654146671793,50.4,49.6,-12.515756993504455,3.2837927820787094,251.93017314788528,-116.48490590586248,58.737014695265934,0.7012634716984315,-0.0026104661303392,-0.3258823889313899,0.3054685390736669,6.604694185805702,0.0323525012409495,2.4459433038887446,3.7684579077865705,0.124007997077796,0.0679584657823664,False,False,False,False,False,False,False,False,False,False,False,False,False,False,False,False,False,False,False,False,False,False,False,False,False,False,False,False,False,False,False,False,False,False,False,False,False,False,False,False,False,False,True,False,False,False,False,False,False,False,False,False,False,False,11,True,-0.3250013301647334,0.23934222786550008,0.016392290004277877,-0.48835483101187466,0.9833454367929616,3.729791848967228,-0.86901211793578,0.07596069779404971,-1.0134433669595253,0.4874228050671099,0.9137965728918526,-0.6053658144712295,-0.05269879821505723,0,Stable,9.693134323750515,16.743842445549543,91.47584272453786,88.74994787537305,68.49672653946723,52.77350247447677,6.388830096332637
902.5,5286.4,55101010.0,2631.7,751.9,10.899,14577.8,2114.5,485.4,,210359,EWE-ENERGIEVERSORGUNG WESER,3931.6,3532.2,538.7,1484.9,2024.0,,221122.0,9869.5,5510.0,2024-12-31,551010.0,-4.0,136.5,2114.5,3931.6,8857.5,629.6,1113.1,DEU,7364.7,2066.8,176.166,1049.5,4931.0,0.3,295.9,8857.5,55.0,931.2,4318.1,10.186036301773932,22.955031030623665,16.764324019192774,23.872424499012137,10.189105278012985,23.872424499012137,40.317245272368055,22.6242896104094,1.2224958949096882,1.069984712077459,0.2128701659022705,0.2966423192344714,5.391074098972414,0.669371248346729,0.7928324346322108,26.969775960707377,67.70225960021403,10.87838827838828,1.1185623078742015,21.382513136412904,0.607601970118948,812.6892375447289,4.28561060576737,85.16872706745696,83.14648602878916,11.270517877592562,9.813254130313716,19.335565037248426,11.848715777589614,1.6669313850063532,-118.29999999999995,-1.3355913068021446,112.70403780068727,62.711293689810766,3.7078543086784,0.0033869602032176,19.5197783933518,80.4802216066482,-13.854308500291769,-7.67174823137482,0.4979253112032955,-83.30981941309255,7.596883329915927,0.646014588903901,-0.0351814325492376,0.660044803088862,-0.3423537794855312,5.201134723670325,0.2139739940165576,6.3877951405561895,1.870457939381924,0.169699721653549,0.2579857031355256,False,False,False,False,False,False,False,False,False,False,False,False,False,False,False,False,False,False,False,False,False,False,False,False,False,False,False,False,False,False,False,False,False,False,False,False,False,False,False,False,False,False,False,False,False,False,False,False,False,False,False,False,False,False,11,True,-1.0457544766613964,-0.8290586656420948,-0.18121534451496035,-0.06232865381737444,-0.5020251175629168,0.22299496656001633,-0.5654213409171728,0.09410503607316291,0.5591434329344259,-0.011195920325081354,-0.3352597734249352,-0.17349317969325345,0.40496997315829847,0,Stable,44.51278296740438,54.73908621026653,91.7135061051793,80.6976627608029,65.97073829913953,48.294716788552435,26.01597611850173
537.913,13096.417,35102015.0,9760.642,1343.28,111.513,33566.579,3022.214,1243.582,DE0005785802,212782,FRESENIUS MEDICAL CARE AG,14576.563,5660.06,2067.922,1539.374,2024.0,,621492.0,17798.066,3510.0,2024-12-31,351020.0,-2569.3,409.193,3022.214,14576.563,19335.909,1482.84,3142.819,DEU,7258.582,3876.019,422.515,699.358,8090.0,183.493,163.093,19335.909,35.0,2386.144,7922.744,4.5860318383949705,3.6902594939561535,7.961218683848791,15.630059078163846,2.781937999397908,15.630059078163846,32.26893548164713,6.325188122465172,1.3997632533930735,1.03440988258075,0.237326106083681,0.2661408182952124,6.740883543717695,0.6696120340576855,0.7549258353975488,43.42582245274384,53.02317522438018,3.761975400361199,3.196644579106576,32.78327529296328,0.5760464597837033,173.3960076403648,4.988600159080748,73.16681801719278,37.53938850250072,8.545563145361882,6.333129102548355,15.549094234476502,3.6168871088501695,0.4716341614739284,1686.7859999999998,8.723592979259468,29.30912803250768,155.00742509617544,2.3027773419563995,0.9489752977219742,78.54708846969677,21.452911530303226,-0.6050699980368668,-1.0705306673117645,-6.952313404814547,-13.240321879637184,2.1563082460312355,-0.6851539358300058,0.0024667027153571,-0.2364810797779316,0.4702784937923669,2.518705305145754,0.1616243129603466,7.108689866786841,1.88844064273258,0.8139810324935125,0.1963698941668408,False,False,False,False,False,False,False,False,False,False,False,False,False,False,False,False,False,False,False,False,False,False,False,False,False,False,False,False,False,False,False,False,False,False,False,False,False,False,False,False,False,False,False,False,False,False,False,False,False,False,False,False,False,False,11,True,-0.6213712526572017,-0.3736455012245439,-0.5629854453661328,0.014948170247275563,-0.14535724972530334,-0.404256307328714,0.21616682086867012,-0.39400986765549667,0.2171834848718331,1.3341552357727695,0.26562988489284584,0.7588107158771162,-0.19183115756067695,0,Stable,38.07278440438721,85.02538573300433,98.06764288472279,80.56260087091151,41.03088058868452,49.54474694682493,27.982921621705533
-47.812,1657.367,25101010.0,588.86,219.846,12.0,1699.792,111.292,107.438,DE0005895403,213034,GRAMMER AG,251.575,667.94,172.314,39.773,2024.0,18.896,336360.0,1432.868,2510.0,2024-12-31,251010.0,159.764,40.938,111.292,251.575,1921.727,71.519,176.161,DEU,445.825,354.442,88.2,62.163,2531.0,74.034,0.0,1921.727,25.0,25.665,772.589,2.3398745258243365,-19.005068071151744,2.069648810679144,5.791249225306196,-2.487970455741112,5.791249225306196,13.756376425995995,4.732430229583491,1.1566742521783393,0.8986959906578436,0.3291403419468814,0.3291403419468814,6.156576804691398,2.34069363013018,2.76775514260161,14.800340276928,84.29666688630138,0.9715423323073916,4.281098371850627,40.96371791372121,1.130565975131075,160.14391666666668,5.421837705463799,67.3203477913356,23.19918489983229,18.36354862444935,9.618295669533524,33.785780848480286,3.234746662767396,0.8691816160740501,-36.498,-1.8992291829172403,242.2092343658679,64.528700374626,6.756601411110007,3.852472281442681,,,-16.62384462932689,10.77742027774644,-14.56642460486971,-164.26835710512412,-17.79773081907382,-0.3147518253336986,0.1471508494461366,0.0965884634130037,-0.1760285452715683,1.9117388748657056,0.5661857006197091,1.5098906219113868,2.880809907428363,0.2981755691073006,-0.2069643148356287,False,False,False,False,False,False,False,False,False,False,False,False,False,False,False,False,False,False,False,False,False,False,False,False,False,False,False,False,False,False,False,False,False,False,True,False,False,False,False,False,False,False,False,False,False,False,False,False,False,False,False,False,False,False,11,True,-0.8102198100953903,-0.4590833010115001,-0.3651128588168343,-0.21823977679902118,-0.42527008154651064,-0.26268831992161445,-0.09902138898180572,-0.37631796265866035,-0.2719922292274002,-0.11445512328792308,-0.40541777168731824,0.24935826073456127,-0.17217184154823964,0,Stable,44.25359896531516,48.81455951236626,95.65354898118673,92.97052799821358,75.69718262516523,49.102740272168774,25.023623512981004
53.709,767.578,20105010.0,541.08,143.815,8.054,1806.829,213.03,145.965,DE0006200108,213037,INDUS HOLDING AG,697.543,465.027,410.533,123.601,2024.0,0.807,999977.0,1106.831,2010.0,2024-12-31,201050.0,-199.879,26.385,213.03,697.543,1725.8,89.429,550.848,DEU,412.753,194.914,29.876,40.336,9997.0,27.083,-1.336,1725.8,20.0,143.682,769.927,6.840769104325867,7.69974037442853,7.161953876463089,12.343840537721636,3.112121914474447,12.343840537721636,55.52335148916444,9.978903992578855,1.6556608541009448,0.7728454476836829,0.3092616127665705,0.3063886613035372,16.874867516516506,0.7756941149147795,0.9849500317543148,38.60592230919473,61.258204290500096,4.684517718400606,2.550016429610853,38.02490440434596,0.955154029518012,214.27861931959276,8.854161322429379,41.22355429366091,23.916618379881797,5.660216464414561,1.8697108393235131,18.74715316169931,2.337234905551049,0.451039372015789,103.346,5.9882952833468535,28.073105886610712,116.24663230880007,2.5902761550184,1.569301193649322,55.625686570221,44.374313429779,-4.536216828575634,-6.322507123688814,-9.332432736688045,-27.18779723112693,-21.11552226546458,-0.1878322525281588,0.0252921411258021,-0.2360016207333076,0.2214322219578484,1.517655708490393,0.1145504230221211,7.952163707799686,2.3335390568435,0.1684947986518433,0.1198669162883911,False,False,False,False,False,False,False,False,False,False,False,False,False,False,False,False,False,False,False,False,False,False,False,False,False,False,False,False,False,False,False,False,False,False,False,False,False,False,False,False,False,False,False,False,False,False,False,False,False,False,False,False,False,False,11,True,-0.8030822754427482,-0.8130658270768647,-0.15599263834984503,-0.13207535978137439,-0.8067283360366351,-0.001973308630297448,-0.31317994462781185,-0.11590064128705964,0.287074866669669,-0.1566130779053631,-0.26163244925127804,-0.20128302323606245,0.126169195360234,0,Stable,52.00362623018657,61.5175550777568,95.63394319136545,86.32963844562728,72.61761115333982,47.96581973619601,30.02908375373815
342.446,1771.527,35202010.0,1198.796,308.001,11.667,5237.176,811.538,25.363,DE0007251803,214700,STADA ARZNEIMITTEL AG,1087.889,2607.51,1098.103,597.696,2023.0,,325412.0,4078.689,3520.0,2023-12-31,352020.0,-275.677,205.643,811.538,1087.889,3734.843,213.842,1058.977,DEU,448.143,782.005,88.2,97.426,2834.0,114.627,116.314,3734.843,35.0,543.299,2245.783,11.412562801021007,31.478027629657078,16.00324297433654,21.728838400971608,9.168953018908695,21.728838400971608,52.5675644197092,26.13809947587884,0.8612749327902864,0.4401440454686654,0.1181207358744549,0.1627280432289808,-6.906909372532072,1.1019469817233194,1.1252609411438117,20.77243537356773,77.87954806177984,2.906473840587815,1.12891571312742,23.37441017830984,0.7131406315159161,320.1202537070369,4.775983529517075,76.42404915012492,11.998978270304802,,1.6132612332358622,20.812857921902943,2.608570159441776,0.4555980583795512,445.873,11.938199276381898,17.932298789432707,90.89888505193274,4.814072023892145,3.069124994009119,25.755885599481378,74.24411440051863,-1.6423650330361197,-9.002933631538369,-11.499658651293332,-32.92691915993365,31.96169526879682,0.3161186484672494,0.0514032999055952,0.0283963793289351,0.5169261219865164,1.9875906892154205,0.6409153663650177,10.373892341979722,1.811648128343276,0.2318770490790825,0.165620721648048,False,False,False,False,False,False,False,False,False,False,False,False,False,False,False,False,False,False,False,False,False,False,False,False,False,False,False,False,False,False,False,False,False,False,False,False,False,False,False,False,False,False,False,False,False,False,False,False,False,False,False,False,False,False,10,True,-0.8184487283326897,-0.7035260203101414,-0.4696649292855447,0.16019040957417077,-0.116755442622988,-0.02655897436472037,-0.4840656478973399,0.16243487967541187,0.3923660318537244,0.057019222156004336,-0.31221159906939905,-0.3085770114030407,0.11048044422349647,0,Stable,47.49644188324608,54.666146930068,93.21854371575151,79.44712202039841,77.31319513774179,49.562292594392225,27.198498792808635
5.0,1054.0,20106020.0,43.0,171.0,9.722,2174.0,140.0,36.0,DE0007314007,214759,HEIDELBERGER DRUCKMASCHINEN,546.0,853.0,608.0,71.0,2024.0,,333248.0,1628.0,2010.0,2025-03-31,201060.0,-31.0,14.0,140.0,546.0,2314.0,69.0,830.0,DEU,650.0,297.0,88.2,88.0,3555.0,108.0,0.0,2314.0,20.0,113.0,1137.0,3.265869365225391,0.9157509157509158,3.068280034572169,6.050129645635264,0.216076058772688,6.050129645635264,54.451166810717375,12.05432937181664,1.3329425556858148,0.6201641266119577,0.2004689331770222,0.2004689331770222,13.063477460901565,0.0787545787545787,0.1446886446886447,25.114995400183997,74.88500459981601,5.071428571428571,-0.6571428571428571,3.633854645814168,1.0643974241030358,238.01686895700476,7.791245791245791,46.84745030250648,28.08988764044944,8.147887323943662,1.7335526315789471,21.527138914443423,3.802938634399308,1.2753623188405796,25.0,1.08038029386344,77.87610619469027,159.1549295774648,3.9816849816849818,4.66724286949006,1764.0,-1664.0,-4.577319587628869,2.838221381267747,-2.857713828936848,0.0,35.384615384615394,-0.1057188227777901,-0.1697386803511185,0.0444476609897042,0.0323410496343108,1.590876007431103,0.946581864219822,5.197792088316467,2.438037162436402,0.0574083843852668,0.4140666067404296,False,False,False,False,False,False,False,False,False,False,False,False,False,False,False,False,False,False,False,False,False,False,False,False,False,False,False,False,False,False,False,False,False,False,False,False,False,False,True,True,False,False,False,False,False,False,False,False,False,False,False,False,False,False,12,True,-0.6192229407015895,-0.5794910368147314,-0.5282960709365814,-0.037227102380287355,0.1546135005126,-0.007690601489352721,-0.7020481697758141,-0.1044944575313801,0.6042600695823748,-0.2954947555128485,0.06560932392345951,-0.904228188653619,0.49006803026864026,0,Stable,41.610697442348574,63.7591809940103,94.627868203628,87.70820529541226,49.9984683719897,49.69843094941622,26.208156126040976
1243.7,25943.1,55101010.0,18526.4,8757.7,28.597,64277.7,7773.0,4278.5,DE0005220008,216524,ENBW ENERGIE BADEN,10232.9,13964.3,3014.3,6067.8,2024.0,1248.6,2211.0,46509.9,5510.0,2024-12-31,551010.0,2380.3,889.0,7773.0,10232.9,34936.7,1705.2,3666.6,DEU,29670.5,5242.4,433.4,5483.5,4911.0,44.8,3926.1,34936.7,55.0,2620.2,21484.3,9.439976850447357,12.153934857176363,17.36798266579271,22.24880999064022,3.559866844893765,22.24880999064022,25.74255725354713,21.09856637678942,1.538516073129337,1.3226584934439964,0.6271492305378716,0.9083018840901442,11.699236282567671,1.8104740591621145,2.228586226778333,15.9198291164743,72.35775393332369,6.825421822272216,1.8071786954843687,35.4787119016393,0.543527537544125,1221.6910864776023,6.664256828933313,54.7697979488618,84.926452698738,4.645837765957446,8.606674849882227,21.78064865419889,15.695529343069037,3.2157518179685667,-2863.3,-8.19567961484628,209.27791771620488,43.18204291505982,6.281474459830546,0.1282319165805585,34.847632065610675,65.15236793438933,-21.991568756168256,-0.6817173963092782,130.648868814776,-18.287149339345344,24.51746219174349,0.9007487912192432,-0.1281866030899729,0.4843372271521028,-0.1773859004519628,5.072178113991962,1.210363939794482,4.07637485473189,3.599864914724167,0.3469054074817645,-0.4793687169800782,True,True,False,False,False,False,False,False,False,False,False,False,False,False,False,False,False,False,False,False,False,False,False,False,False,False,False,False,False,False,False,False,True,False,False,False,False,False,False,False,False,False,True,False,False,False,False,False,False,False,False,False,False,False,11,True,-0.6851586564985748,0.09788683972382196,0.03992667837698546,-0.30636030514708756,0.12918587341285087,2.763610970883713,-0.2877314355266448,0.3142750748008266,-1.6026371861864448,0.7639299664814345,-0.13947063530608905,0.32912305223061455,-0.16752600628703604,0,Stable,14.616393279454332,33.06666542160292,90.38685229867755,90.82826006584726,54.57595525493228,51.61241330773468,10.80655712502217
91.0,669.586,45203010.0,463.899,85.573,4.071,1740.009,220.135,17.217,DE000A2NB601,218000,JENOPTIK AG,960.337,260.817,267.009,147.082,2024.0,,333310.0,772.813,4520.0,2024-12-31,452030.0,-62.385,22.468,220.135,960.337,1115.787,73.053,165.76,DEU,419.917,232.805,21.75,83.235,3827.0,99.441,0.676,1115.787,45.0,167.12,588.719,8.452944783618936,9.475840251911569,13.181906582528743,19.729123927774744,8.15567845834375,19.729123927774744,39.989800920785065,10.32708062427856,2.257210994682095,1.233470210914166,0.3280959446661835,0.3306878002584187,18.84484505539914,0.4830585513210467,0.500986632817438,55.19149613593952,44.414310500692814,6.546288054121417,1.7968201331001432,27.650201809300984,0.6412535797228636,274.0817980840089,4.792796546465927,76.15595539291996,37.634154188926736,3.402806326280413,2.50772820391822,18.2974915646988,7.459757104178485,1.1393782596197282,83.885,7.518011950309512,49.80552896122546,113.62369290599804,1.8118733319657576,8.912184852485286,23.9010989010989,76.0989010989011,4.665737377679058,4.3851745023132604,-11.806759098786824,-5.059136438232148,5.848466351289483,0.4407378857090055,0.0350220547211026,0.383648736051978,0.0072185718835734,1.6762282502380683,0.1878283872328744,9.604548022452756,2.5902597818907727,0.7604788523854166,0.322831167885967,False,False,False,False,False,False,False,False,False,False,False,False,False,False,False,False,False,False,False,False,False,False,False,False,False,False,False,False,False,False,False,False,False,False,False,False,False,False,False,False,False,False,False,False,False,False,False,False,False,False,False,False,False,False,11,True,-0.4219077007726488,-0.2685066994027004,-0.620991473682871,-0.11084090848303703,0.09273324644713957,-0.5635417312752768,0.17141841686408188,-0.5989166400276281,0.3195371735836528,1.2167325696037534,0.5135134054268762,0.3799696720886175,-0.10783337199958025,0,Stable,39.35682593720004,78.85568940628353,92.66133835989012,89.72439729935415,42.5523831165986,50.3617068082714,27.571083785822548
-137.849,1295.94,25101010.0,320.667,124.399,9.078,1759.303,119.706,44.687,DE0007856023,220295,ELRINGKLINGER AG,636.859,602.484,419.759,11.636,2024.0,0.029,339991.0,1073.971,2510.0,2024-12-31,251010.0,-59.248,26.431,119.706,636.859,1803.136,108.07,263.662,DEU,715.129,233.211,9.504,108.317,3050.0,133.038,12.7,1803.136,25.0,168.022,851.562,0.6613982923919302,-21.64513652158484,0.6453201533328601,6.638767125718747,-7.644958561084687,6.638767125718747,28.128549371761192,1.2152150437690463,1.4134184476268248,0.7167045099952861,0.2064768524973277,0.2275562504564436,14.157765887968129,0.5035133365470221,0.5736811444919518,36.19950628174908,61.0452548537688,0.4402406265370209,2.012889913621706,20.766974193757413,1.024914980534905,198.62701035470369,7.731779375758433,47.20776192145241,39.66029184709306,7.239242325697171,3.0873429753739647,20.326799874723115,6.007145329026762,1.0022855556583696,59.705,3.3111756406616037,64.46596279058696,1443.984187005844,2.7624686155020184,7.378145630723362,,,-2.3812204946078164,-12.393031092378804,-5.200501253132838,2.079023406110569,52.10498230635285,-0.8535960562738824,-0.0118516520726113,-0.841471770727287,0.709805219909235,3.378508538878221,0.1335823210376088,9.550486755266146,2.782741537123024,0.7021783634218506,-0.5065758480843952,False,False,False,False,False,False,False,False,False,False,False,False,False,False,False,False,False,False,False,False,False,False,False,False,False,False,False,False,False,False,False,False,False,False,False,True,False,False,False,False,False,False,False,False,False,False,False,False,False,False,False,False,False,False,11,True,-0.8835903570070857,-0.305654606291066,-0.5523769290089612,0.35163201888268975,0.1885262264689845,-0.3329651598220614,0.053494838677859216,0.4633712037091347,-0.6707528121764276,0.85413668731985,-0.8298291736064926,0.8881890190332005,-0.773824349404947,0,Stable,27.395416733617118,41.846290909027594,98.87417462170094,92.84318813702693,39.8515844705978,49.13804984924613,17.23511032980099
2777.0,6826.0,35202010.0,6997.0,3075.0,59.02,51567.0,5892.0,3273.0,DE0006599905,220301,MERCK KGAA,29912.0,11294.0,4484.0,4086.0,2024.0,,325412.0,21580.0,3520.0,2024-12-31,352020.0,-985.0,267.0,5892.0,29912.0,21156.0,1806.0,5895.0,DEU,10025.0,4900.0,284.0,1702.0,2834.0,2279.0,558.0,21156.0,35.0,4586.0,13450.0,7.923672115888068,9.2838994383525,19.313669880884856,27.850255246738516,13.12629986764984,27.850255246738516,67.73492153526186,11.070470616922702,1.190897821852311,0.7938728528422171,0.2722684611298034,0.3216752257836019,4.180968448814164,0.2339194971917625,0.3433404653650709,58.006089165551614,41.84846898210096,15.303370786516854,1.2211473183978276,19.915837648108287,0.4102623771016347,358.4547610979329,4.317551020408163,84.53866515409341,47.38608432595954,9.8126159554731,1.5223015165031222,15.465316966276882,8.044999054641709,0.9424141749723144,2884.0,13.632066553223671,37.112952464020935,112.23690651003426,1.7239569403583843,10.772357723577237,10.2268635217861,89.7731364782139,0.7764492926213507,6.334673677698732,-6.180453996312075,45.877592311583214,-5.810736026563368,0.4800962578109951,-0.0469521536989682,0.4079049800083901,-0.2417139446496186,2.636490576860873,0.2329913084873707,8.893284464870945,1.5872687760401074,0.3647513264064865,0.2689354965133424,True,True,False,False,False,False,False,False,False,False,False,False,False,False,False,False,False,False,False,False,False,False,False,False,False,False,False,False,False,False,False,False,True,False,False,False,False,False,False,False,False,False,False,False,False,False,False,False,False,False,False,False,False,False,11,True,-0.519470747095261,-0.4900944884264875,-0.6209225452891173,-0.03397973907775823,-0.19969318182971435,-0.24880722987257284,-0.09653663114480096,-0.4869338170894111,0.3019280040475319,0.23517465807942695,0.37058878369709836,-0.16465646963865466,0.056206927940263864,0,Stable,58.09126770777399,79.51920293298795,92.4659934476939,76.61388458670228,72.9015670854593,49.09770502653683,35.16438752305779
416.096,15509.246,15104025.0,235.406,364.209,6.979,7846.232,679.112,147.816,DE0006766504,220303,AURUBIS AG,4554.9,2207.551,3545.794,477.547,2024.0,,331410.0,3290.333,1510.0,2024-09-30,151040.0,17.205,36.056,679.112,4554.9,17183.261,201.565,633.348,DEU,1926.662,717.167,65.489,846.67,3330.0,13.526,41.839,17183.261,15.0,537.473,4740.018,6.086322708785568,9.135129201519243,2.779140699777534,3.9521718258251446,2.4215194077538604,3.9521718258251446,9.742126363558114,9.96902911839035,2.147183915569788,0.5409723263471603,0.1649832778495264,0.1839359543675321,32.2762186996255,0.0516819249599332,0.0841340095282004,58.0520688146871,41.93519895919468,13.244591746172622,0.0279968547161587,4.88415331078663,2.1900016466502645,2462.137985384725,23.95991589127776,15.233776347807323,11.21243517164757,6.785186539449477,4.373983937025106,13.782105856671077,4.92729523226121,4.20048123434128,-309.197,-1.7994081565774973,157.5279130300499,112.54871248275036,1.7225914948736527,0.0787161412493239,15.738916019380143,84.26108398061986,0.4361597415107221,8.080314274926636,-3.4716459197787097,491.4023947056357,35.47001777636976,0.1421246840263757,-0.0178235605765529,0.2790324510698908,-0.2978989675856014,1.5227710416822389,0.0719072939113469,6.850077846283413,2.6928259874766445,0.0958213953771449,0.3665091022160684,False,False,False,False,False,False,False,False,False,False,False,False,False,False,False,False,False,False,False,False,False,False,False,True,True,False,False,False,False,False,False,True,False,False,False,False,False,False,False,False,False,False,False,True,False,False,False,False,False,False,False,False,False,False,11,True,-0.43997854484815246,-0.4076752334560412,-0.6562994275848241,-0.27113755853775845,0.19391460889837625,-0.618509379097289,0.8088468304050281,1.6138910693576431,0.699891020033669,-0.568533421617457,1.495458225288387,-1.275383137747038,0.5532806975983694,0,Stable,17.943900589322165,56.154066142316125,94.07390987098314,90.87232645304168,54.694783118824205,51.25368936376804,15.600670157076284
35.94,1506.518,55103010.0,256.7,93.088,1.492,1732.074,90.445,10.628,,220307,PFALZWERKE AG,378.966,264.951,19.184,27.879,2024.0,6.113,221122.0,1347.032,5510.0,2024-12-31,551030.0,33.214,3.177,90.445,378.966,1787.197,62.566,146.151,DEU,793.789,270.851,11.062,134.034,4911.0,84.1,0.0,1787.197,55.0,49.506,441.204,1.609573263036106,9.483700384731083,1.5599287599520366,5.060717984642992,2.0109702511810394,5.060717984642992,15.704983837819777,4.385793797371576,1.665228664922948,1.592822823842899,0.3513404365335477,0.3513404365335477,10.175835443520311,0.6773694737786503,0.7054142060237593,21.879319243866025,77.76988742975183,8.7752596789424,1.9264746531040964,15.433982612752107,1.0318248527487854,1197.853217158177,6.598450808747244,55.31601440691765,44.41530508388275,10.1399522277635,78.52992076730608,21.01174661128797,7.499676868302711,2.142281750471502,-84.52799999999999,-4.729640884580714,270.7429402496667,177.5745184547509,4.570526115799306,4.705692769179894,30.77907623817473,69.22092376182526,-9.603162680691558,-2.583562522145544,6.0412224591329,5505.305039787761,0.8714892079833669,-0.0338291273771425,-0.024185162627496,0.4447856134358746,-0.3934115859431578,1.2853282924683085,0.1731064487616404,2.858191971012785,1.5646567341546296,0.0076198450706863,-0.4018040529017558,False,False,False,False,False,False,False,False,False,False,False,False,False,False,False,False,False,False,False,False,False,False,False,False,False,False,False,False,True,False,False,False,False,False,True,False,False,False,False,False,False,False,False,True,False,False,False,False,False,False,False,False,False,False,11,True,-0.9900095389950581,-0.3643387528210189,-0.5914575354736077,0.02800341392754431,-0.7099093458658239,-0.7122325920005439,3.34414092618104,4.404717852433642,-2.800650303387519,-1.5421524701135982,1.8610367689438627,-1.1032127805341527,2.8016057435136923,0,Stable,1.9801802658968626,2.9285551814851485,94.90113676822484,76.13296109533103,46.147682341328974,51.346521476892654,1.2313553835815174
756.0,10488.0,25203010.0,4410.0,2530.0,46.045,20655.0,2493.0,1177.0,DE000A1EWWW0,221244,ADIDAS AG,5476.0,9593.0,4989.0,1323.0,2024.0,,316210.0,14787.0,2520.0,2024-12-31,252030.0,-1559.0,221.0,2493.0,5476.0,23683.0,1170.0,10915.0,DEU,4912.0,3145.0,357.0,419.0,3021.0,170.0,75.0,23683.0,25.0,2910.0,11904.0,6.405228758169934,13.805697589481372,5.586285521259975,10.526538023054512,3.1921631550057006,10.526538023054512,55.715069881349486,13.382561197653247,1.2409048264359428,0.7208381111226936,0.2637339726884186,0.2715521734598144,11.188574195110142,0.8053323593864135,1.0202702702702702,26.5117404986686,71.59041394335513,5.986425339366516,1.2262334536702768,27.049140643911883,1.1465988864681675,514.3446628298403,7.530365659777424,48.47042182155977,20.74061563146561,10.247944612721763,2.1022248947684905,27.47518760590656,1.769201536967445,0.3581196581196581,2491.0,10.518093146983068,14.398625429553263,219.95464852607708,3.7719138056975896,0.7178144660727104,47.22222222222222,52.77777777777778,10.528772109954732,14.622641509433954,-10.698008184480512,9.880899867666514,15.426997245179065,-0.4227210971496479,0.1074996125257679,-0.1593547544487529,0.5446956087812201,3.247124986310203,0.4094297892355455,14.088598402323893,5.595751210865922,0.1864242996914177,0.5394375436823811,False,False,False,False,False,False,False,False,False,False,False,False,False,False,False,False,False,False,False,False,False,False,False,False,False,False,False,False,False,False,False,False,True,False,False,False,False,False,False,False,False,False,False,False,False,False,False,False,False,False,False,False,False,False,11,True,0.08703174649777246,-0.24065685089901637,-0.4697591680153647,-0.5535940214097145,0.4032772248607342,-0.5857652484160599,-0.40901082730509425,-0.7720874548648653,0.49184669761765126,-0.06572465655442064,0.6111792455146596,-1.2470248463891038,0.34092578767373705,0,Stable,33.82711844276903,51.56138446277541,96.39520787686409,64.71263639416983,50.022739412776396,51.63937387483914,21.265055046523923
11209.0,67748.0,50101020.0,134361.0,8478.0,198.194,304934.0,46037.0,15391.0,DE0005557508,221616,DEUTSCHE TELEKOM,63296.0,35182.0,2451.0,24399.0,2024.0,,517111.0,206294.0,5010.0,2024-12-31,501010.0,-20282.0,6713.0,46037.0,63296.0,118397.0,21638.0,0.0,DEU,92727.0,22303.0,4400.0,11198.0,4813.0,21.0,6.0,118397.0,50.0,39874.0,37161.0,8.001403582414556,17.708859959555106,20.607785670245025,38.8835865773626,9.4673006917405,38.8835865773626,42.77895554786016,12.344111263451332,1.0562503552953215,0.9865840486612472,0.2409754988346313,0.2411460405889375,0.648992896823575,2.1227407735085944,2.3658998988877653,20.75727862422688,67.65201650193157,3.634589602264264,3.0687056063601017,49.10964339824355,0.3882709045236018,597.3793353986498,5.30856835403309,68.75676748566264,78.31870739968073,59.8266801414856,27.64096287229702,10.094315491221051,9.458009915791784,0.5175154820223681,28676.0,24.22020828230445,28.083462908160705,163.4247305217427,4.817587209302325,0.0177369359020921,39.25417075564279,60.74582924435721,3.2312910341700807,5.039182928299546,-0.7302706709674811,14.740717029449414,-9.003738013976925,0.9083638954089496,0.0960900661978899,-0.0224471425658448,1.3659145704370923,3.561205423752282,0.641028743180756,13.076272242518051,1.403101318913199,0.7156791433631443,-0.3789588016963779,True,True,False,False,False,False,False,False,False,False,False,False,False,False,False,False,False,False,False,False,False,False,False,False,False,False,False,True,False,False,False,False,True,False,False,False,False,False,False,False,False,False,False,False,False,False,False,False,False,False,False,False,False,False,11,True,-0.5954689598326159,-0.22305481164687954,-0.7517007883754401,0.19520175736884873,-0.16870608942777682,-0.4717288064503399,0.45602010823534306,-0.3904808270006297,-0.6558487269601658,0.7005621768076504,0.007878784827337124,0.9013831506883723,-0.9010871734348158,0,Stable,38.307429158731125,79.3978140296085,90.42755065609326,74.36012193203257,43.21024822228877,50.06533589118645,27.232643767933723
-5.227,181.482,45103020.0,425.563,130.007,4.707,2364.646,157.018,6.648,,222247,SOFTWARE GMBH,1456.741,444.979,0.0,97.764,2023.0,0.875,511210.0,907.905,4510.0,2023-12-31,451030.0,-266.48,63.766,157.018,1456.741,1000.181,59.254,412.629,DEU,58.113,160.769,3.7,9.646,7372.0,196.191,0.0,1000.181,45.0,-1.343,1513.244,4.13440320453886,-0.3588146417242324,9.77463079182668,15.69895848851358,-0.5226054084210758,15.69895848851358,81.85508422975441,5.193847540036041,3.4007087974938144,3.4007087974938144,0.2921643493288448,0.2921643493288448,45.176529594704654,0.2921336050814798,0.2966972165951257,61.605035172283706,38.39496482771628,1.5331681460339366,1.9246455820351809,18.2780424638614,0.4229728255307559,212.4879966008073,6.221230461096356,58.67006571810502,5.810248345049546,0.9362667502913604,,12.296808909240536,0.9644254389955418,0.1627906976744186,-10.989,-1.098701135094548,,-1.3737162963872185,1.6232439397257303,19.61554958552502,,,4.384176970129605,-11.71439718787861,-5.784627702161737,-322.7199027158492,-28.36242109171927,-1.5867969667914168,-0.0046997039002349,-0.0509871468777008,-2.141941446835073,6.221738615381914,0.0857709407535484,-0.0567949705791057,3.860321517748916,0.5962530846146866,-0.3652052625999272,False,False,False,False,False,False,False,False,False,False,False,True,False,False,False,False,False,False,False,False,False,False,False,False,False,False,False,False,False,False,False,False,False,False,False,False,False,False,False,False,False,False,False,False,False,False,False,False,False,False,False,False,False,False,10,True,-0.6005116168732861,-0.5275129277396018,-0.07890298454386944,-0.1183901834038547,-0.8520838405221937,-0.35222361942410724,0.09998302037153504,-0.22030591208797545,-0.36414233847659866,0.6409101556555318,-0.5802872668081551,0.762086381327536,-0.8929016453879393,0,Stable,35.472145438558165,47.649564054007875,97.44272995344141,87.3318165677791,51.508600486685864,47.60883285573155,21.33629278352445
61.79,3243.715,20106020.0,1212.048,964.848,17.685,4978.375,295.497,113.163,DE0005565204,222340,DUERR AG,1219.056,2411.012,627.516,151.456,2024.0,,3339.0,3754.654,2010.0,2024-12-31,201060.0,-375.802,74.982,295.497,1219.056,4290.936,144.041,634.568,DEU,680.643,1221.942,48.441,115.432,3560.0,153.689,133.263,4290.936,20.0,384.265,3140.097,3.0422778517086395,5.068676090351879,3.5296727800181595,6.886539440345883,1.4400121558559718,6.886539440345883,24.405421101596477,6.22992681514242,1.3023979142368434,1.0421271233822147,0.4001838232244384,0.4554564639246921,14.645039797122555,0.9942512895223844,1.087079674764736,24.487026389133,75.41926833555127,2.019898108879464,1.2195149189331873,26.619348683054213,0.8619149822984407,242.63138252756573,3.511570925624948,103.94208396489718,15.86234332089782,5.885371390167126,5.169135129622194,43.925778994149695,2.690135672030532,0.8013829395797031,268.833,6.265136557618198,30.03968615408637,253.71394992605116,4.083795166095733,3.5817127079033577,78.39618061174947,21.60381938825053,-7.269801574729639,-3.444734614239564,-2.978933508887438,28.68364367430949,46.889952153110045,-0.4965662083968718,0.0570575702224736,0.0417947654047258,-0.0019644397701197,2.270022492596523,0.2455452133437113,7.718683305295403,1.7130674126114176,0.5263646183349368,-0.5931023291626563,False,False,False,False,False,False,False,False,False,False,False,False,False,False,False,False,False,False,False,False,False,False,False,False,False,False,False,False,False,False,False,False,False,False,False,False,False,False,False,False,False,False,False,False,False,False,False,False,False,False,False,False,False,False,11,True,-0.928592926199832,-0.31075587228240803,-0.7502297304701746,0.4273495609322472,0.22021443001208535,-0.2322831672833553,0.02130085602932365,0.37528980118288574,-0.8158903737557354,0.30856335699107196,-0.7967920897230598,0.7034328310420083,-0.7593731027462169,0,Stable,33.024547544502155,52.068807774150336,97.01486434428865,78.19943273433184,43.98149650004292,49.1148589216621,21.020140183923413
115.342,3478.644,25504030.0,1549.617,301.138,24.145,4394.077,519.867,382.419,DE0006084403,223089,HORNBACH-BAUMARKT AG,1670.35,1107.509,1199.091,220.139,2024.0,,444110.0,2723.727,2550.0,2025-02-28,255040.0,-223.404,71.261,519.867,1670.35,5847.008,299.728,1866.56,DEU,2552.384,133.852,88.2,102.09,5211.0,84.1,0.0,5847.008,25.0,293.846,1666.76,5.009903103655216,6.905259376777323,3.764985442126982,8.891162796425112,1.9726670461199989,8.891162796425112,40.50557139651597,6.836684972237295,1.5049629393530888,0.422271060551201,0.2719056910598469,0.2719056910598469,12.727382792791294,0.9277199389349536,1.1566653695333315,38.01367158563676,61.98632841436324,3.089193247358303,3.137144692777192,43.96909749191924,1.3306566999167286,242.16226962103957,43.6826345515943,8.35572313224131,43.65282209294053,10.45506936956751,2.901067558675697,9.899462389939911,1.7460212129006836,0.3406088186622538,191.756,3.279557681467171,34.74268834695725,133.48202726459192,2.630632502170204,1.4383424821720785,76.46824227081203,23.531757729187973,1.1598855149173026,3.2473713383834646,2.530893031551229,-40.31331803991024,-11.954946874568783,0.0922619794689531,0.1074227638393112,-0.1100295658151356,0.4920661200644018,1.1044119343611911,0.4925614583297832,6.687320226750691,2.765392281962057,0.0907249435167971,0.032137880620271,False,False,False,False,False,False,False,False,False,False,False,False,False,False,False,False,False,False,False,False,False,False,False,False,True,False,False,False,False,False,False,False,False,False,False,False,False,False,False,False,False,False,False,False,False,False,False,False,False,False,False,False,False,False,12,True,-0.5315374177766476,-0.5911909954702103,-0.3697985445784896,-0.14979163412610455,-0.40229286745414033,-0.08716948293265685,-0.3144046605446936,-0.3227634453473514,0.03643937567360131,-0.4837952605290362,-0.05387616758793047,-0.5235143131064212,-0.11054645705777978,0,Stable,57.53199909570681,81.67452723563876,94.09481474597123,91.43464178427335,64.86152180160309,49.36630226576515,35.26397872362854
-47.583,3684.958,50101020.0,3397.504,132.847,10.972,11935.709,1295.975,497.345,DE0005089031,225236,UNITED INTERNET AG,4781.247,1881.568,119.667,640.725,2024.0,,517.0,6390.975,5010.0,2024-12-31,501010.0,-101.754,148.024,1295.975,4781.247,6329.186,655.25,1255.137,DEU,2759.136,1292.487,69.1,774.598,7370.0,6.535,17.99,6329.186,50.0,954.121,1989.27,5.368135231849235,-0.9952006244396074,10.123339715407322,20.476171817355343,-0.7518028384692755,20.476171817355343,41.77832662841635,7.834020133392006,1.0572405568121908,0.9936409420228236,0.0706044107892991,0.0801655852990697,0.9023510878155624,0.7105895177555144,0.8146094523039701,40.05834089956449,53.54499678234448,4.328521050640437,2.902835317039295,32.63190314039996,0.5302731492532199,576.8488880787459,4.896904959198816,74.53687646405083,43.59385235320941,58.76572394198808,30.793435115779623,11.941762320110184,12.238509027859193,1.182141167493323,179.52300000000002,2.836431098722648,81.18446192883292,148.91271606383393,2.496359004251401,0.1032518241682263,,,1.866505204390112,6.13645696557934,0.0912242291552622,486.5422942464148,-2.9194427315977767,-0.5468603182232925,-0.0728668106173555,0.9960844831622924,-0.778187920511514,2.039358137012388,0.4132467835297932,7.993835975726284,4.339954980035436,0.7909672587684747,0.4524402035389427,False,False,False,False,False,False,False,False,False,False,False,False,False,False,False,False,False,False,False,False,False,False,False,False,False,False,False,True,False,False,False,False,False,False,False,False,False,False,False,False,False,False,False,True,False,False,False,False,False,False,False,False,False,False,11,True,-0.330626558097863,-0.12972303398907395,-0.3295083935699194,-0.6408792591055504,-0.1080308534033496,-1.0301348076528616,1.5090256736737002,1.1726321664568464,0.6411486176182071,1.1158727916204634,1.9159442577965093,-0.0009261992687724835,0.3380278335364046,0,Stable,15.908378472189389,70.13546556526364,97.1590521633495,79.9403043245935,37.512233111918704,52.30915721642665,16.883671223665303
-196.078,580.986,35203010.0,392.743,396.8,4.74,1912.502,22.181,46.677,DE0005664809,232623,EVOTEC SE,952.525,344.585,31.122,-78.919,2024.0,,541714.0,959.977,3520.0,2024-12-31,352030.0,-161.421,14.323,22.181,952.525,796.967,101.1,188.201,DEU,823.937,204.232,88.2,117.468,8731.0,50.451,90.413,796.967,35.0,18.22,681.964,-4.126479344858201,-20.58507650717829,-9.90241754050042,2.783176718734904,-24.60302622316859,2.783176718734904,27.100369275013897,-5.8664147218249445,1.97908788832944,1.8887705500819831,1.1515301014263537,1.4139123873645112,17.640713578338747,0.4123177869347261,0.4613212251646938,49.80517667432505,50.19482332567495,-5.509949033023808,1.921464316306749,22.97618512294366,0.4167143354621329,168.13649789029537,3.9022631125386815,93.5354663367492,103.38407989289394,2.3622306071213672,18.668016194331983,31.42647693963196,14.739380676991646,1.161899109792285,-99.248,-12.453213244714023,644.7200878155872,,2.0078234167082227,6.330375034348975,,,1.9887999631442943,-15.093044607070992,-6.342620035566093,-43.89027713390848,-44.93369147903863,-0.8325694190209383,0.0386309779443166,1.917950891408806,-2.290958640246113,9.297187349360202,0.2626236081321498,0.95267874229674,7.231034069487787,0.0882125607732205,-0.1214903418117103,False,False,False,False,False,False,True,False,False,False,False,False,False,False,False,False,False,False,False,False,False,False,False,False,False,False,False,False,False,False,False,False,False,False,True,False,False,False,False,False,False,False,False,False,False,False,False,True,False,False,False,False,False,False,11,True,0.15931485114352756,-1.2907864358254515,1.2551188116250676,-0.15533278498869327,-0.8948145963656151,-0.4211878218960002,-0.7738418235407168,-0.5119439000921919,-1.0610964438373869,-1.548385354611262,-0.640971929721433,0.8416696660605006,1.1266144613636584,0,Stable,11.8737755011831,39.48774418825266,98.57080733220906,48.94335333025022,62.639518258314354,50.31956723302657,10.67267182871114
33.453,1057.572,45102010.0,142.2,144.674,5.553,1406.896,108.385,51.783,DE0005419105,233025,CANCOM SE,573.998,620.879,68.049,43.341,2024.0,0.77,541512.0,832.529,4510.0,2024-12-31,451020.0,-227.475,6.933,108.385,573.998,1738.992,65.044,472.186,DEU,178.885,511.463,33.1,22.276,7373.0,1.03,0.0,1738.992,45.0,192.876,771.75,3.0806115022005893,5.828069087348736,2.492305887548649,6.2326336176359645,1.9237006265698755,6.2326336176359645,39.18476910762097,6.051538820270372,1.2429958172204243,1.1333947516343763,0.2330148064276614,0.2330148064276614,10.72367822497185,0.2477360548294593,0.3379506548803305,40.79889345054646,59.17487859799161,6.251406317611424,0.4549430271716566,13.788012760005005,1.236048720019106,313.1626148028093,3.4000348021264486,107.3518423316496,10.286706321823216,11.526350325775,15.541330511837057,46.63720701459099,1.2809719653684433,0.3424758624930816,170.6,9.81028089835951,11.54938924490346,445.0197272790199,2.451046867759121,0.0592297146852889,98.94478821032492,1.05521178967507,13.951338164437963,-9.14312468719224,-1.104185218165632,147.80663529138343,-13.612037539750254,-0.1398458261153746,0.0079525472019844,-0.111058806430082,0.2444340131518313,0.9231519418954548,0.0859446659562236,13.709328905619175,5.771812763363266,0.2524325344007958,0.0228674538735926,False,False,False,False,False,False,False,False,False,False,False,False,False,False,False,False,False,False,False,False,False,False,False,False,False,False,False,False,False,False,False,False,False,False,False,False,False,False,False,False,False,False,False,False,False,False,False,False,False,False,False,False,False,False,11,True,-0.30824487397590467,-0.5062618792471707,0.058638442126075906,-0.42952734009908444,-0.5128033515632487,-0.37421773498589017,-0.1571786678353654,-0.14939401740922367,-0.11610695569376026,-0.01658511141689707,-0.132087424055845,-0.5243681864154395,-0.17092194803762797,0,Stable,41.30200714569301,50.20415964531456,95.4192951228114,62.63363056380625,86.66265210306044,49.44365238614528,24.05142680507439
318.867,1989.932,50202010.0,96.723,1748.388,4.434,4067.28,496.411,24.575,DE0005470306,234919,CTS EVENTIM AG & CO KGAA,1026.957,2497.395,15.555,418.33,2024.0,,561599.0,2884.745,5020.0,2024-12-31,502020.0,-193.853,12.323,496.411,1026.957,2808.579,78.081,309.873,DEU,217.881,353.584,159.346,142.276,7990.0,15.39,229.785,2808.579,50.0,506.419,2406.091,10.285252060344996,31.04969341462203,14.894720782288836,17.67480993057343,11.353321377109207,17.67480993057343,29.148085206077525,37.22857041150505,0.963440304797599,0.9572118147109288,0.7000846882451515,0.7920945625341606,-2.244841761570388,0.0941840797618595,0.118114000878323,25.249232902578623,70.92565547491198,33.94709080581027,-3.277707383599477,2.982287917232155,0.6905300348144214,633.4188092016238,7.9431733336350065,45.951408167617856,7.757695261553973,,127.92876888460304,51.680041698629054,5.06576457347292,1.822159039971312,364.143,12.965382138084774,28.094522519889654,121.05729926134867,3.960516360470789,0.5479639347869509,49.97255909203523,50.02744090796477,19.08064778728644,27.287902785901608,25.43140028288544,-25.79035857304437,2.04555887078266,-1.5039697320762582,-0.0345877774323092,0.3551110241865341,0.3248755201716945,21.20389538993195,0.2043468968732351,12.451048366475876,8.660978644354024,0.0553400530688317,-0.0379195654339278,False,False,False,False,False,False,False,False,False,False,False,False,False,False,False,False,False,False,False,False,False,False,False,False,False,False,False,False,True,False,False,False,False,False,False,False,False,False,False,False,False,False,False,False,False,False,False,False,False,True,False,False,False,False,11,True,1.8342602651870723,0.43840795752150197,0.5184826988022226,-1.7037397624432176,0.7068513329342079,-0.6559380780980869,-0.6175946528825246,-0.6175534015320046,0.2129845948019987,-1.2963162434960256,0.49098641746284977,-1.4431788744663911,-1.1938979090740784,0,Stable,8.153868326965616,29.456579569742473,97.7982146103309,38.070547114605226,60.65306914547396,54.40402594255925,7.680034266247618
245.498,5027.075,45102010.0,568.761,716.202,13.952,4217.281,491.647,243.49,DE0005158703,238136,BECHTLE AG,1911.446,1608.168,377.231,351.327,2024.0,,541512.0,2302.211,4510.0,2024-12-31,451020.0,-145.969,23.124,491.647,1911.446,6305.762,140.32,839.448,DEU,476.89,1526.454,88.2,88.666,7370.0,5.928,73.087,6305.762,45.0,558.151,2638.103,8.330651905813248,12.843574968897892,5.57152331470804,7.796789666340087,3.89323288763515,7.796789666340087,20.278072657991213,14.165228950648071,1.64043992916163,1.4058680436372322,0.4453527243422329,0.4908000905378045,24.4217779180472,0.297555358613322,0.4249405947120661,45.32413182806647,54.58993602750207,15.193175921120917,0.1953617127735956,19.260063533826653,1.4952197873463968,451.9611525229358,4.130987242327643,88.35660305606207,7.562765610246629,6.122485399564049,13.326251023908426,53.17777022683573,1.406110792002616,0.6318842645381985,469.485,7.445333331641758,15.885665348624295,158.8693724080415,2.2063301814437866,0.0940092569304074,35.92697292849636,64.07302707150365,-1.8213557665315403,10.8880205532778,-2.5289925946625718,31.194931997216724,-12.366324695091825,0.1793811755822081,0.0365579850663909,0.0381559822938994,0.4720251816833336,0.7092724602242448,0.1630064865436234,13.234854400264055,3.544531465357436,0.7035909137046608,-0.335848058177192,False,False,False,False,False,False,False,False,False,False,False,False,False,False,False,False,False,False,False,False,False,False,False,False,False,False,False,False,False,False,False,False,False,False,False,False,False,False,False,False,False,False,False,False,False,False,False,False,False,False,False,False,False,False,11,True,-0.5039698788124601,-0.08006282778272374,-0.5274668964028579,-0.1679786308146831,-0.07383488618630026,-0.6220768557517115,0.4257236118591352,-0.5180355360840779,-0.7179315830765063,0.6962287054676007,-0.0003549042960266324,0.7561505603692623,-0.6852012311342379,0,Stable,39.08746935148058,65.82321452735773,93.87942695949627,89.91424960613512,45.3091244064408,49.760640305518166,25.50846991969589
178.726,910.785,35101010.0,526.757,20.285,5.73,3393.2,254.122,27.071,DE0005313704,238442,CARL ZEISS MEDITEC AG,2041.697,568.835,536.556,187.41,2024.0,,334510.0,1336.721,3510.0,2024-09-30,351010.0,176.249,29.424,254.122,2041.697,2066.127,66.712,558.131,DEU,263.889,582.935,52.522,86.814,3845.0,409.148,0.0,2066.127,35.0,247.319,1212.483,5.523105033596605,8.753796474207485,9.07059440198981,12.299437546675495,8.650291100208264,12.299437546675495,55.91824703902519,7.29660721975165,2.131519684970158,1.188265489992704,0.0356606045689874,0.0356606045689874,18.968761051514797,0.2579995954345821,0.2712586637488324,60.17025226924437,39.3941117529176,6.369290375203915,2.0995545446675217,16.321702227985384,0.6089022161971,360.58062827225126,3.544352286275485,102.98073400134648,12.77215776184136,3.2100262876603365,1.6974649430814304,17.77731934457149,4.201774624696352,1.3013250989327256,160.505,7.7683995223914115,35.102034214920806,131.96681073581985,1.6619508183633516,19.802654919082904,29.38688271432248,70.61311728567752,-1.1091274589575597,11.878833759105078,18.80572257930748,-13.338912585713503,32.23560951089854,0.2882926311304993,0.0164001969641289,0.2652947202455787,0.522632697340081,3.893627057909703,0.0753861984248226,7.288665566426972,3.437645346854512,0.0603046867932807,0.0466665850607139,False,False,False,False,False,False,False,False,False,False,False,False,False,False,False,False,False,False,False,False,False,False,False,False,False,False,False,False,False,False,False,False,False,False,False,False,False,False,False,False,False,False,False,False,False,False,False,False,False,False,False,False,False,False,11,True,-0.40480998444545874,-0.3033931325012507,-0.6182818814568359,-0.12909301630775588,0.41620182287469343,-0.08774661302639815,-0.49708200276599773,-0.27159005907264905,-0.07758261782536834,-0.5772288293611516,0.051689147672970115,-0.8314904921129285,-0.06240186970194524,0,Stable,45.2012666627506,56.99813069375338,93.38699632042317,92.69489938969407,61.35949926068404,50.07569092720035,26.63022626916325
3332.0,70933.0,20301010.0,18764.0,4235.0,482.638,69875.0,9947.0,5387.0,DE0005552004,241456,DEUTSCHE POST AG,23793.0,21171.0,1146.0,5322.0,2024.0,,492110.0,45665.0,2030.0,2024-12-31,203010.0,-6347.0,1034.0,9947.0,23793.0,84186.0,4625.0,372.0,DEU,30769.0,12949.0,2132.0,2936.0,4210.0,92.0,616.0,84186.0,20.0,8722.0,20147.0,7.616457960644007,14.004118858487791,6.321716199843204,11.815503765471696,3.957902739172784,11.815503765471696,15.742522509680946,12.50558075052283,0.951631949364697,0.8975012989466723,0.2000377875395588,0.2291341929998583,-1.465474060822898,0.7886353129071576,1.0150464422309082,34.05080500894454,65.35241502683363,5.147001934235977,2.0022117221272744,34.56314847942755,1.204808586762075,174.42886801287924,6.501351455710866,56.14217328296866,36.54883234742118,,61.896160558464224,24.592486583184257,3.487515738958972,0.6348108108108108,5786.0,6.872876725346257,33.662004127493695,163.8857572341225,2.936788130962888,0.1092818283325018,63.98559423769508,36.014405762304925,2.969739964284845,4.58137516089443,-18.801943485487783,-1.5484090522375316,-13.16178645371192,0.403304004284083,0.0645280279571203,0.0761846273154984,0.6939544352493967,1.81894497593214,0.3326216133116856,12.482289803220036,3.202911638225857,0.5407775201877482,0.1862053710526598,True,True,False,False,False,False,False,False,False,False,False,False,False,False,False,False,False,False,False,False,False,False,False,False,False,False,False,False,False,False,False,False,True,False,False,False,False,False,False,False,False,False,False,False,False,False,False,False,False,False,False,False,False,False,11,True,-0.4410437315730841,-0.38590896314003653,-0.43334643491008373,-0.22953279671950932,-0.25101107180806753,-0.5337761972436676,0.08721606891729809,-0.5641499771534846,0.15584100565970518,0.6335429512011012,0.2531398216045796,0.11333256764828684,-0.09046404188784042,0,Stable,55.27794086118114,73.77152129405977,92.79087975374972,93.58775731806625,65.1663931303522,50.00486415989157,33.176904538581425
-123.9,551.0,20106020.0,63.3,206.4,6.276,1171.6,-28.9,15.5,DE000A0V9A22,241840,SCHULER AG,369.3,486.2,157.4,-132.3,2019.0,0.4,333517.0,756.6,2010.0,2019-12-31,201060.0,-21.2,10.0,-28.9,369.3,1136.3,103.4,445.6,DEU,286.4,319.4,88.2,22.9,3540.0,84.1,12.1,1136.3,20.0,108.3,745.3,-11.29224991464664,-33.54995938261576,-11.643052010912612,-2.5433424271759217,-10.90381061339435,-2.5433424271759217,51.50928451993312,-30.58252427184466,1.5329082682023858,1.2091731797614151,0.4245166598107774,0.4494035376388318,22.115056333219528,0.1714053614947197,0.2133766585431898,31.520996927278937,64.57835438716286,-13.23,,6.725844998292933,0.969870262888358,181.05481198215423,3.557608015028178,102.59702543342426,25.20461145824166,4.385565418757237,3.5006353240152475,44.878798224650055,2.015312857520021,0.2214700193423597,85.4,7.515620874768988,21.1449676823638,,3.172488491741132,7.401214468010209,,,-6.253609438165164,-5.0490315260556144,-4.547528517110266,3184.6153846153834,-24.67105263157895,-3.157324460998459,-0.0257328787692315,-0.1351628198685601,0.45670439716668,7.146851054548595,0.1052148275437987,9.243769204506656,7.354999848113174,0.6830885575182309,-0.7216541018234701,False,False,False,True,False,False,False,False,False,True,False,False,False,False,False,False,False,False,False,False,False,False,False,False,False,False,False,False,False,False,False,False,False,False,False,False,False,False,False,False,False,False,False,True,False,False,False,False,False,False,False,False,False,False,6,True,-0.5702627634421789,0.020662465822537803,0.1276335531787855,-0.6899906815321796,-0.8308978521837898,-1.32911846066604,2.9844179368065964,3.104111631943715,-2.3613752682690343,0.16478922601710103,1.0291851021998988,0.31900872994898716,0.955487036746416,0,Stable,5.573230845802863,12.469732515770684,90.06163615223511,47.892218421469906,33.32486411462748,51.79209752146658,4.099752215686748
183.012,5106.223,55103010.0,1463.508,796.631,5.447,7876.016,575.97,241.787,DE000A0H52F5,244394,MVV ENERGIE AG,2178.635,3051.368,357.179,372.627,2024.0,,22111.0,5361.493,5510.0,2024-09-30,551030.0,-329.445,60.581,575.97,2178.635,6361.422,203.343,585.169,DEU,2819.963,665.709,82.383,412.129,4931.0,0.304,17.723,6361.422,55.0,498.004,3662.918,4.731161033700287,8.400305695997723,5.857605422183909,9.054107713652703,2.8769039375158574,9.054107713652703,19.73142168527728,10.230982144303503,1.2004183041835663,1.0833629375414568,0.2610733939662473,0.2668816085113299,7.764712514550506,0.6717545619160621,0.7827355201766243,27.661637558887648,68.0736682099173,6.150888892557072,1.5776238345747176,21.651746263593168,0.807695413518713,1167.8762621626583,9.555859992879771,38.19645749016494,44.329129556253314,10.402129016433648,14.295977647062118,18.567001387503527,6.478567213431212,2.02676757990194,85.875,1.3499340241851587,82.75616260110361,133.64678351273523,3.61511496877632,0.0047788057450048,45.0150809782965,54.9849190217035,-4.278055232457534,-17.55867834980779,2.080209895052465,-109.19012400112582,28.519217276058303,0.4304629757397033,-0.0453900198140223,-0.1418118434680071,-0.0285310335025822,3.948103928022732,0.2208531176360416,6.323044544348311,4.467484801843641,0.1307636816719675,0.1652528123788666,False,False,False,False,False,False,False,False,False,False,False,False,False,False,False,False,False,False,False,False,False,False,False,False,False,False,False,False,False,False,False,False,False,False,False,False,False,False,False,False,False,False,False,False,False,False,False,False,False,False,False,False,False,False,11,True,-0.8894937917530301,-0.7670681822850445,0.10975254910690439,-0.2122740237053573,-0.33281509158156797,0.1114753772680372,-0.7400699667826639,0.3586368308177731,0.4295762230100929,-0.039299192418971736,-0.6491787594463484,-0.4891769631054043,0.25450985320044384,0,Stable,35.49984054490897,41.37082445265042,92.69834446547878,78.52462136236117,66.70940523465151,48.82913788320067,20.40555988586115
-41.285,639.842,20201060.0,76.347,8.131,12.3985,922.733,54.707,45.822,DE0007446007,244398,TAKKT AG,542.572,188.791,112.468,22.025,2024.0,,423420.0,380.161,2020.0,2024-12-31,202010.0,-80.238,7.398,54.707,542.572,1053.715,32.682,203.817,DEU,105.6,122.29,88.2,11.851,5040.0,84.1,0.0,1053.715,20.0,93.863,253.303,2.3869309973741046,-7.609128373745788,2.0902236373212872,5.191821317908543,-3.9180423549062127,5.191821317908543,39.27750862424849,3.558623987953189,1.341711204453602,0.7459836538818058,0.0430687903554724,0.0430687903554724,6.991404880935222,0.1407131219451058,0.2251664295245607,58.80054143506301,41.19945856493699,2.977155988104893,2.084523004368728,13.239907969044134,1.1419500548912849,84.98729685042545,8.616526289966473,42.360457998604936,10.021685180527944,16.333627852182538,5.689102678095102,14.13420783693658,1.12468741547762,0.3626155070069151,82.012,7.783129214256228,12.625848310836007,426.16572077185015,1.7006646122542262,7.981285262143939,,,-15.088379514164496,-8.3519231800656,419.85324947589095,-9.418040844277051,-25.47478304615771,-0.8906813425784554,-0.0354272850895951,-0.0508770749818185,-0.1603591079021246,3.230778385588403,0.1463326801327828,10.172281689286066,2.152571380839757,0.8360323023464974,0.1347765399045956,False,False,False,False,False,False,False,False,False,False,False,False,False,False,False,False,False,False,False,False,False,False,False,False,False,False,False,False,False,False,False,False,False,False,False,False,False,False,False,False,False,False,True,False,False,False,False,False,False,False,False,False,False,False,11,True,-0.6152881050270955,0.3374392334000656,0.6818248302206207,-0.7593184796359806,0.04997531357228816,4.9128265137632585,-0.06601526541810639,-0.3016109590130758,-1.2266313036738608,2.2008360244175984,2.0681313019549448,1.4486823546938796,-0.7070168937201408,0,Stable,3.824890432748154,6.236397149124051,98.93933322713863,84.29776329013826,40.08843665494176,52.72916246004862,2.4654157454678693
8.836,5839.121,20104020.0,420.969,1154.12,10.006,5631.15,324.33,79.594,DE000A0D6554,245628,NORDEX SE,990.652,3608.714,909.369,178.605,2024.0,13.65,333611.0,4634.533,2010.0,2024-12-31,201040.0,-37.883,110.808,324.33,990.652,7298.825,145.725,758.885,DEU,537.27,1489.367,88.2,164.19,3510.0,35.272,2.682,7298.825,20.0,429.753,3602.275,3.171732239418236,0.8919378348804626,2.447037708124253,4.44359194801903,0.1210605816689672,4.44359194801903,19.99916424904008,12.652475416560108,0.998215707867124,0.7462231698050884,0.319814759496042,0.3205579605366344,-0.1143460927164052,0.4249413517562171,0.5052864174301369,17.592356801008677,82.30171456984809,1.6118421052631575,-2.015098819103999,8.889178942134377,1.2961517629613846,729.4448331001399,4.900622210643851,74.48033827362623,7.361047839892038,,6.421068895025011,46.94399900553174,2.2495401657116045,1.1267112712300569,265.563,3.638434953571294,38.205666976146766,240.6164441085076,5.68428671218551,0.4832558665264614,998.1892258940696,-898.1892258940696,12.47878740059434,3.856838885650049,1.8007935700478097,837.8218031571139,23.56075314941075,-0.9120628997596782,0.0026417477131352,-0.1716171880664878,-0.5519504143481706,5.193389274065121,0.2533428474044351,7.631709331131296,6.545178817911841,0.3392661357393821,-0.1808729623549338,False,False,False,False,False,False,False,False,False,False,False,False,False,False,False,False,False,False,False,False,False,False,False,False,False,False,False,False,False,False,False,False,False,False,False,False,False,False,True,True,False,False,False,True,False,False,False,False,False,False,False,False,False,False,11,True,-0.0768060059949936,-0.030904451445362392,-0.3203901278600638,-0.560755272485398,0.1416700254158971,-1.1033494239756731,1.3744210233716105,1.7770955549572334,-0.4400735187232749,-0.27933197585083447,1.2093994550829985,-0.8803902931148381,-0.07187729330275726,0,Stable,16.817410301627085,48.53243504615426,99.18795864750608,55.0365125685395,78.65545389514291,52.23578131193012,14.006829377573972
303.732,3164.856,55103010.0,897.252,53.35,3.416,5260.131,312.781,32.4,DE0006553464,248166,MAINOVA AG,2194.145,1131.172,247.028,187.878,2024.0,,221122.0,3058.171,5510.0,2024-12-31,551030.0,55.926,41.779,312.781,2194.145,3891.921,124.903,330.158,DEU,1762.447,720.41,88.2,480.477,4931.0,84.1,0.0,3891.921,55.0,437.463,1179.599,3.571736141172149,13.842840833217496,4.827384728518385,8.036673920154083,7.804166631337071,8.036673920154083,18.681391528759185,6.077446539541832,1.0428113496444396,0.8244289993033773,0.0471634729289621,0.0471634729289621,0.9206424706913175,0.4089301299595058,0.4236967019043864,41.71274441644134,58.1386851392104,4.496948227578447,2.80164715887474,17.673552236626804,0.7398905084303032,1139.3211358313818,5.402369484043809,67.56294642157432,45.28475783552647,80.36675821339351,12.811729844390111,14.709899810480003,12.345497249301824,3.846801117667309,-43.01399999999995,-1.1052125672643396,109.83260298585252,232.8441861207805,2.397348853425822,2.160886616146628,29.03875785231717,70.96124214768282,-16.006285412637222,-5.475967863348242,18.528799444829968,-80.56848058835755,7.256273285547499,0.0191916126029229,-0.017819915000269,0.3953714123804114,-0.8555199452206084,4.065889595596093,0.1394965347190408,8.316579948294063,2.2775737338710096,0.0002450780740219,-0.7711345820673754,False,False,False,False,False,False,False,False,False,False,False,False,False,False,False,False,False,False,False,False,False,False,False,False,False,False,False,True,False,False,False,True,False,False,False,False,False,False,False,False,False,False,False,False,False,False,False,False,False,False,False,False,False,False,11,True,-1.1593720600191677,-0.6411381514948462,-0.2399078592860375,0.17681738387874374,-0.5556099038021368,0.2828626795572875,-0.37713448166934593,0.48816838633052917,-0.9292818041868177,-0.9679008932001114,-1.2435113031821992,0.1751075557030449,-0.6518486500932829,0,Stable,26.766361412971772,54.524637573199406,94.65436644975765,86.22282777189571,32.27577443544954,47.10900569011931,18.88524020116862
9.098,1160.816,20103010.0,215.315,79.442,11.38,1683.634,165.088,202.562,DE000A40ETC9,269104,BAUER AG,493.922,813.34,494.573,57.696,2024.0,2.7,3331.0,1181.652,2010.0,2024-12-31,201030.0,-102.032,45.495,165.088,493.922,2044.994,107.392,500.441,DEU,497.239,317.872,88.2,181.558,3530.0,6.924,6.498,2044.994,20.0,194.223,968.233,3.4268730614848595,1.8419912455812864,2.8213285711351723,8.072786521623046,0.4448912808546138,8.072786521623046,43.23621487398007,8.13493937851522,1.1904406521258022,0.582364078982959,0.0976737895591019,0.1056630683355054,9.199921122999411,0.4359291548058195,0.846038443316961,29.336661055787665,70.18461257019042,1.2681833168480052,2.050027863927118,24.819943051755907,1.2146309708642138,179.7007029876977,6.433388282075804,56.735266704938994,24.314936865340435,13.20262374671548,2.347107504857726,23.5985968446824,8.878167857705206,1.6906101013110846,12.66500000000002,0.6193172204906234,93.4791451063983,336.6316555740433,3.408704208356785,0.3385829004877276,969.4438338096284,-869.4438338096285,19.572181757266005,-0.913803930292656,-5.434601961110186,27.235282298573548,28.863242767509867,0.0559500212346537,-0.0729523422107589,0.4150177608684703,-0.2629567905354139,2.318868540814901,0.276133658516437,11.535939521297385,2.970828233775301,0.00640384688011,0.259944472374841,False,False,False,False,False,False,False,False,False,False,False,False,False,False,False,False,False,False,False,False,False,False,False,False,False,False,False,False,False,False,False,False,False,False,False,False,False,False,True,True,False,False,False,False,False,False,False,False,False,False,False,False,False,False,11,True,-0.13897972301428574,-0.531327098615113,-0.6588638171362224,0.054559159585002466,0.1542187977766069,-0.2458156091877764,-0.5555130287933429,-0.22771886689860688,0.3314591424345053,-0.5669146207000272,0.20586601990374193,-1.2905734545037533,-0.08162030499201646,0,Stable,35.685532148953385,47.3541718140486,94.38280043855937,93.870603204641,51.89965677377866,49.64874020672744,21.377338631688644
536.2,12210.9,20107010.0,2565.6,770.5,18.122,11668.0,1302.5,946.3,DE000A1DAHH0,269835,BRENNTAG SE,4726.7,3478.2,1518.4,883.6,2024.0,,4246.0,6906.0,2010.0,2024-12-31,201070.0,23.0,148.6,1302.5,4726.7,16237.4,418.9,1519.7,DEU,2135.6,2610.5,303.209,342.2,5160.0,84.1,7.2,16237.4,20.0,906.6,5088.9,7.572848817278026,11.344066685002224,5.441757916907879,8.021604444061243,3.302252823727937,8.021604444061243,24.797689285230398,12.11689041866078,1.4630843539761946,1.0265367143925015,0.2215226266459663,0.2235926628716003,13.80442235173123,0.5427888378784352,0.7429919394080436,40.50994172094617,59.18752142612272,5.946164199192463,2.1047216890595006,30.09856016455262,1.3916181007884814,896.0048559761616,6.220034476153994,58.6813467673396,13.15235197753335,10.080958589433166,8.04195205479452,28.97668837847103,2.1074802616182398,0.8169014084507042,564.4000000000001,3.4759259487356355,37.74542245753364,102.6029877772748,2.468529841115366,0.517940064296008,56.54774337933607,43.45225662066393,-3.4356025239219434,12.86734121379791,2.332147495623693,-57.96842418826333,6.5711616318903765,0.0295773880596694,-0.0175868099295963,0.0796083087824798,0.2050130182563488,0.577573490321878,0.08905949424554,7.769969146383271,3.933069490187494,0.0288468117687348,0.2023983510955493,False,False,False,False,False,False,False,False,False,False,False,False,False,False,False,False,False,False,False,False,False,False,False,False,False,False,False,False,False,False,False,False,False,False,False,False,False,False,False,False,False,False,False,False,False,False,False,False,False,False,False,False,False,False,11,True,-0.40759546554332443,-0.4108745726469474,-0.4159725320463366,-0.3466808168061435,0.05417471049389029,-0.18430336817646575,-0.4988024436397483,-0.4721723757205175,0.17529461927598125,-0.5693604008655335,0.1123662398098017,-0.903865745491973,0.1944243453548222,0,Stable,44.36942336132149,62.71197774846983,94.60688127920544,85.00051385379933,55.45477060438483,49.465490223610274,27.15456600679907
37.414,1813.551,45202030.0,4.677,130.356,8.786,1638.437,205.53,344.565,DE000A0CAYB2,270249,DIEBOLD NIXDORF AG,359.841,1086.104,211.075,152.23,2018.0,3.817,334111.0,1249.278,4520.0,2018-12-31,452020.0,-16.119,6.265,205.53,359.841,2399.846,53.3,276.755,DEU,100.102,555.913,88.2,34.552,7372.0,87.872,0.0,2399.846,45.0,81.68,1031.011,9.291172013327335,10.397369949505476,6.343323696603866,8.56429954255398,1.5590167035718128,8.56429954255398,24.430525958749023,41.76199803576229,0.949274655097486,0.7549332292303499,0.1200216553847513,0.1200216553847513,-3.362533927151308,0.0129974071881747,0.9705453241848484,21.96245568184801,76.24815601698448,24.29848363926576,1.0649832141293245,21.315558669634537,1.464716678151189,273.1443205099021,4.316945277408515,84.55052740884207,4.171184317660384,,8.591974416676537,41.88558974193088,1.4397590512057856,0.6482551594746717,47.12800000000001,1.9637926766967548,42.30166503428011,53.65565263088749,4.553224896551532,3.661568283964888,235.74063184904048,-135.74063184904048,1.613772598341967,3.134373172575589,4.284866468842719,-64.00051942893373,0.3689179375453877,0.3193189417977098,0.1219090801466359,-0.2280670258355187,0.5259782619628286,0.8212851867279339,0.2524548799190266,4.98523898080915,2.1468009426106813,0.3779213193661512,-0.7095106278307913,False,False,False,False,False,False,False,False,False,False,False,False,False,False,False,False,False,False,False,False,False,False,False,False,False,False,False,False,False,False,False,False,False,False,False,False,False,False,True,True,False,False,False,False,False,False,False,False,False,False,False,False,False,False,5,True,-0.6644098828747099,-0.3043628909946876,-0.6449458883504455,0.22218249359756428,-0.19855628718022042,-0.2938325087002055,0.15647688988539943,-0.08859705941797032,-1.0303442215212761,-0.2171234335346056,-0.5670523408662277,0.4662352701215773,-1.0996812108859582,0,Stable,38.58315941057798,89.79960041369391,93.01117739418923,83.65086433936082,41.04985267543883,48.91225511288795,28.903203826285278
-177.0,4508.0,15101020.0,2428.0,615.0,12.338,9711.0,583.0,584.0,DE0005470405,271763,LANXESS AG,4586.0,1773.0,1348.0,23.0,2024.0,,325.0,5119.0,1510.0,2024-12-31,151010.0,-97.0,47.0,583.0,4586.0,6366.0,560.0,1177.0,DEU,2140.0,1043.0,88.2,320.0,2800.0,104.0,0.0,6366.0,15.0,508.0,3449.0,0.2368448151580681,-3.8595726122982983,0.3612943763744894,9.158027018535972,-2.780395852968897,9.158027018535972,29.186302230600063,0.3279155973766752,1.945290468133108,1.1849971799210377,0.3468697123519458,0.3468697123519458,17.258778704561838,0.5294374182293938,0.6567815089402529,47.22479662238698,52.71341777365873,0.4893617021276595,4.111492281303602,31.01637318504789,0.6555452579548965,515.9669314313503,6.103547459252157,59.80128809299404,33.61608545397424,3.798329355608592,3.344213649851632,17.073421892699,5.026704366949419,0.5714285714285714,188.0,2.9531888155827835,62.99212598425197,2208.695652173913,2.117531617967728,1.6336789192585612,,,-5.183199285075957,0.4759441282979892,12.35770876969311,-63.28125,-1.8404907975460127,-0.5081288468194866,-0.0223329345061284,-0.1440721425093482,-0.0530169942194592,2.958311804424543,0.1851838475220946,5.231181134795593,2.6774683386281595,0.3245282395020797,0.2648902700877009,False,False,False,False,False,False,False,False,False,False,False,False,False,False,False,False,False,False,False,False,False,False,False,False,False,False,False,False,False,False,False,False,False,False,False,True,False,False,False,False,False,False,False,False,False,False,False,False,False,False,False,False,False,False,11,True,-0.6561082693913519,-0.5602660853795777,-0.30404423722434987,-0.19096569544812367,-0.2914872380449394,-0.004363550467898009,-0.3036345078472975,-0.30420573795108247,0.3664381595219317,0.24921023099512357,0.11022550546501435,-0.12675709356264261,0.13438659298120845,0,Stable,63.66588512638983,82.76747966195782,97.18190053226665,91.36914855165766,73.63919490100398,48.9830591004974,37.881475999849606
633.0,5813.0,20101010.0,2112.0,2605.0,12.892,12484.0,1178.0,722.0,DE000A0D9PT0,273099,MTU AERO ENGINES AG,3363.0,6049.0,1753.0,832.0,2024.0,,336412.0,9047.0,2010.0,2024-12-31,201010.0,736.0,66.0,1178.0,3363.0,7411.0,346.0,293.0,DEU,1537.0,3079.0,118.0,459.0,3724.0,339.0,858.0,7411.0,20.0,714.0,7519.0,6.664530599166933,18.822479928635147,11.226555120766427,15.895290783969775,8.541357441640804,15.895290783969775,21.56254216704898,15.19634703196347,1.2430153744420565,0.9532154075053728,0.4306496941643247,0.5724913208794842,11.775072092278116,0.6280107047279215,0.8426999702646447,26.93848125600769,72.4687600128164,12.606060606060606,0.1943972835314091,22.701057353412367,0.593639859019545,574.8526217809494,2.4069503085417345,151.64417757387665,20.739441370935097,5.041496598639456,3.316029663434113,45.53027875680872,6.193496154365133,1.3265895953757223,255.0,3.440831196869518,64.28571428571429,85.8173076923077,3.712161760333036,4.574281473485359,18.64139020537125,81.35860979462875,38.18758157747531,22.344178753430025,5.9326211996713285,-42.69662921348315,38.25301204819278,-0.522577306925928,-0.0117293296326452,0.4041957905691009,0.2879084999951017,4.773797471147643,0.1484921413222906,5.7193207305350855,1.8780075002062253,0.1318152925589473,-0.0081169667901299,False,False,False,False,False,False,False,False,False,False,False,False,False,False,False,False,False,False,False,False,False,False,False,False,False,False,False,False,False,False,False,False,False,False,False,False,False,False,False,False,False,False,False,False,False,False,False,False,False,False,False,False,False,False,11,True,0.6030459178703472,0.017848749870720135,-1.547958428034715,0.3458018477775534,0.979370679495226,-0.6730130897113887,-0.14601846049728232,-0.9231714735332872,-0.31364506023775524,-0.7173860385064371,0.9021403791480918,-1.3892950632112164,-1.0153632369830243,0,Stable,19.14979429842243,20.636279866205,97.2649397353984,80.75099342790331,69.77128574733598,51.03355060651577,10.755359699299724
241.0,4262.4,15101050.0,1725.5,1215.4,16.637,9409.9,718.2,221.2,DE000WCH8881,276585,WACKER CHEMIE AG,4669.2,1522.8,1795.5,245.5,2024.0,,325211.0,4572.9,1510.0,2024-12-31,151010.0,145.9,52.3,718.2,4669.2,5721.8,472.7,573.9,DEU,3596.5,948.7,124.195,651.6,2821.0,208.5,168.7,5721.8,15.0,310.4,4055.3,2.60895439909032,5.161483765955624,4.29060785067636,12.551994127722049,4.211961270928729,12.551994127722049,25.50595966304311,3.8391167685739753,2.663054898870502,1.4839768846861048,0.7981350144470712,0.9089177830312584,26.913144666787108,0.3695493874753705,0.4169236700077101,49.62008097854388,48.59669071934877,4.694072657743786,1.018240044555834,20.68778626765428,0.6080617222287166,343.9201779166917,6.031200590281438,60.51863050089133,62.85609423607955,2.259348469891412,2.373934837092732,22.998119002327343,11.388024747457097,1.3784641421620478,-341.20000000000005,-5.963158446642666,209.92268041237116,126.43584521384928,2.0153131157371718,3.643958194973609,51.53319502074688,48.46680497925312,-10.627596763612502,6.273717022045533,1.5813896690682672,-214.9983147960904,1.8761726078799332,0.455456032142309,-0.0274252851666431,-0.3080933203303266,0.3533045854370772,5.297143149401356,0.2014711246531949,3.2986535457337487,2.842252816782154,0.0813209012213333,0.1366247830647122,False,False,False,False,False,False,False,False,False,False,False,False,False,False,False,False,False,False,False,False,False,False,False,False,False,False,False,False,False,False,False,False,False,False,False,False,False,False,False,False,False,False,False,False,False,False,False,False,False,False,False,False,False,False,11,True,-0.7142755693996699,-0.5862589525629335,-0.332722790546254,-0.2090885113671445,-0.23922104513439424,0.008582873731010411,-0.5455526823178285,-0.3099182806733224,0.28210944249649894,-0.3988588601746664,-0.17708596014971156,-0.4745638887919299,0.13854601591338797,0,Stable,50.40441921790488,66.1471575858638,92.60104878910184,94.51663529829418,62.29844237749425,48.66224584036178,30.083841325041526
-146.841,5519.483,20107010.0,712.706,120.793,12.3985,3537.881,83.748,183.314,DE000KC01000,278310,KLOCKNER & CO SE,1713.743,983.341,1290.669,-42.043,2024.0,1.208,423510.0,1817.166,2010.0,2024-12-31,201070.0,-142.386,63.505,83.748,1713.743,6632.193,125.791,543.674,DEU,759.316,787.494,19.95,110.252,5051.0,84.1,0.0,6632.193,20.0,114.705,2256.006,-1.1883667087728502,-8.568437624544638,-0.6339230477762031,1.2627497420536464,-2.214064035832492,1.2627497420536464,16.777406809482173,-1.7326966278706044,2.294225502648623,0.9816909902058388,0.1228393812522817,0.1228393812522817,35.97252140476178,0.415876826338605,0.5228438569843903,48.439814680030224,51.36311820550211,-0.6620423588693803,9.256662845679896,25.32645953891609,1.8746229734691475,534.9189821349357,8.421896547783222,43.33940673921884,11.448943056994873,5.211263765405665,4.276451204762801,25.673192512693333,1.6623762306072816,0.876469699740045,4.453000000000003,0.0671421956508202,96.1178675733403,,2.064417476832874,1.2680571871174435,,,-4.66339409427613,-8.516666015901265,60.33234191128927,-98.09181404078625,24.998015940500885,0.1077364024494914,-0.0012993261904905,0.0034286718100002,0.0587752787113187,2.9009785182162453,0.0585173435375437,3.242194974901643,5.13394025479308,0.0151715026850823,0.0410117836765077,False,False,False,False,False,False,False,False,False,False,False,False,False,False,False,False,False,False,False,False,False,False,False,False,False,False,False,False,False,False,False,False,False,False,False,False,False,False,False,False,False,False,True,False,False,False,False,False,False,False,False,False,False,False,11,True,-0.255697143118518,-0.2828119507933016,0.15374499062408806,-0.4930265398470596,-0.07739355527090037,2.3297537971570317,-0.7223350530791517,0.21232543985435864,-0.6715263992781874,0.30240061403341256,-0.1542806375071708,-1.0110073918577966,0.4477026841554938,0,Stable,17.944040750738203,52.710286241531165,94.24250516682679,70.00500239201028,56.63189073917674,50.74607502480211,15.084159236524956
478.224,2739.073,15101050.0,1648.716,709.492,12.956,8324.708,1005.062,897.068,DE000SYM9999,281772,SYMRISE AG,3981.18,1925.204,1283.31,709.061,2024.0,,325620.0,4305.061,1510.0,2024-12-31,151010.0,-281.876,79.893,1005.062,3981.18,4998.513,296.001,998.114,DEU,1749.839,1070.501,167.7,227.423,2844.0,275.649,0.0,4998.513,15.0,894.914,3106.288,8.517548002884906,12.012117010534563,14.185438749484096,20.107219887194454,9.567325322550928,20.107219887194454,45.20224314711195,12.594566578139275,1.6134851163824715,0.9469012115079752,0.3685282183082936,0.3685282183082936,14.187692829586334,0.4141274697451509,0.6394546340532203,47.82365940042581,51.71425832593767,8.875132990374626,1.8270435057737728,30.58106062098514,0.6004430425667783,385.80680765668416,4.669321186995622,78.16982070467758,35.00719113864464,4.232140135671975,2.134381404337222,21.3820472742107,4.549813114420228,0.7683183502758437,667.491,13.353791417567583,25.41283296495529,126.2111440341522,2.091015226641348,5.514620048002276,35.06724882063635,64.93275117936365,5.672629855859812,6.106533676845904,2.370417193426033,41.82653796221734,-8.617017856855835,-0.1639514460331436,-0.0382411793988295,-0.0151635833486043,0.0605568994146587,0.9746357666051833,0.1524070331727434,10.750094778099124,1.6883816613494942,0.311270883538305,-0.530394311251048,False,False,False,False,False,False,False,False,False,False,False,False,False,False,False,False,False,False,False,False,False,False,False,False,False,False,False,False,False,False,False,False,False,False,False,False,False,False,False,False,False,False,False,False,False,False,False,False,False,False,False,False,False,False,11,True,-0.5007744419683171,-0.3326518305100905,-0.7391678380414325,0.225246122199111,-0.26362886438526073,-0.31438914326192025,0.1559376126200461,-0.24280733384934802,-0.8505178830952622,-0.339455170744442,-0.2441078002053106,0.17267316033519978,-0.9189476884202833,0,Stable,44.21359973524156,74.36721064810872,95.50089233861908,77.66780099120777,51.24821000688409,48.29904266372501,28.840521491312934
70.2,1637.2,20106010.0,297.0,35.6,6.019,2488.6,187.8,214.8,DE000WACK012,284636,WACKER NEUSON SE,1499.6,558.6,621.9,110.7,2024.0,4.1,333120.0,989.0,2010.0,2024-12-31,201060.0,-177.5,25.5,187.8,1499.6,2234.9,77.1,346.9,DEU,574.4,266.2,40.8,61.9,3531.0,58.9,0.3,2234.9,20.0,305.3,1008.0,4.448284175841839,4.681248332888771,4.953241755783257,8.40306053962146,3.1410801378137725,8.40306053962146,26.74392590272496,6.161638650784816,1.8045112781954888,0.6911922663802363,0.0637307554600787,0.0642678123881131,18.05834605802459,0.1980528140837557,0.3412910109362497,60.258780036968574,39.74121996303143,4.341176470588235,2.535676251331203,20.565779956602107,0.8980551313991804,371.3075261671374,8.395567242674682,43.475323280683696,25.701373663251147,4.973075211392969,2.632577584820711,12.127300490235475,2.769698867958298,0.8028534370946823,243.4,10.89086760034006,20.275139207337045,275.7904245709124,1.6595092024539877,2.6354646740346324,58.11965811965811,41.88034188034189,-15.81980488907303,-5.909486180952028,-8.511931904544756,-1640.5063291139245,-52.015503875969,-0.0979512458514454,0.0213298242406081,-0.3032373531764797,0.4818314816871432,1.8776599077777043,0.1095798921048121,12.267941814674918,6.464320727040573,0.0299349644774568,0.7518975709515904,False,False,False,False,False,False,False,False,False,False,False,False,False,False,False,False,False,False,False,False,False,False,False,False,False,False,False,False,False,False,False,False,False,False,False,False,False,False,False,False,False,False,False,True,False,False,False,False,False,False,False,False,False,False,11,True,-0.7874991335555548,-1.0066268927662292,0.8459545929345506,-1.320133479380253,-1.3537955625685483,-0.24469036031992253,-0.2618897230929004,0.557898399807941,2.418072334978922,-0.1217960773972137,0.6849857792850715,-0.8509022810143597,0.26946753072736945,0,Stable,9.204737564175334,24.328365709069384,95.20904677030863,55.68277779764601,34.93802244891379,49.28914834172064,7.331149882030541
109.72,1233.583,35203010.0,916.087,186.378,12.142,3809.164,411.602,453.861,DE000A0LD6E6,284944,GERRESHEIMER GROUP,1511.562,985.503,355.088,217.047,2024.0,,327212.0,2270.023,3520.0,2024-11-30,352030.0,168.269,61.661,411.602,1511.562,2035.903,194.555,387.458,DEU,1018.153,387.886,88.2,369.846,3220.0,65.519,0.0,2035.903,35.0,240.332,992.301,5.698021928171116,7.2587164800385295,10.66096960415108,20.21717144677325,5.389254792590806,20.21717144677325,39.408557283917744,8.940625271610516,1.0068980003105013,0.6465865654391716,0.189119667824451,0.189119667824451,0.1784643559584203,0.6060532085352768,0.9063128075461012,39.68225048855864,59.5937323780231,3.520004540957818,2.8755205271111413,35.96453185003323,0.534475018665513,167.67443584253007,5.248714828583656,69.54083274104906,50.00989732811436,299.48558399529264,3.474020524489704,15.075853914402217,18.166189646559783,1.9009842974994215,-129.514,-6.361501505720067,153.8896193598855,110.72809115076458,2.520018365108412,3.218178862156007,80.38643820634343,19.61356179365657,2.2817040662431065,11.082227929518162,4.133790737564325,193.0114703287255,9.248001701433806,-0.1462351395385437,-0.0388402918978466,1.1288886323723293,-1.17232334025491,1.258984865473323,0.2271157408050461,6.3093109144158666,1.109079302886883,0.1484072624515376,-0.825851216049157,False,False,False,False,False,False,False,False,False,False,False,False,False,False,False,False,False,False,False,False,False,False,False,False,False,False,False,True,False,False,False,False,False,False,False,False,False,False,False,False,False,False,False,False,False,False,False,False,False,False,False,False,False,False,11,True,-0.559420584570359,-0.25430910187214456,-0.981083304915401,0.4294446875204729,-0.014334530990041047,-0.2655827494294131,0.13419022004819403,0.00030017247718372133,-1.3377016010131575,-0.922537018633268,-0.4963539191297723,0.017926416762823062,-1.0536478287336135,0,Stable,29.10939185685077,66.52832777850239,95.40742824776216,70.5055698843891,33.9487693395845,48.23052713928654,21.623005909515665
77.349,1376.112,25101010.0,551.911,311.18,4.935,1711.869,250.851,233.464,DE000SAFH001,285715,SAF HOLLAND SE,523.463,511.747,291.469,166.266,2024.0,6.529,3362.0,1184.769,2510.0,2024-12-31,251010.0,-49.043,41.016,250.851,523.463,1876.747,84.585,216.411,DEU,357.167,191.732,38.6,48.505,3700.0,40.97,10.45,1876.747,25.0,200.652,857.25,9.712542256446024,14.776402534658612,8.859265526999643,13.366266204235306,4.121439917047956,13.366266204235306,26.67567871428594,15.461225582913482,1.6751441630336863,1.1055873312398508,0.608073911522686,0.6284941582461646,20.182794361017116,1.0543457703791863,1.500344819022548,30.57844963604108,69.2090925181775,4.05368636629608,1.8903452647188967,45.87821848517615,1.096314612858811,380.2932117527863,9.788386915068951,37.28908584907821,19.031174686838447,5.431926785006209,4.721297976800278,29.37794889679059,2.584525245011714,0.5734468286339186,152.147,8.106953148186728,24.173693758347788,120.68131788820324,3.270276982327309,2.1830326623673835,49.90368330553724,50.096316694462764,-10.892900383159954,3.640405657310253,-6.071564522268746,2.918157650862785,-11.637185069134492,0.1035904786795682,0.0395115443921096,0.0359147766821619,0.5072179833176997,1.0576754382713478,0.2763706036758689,11.721223995527694,3.5884403626109243,0.1055182370741443,-0.085521161814018,False,False,False,False,False,False,False,False,False,False,False,False,False,False,False,False,False,False,False,False,False,False,False,False,False,False,False,False,False,False,False,False,False,False,False,False,False,False,False,False,False,False,False,False,False,False,False,False,False,False,False,False,False,False,11,True,-0.7733612755085655,-0.5791841571315626,-0.17310027325388297,-0.2801031820349531,-0.48380906596668893,-0.11232785652971988,-0.3124087049497821,-0.1448838792533713,-0.13459588820807508,-0.4544995518343484,-0.4027741131599423,-0.2876704749354892,0.06936375844021789,0,Stable,52.158759041603766,66.81966162084699,94.23131022670023,89.56748870648296,65.43121267502741,48.78004362481829,30.886452859768557
32.522,1205.899,20305030.0,1403.823,250.786,6.549,3283.977,309.174,103.051,DE000A0S8488,287162,HAMBURGER HAFEN UND LOGISTIK,761.385,520.437,37.978,134.417,2024.0,,541614.0,2460.212,2030.0,2024-12-31,203050.0,146.229,59.252,309.174,761.385,1607.62,174.757,19.623,DEU,1894.585,342.308,15.659,244.716,4731.0,5.146,20.0,1607.62,20.0,195.947,655.799,4.093116364700484,4.2714264137066005,8.361242084572226,19.231783630459933,2.0229905077070454,19.231783630459933,24.988554509150173,6.208040982667716,1.2600929603390996,1.187119670584528,0.4818758082150193,0.5203050513318614,4.121892449307653,1.8437754880907824,1.9791222574650145,23.184845691672017,74.91562821542294,2.2685647741848376,4.062721962390111,45.88564414427994,0.4895344882135289,245.47564513666205,4.6964137560325785,77.71887635137658,117.85030044413485,11.87644981604882,31.752567275791243,18.06023611005802,15.222254015252362,1.4003215894070051,-48.769000000000005,-3.0336149089959075,124.88887301157968,145.77545994926237,4.313162197836837,0.3201005212674637,48.148945329315545,51.851054670684455,9.598996468551002,9.09599185694372,1.3777089783281848,43.240226745381285,-5.303728010773079,-0.3414374050639267,0.1189688294771233,0.6026365660125278,-1.015141000523657,2.5671435498962256,0.5012200989362704,5.966759206900658,2.5549524225864837,0.1945873352782075,0.5593401818185055,False,False,False,False,False,False,False,False,False,False,False,False,False,False,False,False,False,False,False,False,False,False,False,False,False,False,False,False,False,False,False,False,False,False,False,False,False,False,False,False,False,False,False,False,False,False,False,False,False,False,False,False,False,False,11,True,-0.1619508877676581,-0.5054779034297457,-0.6017924825031091,-0.23058293740336278,-0.05852097599028154,-0.23406326370905559,-0.3033613263688641,-0.7099561073705919,0.6414802308579777,-0.05244933800882789,0.7323998501448548,-0.8942784701763122,0.27316173367376273,0,Stable,41.22144920567078,63.80300391950667,95.96441222352897,89.62919096112192,49.15925351471657,50.390372593428914,26.059030270194313
-117.728,1238.436,45301010.0,41.058,208.957,3.771,1541.226,-59.294,155.171,DE000A0DJ6J9,289333,SMA SOLAR TECHNOLOGY AG,553.316,699.393,563.565,-98.052,2024.0,,335999.0,987.91,4530.0,2024-12-31,453010.0,117.227,9.39,-59.294,553.316,1529.999,38.758,235.42,DEU,233.285,241.575,88.2,46.823,3620.0,134.969,13.125,1529.999,45.0,-112.823,1062.46,-6.361948215252014,-21.276811080829034,-6.408631639628523,-3.875427369560372,-7.694645552055916,-3.875427369560372,19.05641768393313,-16.496683906092795,1.5191172917086673,0.7133256981411022,0.2987690754697287,0.3175353485093502,23.557025381092718,0.0742035292671818,0.3546418321537782,35.901029440198904,64.09897055980109,-10.44217252396166,,12.732006856878872,0.9927155394471672,405.7276584460356,6.333432681361896,57.63067492200975,15.247395586533065,4.214095469982125,2.197503393574831,29.23205292410068,3.0603287976005213,1.2080860725527631,-159.646,-10.434385904827389,,,2.78543544737546,8.821509033666034,,,-19.64539964360348,-4.974921620430162,-69.58503044723152,-265.6697521896144,5.426339134937974,0.631703926132041,0.0101288988112108,0.0156746926683547,-0.6755921728203186,8.866138806401356,0.0891388503083084,-7.320341079114938,6.925471752266059,0.0558406911377593,0.867733769754151,False,False,False,False,False,False,False,False,False,False,False,False,False,False,False,False,False,False,False,False,False,False,False,False,False,False,False,False,False,False,False,False,False,False,False,False,False,False,False,False,False,False,True,False,False,False,False,False,False,False,False,False,False,False,11,True,-0.30610045565520694,-0.6254572540675728,0.45156491639529195,-1.0363943731187444,-0.5203687422160482,1.4611172896387514,-0.9458112421132329,-0.1773218137023286,0.7473088375261742,0.9122020646002189,-0.2563482524899598,-1.4166616657496685,1.939232152233831,0,Stable,11.607011021006812,41.53697074126379,91.79422384264637,51.59336525730749,31.513529346404034,50.362949685080096,10.873350019592293
130.797,860.222,50201010.0,1436.188,75.491,11.858,2886.43,566.727,363.131,DE0007493991,295079,STROEER SE & CO KGAA,465.5,856.623,40.586,278.147,2024.0,,5418.0,2409.816,5020.0,2024-12-31,502010.0,-252.922,74.509,566.727,465.5,2046.841,288.58,629.284,DEU,1147.243,259.608,88.2,95.536,7310.0,48.07,0.0,2046.841,50.0,454.493,425.443,9.636367415804298,28.098174006444683,13.589086792769931,27.68788586900497,6.390188588170748,27.68788586900497,57.973188928695485,14.626321457568222,0.4966513857321131,0.4492723169935899,0.0881262819233198,0.0881262819233198,-14.93817622460964,3.085258861439313,3.86534693877551,16.127188256773938,83.48776862768194,3.733065804131044,3.041725557455353,62.337177759377504,0.7091254594776246,172.61266655422497,7.884352562324735,46.294226078136994,56.04944399687128,,21.195042625535898,11.60946220764058,4.6674851637230255,0.3310555132025781,358.957,17.53712183799328,21.02034574789931,163.40028833674282,6.200708915145005,2.348497025416239,67.43273928301107,32.567260716988926,6.922056280787525,5.303192261696732,3.0771905424200385,32.91454681448241,-27.10792354938389,0.4852925221632113,0.3778397427159388,-0.1128832252005004,0.4512799682342717,2.2858091070332587,1.342797646479037,15.745852142612154,1.1303645716434665,0.4958153482817816,0.3475205929358724,False,False,False,False,False,False,False,False,False,False,False,False,False,False,False,False,False,False,False,False,False,False,False,False,False,False,False,False,False,False,False,False,False,False,False,False,False,False,False,False,False,False,False,False,False,False,True,False,False,False,False,False,False,False,11,True,-0.3000981404612538,0.6465223173957187,-0.22539679299269014,0.3338363345050119,-0.6057824305614137,0.2765090015991629,0.809766921870123,-0.7311189478623099,1.149827688720787,-0.02822516909828354,-0.03804391571276544,0.3235173335168326,-0.0816104261998212,0,Stable,19.527833307083874,62.966680684329226,90.68401162302025,70.84007126239896,60.57201530005209,53.44958944296781,17.25613542548293
222.0,10212.0,15101050.0,2944.0,618.0,30.669,19750.0,1870.0,837.0,DE000EVNK013,295421,EVONIK INDUSTRIES AG,9020.0,4059.0,2662.0,834.0,2024.0,,325.0,10650.0,1510.0,2024-12-31,151010.0,-1330.0,222.0,1870.0,9020.0,15157.0,1036.0,2624.0,DEU,6461.0,2056.0,545.22,840.0,2800.0,461.0,157.0,15157.0,15.0,1713.0,5508.0,4.222784810126582,2.46119733924612,5.502408128257571,12.33753381275978,1.4646697895361878,12.33753381275978,32.62518968133536,6.970912738214643,1.3569844789356984,0.7011579206701158,0.1522542498152254,0.1909337275190933,7.336708860759495,0.3263858093126386,0.4191796008869179,45.67088607594937,53.92405063291139,3.756756756756757,1.6914438502673796,19.144303797468357,0.7674430379746835,494.2123968828458,7.372081712062257,49.511116975654815,42.62716896483473,10.46031746031746,3.836213373403456,13.539240506329117,5.541993798245035,0.8108108108108109,873.0,5.7597149831760905,49.036777583187394,205.3956834532374,2.1895787139689578,3.041498977370192,245.59459459459464,-145.59459459459464,-0.7205082858452894,-0.952858575727178,-4.9288570631451645,8.98876404494382,5.926860025220671,-0.5681103448253229,0.0176966060053351,-0.2812362605535861,0.1863649808117006,2.408216650983237,0.1270454139143703,8.673417721518987,1.406061675641432,0.6121628501700321,-0.054724814041009,False,False,False,False,False,False,False,False,False,False,False,False,False,False,False,False,False,False,False,False,False,False,False,False,False,False,False,False,False,False,False,False,False,False,False,False,False,False,True,True,False,False,False,False,False,False,False,False,False,False,False,False,False,False,11,True,-0.6803251588186529,-0.42808970077726965,-0.643860619672305,0.1685389254418576,-0.17786850459475131,-0.28948866312985194,0.12521967289003524,-0.2048213990707844,-0.09936916100920552,0.7187352363479518,-0.023162195754090818,0.5607550045135568,-0.38173152245766223,0,Stable,51.6062071632048,85.5522482473442,97.47907816643688,74.27422780085658,60.134251110859935,48.929631080654715,33.47532010238355
360.3,7299.0,20106010.0,5433.9,787.0,42.719,18805.4,1881.7,3185.2,DE000KGX8881,297185,KION GROUP AG,6189.4,5510.2,1748.6,771.0,2024.0,,333924.0,12598.3,2010.0,2024-12-31,201060.0,-224.7,296.7,1881.7,6189.4,11503.2,1110.7,2062.9,DEU,4204.4,2884.9,107.5,462.9,3537.0,375.8,0.0,11503.2,20.0,1170.6,5569.0,4.099886202899167,5.821242769896921,6.702482787398288,16.35805688851798,3.1321719173795115,16.35805688851798,36.54809096599208,6.633228084967264,1.0106711190156437,0.6933323654313819,0.1428260317229864,0.1428260317229864,0.3126761462133227,0.8779364720328303,1.3925582447410088,32.91288672402607,66.99299137481786,2.5985844287158746,4.162246904394961,45.8331117657694,0.6116966403267147,269.2759661977106,3.987382578252279,91.53874574031572,36.54982961262952,195.6326530612239,4.174196500057189,19.52577451157646,4.02409764239516,0.4167642027550193,707.6999999999999,6.152201126643019,39.54382368016402,151.82879377431905,3.0383235854848616,3.2669170317824605,29.83624757146822,70.16375242853178,0.6078522263134323,8.149110901520551,0.9308919078558686,0.9269823160296564,4.539295392953924,-0.2170621439577628,-0.0168660203573492,-0.2235180594663556,-0.3274421490359033,1.8432564957069504,0.249835584554793,6.224807767981536,3.32442837821426,0.152541957660714,0.4892741503059048,False,False,False,False,False,False,False,False,False,False,False,False,False,False,False,False,False,False,False,False,False,False,False,False,False,False,False,True,False,False,False,False,False,False,False,False,False,False,False,False,False,False,False,False,False,False,False,False,False,False,False,False,False,False,11,True,-0.36341534650021495,-0.4991495373026757,-0.4287205981647595,-0.3144618083923616,-0.020231039877302605,-0.17185110413162888,-0.4525170788789483,-0.5227386758523823,0.5846915907088266,-0.11545111662683236,0.42068733589966406,-0.8460035690316635,0.40760622675684577,0,Stable,46.63499398549414,76.93523370598308,95.78417329303724,92.78991235645802,51.50649866848004,49.59533359064134,30.19428265009512
14.696,498.732,20106020.0,401.327,127.13,6.041,1436.628,149.363,69.603,DE000A1H8BV3,297222,NORMA GROUP SE,720.994,259.501,219.941,56.021,2024.0,,3333.0,715.258,2010.0,2024-12-31,201060.0,-114.121,25.687,149.363,720.994,1161.69,93.342,346.665,DEU,319.013,161.888,12.7,54.919,3580.0,50.8,0.0,1161.69,20.0,136.985,535.902,3.899478501045504,2.0382971286862306,4.822370856252529,12.857388804242095,1.2650534996427618,12.857388804242095,57.06840895591767,4.991530943464482,2.0651249898844326,1.2175714159097657,0.4899017730182157,0.4899017730182157,19.23956654053799,0.5566301522620161,0.6531677101335102,50.18654794421381,49.78727965764276,2.180908630824931,2.3017748706172214,32.78023260022776,0.8086226914691904,192.300943552392,7.1758870330104765,50.86479181192917,27.461112689271665,4.202915329539328,2.2675717578805226,20.117803634622188,4.727509060076267,0.5883632234149686,82.06600000000002,7.064363126135201,40.09125086688323,244.524374788026,1.9925658188556352,4.372939424459193,86.41807294501905,13.581927054980952,-5.229435336500798,-3.793667354638597,0.7841174507841275,40.99475990035222,-9.53432058905893,-1.180630036173918,-0.0539139002397135,-0.0478657233658115,-0.5602892538547872,4.532879852160701,0.1854939952416947,9.535175424675003,1.856927146182786,0.7462286605808969,-0.3590678900897964,False,False,False,False,False,False,False,False,False,False,False,False,False,False,False,False,False,False,False,False,False,False,False,False,False,False,False,False,False,False,False,False,False,False,False,False,False,False,False,False,False,False,False,False,False,False,False,False,False,False,False,False,False,False,11,True,-0.8080829338618962,-0.3775286717496762,-0.4712305123456761,0.14094213056278726,-0.4652539403082552,-0.304060727007384,0.36346454990891713,-0.08628070575059285,-0.5592257372244944,0.9084585905404161,-0.3164393592367649,1.1360617133566369,-0.6664974543297503,0,Stable,37.198313034180195,72.25589404100302,99.01463202314848,80.43424830118231,41.83668392243012,48.23646356624627,25.717709319822532
336.0,3289.0,50101020.0,2875.0,402.0,7.428,14705.0,2719.0,1377.0,DE000A1J5RX9,313972,TELEFONICA DEUTSCHLAND,5354.0,4924.0,147.0,505.0,2024.0,,517.0,9351.0,5010.0,2024-12-31,501010.0,-1578.0,180.0,2719.0,5354.0,8492.0,2214.0,250.0,DEU,6488.0,1614.0,88.2,1155.0,4812.0,84.1,0.0,8492.0,50.0,2513.0,2687.0,3.434206052363141,6.275681733283527,5.9467734338200655,32.018370230805466,3.9566650965614696,32.018370230805466,61.269430051813465,6.13683315105116,0.5456945572705117,0.5158407798537774,0.0816409423233143,0.0816409423233143,-15.212512750765043,0.5369816959282779,0.7941725812476653,36.40938456307378,63.59061543692621,2.805555555555556,1.415961750643619,28.915334920095205,0.5774906494389663,1143.2417878298331,5.261462205700124,69.37235044747997,76.40131888836552,,22.374149659863946,13.70962257735464,13.601036269430052,0.521680216802168,1358.0,15.99152143193594,45.96100278551532,497.6237623762376,2.746544639521853,0.9903438530381534,26.25,73.75,-1.416299048061298,-4.803521719427717,2.3845623707787755,8.640000000000004,-1.7857142857142905,0.927919209194586,0.0826689326352544,0.145049803776207,0.4885491923084618,3.2949582674926226,0.3085636146362646,17.089425365521933,2.5271750049076416,0.8723950224718997,0.0025306783683457,False,False,False,False,False,False,False,False,False,False,False,False,False,False,False,False,False,False,False,False,False,False,False,False,False,False,False,False,False,False,False,False,False,False,False,True,False,False,False,False,False,False,False,False,False,False,False,False,False,False,False,False,False,False,11,True,-0.7616264108554093,-0.33117834394224943,-0.3743563933748807,-0.0512306080630551,-0.22617120034904908,-0.3750295790595319,0.3185065328554991,-0.2632255011266688,-0.06821448846175898,1.4051752480501731,0.06930739466248094,1.0361626468738097,-0.3881195121684131,0,Stable,34.923085414525666,75.01473043939238,90.36657762585448,89.51695870881767,38.002837095065004,50.03524765744238,25.221443731719123
70.178,883.474,20106020.0,790.796,109.426,7.984,1910.888,204.891,30.171,DE000STAB1L8,315582,STABILUS SE,649.869,290.691,223.59,126.513,2024.0,,3363.0,1233.16,2010.0,2024-09-30,201060.0,440.69,32.651,204.891,649.869,1305.926,78.378,189.683,DEU,300.311,209.011,28.405,53.548,3714.0,34.378,0.0,1305.926,20.0,196.976,571.867,6.620639200204304,10.79879175649246,9.68760863938692,15.689326960333128,5.3738113798178455,15.689326960333128,32.34884671872678,8.781569622361896,1.9672676484652087,1.1981003883849173,0.376434082926544,0.376434082926544,14.71441549687894,1.2168544737477862,1.263280753505707,34.00874357890154,64.5333478466556,3.874705215766745,3.472778208901319,42.9625912141371,0.6834131566057247,163.56788577154308,6.248120912296482,58.41756347603157,22.996019682585384,4.644514467806641,3.951312670512993,16.664346628373824,4.100385473602639,0.6832019189058154,143.428,10.982858140507195,27.18503777109902,155.69625255902554,2.9404203000912488,2.632461563672061,40.47564763886118,59.52435236113882,7.461156268566071,43.21223408441097,6.995443580809435,9.91746304229537,12.45799731182795,0.2725675188843278,-0.2469237724317347,-0.1883450115295856,-0.0028283717082525,2.391222416760741,1.1208187859020873,10.30808713017194,2.3470718783997158,0.1429226105520514,0.3863335324822929,False,False,False,False,False,False,False,False,False,False,False,False,False,False,False,False,False,False,False,False,False,False,False,False,False,False,False,False,False,False,False,False,False,False,False,False,False,False,False,False,False,False,False,False,False,False,False,False,False,False,False,False,False,False,11,True,0.27429465373290335,0.141178915281243,-1.3178986968960253,-0.18583794112995405,0.9239725948921144,-0.6113311336525217,-0.1893309672016451,-1.3692713782909935,0.07627949763555013,-0.5481002708188676,1.2960821342225743,-1.227690928168824,-0.027123344852232088,0,Stable,16.01324907587922,17.990948339513558,92.53096296699914,86.7266870977678,56.734254934727566,51.16278175191229,9.103941881278722
162.104,142.932,50203010.0,41.794,57.125,1.066,2072.493,301.86,162.761,DE000A12DM80,317079,SCOUT24 SE,1432.336,261.963,0.0,254.787,2024.0,1.759,519130.0,640.157,5020.0,2024-12-31,502030.0,-171.725,5.073,301.86,1432.336,588.798,47.073,65.891,DEU,54.2,52.84,95.6,0.884,7370.0,43.059,1.649,588.798,50.0,257.017,119.003,12.293744779837615,11.31745623931815,43.27239562634384,51.2671578368133,27.53134351679184,51.2671578368133,75.7247816738508,17.28388948057498,0.4542740768734515,0.4542740768734515,0.2180651466046731,0.2243599286922198,-6.897972634889481,0.0291789077423174,0.142812161392299,69.11174127005496,30.88825872994505,50.224127735068,0.4884052209633605,9.8699971483619,0.2841013214519904,552.343339587242,11.143035579106735,32.75588571972052,9.20519431112198,,,5.305928656936357,0.1501363795393326,0.0187793427230046,256.133,43.500996946321145,0.3439461202955446,100.8752408874864,1.4469321444130427,7.313034351339508,58.97448551547154,41.02551448452846,10.702118538907568,2.628435773942339,1.0426540284360408,27.904700553799437,20.108695652173925,2.7933164819655585,-0.0747971151867522,-0.0876191370209272,0.9961506824352137,11.444048391748495,0.30555334563971,12.40134466075398,2.909322990334067,0.6553504498423376,0.5786809364117763,False,False,False,False,True,False,True,False,False,False,False,False,False,False,False,False,False,False,False,True,False,False,False,False,False,False,False,False,False,False,False,False,False,True,False,False,False,False,False,False,False,False,False,False,False,False,False,False,False,False,False,False,False,False,11,True,-0.2998571835742692,-0.27450771672540375,-0.5913649002372781,-0.15785557425849364,0.31334110633528217,-0.45194328362618863,-0.06701361443389384,-0.5974054446659646,0.6561791383589209,1.1140317805804683,0.7911904056710466,-0.12036488454326351,0.10999816892612134,0,Stable,35.04183116015032,65.07342225792286,82.32834042427402,96.6120926881576,40.64537385952563,50.981098424404024,23.77774580274856
251.1,5988.6,25504010.0,1182.6,2676.9,15.309,7983.9,673.8,542.9,DE000ZAL1111,318434,ZALANDO SE,2665.3,3990.2,1549.7,391.9,2024.0,67.9,454110.0,5318.6,2550.0,2024-12-31,255040.0,-325.6,93.4,673.8,2665.3,10572.5,281.9,3910.9,DEU,1596.6,1074.3,88.2,120.6,5960.0,68.0,89.1,10572.5,25.0,654.1,5451.6,4.908628615087864,9.421078302630097,3.706786474343816,6.373137857649562,2.375029557815086,6.373137857649562,43.35682194372192,10.184776111645313,1.3662473058994538,0.9778707834193776,0.6708686281389404,0.6931983359230114,18.30433747917685,0.4437023974787077,0.6473942895734063,33.38343416124952,66.6165658387505,4.195931477516059,-1.4119916889284656,21.61224464234272,1.324227507859567,690.6068325821412,9.84129200409569,37.08862615275479,15.101442421376207,7.234501163268097,3.8643608440343296,46.98455641979484,1.14069519981083,0.427811280595956,533.5,5.046110191534642,18.43754777556948,166.90482265884157,2.9954976925674406,0.6431780562780799,35.12544802867384,64.87455197132616,4.233419763188762,2.4930356753148475,-3.064648895080102,-29.71014492753623,-36.69291338582678,-0.0923177440171789,0.097662229912951,-0.0499654895424779,0.1343995261834829,1.3553190125092662,0.3713752448103862,8.192737884993551,2.080364110223859,0.0510363949769094,-0.1979348437922435,False,False,False,False,False,False,False,False,False,False,False,False,False,False,False,False,False,False,False,False,False,False,False,False,False,False,False,False,False,False,False,False,False,False,False,False,False,False,False,False,False,False,False,False,False,False,False,False,False,False,False,False,False,False,11,True,-0.5242098703310061,-0.6681716096505961,-0.3903774922788807,-0.05044414104182365,-0.7919502897757748,-0.11493599563330345,-0.13789601913492922,-0.3575301090926038,-0.2608737667311828,-0.7360346976418307,-0.17941062149213832,-0.3692471872330808,-0.4161814445431958,0,Stable,43.384487525100695,59.32740716947631,94.97546097559267,82.90151761030145,56.72549787087925,48.30004493924946,26.252906085461724
1059.9,2454.5,25503030.0,138.6,431.751,0.387,5689.9,1065.2,541.3,DE000A12UKK6,318452,ROCKET INTERNET SE,4898.4,1276.941,18.9,1059.3,2021.0,,523999.0,767.0,2550.0,2021-12-31,255030.0,-80.6045,3.0,1065.2,4898.4,3809.562,5.9,575.095,DEU,42.6,670.155,49.706,151.34750000000005,6799.0,84.1,33.2,1136.5,25.0,320.288,1855.197,18.61719889628992,21.637677609015192,93.2072151341839,93.72635283765948,93.26000879894414,93.72635283765948,-115.9700835899692,21.03037522334723,1.4528447281432737,1.438043731072931,0.3381135072019772,0.3641131422673404,10.162849962213745,0.0282949534541891,0.1388004246284501,86.08938645670399,13.480026011001952,353.1,0.2329600075103267,11.949243396193255,0.1997398899804917,2936.692506459948,1.6958763271183532,215.2279586449626,3.748350197976243,1.965392490523229,129.8677248677249,19.365999402449955,13.316981962164542,25.6521186440678,168.9405,14.864980202375714,47.253565541013096,30.235816104974987,1.161583374162992,7.399912010558732,4.689687706387395,95.3103122936126,118.81016557566424,41.132552832622274,-96.87865467596886,0.0,0.0,-122.01437830990707,-0.0214888810275491,-13.383265110513692,-14.938968264442677,777.5365159611879,0.0909184477108768,5.629062022179652,1.7867720189191223,0.147751427252132,,False,False,False,False,True,True,True,True,True,False,False,False,False,False,False,False,False,False,False,True,False,False,False,True,False,False,False,False,True,False,False,True,False,False,False,False,False,False,False,False,True,False,True,False,False,True,False,True,True,True,False,False,False,False,8,True,21.298836122108252,-2.4957829747647344,-5.504521621294923,3.17603519087434,-3.336671635697638,0.40810229043157115,-0.37475625793929246,0.19099259078164518,-0.7080923976215423,0.32670407600114504,-0.7983279594140471,-0.7891629696288768,-0.42582856194712465,0,Stable,0.0010916466300019672,1.4098557044015925,0.2308672423387721,0.22084555298830605,71.63565543194284,62.01675854448676,0.21191501431223966
353.104,5780.268,25101010.0,1040.789,1401.52,38.485,7483.219,775.765,162.522,DE000A13SX22,318659,HELLA GMBH & CO. KGAA,3200.43,2621.545,1118.106,287.77,2024.0,,3363.0,4235.918,2510.0,2024-12-31,251010.0,-234.472,63.226,775.765,3200.43,8024.792,487.995,641.572,DEU,2323.492,1241.512,106.0,455.751,3714.0,905.935,106.088,8024.792,25.0,854.141,3890.616,3.84553759551872,11.03301743828173,3.5860119489701416,9.667104144256946,4.400163892098387,9.667104144256946,27.969871368628624,6.78507759207907,1.4840927773507606,1.0575862706915198,0.534616037489343,0.5750837769330681,16.958891621373102,0.3252028633652353,0.3759841646278781,42.76809218065113,56.60555971968747,4.551450352703002,-0.2555013438347954,16.080125411270203,1.0723716625158235,208.5173963882032,6.463724877407548,56.46898760740465,28.953921796353104,6.323359370752307,5.169695896453467,35.319452764913066,5.6792873883834,0.9339255525159068,398.39,4.964490045349462,53.357817971505874,296.8137748896688,2.3381917429845367,11.289202262189471,30.019484344555718,69.9805156554443,0.8882291626462369,5.969927116121965,1.8849442723638528,10.262350163709378,-1.8588105077059212,-0.5474795014026841,-0.0352426203764466,-0.2089700490727057,0.2648500465769939,3.509538064600949,0.1973324026154787,11.414085302060515,2.3771550164837705,0.3163582497451873,0.4246387129994087,False,False,False,False,False,False,False,False,False,False,False,False,False,False,False,False,False,False,False,False,False,False,False,False,False,False,False,False,False,False,False,False,False,False,False,False,False,False,False,False,False,False,False,False,False,False,False,False,False,False,False,False,False,False,12,True,-0.41810716519385327,-0.503830675604289,-0.515711873841988,-0.17067902355046732,-0.13910636359801618,-0.1782114295228373,-0.249939670682132,-0.5224312333148863,0.5078975412733197,0.23013272736655152,0.4532600299275699,-0.4068074475848174,0.2301542655018022,0,Stable,54.46711716451308,83.36213339700556,97.34041449132013,87.49741429809357,60.53446867056894,49.39098348172753,34.29116687535607
-266.0,11045.0,15101050.0,2437.0,509.0,17.503,13631.0,910.0,702.0,DE0006062144,320448,COVESTRO AG,6658.0,3576.0,2851.0,68.0,2024.0,75.0,325211.0,6952.0,1510.0,2024-12-31,151010.0,-565.0,160.0,910.0,6658.0,14179.0,842.0,1870.0,DEU,5898.0,2290.0,88.2,781.0,2821.0,392.0,0.0,14179.0,15.0,870.0,5766.0,0.4988628860685203,-3.9951937518774407,0.4795824811340715,6.417942026941251,-1.8760138232597503,6.417942026941251,22.103110233443825,0.7476635514018692,1.6124161073825505,0.8151565995525727,0.142337807606264,0.142337807606264,16.06631941897146,0.3660258335836587,0.471462901772304,48.84454552123835,51.00139388159343,0.425,2.89010989010989,23.02839116719243,1.0402024796419924,810.0896989087585,6.191703056768559,58.9498554199873,41.596727554834615,6.474429223744292,3.874079270431428,20.534076736849823,5.508145849495733,0.9275534441805224,89.0,0.6276888356019465,89.77011494252874,1279.4117647058824,2.0473115049564434,2.7646519500670004,,,-1.377199693955622,-0.0439979467624862,8.17007601507942,-61.63793103448276,2.091503267973849,-0.7668193612743537,-0.1055812634592256,0.1209633527139021,-0.7485806712997983,6.191469390614984,0.6845625915860161,6.382510454111951,5.464956741910282,0.1687296339289087,0.381439870009742,False,False,False,False,False,False,False,False,False,False,False,False,False,False,False,False,False,False,False,False,False,False,False,False,False,False,False,False,False,False,False,False,False,False,False,True,False,False,False,False,False,False,False,False,False,False,False,False,False,False,False,False,False,False,11,True,-0.4066119988451063,-0.5042313043635351,0.007178734748596697,-0.5480671303717745,-0.22598641220413412,-0.14200963575036238,-0.5509340169083697,-0.31974137577544576,0.4594902254964955,-0.007704141847742066,0.052242141832444,-0.7442601311423801,0.37078735495384846,0,Stable,48.19046646650481,89.74193581113107,97.78073249690841,66.3298363248824,58.54331860305886,49.84411734178447,32.737476958271586
297.0,64380.0,55105010.0,1064.0,6732.0,6.844,38489.0,2885.0,834.0,DE000UNSE026,321632,UNIPER SE,10382.0,17221.0,2604.0,2274.0,2024.0,,2211.0,27945.0,5510.0,2024-12-31,551050.0,1.0,577.0,2885.0,10382.0,69751.0,611.0,1055.0,DEU,6105.0,5320.0,88.2,681.0,4911.0,8.0,1347.0,69751.0,55.0,1665.0,24744.0,5.908181558367326,2.860720477749952,3.260168312999097,4.13614141732735,0.4258003469484309,4.13614141732735,7.70024802511792,19.86720251616285,1.4368503571221185,1.285639626037977,0.3909180651530108,0.4691365193658904,19.545844267193225,0.102485070314005,0.182816413022539,26.973940606407027,72.60515991582011,3.941074523396881,-1.6755632582322355,4.931279066746344,1.8122320663046585,10191.55464640561,13.11109022556391,27.839027397456668,8.7525626872733,9.271700119633126,24.723502304147463,31.31284263036192,0.9763300884575132,1.1145662847790507,984.0,1.4107324626170237,40.9009009009009,73.21899736147758,3.7072818339433633,0.0114693696147725,29.6969696969697,70.3030303030303,-35.418730614323415,-29.97034260657557,8.53155724706629,-83.56164383561644,20.95914742451155,-1.1938703768392598,0.0523256133927567,-0.0752182848570067,0.0462469389006924,17.61291902254827,0.8028855085454072,4.325911299332277,5.669726314129563,0.0505410617284038,0.292820293884823,False,False,False,False,False,False,False,False,False,False,False,False,False,False,False,False,False,False,False,False,False,False,False,True,False,False,False,False,False,False,False,False,False,False,False,False,False,False,False,False,False,False,False,False,False,False,False,False,False,True,False,False,False,False,11,True,-0.4178145797780911,-0.9299943914461011,1.7978011750881846,-1.4327598386944234,-0.8647621977898777,0.724416944192225,-1.435008981409591,1.3695120977940791,1.6070648769166016,-0.4091523236040973,-1.4177663673885244,-0.059641586702621846,0.4227704684919326,0,Stable,6.752562000285028,17.26061317858147,98.98811152943172,63.81143386514978,54.433462972054805,51.24930078140899,5.290116776901232
-88.0,27270.0,55103010.0,15277.0,1285.0,34.523,48464.0,-1730.0,2623.0,DE000A2AADD2,322597,INNOGY SE,7426.0,17339.0,492.0,-2991.0,2019.0,,22111.0,39640.0,5510.0,2019-12-31,551030.0,-2791.0,511.0,-1730.0,7426.0,33535.0,1261.0,3253.0,DEU,12885.0,5527.0,88.2,1856.0,4931.0,352.0,717.0,33535.0,55.0,1574.0,20119.0,-6.171591284252228,-1.185025585779693,-8.919039809154615,-5.1587893245862535,-0.2624124049500522,-5.1587893245862535,18.68197405695542,-13.174470334317052,1.1603321990887594,1.1319568602572236,0.074110386988869,0.1154622527250706,5.736216573126445,2.057231349313224,2.4104497710746027,15.322713766919776,81.79267084846484,-5.853228962818004,,36.93463189171344,0.6919569164740839,971.3813979086406,6.067486882576443,60.15670195318325,38.42254361115253,12.06294964028777,55.426829268292686,14.05579399141631,5.534516177128373,1.471847739888977,-282.0,-0.8409124794990308,117.91613722998729,,6.526259089684891,1.0496496198002088,,,-4.357870119499186,-2.8271243533704915,-19.53430915532352,129.2682926829268,-30.952380952380956,-2.607379585532984,0.3078057027016783,0.3334368728758708,-0.5562945140016146,5.898614840057967,0.6047896808554947,3.2477715417629582,0.9119385548062038,0.6838746222982153,0.5242867155408714,False,True,False,False,False,False,False,False,False,False,False,False,False,False,False,False,False,False,False,False,False,False,False,False,False,False,False,False,False,False,False,False,False,False,False,False,False,False,False,False,False,False,False,False,False,False,False,False,False,False,False,False,False,False,6,True,-0.6212831389073884,-0.7372883436011318,-0.46225666668131904,-0.08522434562770541,-0.7478282174898551,-0.24828875856261398,0.20656114513323062,-0.4810223125004955,0.7065051440772938,1.1846754576298948,0.4493873094081404,0.5372719403092961,0.36720163526596306,0,Stable,32.4027484022504,59.56767340878564,91.33592335952916,68.51318148637583,41.23305984186482,49.951493069466395,21.896250372218006
212.764,2561.735,50102010.0,392.741,8.3,3.281,8130.073,872.141,20.218,DE0005545503,326410,1&1 AG,6093.97,730.556,119.568,590.688,2024.0,,517.0,2036.103,5010.0,2024-12-31,501020.0,-129.677,20.477,872.141,6093.97,4064.254,281.453,545.326,DEU,801.586,1382.958,8.8,290.956,4813.0,84.1,4.161,4064.254,50.0,311.418,1844.042,7.265469818044684,3.491385746894061,14.53373731070942,21.458821225248226,5.235007457703185,21.458821225248226,36.96912151651939,9.106124814254866,2.5241624187605054,2.360495293995258,0.0113612098182753,0.0170568717524734,13.695891783505507,0.0644474784089846,0.0677651842723216,74.95590752998159,25.044092470018413,28.84641304878644,0.4639834613898441,5.079400886068305,0.4999037524017312,1238.7241694605302,2.938812313895288,124.19983347497477,19.722832283612195,3.65002703222133,21.4249213836478,17.112490871853183,7.158902962265647,1.0337640742859378,20.46199999999999,0.503462628073934,93.42940998914642,52.72123354461239,1.3341176605726643,2.06926043500234,4.1360380515500745,95.86396194844993,-0.7920275363029972,5.035550274110623,-1.1746987951807175,-129.17100292251763,-1.6133122778778983,0.176176492918958,0.1694473200119703,0.938985674128716,-1.3252129635961196,2.677655973876076,0.8203732220725649,3.830445310884662,2.8639220354942614,0.0324674087231266,-0.0149246511837316,False,False,False,False,False,False,False,False,False,False,False,False,False,False,False,False,False,False,False,False,False,False,False,False,False,False,False,False,False,False,False,False,False,False,False,False,False,False,False,False,False,False,False,False,False,False,False,False,False,False,False,False,False,False,9,True,-0.5396380241504803,-0.571295277993166,-0.42961849234302685,-0.1268681720484291,-0.2617063317189351,-0.09185237635386269,-0.4288189950514314,-0.2939481320256555,0.019258981207684808,-0.6379820844104321,-0.18680195525979768,-0.6230738014014885,-0.13826319201728207,0,Stable,53.23494036820221,83.37840510889892,93.41767824046063,93.26929161284488,58.39199847566785,49.774612164883564,33.80073691361572
113.787,455.543,35202010.0,889.677,121.896,3.61,2080.019,294.305,89.935,DE000A2GS5D8,326577,DERMAPHARM HOLDING,604.422,326.915,343.381,222.074,2024.0,,325412.0,1471.724,3520.0,2024-12-31,352020.0,-209.169,58.408,294.305,604.422,1194.707,72.231,287.427,DEU,315.028,113.432,48.456,38.237,2834.0,23.098,0.587,1194.707,35.0,201.378,593.498,10.676537089324666,18.82575419160785,18.58815592442331,24.634073459015475,9.524259923144337,24.634073459015475,61.8698978075796,14.863405972428868,1.8154504993652785,0.7650826667482374,0.3728675649633696,0.3746631387363687,12.816373311974557,1.4719467524345573,1.6207417996035882,29.058484561919872,70.75531521587062,3.802116148472812,2.914377941251423,47.0963005626391,0.5743731187070888,330.9437673130194,10.532363001622118,34.65509116461191,26.368641014072907,4.481557338614991,1.326640087832466,11.313742807157052,3.200533687339239,0.5293710456729106,163.141,13.65531465037034,18.987674919802565,90.68058394949428,3.4413356893031684,1.93336106677202,42.58482954994859,57.41517045005141,3.8589362758265855,-3.7328184320348345,3.2313411495567657,-8.286438686537634,-7.953588021472746,0.6342065967192626,-0.4287600068167555,0.35205452462828,0.4545569899003441,4.946341128536405,1.8607090101973809,9.68154617818395,5.595114278957773,0.1808364888711394,0.3398187220747304,False,False,False,False,False,False,False,False,False,False,False,False,False,False,False,False,False,False,False,False,False,False,False,False,False,False,False,False,False,False,False,False,False,False,False,False,False,False,False,False,False,False,False,False,False,False,True,False,False,False,False,False,False,False,11,True,-0.3065469949067139,0.6884316780880235,0.5053007825989937,-0.11089247489887849,-0.6461293192793562,0.2747580318057042,0.17839570212484895,-0.3130712409570908,1.1520073404735904,-0.5569505480653238,-0.630789558578361,-0.465630793341506,0.3036244262388957,0,Stable,19.95301259144421,73.83799087849614,89.72361543349047,64.7650854156851,61.816206896687945,52.16444287252487,19.056903668352106
1942.0,12760.0,35101010.0,13455.0,2683.0,72.0,46055.0,3944.0,2754.0,DE000SHL1006,326765,SIEMENS HEALTHINEE,18199.0,11573.0,4179.0,2809.0,2024.0,,334510.0,27807.0,3510.0,2024-09-30,351010.0,-1657.0,476.0,3944.0,18199.0,22363.0,1135.0,3681.0,DEU,3868.0,7205.0,1063.0,696.0,3845.0,2006.0,0.0,22363.0,35.0,2826.0,14443.0,6.099229182499186,10.670915984394746,12.560926530429729,17.636274202924472,8.683986942717882,17.636274202924472,42.94146581406788,8.87407594616794,1.247991013566059,0.8868919035686512,0.2318327140758662,0.2318327140758662,6.231679513625013,0.7393263366119017,0.8906533326006923,39.51579633047444,60.37780914124416,5.901260504201681,3.429513184584178,35.19487569210726,0.4855715991748995,310.59722222222223,3.1038167938931296,117.59714707329071,17.296427134105443,7.79198606271777,3.053362048336923,21.46998154380632,3.112283682869025,0.613215859030837,2130.0,9.52466127084917,24.628450106157118,100.60519757920969,2.5306335512940272,8.970173948039172,54.73738414006179,45.26261585993821,3.1503690036900345,-1.347356696084312,1.4084507042253502,66.27634660421546,-16.945107398568016,-0.4776451175456497,-0.2652137876545959,0.0629059813309006,-0.3302687012248217,1.9286414682458912,1.2275754620331256,6.136141569862121,1.8083818439305444,0.5622366133614215,0.2552128996632308,False,True,False,False,False,False,False,False,False,False,False,False,False,False,False,False,False,False,False,False,False,False,False,False,False,False,False,False,False,False,False,False,True,False,False,False,False,False,False,False,False,False,False,False,False,False,False,False,False,False,False,False,False,False,10,True,-0.5501627360744683,-0.48081888162841574,-0.4405289030765211,-0.02898568176130726,-0.4699144934641894,-0.252863195384903,0.05703762685263701,-0.4308838215059152,0.27492799342158597,0.7528887378024374,0.38924968164222,0.27235142462885303,-0.06756774095370596,0,Stable,50.366343092461705,73.73779278255095,95.04787640162316,79.36180212266521,60.28899288021211,49.21124125838428,31.207206154367327
445.0,3921.0,20106010.0,2210.0,2263.0,29.051,9614.0,1135.0,964.0,DE000KBX1006,328745,KNORR-BREMSE AKTIE,3045.0,3313.0,1216.0,809.0,2024.0,,336510.0,6487.0,2010.0,2024-12-31,201060.0,630.0,107.0,1135.0,3045.0,7996.0,326.0,2055.0,DEU,1665.0,1626.0,88.2,228.0,3743.0,73.0,0.0,7996.0,20.0,1042.0,5416.0,8.414811732889536,14.614121510673234,10.117558779389697,14.194597298649326,5.56528264132066,14.194597298649326,50.96298149074537,15.394862036156043,1.6347721098702084,1.2677331723513432,0.6830667069121642,0.6830667069121642,21.87434990638652,0.7257799671592775,1.0423645320197044,31.67256084876222,67.47451633035158,7.5607476635514015,0.8026431718061674,33.014354066985646,0.8317037653422092,275.24009500533543,4.917589175891759,74.22336168084043,20.822911455727866,3.802187351402758,3.2245065789473686,40.45142500520075,2.851425712856428,0.6993865030674846,814.0,10.18009004502251,21.8809980806142,128.80098887515453,3.1573070607553366,0.9129564782391196,19.820224719101123,80.17977528089888,-0.5338035793898466,16.553648987544744,-1.4786176959338038,23.25135250946717,-10.289552274041814,-0.6583842840662589,0.0825288748737396,0.0113644563539491,-0.1817173081479756,2.4134139151679683,0.3867440733374963,10.838360723944248,4.264691832593389,0.818630594329998,0.2351002705458458,False,False,False,False,False,False,False,False,False,False,False,False,False,False,False,False,False,False,False,False,False,False,False,False,False,False,False,False,False,False,False,False,False,False,False,False,False,False,False,False,False,False,False,False,False,False,False,False,False,False,False,False,False,False,11,True,-0.23096196055166415,-0.01130254309478442,-0.5305755775649131,-0.4461081189663325,0.17820398145097582,-0.7205959107347218,0.35275271613461445,-0.9155579366857112,-0.018897552779946376,1.2309790853319906,0.6603170349332055,0.47524753141519094,-0.14639667220471256,0,Stable,31.582674068254118,53.69756968129605,97.58039178644663,81.01188596845967,40.18145317861913,51.09731566043253,20.687705079496055
2804.0,33615.0,20106010.0,16011.0,2588.0,105.541,65547.0,6961.0,8517.0,DE000TRAT0N7,332311,TRATON SE,17838.0,23260.0,7532.0,4520.0,2024.0,33.0,336120.0,47703.0,2010.0,2024-12-31,201060.0,1392.0,878.0,6961.0,17838.0,47473.0,2441.0,5233.0,DEU,12934.0,11859.0,850.0,1763.0,3713.0,2022.0,46.0,47473.0,20.0,2340.0,22804.0,6.895815216562161,15.719251037111784,9.521201525077412,14.663071640722094,5.906515282371032,14.663071640722094,29.191329808522735,13.353422553103488,0.9803955288048152,0.6565778159931213,0.1112639724849527,0.1132416165090283,-0.6956840129983066,0.8975782038345106,1.3750420450723175,27.214060140052176,72.7767861229347,5.148063781321184,3.1518459991380547,37.42047690969839,0.7242589287076449,449.8062364389195,4.003119993254068,91.17888062688266,27.244960293219307,,4.4629580456718,22.040673104795037,3.713689886883071,0.7222449815649324,577.0,1.2154277168074483,75.34188034188034,51.76991150442478,3.674571140262361,4.259263160112064,30.31383737517832,69.68616262482169,1.2822153951186133,6.23672993079305,1.852906264174248,-45.61734213006597,15.834428383705657,0.3380330644186116,0.0994738362115387,-0.0983983042202366,0.2354113355656657,2.3855782735217828,0.3122638010993772,3.5699574351228893,1.783993709808947,0.1505886662331213,-0.7725188022961524,True,True,False,False,False,False,False,False,False,False,False,False,False,False,False,False,False,False,False,False,False,False,False,False,False,False,False,False,False,False,False,False,False,False,False,False,False,False,False,False,False,False,False,False,False,False,False,False,False,False,False,False,False,False,9,True,-0.6337856290459947,-0.3293853273621776,-0.8088296376190746,0.3448684639182697,-0.013600250796398301,-0.2206586854149945,-0.05572461379784709,0.030184572754958894,-1.1007148539543252,-0.8047552750801816,-0.6938054686691156,0.01641618210865645,-1.061590758592615,0,Stable,33.023643455729065,77.10176241067978,93.00348695766577,79.15132500052742,36.164237730357954,48.76270802798677,24.774721743893593
1184.0,28593.0,20104020.0,3287.0,6363.0,98.0,50874.0,1283.0,480.0,DE000ENER6Y0,340153,SIEMENS ENERGY AG,9075.0,33471.0,9792.0,-86.0,2024.0,,333611.0,41510.0,2010.0,2024-09-30,201040.0,-2258.0,332.0,1283.0,9075.0,34465.0,1369.0,3388.0,DEU,5286.0,12551.0,88.2,1514.0,3510.0,1456.0,0.0,34465.0,20.0,2889.0,30079.0,-0.1690450917954161,13.046831955922864,-0.2495285071811983,3.722617147831133,3.4353692151458004,3.722617147831133,17.037574350790656,-0.695680310629348,0.8986585402288548,0.6061067790027188,0.1901048668997042,0.1901048668997042,-6.667452922907575,0.3622038567493112,0.4150964187327823,17.838188465620945,81.59374140032236,-0.2590361445783132,-2.0233826968043647,7.404568148759681,0.6774580335731415,351.68367346938777,2.7459963349533902,132.92078920644133,15.337298708835052,,2.9200367647058822,37.17812635137791,4.39286232409691,1.1059167275383492,1375.0,3.989554620629624,52.40567670474212,,5.60595041322314,4.224575656463078,7.449324324324325,92.55067567567568,10.752273530640457,6.1932494207527,4.255319148936176,248.9847715736041,23.289902280130303,-1.1688684584344808,0.0495080491592968,0.2572684982290206,0.4572455042576099,4.957404049954364,0.1629694089870938,5.678735699964618,1.378252774716857,0.3335599460224706,0.2844420654943981,False,False,False,False,False,False,False,False,False,False,False,False,False,False,False,False,False,False,False,False,False,False,False,False,False,False,False,False,False,False,False,False,False,False,False,False,False,False,False,False,False,False,False,False,False,False,False,False,False,False,False,False,False,False,8,True,-0.22209027047279298,-0.3969225927285694,-0.9316070427588627,0.1693705318999174,0.25193234078256777,-0.25275374045542426,-0.10183190997616848,-0.33977272802489406,0.18189099510049575,0.12862275764057263,0.5501130690411873,-0.525124746342307,-0.026030210011714877,0,Stable,48.75775086545042,60.50589069569197,99.08980583000762,74.16933234291028,71.91984118278279,50.224409322071665,28.578983950533964
-96.4,7350.2,25101010.0,672.4,1063.6,35.528,7583.1,796.1,42.5,DE000VTSC017,350278,VITESCO TECHNOLOGIES GROUP,2851.3,3143.8,825.1,325.4,2023.0,,336350.0,4731.8,2510.0,2023-12-31,251010.0,234.4,57.5,796.1,2851.3,9233.2,470.7,403.2,DEU,1842.7,1828.1,10.005,499.8,3714.0,1020.2,0.0,9233.2,25.0,629.0,3815.2,4.2911210454827176,-3.3809139690667416,3.5242386171641464,8.622146168175714,-1.044058397955205,8.622146168175714,20.393796300307592,9.23461134602832,1.2135632037661428,0.9511101215090018,0.3383166868121381,0.3383166868121381,8.853898801281792,0.2358222565145722,0.2507277382246694,37.60071738471074,62.39928261528927,5.659130434782608,-0.4380103002135409,9.42754282549353,1.2176022998509846,259.8851609997749,5.050708385755703,72.26709049950179,19.95732790365204,13.75215966636879,8.908253545024845,38.13348103018554,5.4130745570333145,1.0618228170809434,129.2,1.3992981848113328,79.45945945945945,193.30055316533495,2.65952372601971,11.049257028982368,,,1.7993384785005562,-0.2709207359574916,-6.610940251820308,-11.202749140893475,11.91222570532915,0.7667813728400232,-0.0110815577569357,-0.4363480435219566,0.3998975218116258,1.8326080543522392,0.0980835005480291,8.2947607179122,3.2373747807147866,0.6127339875537323,0.0864254281707015,False,False,False,False,False,False,False,False,False,False,False,False,False,False,False,False,False,False,False,False,False,False,False,False,False,False,False,False,False,False,False,False,False,False,False,False,False,False,False,False,False,False,False,False,False,False,False,False,False,False,False,False,False,False,6,True,-0.5753132094724337,-0.3221548527068653,-0.44311068220272104,-0.1049453205050264,0.008589601926215414,-0.4320743154316903,0.025057834407276453,-0.2957322635595496,0.04225599734780709,0.8156860871390623,0.07185584890929912,0.29602591402516093,-0.21501806518141137,0,Stable,54.09849030539892,82.13610975584969,91.1740252602395,93.40585593497298,60.05420682857989,49.62563148837468,33.95981258553702
2900.0,38745.0,20106010.0,18373.0,8758.0,104.919,73854.0,5623.0,10293.0,DE000DTR0CK8,351590,DAIMLER TRUCK HOLDING AG,22205.0,23603.0,9012.0,4549.0,2024.0,632.0,333924.0,51004.0,2010.0,2024-12-31,201060.0,403.0,154.0,5623.0,22205.0,54077.0,1074.0,5512.0,DEU,12794.0,20151.0,1486.0,1417.0,3537.0,1750.0,2205.0,54077.0,20.0,1555.0,38455.0,6.159449725133372,13.060121594235532,8.412079072433752,10.398135991271705,5.36272352386412,10.398135991271705,28.35216450616713,11.210508157129478,1.6292420455026904,1.247426174638817,0.371054526966911,0.4644748548913274,20.109946651501613,0.8274262553478946,1.2909705021391578,30.066076312725105,69.06057898015003,29.53896103896104,3.540458829806153,38.81441763479297,0.7322149104990928,515.4166547527141,2.683588903776488,136.0118904525029,23.65885681528191,3.6410584433072986,4.299267643142477,39.14344517561676,2.6203376666605025,1.319366852886406,138.0,0.2551916711356029,91.12540192926043,34.18333699714223,3.326007655933348,3.236126264400762,51.241379310344826,48.75862068965517,-3.243871891214889,3.710048868168281,0.4817269384002509,-121.5625,38.10916179337232,0.7266982425643214,-0.23033827316018,-0.0780138796529819,-0.4257079427443689,2.773177639798861,0.6562814513663305,2.105505456711891,2.928435101832388,0.3204495168611029,-0.806866012852634,True,True,False,False,False,False,False,False,False,False,False,False,False,False,False,False,False,False,False,False,False,False,False,False,False,False,False,False,False,False,False,False,False,False,False,False,False,False,False,False,False,False,False,False,False,False,False,False,False,False,False,False,False,False,7,True,-0.7471220161456242,-0.15432457345751588,-0.6905503380952513,0.2999314907087138,0.24756562095325838,-0.33655827660759485,-0.11319050395096086,0.1758084014220927,-1.1394317050195353,-0.33493896596687134,-0.8755758488431604,0.30440259895136945,-1.0607016033919088,0,Stable,31.640505401764234,61.69058786246994,90.74259233027655,93.89098952063763,36.56954965951964,48.534875553679264,21.909790340076185
3592.0,26614.0,25102010.0,7160.0,9151.0,39.463,53527.0,8647.0,4175.0,DE000PAG9113,354519,DR ING  H C F PORSCHE AG,23043.0,14343.0,6130.0,5712.0,2024.0,343.0,336110.0,30471.0,2510.0,2024-12-31,251020.0,-1679.0,316.0,8647.0,23043.0,40083.0,2935.0,4958.0,DEU,14330.0,4573.0,2100.0,2174.0,3711.0,2033.0,2767.0,40083.0,25.0,6353.0,20288.0,10.6712500233527,15.588248057978562,14.250430357009206,21.572736571613905,8.961405084449767,21.572736571613905,33.60277424344485,18.912028606429825,1.414487903506937,0.9871017220944016,0.6380115735899045,0.830927978804992,11.10654436078988,0.3107234301089268,0.4919064357939504,43.04930222130887,56.92641097016459,18.075949367088608,0.2525731467561004,21.17622881910064,0.748837035514787,1015.7109190887668,8.765143232013996,41.64221739889729,35.75081705461168,6.742304457527334,4.341598694942904,25.639396939862124,5.423745727615199,0.7407155025553662,4179.0,10.425866327370706,34.22005351802298,111.2219887955182,2.322918022826889,5.07197565052516,58.46325167037863,41.536748329621375,-1.1028867505551432,6.105417566951443,0.5503605371111275,-16.536848412222895,7.837301587301582,0.1139993337138119,0.0227372212801663,-1.1226496373351766,1.497088814096868,2.031902419035604,0.0648262587164816,11.868776505315076,2.0989337188704567,0.0146894559869699,0.6251670892980747,True,True,False,False,False,False,False,False,False,False,False,False,False,False,False,False,False,False,False,False,False,False,False,False,False,False,False,False,False,False,False,False,True,False,False,False,False,False,False,False,False,False,False,False,False,False,False,False,False,False,False,False,False,False,7,True,-0.48047555854169705,-0.6893781641589963,-0.4935879423274379,-0.18810838877460195,-0.09087142448978508,0.03602651345978448,-0.6367393495899114,-0.44128596308137036,0.8825026968054013,-0.3555837272521023,0.43591082406710696,-1.0726759190099662,0.6115799019124671,0,Stable,36.40550417501441,82.29324777615162,94.19658131144114,83.30270282689557,39.12568432607654,49.285876021948205,26.906188836428505
149.685,569.503,35203010.0,80.874,26.431,4.517,1442.269,253.817,205.465,DE000A3ENQ51,358679,SCHOTT PHARMA AG & CO KGAA,790.406,435.48,140.445,188.839,2024.0,2.142,327213.0,650.0,3520.0,2024-09-30,352030.0,-78.156,12.779,253.817,790.406,957.091,64.978,125.184,DEU,723.49,411.446,24.098,145.075,3221.0,24.254,3.249,957.091,35.0,225.326,588.601,13.093188579938971,18.937735796540007,19.73051674292204,26.51963083970072,15.639578681650962,26.51963083970072,40.49646271880103,21.67374437609035,1.351614310645724,1.0291081105906126,0.0606939469091577,0.0681546798934509,10.616674143311682,0.1023195674121907,0.362268252012257,54.802952847215046,45.06787568754511,14.777290867830034,1.023997604573374,19.853369933070734,0.6636008955333575,211.88642904582687,2.3261643083174945,156.9106699362966,75.59260300222236,6.25055348384611,4.054989497668127,30.360286465284908,15.15791079427139,2.232678752808643,80.251,8.384887121496284,64.38449180298767,119.32175027404296,1.8247191949453827,2.5341372972893907,16.09914153054748,83.90085846945252,6.508888250860778,17.083635052945702,0.8484036615316048,1197.5101050929725,-17.320635789065765,0.9721526029538596,0.0207943802382899,0.556610173744923,0.5613837376784517,1.9277031144388368,0.044542066407044,15.62302178026429,1.4071708079860712,0.6358118199172683,-0.5066219254178034,False,False,False,False,False,False,False,False,False,False,False,False,False,False,False,False,False,False,False,False,False,False,False,False,False,False,False,False,False,False,False,False,False,False,False,False,False,False,False,False,False,False,False,True,False,False,False,False,False,False,False,False,False,False,5,True,-0.3722763572782388,0.04837523912935547,-0.9889976462868927,-0.0202004928971899,-0.1630993960723423,-1.1373041039939762,2.2592220559582294,1.5204926277660136,-1.0746139728825632,-0.012801086334556958,1.6714065891653314,0.28430744783932593,-0.4831128441683779,0,Stable,13.203532874623649,35.79267356715953,90.23495500143449,74.2287636989273,43.234828673169865,51.25449525000901,10.650314184923388
