gvkey,roa,roe,ebit_margin,conm,roa_trend,roa_volatility,roe_trend,revt_cagr,cluster,cluster_name
325735,0.09875792912219394,-15.296624425255132,0.03393679923772728,HELLOFRESH SE,8.347219078789843,31.993012204905707,22.99446475115067,60.01266183192724,3,Lower-Mid
