{
  "silhouette": 0.1476700627051026,
  "davies_bouldin": 1.3503172718294743,
  "inertia": 649.6055301340964,
  "n_iter": 10,
  "n_clusters": 6,
  "n_companies": 151,
  "algorithm": "kmeans"
}