{
  "n_clusters": 2,
  "n_noise": 145,
  "noise_percentage": 91.77215189873418,
  "eps": 0.5,
  "min_samples": 5,
  "silhouette": 0.5534714367712139,
  "davies_bouldin": 0.5845906134328162,
  "n_core_samples": 3,
  "core_sample_percentage": 1.89873417721519,
  "n_companies": 158,
  "algorithm": "dbscan"
}