cluster,roa,ebit_margin,gross_margin,current_ratio,working_capital_ratio,debt_to_equity,equity_ratio,asset_turnover,capital_intensity,days_sales_outstanding,fcf_margin,cash_conversion,financial_leverage,cluster_name
-1,4.959861306133407,7.174259765510055,38.066542696855144,1.4352390214184423,9.612806998949168,1.0215061018217397,35.35320449464233,0.8567616737824298,47.21168000940171,167.06599404744193,5.247865918861077,270.1076561671558,4.311489945731073,High Performers
