dltt,xint,seq,invt,dlc,emp,gsector,naics,ebitda,fincf,ivst,che,at,lt,revt,ivch,oancf,loc,oibdp,ggroup,gind,sale,sic,rect,gsubind,ebit,xsga,act,fyear,ib,isin,dp,xrd,datadate,capx,lct,dvt,cogs,gvkey,conm,ppent,ceq,roa,roe,ebit_margin,ebitda_margin,net_profit_margin,operating_margin,gross_margin,roc,current_ratio,quick_ratio,cash_ratio,cash_ratio_enhanced,working_capital_ratio,debt_to_equity,total_debt_to_equity,equity_ratio,debt_ratio,interest_coverage,net_debt_to_ebitda,debt_to_assets,asset_turnover,revenue_per_employee,receivables_turnover,days_sales_outstanding,capital_intensity,working_capital_turnover,inventory_turnover,asset_quality,capex_to_revenue,capex_to_depreciation,fcf,fcf_margin,reinvestment_rate,cash_conversion,financial_leverage,rnd_intensity,dividend_payout_ratio,retention_ratio,revenue_growth,asset_growth,employee_growth,fcf_growth,capex_growth,margin_trend,leverage_trend,capex_trend,fcf_trend,margin_volatility,leverage_volatility,cf_to_assets,cashflow_volatility,margin_consistency,growth_quality,ebitda_outlier,ebit_outlier,roa_outlier,roe_outlier,ebit_margin_outlier,ebitda_margin_outlier,net_profit_margin_outlier,operating_margin_outlier,gross_margin_outlier,roc_outlier,current_ratio_outlier,quick_ratio_outlier,cash_ratio_outlier,cash_ratio_enhanced_outlier,working_capital_ratio_outlier,debt_to_equity_outlier,total_debt_to_equity_outlier,equity_ratio_outlier,debt_ratio_outlier,interest_coverage_outlier,net_debt_to_ebitda_outlier,debt_to_assets_outlier,asset_turnover_outlier,revenue_per_employee_outlier,receivables_turnover_outlier,days_sales_outstanding_outlier,capital_intensity_outlier,working_capital_turnover_outlier,inventory_turnover_outlier,asset_quality_outlier,capex_to_revenue_outlier,capex_to_depreciation_outlier,fcf_outlier,fcf_margin_outlier,reinvestment_rate_outlier,cash_conversion_outlier,financial_leverage_outlier,rnd_intensity_outlier,dividend_payout_ratio_outlier,retention_ratio_outlier,revenue_growth_outlier,asset_growth_outlier,employee_growth_outlier,fcf_growth_outlier,capex_growth_outlier,margin_trend_outlier,leverage_trend_outlier,capex_trend_outlier,fcf_trend_outlier,margin_volatility_outlier,leverage_volatility_outlier,cashflow_volatility_outlier,margin_consistency_outlier,growth_quality_outlier,years_available,latest_year,PC1,PC2,PC3,PC4,PC5,PC6,PC7,PC8,cluster,cluster_name,proximity_score,profitability_score,liquidity_score,leverage_score,efficiency_score,cashflow_score,structure_score,relative_score,overall_score
18764.0,1034.0,23793.0,1146.0,5387.0,482.638,20.0,492110.0,9947.0,-6347.0,616.0,4235.0,69875.0,45665.0,84186.0,,8722.0,DEU,9947.0,2030.0,203010.0,84186.0,4210.0,12949.0,20301010.0,5322.0,372.0,20147.0,2024.0,3332.0,DE0005552004,4625.0,92.0,2024-12-31,2936.0,21171.0,2132.0,70933.0,241456,DEUTSCHE POST AG,30769.0,23793.0,7.6164579606440075,14.004118858487791,6.321716199843204,11.815503765471695,3.957902739172784,11.815503765471695,15.742522509680946,12.50558075052283,0.951631949364697,0.8975012989466723,0.20003778753955884,0.2291341929998583,-1.465474060822898,0.7886353129071576,1.0150464422309082,34.05080500894454,65.35241502683363,5.147001934235977,2.0022117221272744,34.56314847942755,1.204808586762075,174.42886801287924,6.501351455710866,56.14217328296866,36.54883234742118,,61.896160558464224,24.592486583184257,3.487515738958972,0.6348108108108108,5786.0,6.872876725346257,33.662004127493695,163.8857572341225,2.936788130962888,0.10928182833250183,63.985594237695075,36.014405762304925,2.9697399642848454,4.58137516089443,-18.801943485487783,-1.5484090522375316,-13.16178645371192,0.40330400428408303,0.06452802795712036,0.07618462731549844,0.6939544352493967,1.8189449759321399,0.3326216133116856,12.482289803220036,3.202911638225857,0.5407775201877482,0.18620537105265988,True,True,False,False,False,False,False,False,False,False,False,False,False,False,False,False,False,False,False,False,False,False,False,False,False,False,False,False,False,False,False,False,True,False,False,False,False,False,False,False,False,False,False,False,False,False,False,False,False,False,False,False,False,False,11,True,0.054199244431302036,-0.22487552943997113,-0.18436147619725765,0.9112737296141113,-0.6062265229428057,-0.2532642234995427,-0.16498123372351456,-0.06516590438806434,0,Lower-Mid,44.15200482094373,56.944740688291205,66.35883097369855,95.00347324729472,65.98522185870807,92.03368295761787,97.29028088419189,50.578073616887686,48.44788066957142
451.004,14.129,522.579,0.0,32.191,13.069,25.0,5418.0,159.909,-32.096,5.357,179.047,1720.885,1182.716,1483.814,,146.203,DEU,159.909,2540.0,254010.0,1483.814,7310.0,450.346,25401010.0,117.575,288.739,655.424,2016.0,-140.555,DE0005875306,42.334,21.287,2016-12-31,17.913,516.885,88.2,1003.599,231081,GFK SE,92.489,522.579,6.832240387939927,-26.89641183438294,7.923836815126424,10.776889825813745,-9.47254844609904,10.776889825813745,32.36355769658461,12.076525576145023,1.2680267370885205,1.2680267370885205,0.3463962003153506,0.3567602077831626,8.050450785496995,0.8630350626412467,0.9246353182963726,30.36687518340853,68.7271955999384,8.321537263783707,1.9020067663483609,28.07828530087717,0.8622389061442224,113.53691942765322,3.29483108543209,110.77957884209206,6.233193648260496,10.710442546864062,,36.573797784279606,1.2072267817934053,0.42313506873907497,128.29,8.645962364555125,12.252142568893936,124.3487135870721,3.293061910256631,1.4346137723461294,,,-3.8623166902721495,-6.590454002901803,-3.084909158324056,-11.261594648995999,-32.052497818912876,-1.6594393656980002,0.1378205823171777,-0.6735361896385356,-1.1768285116979618,1.842533514258373,0.156250906889541,8.495803031579682,1.3594207806928698,0.8111328393416563,,False,False,False,False,False,False,False,False,False,False,False,False,False,False,False,False,False,False,False,False,False,False,False,False,False,False,False,False,False,False,False,False,False,False,False,False,False,False,False,False,False,False,False,False,False,False,False,False,False,False,False,False,False,False,3,True,-0.06777622770048759,-0.13511236943628396,-0.07487385746626732,0.33830466030871154,-0.4775064236969158,-0.14945194463260641,0.2940101617991259,-0.17230488104939848,0,Lower-Mid,57.12004286594051,61.581983055855304,89.06381066972651,87.64293195655826,82.7873207524189,89.5865209846871,99.94707422037806,51.471050846576205,56.346805066065926
2112.0,66.0,3363.0,1753.0,722.0,12.892,20.0,336412.0,1178.0,736.0,858.0,2605.0,12484.0,9047.0,7411.0,,714.0,DEU,1178.0,2010.0,201010.0,7411.0,3724.0,3079.0,20101010.0,832.0,293.0,7519.0,2024.0,633.0,DE000A0D9PT0,346.0,339.0,2024-12-31,459.0,6049.0,118.0,5813.0,273099,MTU AERO ENGINES AG,1537.0,3363.0,6.664530599166933,18.822479928635147,11.226555120766427,15.895290783969775,8.541357441640804,15.895290783969775,21.56254216704898,15.19634703196347,1.2430153744420565,0.9532154075053728,0.4306496941643247,0.5724913208794842,11.775072092278116,0.6280107047279215,0.8426999702646447,26.93848125600769,72.4687600128164,12.606060606060606,0.19439728353140917,22.701057353412367,0.593639859019545,574.8526217809494,2.4069503085417345,151.64417757387665,20.739441370935097,5.041496598639456,3.316029663434113,45.53027875680872,6.193496154365133,1.3265895953757225,255.0,3.440831196869518,64.28571428571429,85.8173076923077,3.712161760333036,4.574281473485359,18.64139020537125,81.35860979462875,38.18758157747531,22.344178753430022,5.9326211996713285,-42.69662921348315,38.25301204819278,-0.522577306925928,-0.011729329632645275,0.40419579056910093,0.2879084999951017,4.773797471147643,0.14849214132229066,5.7193207305350855,1.8780075002062253,0.13181529255894736,-0.008116966790129935,False,False,False,False,False,False,False,False,False,False,False,False,False,False,False,False,False,False,False,False,False,False,False,False,False,False,False,False,False,False,False,False,False,False,False,False,False,False,False,False,False,False,False,False,False,False,False,False,False,False,False,False,False,False,11,True,-0.12769364366670952,-0.09821105851913285,-0.2653523096644242,0.01507201130233448,-0.6046915908612959,-0.41787915944280535,-0.050147850082913066,-0.13031006306097642,0,Lower-Mid,53.13438829952244,59.85377413719682,86.5949215447494,80.66834655306934,79.87800406351533,87.45829211281064,96.70862918062807,51.8605452421173,53.273045412082574
790.796,32.651,649.869,223.59,30.171,7.984,20.0,3363.0,204.891,440.69,0.0,109.426,1910.888,1233.16,1305.926,,196.976,DEU,204.891,2010.0,201060.0,1305.926,3714.0,209.011,20106020.0,126.513,189.683,571.867,2024.0,70.178,DE000STAB1L8,78.378,34.378,2024-09-30,53.548,290.691,28.405,883.474,315582,STABILUS SE,300.311,649.869,6.6206392002043035,10.798791756492461,9.68760863938692,15.689326960333128,5.3738113798178455,15.689326960333128,32.34884671872678,8.781569622361896,1.9672676484652087,1.1981003883849173,0.376434082926544,0.376434082926544,14.714415496878939,1.2168544737477862,1.2632807535057067,34.00874357890154,64.5333478466556,3.874705215766745,3.472778208901319,42.9625912141371,0.6834131566057247,163.56788577154308,6.248120912296482,58.41756347603157,22.996019682585384,4.644514467806641,3.951312670512993,16.664346628373824,4.100385473602639,0.6832019189058154,143.428,10.982858140507195,27.18503777109902,155.69625255902554,2.9404203000912488,2.632461563672061,40.47564763886118,59.52435236113882,7.4611562685660715,43.21223408441097,6.995443580809435,9.91746304229537,12.45799731182795,0.2725675188843278,-0.24692377243173472,-0.18834501152958566,-0.0028283717082525136,2.3912224167607414,1.1208187859020873,10.308087130171941,2.3470718783997153,0.14292261055205147,0.38633353248229296,False,False,False,False,False,False,False,False,False,False,False,False,False,False,False,False,False,False,False,False,False,False,False,False,False,False,False,False,False,False,False,False,False,False,False,False,False,False,False,False,False,False,False,False,False,False,False,False,False,False,False,False,False,False,11,True,-0.3369955226995398,-0.08284892642273599,0.13200845760215385,-0.31849972198249954,-0.3406742949626951,0.00840025618224837,0.07343087859679831,-0.18585257832134006,0,Lower-Mid,56.13589967960031,61.36683837710392,79.30618265378764,89.05384478980686,87.23383021572609,91.26290730695433,97.31805749448642,52.05587945520363,56.71818655860051
41321.0,1785.0,51264.0,10923.0,6598.0,327.0,20.0,999977.0,12658.0,-8880.0,1060.0,10216.0,147812.0,91581.0,75930.0,,11665.0,DEU,12658.0,2010.0,201050.0,75930.0,9997.0,34677.0,20105010.0,9659.0,13984.0,61353.0,2024.0,8216.0,DE0007236101,2999.0,6435.0,2024-09-30,2088.0,43913.0,4160.0,43108.0,19349,SIEMENS AG,12078.0,51264.0,6.534652125673153,16.026841448189764,12.720927169761623,16.67061767417358,10.820492558935863,16.67061767417358,43.226656130646646,10.432575471188638,1.3971489080682258,1.14840707763077,0.23264181449684604,0.25678045225787355,11.798771412334586,0.80604322721598,0.934749531835206,34.68189321570644,61.95775715097557,5.411204481792717,2.9785906146310634,32.4188834465402,0.5136930695748654,232.2018348623853,2.1896357816420107,166.69438956934016,15.906756222836824,4.353784403669724,3.9465348347523572,30.371688360890865,2.7499012248123273,0.6962320773591197,9577.0,12.612932964572632,17.899699957136733,120.76819546536908,2.883348938826467,8.474911102331093,50.63291139240506,49.36708860759494,-2.3646954442001267,1.8922291079294329,2.187500000000009,-4.430695539367324,-5.86113615870153,0.4274657300079713,0.03051371519563571,0.02171972230745273,0.7932198642492456,1.833229520947242,0.17366750546714438,7.891781452114849,0.9997692922485408,0.5980832047422889,-0.397258245788941,True,True,False,False,False,False,False,False,False,False,False,False,False,False,False,False,False,False,False,False,False,False,False,False,False,False,False,False,False,False,False,False,True,False,False,False,False,False,False,False,False,False,False,False,False,False,False,False,False,False,False,False,False,False,11,True,-0.503341269755387,-0.08300791368601046,-0.32619151563055715,-0.20988257432730092,-0.22870798918256324,-0.04311324822792223,0.2994773013519445,-0.1801882835060522,0,Lower-Mid,50.12064280414027,55.197195942009124,90.28651540998094,94.90604434972002,73.29636299029029,89.11205386761097,96.88252579028347,53.521030852676134,51.57275519357348
170.5,18.8,726.1,246.9,61.1,4.321,20.0,336510.0,150.3,-83.9,0.3,95.0,1490.8,738.9,1209.6,,136.4,DEU,150.3,2010.0,201060.0,1209.6,3490.0,307.1,20106010.0,96.0,230.0,666.9,2024.0,69.2,DE0007667107,54.3,15.2,2024-12-31,55.7,513.5,21.253,826.1,209440,VOSSLOH AG,307.2,726.1,6.439495572846794,9.530367717945188,7.936507936507938,12.425595238095239,5.720899470899472,12.425595238095239,31.704695767195762,10.70711577068927,1.29873417721519,0.8179162609542356,0.18500486854917234,0.18558909444985394,10.289777300778105,0.2348161410274067,0.3189643299820961,48.70539307754226,49.56399248725516,5.106382978723404,0.9088489687292082,15.53528306949289,0.811376442178696,279.9352001851423,3.938782155649625,92.66823743386244,25.396825396825395,7.885267275097784,3.3458890238963144,26.97209551918433,4.604828042328043,1.0257826887661143,80.7,6.671626984126985,40.83577712609971,142.08333333333334,2.0531607216636827,1.2566137566137567,30.71242774566474,69.28757225433526,-0.38705426994977143,7.043871616284902,7.567836694050278,15.450643776824036,-17.35905044510386,0.7992154785469279,-0.0334285483156408,0.1003992410371543,0.7631793406940446,4.215846617939716,0.253157852186241,9.149449959753152,3.7116133384116874,0.3953218819008001,0.5125365818492017,False,False,False,False,False,False,False,False,False,False,False,False,False,False,False,False,False,False,False,False,False,False,False,False,False,False,False,False,False,False,False,False,False,False,False,False,False,False,False,False,False,False,False,False,False,False,False,False,False,False,False,False,False,False,11,True,-0.6958571100215744,-0.019734688306559896,0.19147102845527988,0.05526386291413865,-0.21810850567286025,-0.04156912453810529,0.04309961752526149,0.04946536718967067,0,Lower-Mid,53.46975098476343,64.06146468650638,90.15038186539367,67.03859406126617,93.80199905675246,90.72839761175233,90.76307207200573,51.649126051528214,54.974352595846135
18373.0,154.0,22205.0,9012.0,10293.0,104.919,20.0,333924.0,5623.0,403.0,2205.0,8758.0,73854.0,51004.0,54077.0,632.0,1555.0,DEU,5623.0,2010.0,201060.0,54077.0,3537.0,20151.0,20106010.0,4549.0,5512.0,38455.0,2024.0,2900.0,DE000DTR0CK8,1074.0,1750.0,2024-12-31,1417.0,23603.0,1486.0,38745.0,351590,DAIMLER TRUCK HOLDING AG,12794.0,22205.0,6.1594497251333715,13.060121594235532,8.412079072433752,10.398135991271705,5.36272352386412,10.398135991271705,28.35216450616713,11.210508157129478,1.6292420455026904,1.247426174638817,0.371054526966911,0.4644748548913274,20.109946651501613,0.8274262553478946,1.2909705021391578,30.066076312725105,69.06057898015003,29.538961038961038,3.5404588298061532,38.81441763479297,0.7322149104990928,515.4166547527141,2.6835889037764877,136.0118904525029,23.65885681528191,3.6410584433072986,4.299267643142477,39.14344517561676,2.6203376666605025,1.319366852886406,138.0,0.2551916711356029,91.12540192926045,34.18333699714223,3.3260076559333482,3.236126264400762,51.241379310344826,48.758620689655174,-3.243871891214889,3.710048868168281,0.48172693840025094,-121.5625,38.109161793372316,0.7266982425643214,-0.23033827316018007,-0.07801387965298195,-0.4257079427443689,2.7731776397988606,0.6562814513663305,2.105505456711891,2.9284351018323878,0.3204495168611029,-0.806866012852634,True,True,False,False,False,False,False,False,False,False,False,False,False,False,False,False,False,False,False,False,False,False,False,False,False,False,False,False,False,False,False,False,False,False,False,False,False,False,False,False,False,False,False,False,False,False,False,False,False,False,False,False,False,False,7,True,-0.18118695331603724,-0.06407620269553461,0.27378065846686483,-0.2437925061901525,-0.4493451050062915,-0.2587051140322882,0.16294219308364422,0.1642629294903302,0,Lower-Mid,55.25772092089559,65.89359414944643,70.63519949188886,87.18270598050701,90.60801610630554,84.48143037534295,99.6886167867675,52.1656513467439,57.59128021224406
13455.0,476.0,18199.0,4179.0,2754.0,72.0,35.0,334510.0,3944.0,-1657.0,0.0,2683.0,46055.0,27807.0,22363.0,,2826.0,DEU,3944.0,3510.0,351010.0,22363.0,3845.0,7205.0,35101010.0,2809.0,3681.0,14443.0,2024.0,1942.0,DE000SHL1006,1135.0,2006.0,2024-09-30,696.0,11573.0,1063.0,12760.0,326765,SIEMENS HEALTHINEE,3868.0,18199.0,6.099229182499186,10.670915984394746,12.560926530429729,17.636274202924472,8.683986942717882,17.636274202924472,42.94146581406788,8.87407594616794,1.247991013566059,0.8868919035686512,0.23183271407586625,0.23183271407586625,6.231679513625013,0.7393263366119017,0.8906533326006923,39.51579633047444,60.377809141244164,5.901260504201681,3.4295131845841786,35.19487569210726,0.48557159917489956,310.59722222222223,3.1038167938931296,117.59714707329071,17.296427134105443,7.79198606271777,3.053362048336923,21.46998154380632,3.1122836828690246,0.613215859030837,2130.0,9.52466127084917,24.628450106157114,100.60519757920969,2.5306335512940272,8.970173948039172,54.73738414006179,45.26261585993821,3.1503690036900345,-1.347356696084312,1.4084507042253502,66.27634660421546,-16.945107398568016,-0.4776451175456497,-0.2652137876545959,0.06290598133090063,-0.3302687012248217,1.9286414682458912,1.2275754620331256,6.136141569862121,1.8083818439305444,0.5622366133614215,0.25521289966323085,False,True,False,False,False,False,False,False,False,False,False,False,False,False,False,False,False,False,False,False,False,False,False,False,False,False,False,False,False,False,False,False,True,False,False,False,False,False,False,False,False,False,False,False,False,False,False,False,False,False,False,False,False,False,10,True,-0.5729059114795235,-0.08965535902738447,-0.4609442237120591,-0.14544443443488034,-0.14474511339872018,-0.11450345339206815,0.21719938534073532,-0.3156495591736918,0,Lower-Mid,49.813343468541476,57.23505519690472,85.97612137952405,86.39734555109409,71.7018636142364,88.15712704965406,94.23374510454082,51.70062243628241,50.767362524042404
4112.0,449.0,14351.0,6113.0,2768.0,168.761,25.0,3363.0,4364.0,-1072.0,0.0,2966.0,36966.0,22168.0,39719.0,,2934.0,DEU,4364.0,2510.0,251010.0,39719.0,3714.0,8142.0,25101020.0,2242.0,3850.0,17950.0,2024.0,1168.0,DE0005439004,2122.0,4151.0,2024-12-31,1938.0,14269.0,500.015,28796.0,100609,CONTINENTAL AG,9942.0,14351.0,6.065032732781475,8.138805658142289,5.644653692187617,10.98718497444548,2.9406581233162967,10.98718497444548,27.50069236385609,12.143205329578075,1.257971827037634,0.829560585885486,0.2078631999439344,0.2078631999439344,9.957799058594384,0.2865305553619957,0.47940910041112117,38.822160904615046,59.96861981280095,4.993318485523385,0.8968835930339139,18.6116972352973,1.0744738408267056,235.35651009415682,4.878285433554409,74.82137012512904,25.03084166268033,10.790274381961424,4.710616718468837,30.04923443163989,4.879276920365569,0.9132893496701225,996.0,2.507616002416979,66.05316973415133,130.86529884032115,2.575848372935684,10.450917696820161,42.809503424657535,57.190496575342465,-4.1078692917758115,-2.0840838295437814,-16.76933168280209,-17.220744680851052,-8.77424213895689,-0.7538652456830097,0.012807662542078485,-0.12643942471127861,-0.5167188587038252,2.9135851766363854,0.12619547902306635,7.937023210517773,3.213632306621219,0.7364185025449634,0.07969566452998116,False,False,False,False,False,False,False,False,False,False,False,False,False,False,False,False,False,False,False,False,False,False,False,False,False,False,False,False,False,False,False,False,False,False,False,False,False,False,False,False,False,False,False,False,False,False,False,False,False,False,False,False,False,False,11,True,-0.21640436138997793,-0.1033146318818569,0.3359990214215051,0.43672915884744307,-0.30860468177264533,-0.18910238919322905,0.1074251534665649,0.13849202599348528,0,Lower-Mid,59.47329724208522,68.5111889997398,89.07807919954726,88.36761701727622,74.78645523496216,90.12223868304163,94.56920521281552,50.72864555208754,57.546286683754
2156.389,31.382,2436.302,880.842,857.891,20.922,20.0,333924.0,586.483,-386.486,169.617,703.391,7128.36,4692.058,5391.884,0.375,577.958,DEU,586.483,2010.0,201060.0,5391.884,3537.0,1484.87,20106010.0,421.588,1174.82,3073.923,2024.0,288.993,DE0006219934,164.895,135.742,2024-12-31,138.426,2150.206,80.52,3499.164,202807,JUNGHEINRICH AG,1830.59,2436.302,5.914235532436634,11.86195307478301,7.81893675754152,10.877144241233676,5.359777769699793,10.877144241233676,35.10312907325157,9.179542015781161,1.4295946527914067,1.01993994993968,0.3271272612949643,0.4060113310073546,12.958338243298595,0.885107429210336,1.2372357778304988,34.17759484650046,65.82240515349955,13.434070486266013,3.9402489074704645,42.28574314428565,0.7563989473034471,257.7136029060319,3.6312162007448467,100.5172867220437,33.950841672409865,5.837160082579407,3.9725217462382587,30.697958576727324,2.5673030057768305,0.8394796688801963,439.532,8.151733234617065,23.950875323120364,137.09071415694942,2.9258934237216896,2.517524486802757,27.862266560089687,72.1377334399103,-2.776886727046546,3.1621927921229087,68.74621930072189,30.135692481694964,2.857779759250989,0.044525976935936726,-0.0073325371480288835,-0.1342829649973476,0.48601784612682586,0.4426520657875997,0.15472288353991218,8.107867728341441,3.2945715511874747,0.11129985755028808,-0.5606546666031959,False,False,False,False,False,False,False,False,False,False,False,False,False,False,False,False,False,False,False,False,False,False,False,False,False,False,False,False,False,False,False,False,False,False,False,False,False,False,False,False,False,False,True,False,False,False,False,False,False,False,False,False,False,False,11,True,-0.19917914517658655,-0.08123791532846959,0.021174358769214974,-0.053692348114218004,-0.16678929369427065,-0.14555721001417157,0.15203299712984575,0.05582767338850737,0,Lower-Mid,63.81464473561812,66.35150424682742,87.94023584270397,93.70877902469933,95.96517261176137,90.36429455840889,97.20701236506709,52.099413782530995,62.561812537846876
916.087,61.661,1511.562,355.088,453.861,12.142,35.0,327212.0,411.602,168.269,0.0,186.378,3809.164,2270.023,2035.903,,240.332,DEU,411.602,3520.0,352030.0,2035.903,3220.0,387.886,35203010.0,217.047,387.458,992.301,2024.0,109.72,DE000A0LD6E6,194.555,65.519,2024-11-30,369.846,985.503,88.2,1233.583,284944,GERRESHEIMER GROUP,1018.153,1511.562,5.698021928171116,7.2587164800385295,10.66096960415108,20.21717144677325,5.389254792590806,20.21717144677325,39.408557283917744,8.940625271610516,1.0068980003105013,0.6465865654391716,0.18911966782445105,0.18911966782445105,0.1784643559584203,0.6060532085352768,0.9063128075461013,39.68225048855864,59.5937323780231,3.520004540957818,2.8755205271111413,35.96453185003323,0.534475018665513,167.67443584253007,5.248714828583656,69.54083274104906,50.00989732811436,299.48558399529264,3.474020524489704,15.075853914402215,18.166189646559783,1.9009842974994218,-129.514,-6.361501505720067,153.8896193598855,110.72809115076458,2.5200183651084114,3.218178862156007,80.38643820634343,19.613561793656572,2.2817040662431065,11.082227929518162,4.133790737564325,193.01147032872547,9.248001701433806,-0.14623513953854378,-0.03884029189784664,1.1288886323723293,-1.17232334025491,1.2589848654733227,0.2271157408050461,6.3093109144158666,1.109079302886883,0.1484072624515376,-0.825851216049157,False,False,False,False,False,False,False,False,False,False,False,False,False,False,False,False,False,False,False,False,False,False,False,False,False,False,False,True,False,False,False,False,False,False,False,False,False,False,False,False,False,False,False,False,False,False,False,False,False,False,False,False,False,False,11,True,-0.3974482844819621,-0.1982590542154083,-0.6985310723648729,0.004717898130617426,0.08068320392588214,-0.31155701566526867,-0.0016714478195274081,-0.2773531276472376,0,Lower-Mid,50.754847826892046,62.76542400189437,70.10027310584715,86.38579070644373,75.77213175169732,88.56284183248547,94.15516100947698,49.309925832685906,52.85942276453467
6129.0,267.0,14182.0,1211.0,1944.0,55.646,15.0,325120.0,3686.0,-1623.0,623.0,2055.0,33513.0,18454.0,17113.0,,3508.0,DEU,3686.0,1510.0,151010.0,17113.0,2810.0,3559.0,15101040.0,1808.0,4032.0,7841.0,2017.0,1404.0,DE0006483001,1878.0,112.0,2017-12-31,1660.0,8787.0,88.2,9315.0,100037,LINDE AG,11756.0,14182.0,5.394921373795244,9.899873078550275,10.565067492549524,21.539180739788467,8.204289136913458,21.539180739788467,45.567697072401096,8.90158042440057,0.8923409582337544,0.7545237282348924,0.23386821440764766,0.30476840787527026,-2.8227851878375554,0.432167536313637,0.5692427020166408,42.317906484050965,55.06519857965566,6.771535580524344,1.6326641345632122,24.089159430668698,0.5106376629964492,307.53333572943245,4.8083731385220565,75.90925027756677,68.69631274469702,,7.691990090834022,16.751708292304478,9.70022789692047,0.8839190628328009,1848.0,10.79880792380062,47.32041049030787,194.02654867256638,2.363065858130024,0.6544732075030678,6.282051282051282,93.71794871794872,0.9735662025017744,-4.762852027622266,4.585948953125585,10.065515187611673,-5.73537762634867,-0.2953852357194847,-0.05801548133815478,-0.5503847368221055,1.4462117261353595,0.43516469845615735,0.0772141148975456,10.467579745173515,0.763730659095466,0.7679253485577232,0.8884089183899395,False,False,False,False,False,False,False,False,False,False,False,False,False,False,False,False,False,False,False,False,False,False,False,False,False,False,False,False,False,False,False,False,False,False,False,False,False,False,False,False,False,False,False,False,False,False,False,False,False,False,False,False,False,False,4,True,-0.4549659461552068,-0.1460400596743168,-0.9025958732669609,0.04450797894054553,0.3889683180956867,-0.23859643787488974,-0.0296571597395134,-0.2579455936817439,0,Lower-Mid,45.048250023288915,60.86747973180287,63.22787032298254,80.34104997222839,70.56197601806538,93.50312848730144,93.00086206187228,51.24273951168753,48.81119735560878
3397.504,148.024,4781.247,119.667,497.345,10.972,50.0,517.0,1295.975,-101.754,17.99,132.847,11935.709,6390.975,6329.186,,954.121,DEU,1295.975,5010.0,501010.0,6329.186,7370.0,1292.487,50101020.0,640.725,1255.137,1989.27,2024.0,-47.583,DE0005089031,655.25,6.535,2024-12-31,774.598,1881.568,69.1,3684.958,225236,UNITED INTERNET AG,2759.136,4781.247,5.368135231849235,-0.9952006244396074,10.123339715407322,20.476171817355343,-0.7518028384692755,20.476171817355343,41.77832662841635,7.834020133392006,1.0572405568121908,0.9936409420228236,0.07060441078929915,0.08016558529906972,0.9023510878155625,0.7105895177555144,0.8146094523039701,40.05834089956449,53.54499678234448,4.328521050640437,2.902835317039295,32.631903140399956,0.5302731492532199,576.8488880787459,4.896904959198816,74.53687646405083,43.59385235320941,58.76572394198808,30.793435115779623,11.941762320110183,12.238509027859191,1.182141167493323,179.52300000000002,2.836431098722648,81.18446192883292,148.91271606383393,2.4963590042514014,0.10325182416822638,,,1.866505204390112,6.13645696557934,0.09122422915526229,486.5422942464148,-2.9194427315977767,-0.5468603182232925,-0.0728668106173555,0.9960844831622925,-0.778187920511514,2.039358137012388,0.4132467835297932,7.993835975726284,4.339954980035436,0.7909672587684747,0.4524402035389427,False,False,False,False,False,False,False,False,False,False,False,False,False,False,False,False,False,False,False,False,False,False,False,False,False,False,False,True,False,False,False,False,False,False,False,False,False,False,False,False,False,False,False,True,False,False,False,False,False,False,False,False,False,False,11,True,-0.37530302912426433,-0.1334351309092502,-0.6245046359416541,-0.01026075173495353,0.1291678319879179,-0.24243619263461966,0.05099472243894956,-0.3004771575287828,0,Lower-Mid,52.237009629375095,63.67824250399649,72.2157505523797,85.23217232814993,76.15629319280606,91.21318953048949,93.98024677104733,50.133142615373814,53.57711356428524
137061.0,14474.0,182294.0,56720.0,117020.0,679.472,25.0,336110.0,45843.0,11140.0,27326.0,67622.0,632905.0,436174.0,324656.0,2069.0,17151.0,DEU,45843.0,2510.0,251020.0,324656.0,3711.0,111640.0,25102010.0,33403.0,31349.0,245231.0,2024.0,11351.0,DE0007664039,12440.0,17963.0,2024-12-31,17202.0,217039.0,3170.532,189658.0,100737,VOLKSWAGEN AG,144645.0,182294.0,5.277727305045781,6.2267545832556195,10.288736385589669,14.120484451234539,3.496316100734316,14.120484451234539,41.581858952244836,10.459519969939409,1.1298937057395215,0.8685581853952515,0.3115661240606527,0.437469763498726,4.4543809892479915,0.7518678618056546,1.393797930815057,28.802742907703365,68.91618805349934,2.307793284510156,4.067338524965644,40.14520346655501,0.5129616609127752,477.80629665387244,2.908061626657112,125.5131585431965,44.553311813119116,11.51589103291714,3.343758815232722,28.323682069188898,5.298531368587058,1.382797427652733,-51.0,-0.015708934995810952,100.29735875459156,51.34568751309763,3.471891559788035,5.532933320191217,27.931741696766803,72.0682583032332,0.735996822678131,5.424777375411849,-0.6656189466759277,-101.08441420369975,17.39575513546714,0.42298112486831807,-0.029085346462473488,-0.1597886534865612,0.6665555175325564,1.798038321810791,0.1461485333306627,2.7098853698422354,1.983443747234279,0.6087469152289839,-0.05496050692312293,True,True,False,False,False,False,False,False,False,False,False,False,False,False,False,False,False,False,False,False,False,False,False,False,False,False,False,False,False,False,False,False,False,False,False,False,False,False,False,False,False,False,False,False,False,False,False,False,False,False,False,False,False,False,11,True,-0.061362611374672735,-0.16977726605706467,-0.6797058803852121,-0.06837161957066513,0.02925744620161157,-0.427316437866174,0.19391095410339307,-0.24984142749314042,0,Lower-Mid,53.71979055857866,63.9862182906786,80.11121549600018,84.63300598528082,74.73657830174322,85.44661014584884,98.55217450641936,50.79158773236229,53.958947225356745
5832.0,286.0,13532.0,883.0,1125.0,74.607,50.0,515120.0,2462.0,-1629.0,208.0,2450.0,32951.0,17301.0,18988.0,133.0,2172.0,DEU,2462.0,5020.0,502010.0,18988.0,4833.0,5548.0,50201020.0,1681.0,479.0,12565.0,2024.0,784.0,DE0005229900,781.0,84.1,2024-12-31,396.0,9357.0,220.0,13852.0,103255,BERTELSMANN SE & CO KGAA,2915.0,13532.0,5.101514369821857,5.793674253621046,8.852959764061513,12.966083842426796,4.128923530650938,12.966083842426796,27.048662313039816,8.681057632720513,1.3428449289302127,1.248477075985893,0.26183605856577963,0.2840654055787111,9.73566811325908,0.4309784215193615,0.5141146911025717,41.067038936602835,52.50523504597736,5.8776223776223775,1.830625507717303,21.11316803738885,0.5762495827137264,254.50694975002347,3.4224945926459984,106.64735622498421,15.351801137560564,5.918952618453865,15.687429218573046,24.27240447937847,2.085527701706341,0.5070422535211268,1776.0,9.353275753107225,18.23204419889503,129.2088042831648,2.435042861365652,0.4429113124078365,28.061224489795915,71.93877551020408,-5.855520848827411,1.0085218564159115,-7.22599418040738,20.48846675712348,-10.204081632653061,-0.12080893838745095,0.0006866197300966331,0.02415900386240769,0.04408664795454003,1.3599723118676057,0.12457961648497791,6.5916057175806495,1.5427911953834248,0.0868021911186794,-0.6956676548323845,False,False,False,False,False,False,False,False,False,False,False,False,False,False,False,False,False,False,False,False,False,False,False,False,False,False,False,False,False,False,False,False,False,False,False,False,False,False,False,False,False,False,False,False,False,False,False,False,False,False,False,False,False,False,11,True,-0.4353462227339901,0.06652861790886934,0.033023170014341366,-0.10224553151442048,-0.25102130881236556,-0.3187475489422953,-0.0799305848721987,-0.21384590945127305,0,Lower-Mid,62.05304641168459,72.09455674189701,92.02646775157181,83.21415007709942,77.64738775191924,89.83288389133043,93.52844582688518,50.85673265665141,59.20865308355107
826.439,34.029,647.914,14.707,53.553,8.815,35.0,513210.0,207.697,18.813,0.079,107.407,1965.666,1317.356,1185.711,,128.882,DEU,207.697,3510.0,351030.0,1185.711,7372.0,243.967,35103010.0,97.916,12.012,394.6,2024.0,34.6,DE000A288904,109.781,19.739,2024-12-31,24.805,331.249,2.587,784.283,210334,COMPUGROUP MEDICAL SE & CO,166.775,647.914,4.981314221235958,5.3402149050645615,8.257998787225555,17.516662997981804,2.91808037540345,17.516662997981804,33.8554673103311,6.641286042080831,1.1912488792418996,1.146850254642278,0.3242485260332861,0.3244870173192975,3.2228771317202414,1.2755381115394944,1.3581925996351367,32.96155094507409,67.01830321122713,2.877428076052778,3.719769664463136,44.76813456609617,0.6032108201495066,134.5106069200227,4.86012862395324,75.10089305066748,14.06540042219394,18.71653170431406,53.32719113347385,17.8755699086213,2.09199374889834,0.22594984560169792,104.077,8.777602636730197,19.24628730156267,131.6250663834307,3.033837824155675,1.664739552892737,7.476878612716763,92.52312138728324,-3.4281586118934393,3.4592090394290675,-4.174366778997718,-35.176730715331196,30.738417751541668,-0.41721603985407274,-0.08442639433084351,-0.021828022100526076,0.3129744991489905,3.6163252930064598,0.39576297979062464,6.5566581504691035,2.908911442206919,0.146413020556825,0.22650180346359378,False,False,False,False,False,False,False,False,False,False,False,False,False,False,False,False,False,False,False,False,False,False,False,False,False,False,False,False,False,False,False,False,False,False,False,False,False,False,False,False,False,False,False,False,False,False,False,False,False,False,False,False,False,False,11,True,-0.0019625306774244938,-0.05200647638418973,-0.35155605395896783,0.0808542025741295,-0.2056263243913812,-0.30992519730127294,0.09675950227359259,-0.4020017820511619,0,Lower-Mid,60.805737218741164,71.9398469916043,78.96491101453253,87.66981877908965,79.18629176604324,90.00786174352777,98.03518895588964,49.84411853085037,59.35518992863278
73487.0,249.0,92625.0,26234.0,39311.0,163.132,25.0,336110.0,17353.0,-10752.0,7230.0,21741.0,265010.0,171380.0,145594.0,272.0,17735.0,DEU,17353.0,2510.0,251020.0,145594.0,3711.0,49973.0,25102010.0,12586.0,11167.0,101767.0,2024.0,10207.0,DE0007100000,4767.0,7585.0,2024-12-31,4039.0,74826.0,4140.0,89497.0,17828,MERCEDES BENZ GROUP AG,71757.0,92625.0,4.749254745103959,11.019703103913631,8.64458700221163,11.918760388477548,7.010591095786914,11.918760388477548,38.52974710496312,7.576815642458101,1.3600486461924999,1.0094485873894101,0.2905540854783097,0.3871782535482319,10.166031470510546,0.7933819163292848,1.217792172739541,34.9515112637259,64.66925776385797,50.54618473895582,5.247334754797441,42.56367684238331,0.5493905890343761,892.4919696932545,2.913453264762972,125.28088382763026,49.285684849650394,5.404179503359193,3.4114889075245864,27.06086562771216,2.7741527810211957,0.8472834067547724,13696.0,9.406981056911686,22.7741753594587,140.91053551565233,2.86110661268556,5.209692707117052,40.56039972567845,59.43960027432155,-4.9759166677544435,0.7558303107724873,-1.760851760851767,27.70163170163171,7.8504672897196315,0.3217632319941527,-0.08301194676700893,-0.13907701533467834,1.7978061353709127,3.0798127165712437,0.47833504736836124,6.692200294328515,3.73365028935714,0.12006513144456506,-0.46502827748152836,True,True,False,False,False,False,False,False,False,False,False,False,False,False,False,False,False,False,False,True,False,False,False,False,False,False,False,False,False,False,False,False,True,False,False,False,False,False,False,False,False,False,False,False,False,False,False,False,False,False,False,False,False,False,11,True,-0.2090633369849358,-0.02343042753617936,-0.2590947694808036,-0.24729018988925566,0.12384257223784702,-0.2889504505794179,0.039818693226198174,-0.05762154944968747,0,Lower-Mid,62.95071627309802,70.20047249644735,92.23977968978954,94.97615112069917,76.92958600087131,90.51732660179105,96.71331507623403,52.209630752552876,60.25743402072929
1463.508,60.581,2178.635,357.179,241.787,5.447,55.0,22111.0,575.97,-329.445,17.723,796.631,7876.016,5361.493,6361.422,,498.004,DEU,575.97,5510.0,551030.0,6361.422,4931.0,665.709,55103010.0,372.627,585.169,3662.918,2024.0,183.012,DE000A0H52F5,203.343,0.304,2024-09-30,412.129,3051.368,82.383,5106.223,244394,MVV ENERGIE AG,2819.963,2178.635,4.731161033700287,8.400305695997723,5.857605422183909,9.054107713652703,2.8769039375158574,9.054107713652703,19.73142168527728,10.230982144303505,1.2004183041835663,1.0833629375414568,0.2610733939662473,0.26688160851132997,7.7647125145505065,0.6717545619160621,0.7827355201766243,27.661637558887648,68.0736682099173,6.150888892557072,1.5776238345747176,21.651746263593168,0.807695413518713,1167.8762621626583,9.555859992879771,38.19645749016494,44.329129556253314,10.402129016433648,14.295977647062118,18.567001387503527,6.478567213431212,2.0267675799019393,85.875,1.3499340241851587,82.75616260110361,133.64678351273525,3.61511496877632,0.004778805745004812,45.0150809782965,54.9849190217035,-4.278055232457534,-17.55867834980779,2.080209895052465,-109.19012400112582,28.519217276058306,0.4304629757397033,-0.04539001981402237,-0.14181184346800718,-0.02853103350258227,3.948103928022732,0.22085311763604165,6.323044544348311,4.467484801843641,0.13076368167196753,0.16525281237886663,False,False,False,False,False,False,False,False,False,False,False,False,False,False,False,False,False,False,False,False,False,False,False,False,False,False,False,False,False,False,False,False,False,False,False,False,False,False,False,False,False,False,False,False,False,False,False,False,False,False,False,False,False,False,11,True,0.2658854860008971,-0.09474728315513298,-0.06658408237343671,0.22918575148860296,-0.23611636346074502,-0.5732295552958694,-0.18936034876573682,-0.04401413365327803,0,Lower-Mid,68.51429070787911,76.7414564303915,86.69913281803575,82.23249849475287,94.55693455809919,90.27744891132836,97.44906158296422,49.23069306588556,65.16079760242012
9760.642,409.193,14576.563,2067.922,1243.582,111.513,35.0,621492.0,3022.214,-2569.3,163.093,1343.28,33566.579,17798.066,19335.909,,2386.144,DEU,3022.214,3510.0,351020.0,19335.909,8090.0,3876.019,35102015.0,1539.374,3142.819,7922.744,2024.0,537.913,DE0005785802,1482.84,183.493,2024-12-31,699.358,5660.06,422.515,13096.417,212782,FRESENIUS MEDICAL CARE AG,7258.582,14576.563,4.5860318383949705,3.6902594939561544,7.9612186838487915,15.630059078163846,2.7819379993979076,15.630059078163846,32.26893548164713,6.325188122465172,1.3997632533930735,1.03440988258075,0.23732610608368107,0.2661408182952124,6.740883543717695,0.6696120340576855,0.7549258353975488,43.425822452743844,53.02317522438018,3.761975400361199,3.1966445791065756,32.78327529296328,0.5760464597837033,173.3960076403648,4.988600159080748,73.16681801719278,37.539388502500714,8.545563145361882,6.333129102548355,15.549094234476502,3.6168871088501704,0.4716341614739284,1686.7859999999998,8.723592979259468,29.30912803250768,155.00742509617544,2.3027773419563995,0.9489752977219742,78.54708846969677,21.452911530303226,-0.6050699980368668,-1.0705306673117643,-6.952313404814547,-13.240321879637184,2.1563082460312355,-0.6851539358300058,0.002466702715357161,-0.23648107977793162,0.47027849379236697,2.5187053051457546,0.1616243129603466,7.108689866786841,1.8884406427325797,0.8139810324935125,0.1963698941668408,False,False,False,False,False,False,False,False,False,False,False,False,False,False,False,False,False,False,False,False,False,False,False,False,False,False,False,False,False,False,False,False,False,False,False,False,False,False,False,False,False,False,False,False,False,False,False,False,False,False,False,False,False,False,11,True,-0.399138528812887,0.03947651934988279,-0.09426978252649876,-0.1915665603892362,0.04478570529366448,-0.2716364461265139,-0.12880856114129238,-0.21744633703428437,0,Lower-Mid,62.771817647205964,75.36097042103574,90.52131780422235,77.73158288137553,80.07481118931732,91.3959593627892,92.5612447174245,50.60113673159226,59.96530110962468
4166.7,199.5,2764.8,788.5,393.1,12.826,35.0,334516.0,768.8,-128.3,15.3,828.7,10103.0,6205.2,3380.7,15.9,976.2,DEU,768.8,3520.0,352030.0,3380.7,3826.0,391.2,35203010.0,434.7,886.5,2113.7,2024.0,84.0,DE0007165631,334.1,216.1,2024-12-31,409.9,1444.6,50.746,1522.2,208821,SARTORIUS AG,1622.2,2764.8,4.3026823715728,3.038194444444444,12.85828378738131,22.740852486171505,2.4846925193007365,22.740852486171505,54.973821989528794,6.2713698333694,1.4631731967326596,0.9173473625917208,0.5736536065346809,0.5842447736397619,6.622785311293675,1.5070529513888886,1.6492332175925926,27.3661288726121,61.41938038206474,2.1789473684210527,4.853147762747139,45.1331287736316,0.3346233791942987,263.58178699516606,8.641871165644172,42.23622326737066,47.98414529535304,5.052607980869825,1.9305009511731135,12.074631297634367,12.124707900730618,1.226878180185573,566.3000000000001,16.750968734285802,41.98934644540053,224.56866804692893,3.654152199074074,6.392167302629632,60.411904761904765,39.588095238095235,-0.4417351356126864,3.5642163746886446,-12.234843300944299,92.68458659407966,-26.76433803823478,0.2536720501323209,0.11240636595759079,0.2946165627775791,1.3110071000045926,4.696320998152635,0.5126758031717229,9.66247649213105,2.0642773834259933,0.03209389115285712,0.022778873856991098,False,False,False,False,False,False,False,False,False,False,False,False,False,False,False,False,False,False,False,False,False,False,False,False,False,False,False,False,False,False,False,False,False,False,False,False,False,False,False,False,False,False,False,False,False,False,False,False,False,False,False,False,False,False,11,True,-0.038497813235913385,-0.16351414425180205,-0.7902273297058802,-0.4268459391591963,0.357847167637401,-0.10724314580569617,0.2286858105502886,-0.37026796222756364,0,Lower-Mid,44.522225885421754,55.226268846248686,91.32595481539478,77.35012920420603,62.334986414287016,93.99643974495734,97.15054232776339,51.86900094584457,45.939405005982096
672.4,57.5,2851.3,825.1,42.5,35.528,25.0,336350.0,796.1,234.4,0.0,1063.6,7583.1,4731.8,9233.2,,629.0,DEU,796.1,2510.0,251010.0,9233.2,3714.0,1828.1,25101010.0,325.4,403.2,3815.2,2023.0,-96.4,DE000VTSC017,470.7,1020.2,2023-12-31,499.8,3143.8,10.005,7350.2,350278,VITESCO TECHNOLOGIES GROUP,1842.7,2851.3,4.2911210454827176,-3.3809139690667416,3.5242386171641464,8.622146168175714,-1.044058397955205,8.622146168175714,20.393796300307592,9.23461134602832,1.2135632037661428,0.9511101215090018,0.3383166868121381,0.3383166868121381,8.853898801281792,0.23582225651457228,0.2507277382246694,37.60071738471074,62.399282615289266,5.659130434782608,-0.4380103002135409,9.42754282549353,1.2176022998509846,259.8851609997749,5.050708385755703,72.26709049950179,19.957327903652036,13.75215966636879,8.908253545024845,38.13348103018554,5.4130745570333145,1.0618228170809434,129.2,1.3992981848113328,79.45945945945945,193.30055316533497,2.65952372601971,11.049257028982368,,,1.7993384785005562,-0.27092073595749167,-6.610940251820308,-11.202749140893475,11.91222570532915,0.7667813728400232,-0.011081557756935747,-0.43634804352195666,0.3998975218116258,1.8326080543522392,0.0980835005480291,8.2947607179122,3.2373747807147866,0.6127339875537323,0.08642542817070153,False,False,False,False,False,False,False,False,False,False,False,False,False,False,False,False,False,False,False,False,False,False,False,False,False,False,False,False,False,False,False,False,False,False,False,False,False,False,False,False,False,False,False,False,False,False,False,False,False,False,False,False,False,False,6,True,0.0869390151027087,-0.021962984086536932,0.609957850938074,0.6736707295933065,-0.26477741998319526,-0.33500030787665447,-0.06470188082798525,0.14061985462071802,0,Lower-Mid,59.573172836083955,81.12948336719616,87.76589341173883,91.10499800692537,64.48441138896239,93.92979196550819,95.19316676541143,49.89896622302722,58.83832731690971
66770.0,562.0,92315.0,24387.0,44491.0,159.104,25.0,336111.0,17900.0,5766.0,0.0,19287.0,267732.0,172729.0,142380.0,,7566.0,DEU,17900.0,2510.0,251020.0,142380.0,3711.0,45130.0,25102010.0,11339.0,9632.0,96387.0,2024.0,7290.0,DE0005190003,6561.0,7642.0,2024-12-31,12205.0,87689.0,2677.0,78741.0,100022,BAYERISCHE MOTOREN WERKE AKT,88419.0,92315.0,4.23520535460834,7.896874830742566,7.9638994240764145,12.571990448096642,5.120101137800253,12.571990448096642,44.69658659924146,7.127636169343433,1.0991914607305364,0.8210836022762262,0.2199477699597441,0.2199477699597441,3.2487711592189203,0.7232844066511401,1.205232085793208,34.48037589828635,64.5156350380231,20.176156583629894,5.138212290502794,41.55685536282551,0.5318004571735915,894.8863636363635,3.154885885220474,115.6935665121506,62.100716392751785,16.369280294320532,3.2288104317874278,24.06025428413488,8.57213091726366,1.8602347203170249,-4639.0,-3.2581823289787892,161.31377213851442,66.72546079901225,2.9002004008016034,5.367326871751651,36.72153635116598,63.27846364883402,-8.436121364905013,6.712902068635662,2.680864795095217,-169.64419756793274,12.167999264773455,-0.32164706862213477,-0.10796044267586966,0.03249832394869877,1.0003772041760857,2.300976531313524,0.39060408703112054,2.8259602886468556,2.9111938621377833,0.21494507685424238,0.5827736771714417,True,True,False,False,False,False,False,False,False,False,False,False,False,False,False,False,False,False,False,False,False,False,False,False,False,False,False,False,False,False,False,False,True,False,False,False,False,False,False,False,False,False,False,False,False,False,False,False,False,False,False,False,False,False,11,True,-0.09171567967606283,-0.12204851846954202,-0.6029929710893754,-0.13551672109800605,0.3493636256961336,-0.44843410961783703,0.12984951339467432,-0.15456345912998015,0,Lower-Mid,56.2923154010728,68.46080725671825,77.31615169958377,96.12998920867969,73.35834557751646,86.22755037382066,97.01092205692107,50.25484498303745,56.82583836926821
2944.0,222.0,9020.0,2662.0,837.0,30.669,15.0,325.0,1870.0,-1330.0,157.0,618.0,19750.0,10650.0,15157.0,,1713.0,DEU,1870.0,1510.0,151010.0,15157.0,2800.0,2056.0,15101050.0,834.0,2624.0,5508.0,2024.0,222.0,DE000EVNK013,1036.0,461.0,2024-12-31,840.0,4059.0,545.22,10212.0,295421,EVONIK INDUSTRIES AG,6461.0,9020.0,4.222784810126582,2.46119733924612,5.502408128257571,12.33753381275978,1.4646697895361878,12.33753381275978,32.62518968133536,6.970912738214643,1.3569844789356984,0.7011579206701158,0.15225424981522542,0.19093372751909338,7.336708860759495,0.3263858093126386,0.41917960088691797,45.67088607594937,53.92405063291139,3.7567567567567566,1.6914438502673796,19.144303797468353,0.7674430379746835,494.21239688284584,7.372081712062257,49.511116975654815,42.62716896483473,10.46031746031746,3.836213373403456,13.539240506329115,5.541993798245035,0.8108108108108109,873.0,5.7597149831760905,49.036777583187394,205.3956834532374,2.1895787139689578,3.0414989773701917,245.59459459459464,-145.59459459459464,-0.7205082858452894,-0.9528585757271779,-4.9288570631451645,8.98876404494382,5.9268600252206705,-0.5681103448253229,0.01769660600533515,-0.2812362605535861,0.18636498081170066,2.4082166509832375,0.1270454139143703,8.673417721518987,1.4060616756414321,0.6121628501700321,-0.054724814041009096,False,False,False,False,False,False,False,False,False,False,False,False,False,False,False,False,False,False,False,False,False,False,False,False,False,False,False,False,False,False,False,False,False,False,False,False,False,False,True,True,False,False,False,False,False,False,False,False,False,False,False,False,False,False,11,True,-0.34780525743767277,0.027917218515618354,0.16490745717883676,0.015012376425535502,0.17035633325183,-0.23648005924014667,-0.10526751469606059,-0.05714111316109253,0,Lower-Mid,66.30933701042015,80.36961903416724,90.73586942043177,73.06772191346103,94.98085466741215,94.63633673422088,91.74141878528714,50.143755819369446,64.15155900245944
5433.9,296.7,6189.4,1748.6,3185.2,42.719,20.0,333924.0,1881.7,-224.7,0.0,787.0,18805.4,12598.3,11503.2,,1170.6,DEU,1881.7,2010.0,201060.0,11503.2,3537.0,2884.9,20106010.0,771.0,2062.9,5569.0,2024.0,360.3,DE000KGX8881,1110.7,375.8,2024-12-31,462.9,5510.2,107.5,7299.0,297185,KION GROUP AG,4204.4,6189.4,4.0998862028991665,5.821242769896921,6.702482787398288,16.35805688851798,3.1321719173795115,16.35805688851798,36.548090965992074,6.633228084967264,1.0106711190156437,0.6933323654313819,0.14282603172298647,0.14282603172298647,0.3126761462133227,0.8779364720328303,1.3925582447410088,32.91288672402607,66.99299137481786,2.5985844287158746,4.162246904394961,45.833111765769395,0.6116966403267147,269.2759661977106,3.987382578252279,91.53874574031573,36.54982961262952,195.6326530612239,4.174196500057189,19.52577451157646,4.0240976423951595,0.4167642027550193,707.6999999999999,6.152201126643019,39.54382368016402,151.82879377431905,3.0383235854848616,3.2669170317824605,29.83624757146822,70.16375242853178,0.6078522263134323,8.149110901520551,0.9308919078558686,0.9269823160296564,4.539295392953924,-0.21706214395776283,-0.016866020357349208,-0.22351805946635564,-0.3274421490359033,1.8432564957069506,0.24983558455479307,6.224807767981536,3.32442837821426,0.15254195766071404,0.4892741503059048,False,False,False,False,False,False,False,False,False,False,False,False,False,False,False,False,False,False,False,False,False,False,False,False,False,False,False,True,False,False,False,False,False,False,False,False,False,False,False,False,False,False,False,False,False,False,False,False,False,False,False,False,False,False,11,True,0.103150199873384,-0.05200436258640031,-0.48662459729053065,0.1701597478981491,0.11439398313987738,-0.4548052879701482,0.04887866537487879,-0.3426509255228284,0,Lower-Mid,61.29031469043302,77.15019636475144,70.40199844136549,92.51534571613271,83.03823354883464,91.33411952338739,98.06975713049042,49.70193059195621,61.653434753061966
10805.0,547.0,19542.0,2573.0,2772.0,176.486,35.0,6214.0,2921.0,-2183.0,8.0,2290.0,43550.0,23260.0,21833.0,,2447.0,DEU,2921.0,3510.0,351020.0,21833.0,8090.0,5513.0,35102015.0,1785.0,2919.0,11446.0,2024.0,1042.0,DE0005785604,1136.0,641.0,2024-12-31,923.0,9009.0,563.237,15319.0,202305,FRESENIUS SE & CO KGAA,9890.0,19542.0,4.09873708381171,5.332105209292806,8.17569733889067,13.378830211148262,4.772591947968671,13.378830211148262,29.835570008702422,5.881965268395558,1.2705072705072704,0.9849039849039849,0.2541902541902542,0.2550782550782551,5.595866819747417,0.552911677412752,0.6947600040937468,44.87256027554535,53.40987370838117,3.263254113345521,3.864087641218761,31.175660160734786,0.5013318025258324,123.70952936776855,3.9602757119535643,92.16530023359135,45.29840150231301,8.958965941731638,5.953750485814225,17.917336394948336,4.227545458709294,0.8125,1524.0,6.980259240599093,37.71965672251737,137.08683473389357,2.228533415208269,2.935922685842532,54.053454894433784,45.946545105566216,-2.0897798107538446,-3.8291670347142426,-8.964485595646465,-54.12402167369055,-18.606701940035276,-0.8000602505664848,-0.05429001725900349,-0.10331682891980257,0.43837682591134286,2.9975055969396336,0.30308138292904646,5.618828932261768,1.4614247120074504,0.7836426553184878,-0.10907964411568895,False,False,False,False,False,False,False,False,False,False,False,False,False,False,False,False,False,False,False,False,False,False,False,False,False,False,False,False,False,False,False,False,False,False,False,False,False,False,False,False,False,False,False,False,False,False,False,False,False,False,False,False,False,False,11,True,-0.417668590895275,0.07752591516297559,-0.19168140118646076,-0.2382108750064289,0.10344696802328619,-0.39451717897783156,-0.250671728818412,-0.20723350934176332,0,Lower-Mid,59.16630862247566,78.8160451563495,85.31850950923832,74.7567612981804,73.85436256058865,90.4174253099359,92.02272028287246,50.48700224688351,57.98356299416651
1403.823,59.252,761.385,37.978,103.051,6.549,20.0,541614.0,309.174,146.229,20.0,250.786,3283.977,2460.212,1607.62,,195.947,DEU,309.174,2030.0,203050.0,1607.62,4731.0,342.308,20305030.0,134.417,19.623,655.799,2024.0,32.522,DE000A0S8488,174.757,5.146,2024-12-31,244.716,520.437,15.659,1205.899,287162,HAMBURGER HAFEN UND LOGISTIK,1894.585,761.385,4.093116364700484,4.2714264137066005,8.361242084572226,19.231783630459933,2.0229905077070454,19.231783630459933,24.988554509150173,6.208040982667716,1.2600929603390996,1.187119670584528,0.4818758082150193,0.5203050513318614,4.121892449307653,1.8437754880907822,1.9791222574650145,23.184845691672017,74.91562821542294,2.2685647741848376,4.0627219623901105,45.885644144279944,0.4895344882135289,245.47564513666205,4.6964137560325785,77.71887635137658,117.85030044413483,11.876449816048819,31.752567275791243,18.06023611005802,15.222254015252362,1.4003215894070051,-48.769000000000005,-3.0336149089959075,124.88887301157968,145.77545994926237,4.313162197836837,0.32010052126746374,48.148945329315545,51.851054670684455,9.598996468551002,9.09599185694372,1.3777089783281848,43.240226745381285,-5.303728010773079,-0.3414374050639267,0.11896882947712337,0.6026365660125278,-1.015141000523657,2.5671435498962256,0.5012200989362704,5.966759206900658,2.5549524225864833,0.1945873352782075,0.5593401818185055,False,False,False,False,False,False,False,False,False,False,False,False,False,False,False,False,False,False,False,False,False,False,False,False,False,False,False,False,False,False,False,False,False,False,False,False,False,False,False,False,False,False,False,False,False,False,False,False,False,False,False,False,False,False,11,True,0.49550439691851317,-0.1721909726915632,-0.887444176190467,-0.37623939553266467,0.25094190433206415,-0.6356282647118106,-0.5596421246783001,0.012011621739275677,0,Lower-Mid,46.354754587778956,79.07013886920022,82.046288193512,68.22646742862189,56.0635710617464,90.83118012550291,92.24687798228216,51.252349915935106,49.58811201107578
1328.0,100.0,872.0,719.0,48.0,8.986,20.0,334511.0,298.0,367.0,1.0,734.0,4696.0,3810.0,2240.0,4.0,311.0,DEU,298.0,2010.0,201010.0,2240.0,3812.0,860.0,20101010.0,184.0,290.0,2407.0,2024.0,108.0,DE000HAG0005,114.0,80.0,2024-12-31,199.0,1883.0,57.75,1618.0,340115,HENSOLDT AG,451.0,872.0,3.9182282793867125,12.385321100917432,8.214285714285714,13.303571428571429,4.821428571428572,13.303571428571429,27.767857142857146,8.363636363636363,1.2782793414763676,0.8964418481147106,0.3898035050451407,0.3903345724907063,11.158432708688245,1.5229357798165137,1.5779816513761469,18.56899488926746,81.1328790459966,1.84,2.1543624161073827,29.3015332197615,0.47700170357751276,249.27665257066545,2.604651162790698,140.13392857142856,20.133928571428573,4.2748091603053435,2.2503477051460363,33.94378194207837,8.883928571428571,1.7456140350877194,112.0,5.0,63.9871382636656,169.02173913043478,5.385321100917431,3.571428571428571,53.47222222222222,46.52777777777778,21.277747698971304,31.910112359550567,30.099898653539903,-49.54954954954955,342.22222222222223,0.9894429023506705,0.29635478218950073,0.39134878118786237,0.8893397521947942,2.4976082546314156,4.115527831311952,6.622657580919931,2.559832346577172,0.7323852915410274,-0.23781128686064526,False,False,False,False,False,False,False,False,False,False,False,False,False,False,False,False,False,False,False,False,False,False,False,False,False,False,False,False,False,False,False,False,False,False,False,False,False,False,False,False,False,False,False,False,True,False,False,False,False,False,True,False,False,False,7,True,0.5792751849597819,-0.01549604223277001,-0.31986315117653275,-0.15812011661752104,-0.2952785602431779,-0.4920611958332556,0.014916486457865984,-0.27507681651240695,0,Lower-Mid,51.623579422715814,80.28111658550664,88.49165101537868,62.070854896847415,71.4378560145992,92.41671262451574,84.79229415753873,51.39390034195189,53.62841897806228
1040.789,63.226,3200.43,1118.106,162.522,38.485,25.0,3363.0,775.765,-234.472,106.088,1401.52,7483.219,4235.918,8024.792,,854.141,DEU,775.765,2510.0,251010.0,8024.792,3714.0,1241.512,25101010.0,287.77,641.572,3890.616,2024.0,353.104,DE000A13SX22,487.995,905.935,2024-12-31,455.751,2621.545,106.0,5780.268,318659,HELLA GMBH & CO. KGAA,2323.492,3200.43,3.84553759551872,11.03301743828173,3.5860119489701416,9.667104144256946,4.400163892098387,9.667104144256946,27.969871368628624,6.78507759207907,1.4840927773507606,1.0575862706915198,0.534616037489343,0.5750837769330681,16.958891621373102,0.3252028633652353,0.37598416462787815,42.76809218065113,56.60555971968747,4.551450352703002,-0.2555013438347954,16.080125411270203,1.0723716625158237,208.5173963882032,6.463724877407548,56.46898760740465,28.953921796353104,6.323359370752307,5.169695896453467,35.319452764913066,5.6792873883834,0.9339255525159069,398.39,4.964490045349462,53.357817971505874,296.8137748896688,2.3381917429845367,11.289202262189473,30.019484344555714,69.9805156554443,0.8882291626462369,5.969927116121965,1.8849442723638532,10.262350163709378,-1.8588105077059214,-0.5474795014026841,-0.03524262037644669,-0.20897004907270572,0.26485004657699396,3.509538064600949,0.1973324026154787,11.414085302060517,2.3771550164837705,0.31635824974518734,0.42463871299940875,False,False,False,False,False,False,False,False,False,False,False,False,False,False,False,False,False,False,False,False,False,False,False,False,False,False,False,False,False,False,False,False,False,False,False,False,False,False,False,False,False,False,False,False,False,False,False,False,False,False,False,False,False,False,12,True,-0.1599539635832918,0.05125680240188912,0.8490016292977387,0.2184271130315281,0.007972406174294327,-0.09560371750163174,-0.05640878495767227,0.3289769837422433,0,Lower-Mid,62.3240632383262,86.35445319379971,78.0413362265259,79.25680640341233,75.24667719716298,99.07311955335608,92.81923025016093,51.08972313793142,61.41319815400611
5512.0,275.0,3814.0,3570.0,1099.0,115.055,25.0,3363.0,1846.0,1188.0,0.0,1281.0,21370.0,17401.0,18188.0,1242.0,1390.0,DEU,1846.0,2510.0,251010.0,18188.0,3714.0,4609.0,25101010.0,770.0,2075.0,9801.0,2024.0,-632.0,DE000SHA0100,1076.0,987.0,2024-12-31,895.0,7673.0,181.0,13280.0,320124,SCHAEFFLER AG,7224.0,3814.0,3.603182030884417,-16.570529627687467,4.2335605893996044,10.149549153287882,-3.4748185616890255,10.149549153287882,26.98482515944579,8.256487239974266,1.2773361136452497,0.8120682914114428,0.1669490420956601,0.1669490420956601,9.9578848853533,1.4452018877818562,1.733350812794966,17.847449695835284,81.42723444080487,2.8,2.887323943661972,30.935891436593355,0.8510996724379972,158.08091782191124,3.946192232588414,92.49422696283264,39.718495711458104,8.546992481203008,3.719887955182073,27.562002807674308,4.920826918847592,0.8317843866171004,495.0,2.7215746646140313,64.38848920863309,180.5194805194805,5.6030414263240695,5.426654937321311,,,11.49390057009747,42.40970278555245,38.01852162855979,1.642710472279263,3.948896631823451,-0.8422117865832994,-1.5961540276393669,-0.37024646473381495,0.04125017188131884,2.91794344941175,9.870028829367342,6.504445484323819,3.192472882427832,0.9163925996279358,0.06587635249346642,False,False,False,False,False,False,False,False,False,False,False,False,False,False,False,False,False,False,False,False,False,False,False,False,False,False,False,False,False,False,False,False,False,False,False,False,False,False,False,False,False,False,True,False,False,False,True,False,False,False,True,False,False,False,11,True,0.8665658681564207,-0.08685726562818252,-0.05617913343813338,0.18669990421767688,-0.15694190212415707,-0.479463675149072,0.04059553392214938,-0.02729872167809578,0,Lower-Mid,57.27919143287489,88.6917424830514,89.71241380164062,61.12425028486954,94.00724187921145,93.15360812988489,83.35373825335833,50.98769473204548,60.863536380128906
897.252,41.779,2194.145,247.028,32.4,3.416,55.0,221122.0,312.781,55.926,0.0,53.35,5260.131,3058.171,3891.921,,437.463,DEU,312.781,5510.0,551030.0,3891.921,4931.0,720.41,55103010.0,187.878,330.158,1179.599,2024.0,303.732,DE0006553464,124.903,84.1,2024-12-31,480.477,1131.172,88.2,3164.856,248166,MAINOVA AG,1762.447,2194.145,3.571736141172149,13.842840833217496,4.827384728518385,8.036673920154083,7.804166631337071,8.036673920154083,18.681391528759182,6.077446539541832,1.0428113496444396,0.8244289993033773,0.047163472928962176,0.047163472928962176,0.9206424706913175,0.40893012995950584,0.4236967019043864,41.71274441644134,58.1386851392104,4.496948227578447,2.8016471588747396,17.673552236626804,0.7398905084303032,1139.3211358313818,5.402369484043809,67.56294642157432,45.28475783552647,80.36675821339351,12.811729844390111,14.709899810480003,12.345497249301824,3.8468011176673094,-43.01399999999995,-1.1052125672643396,109.83260298585252,232.84418612078053,2.397348853425822,2.160886616146628,29.038757852317172,70.96124214768282,-16.006285412637222,-5.475967863348242,18.528799444829968,-80.56848058835755,7.256273285547499,0.01919161260292293,-0.017819915000269092,0.3953714123804114,-0.8555199452206084,4.065889595596093,0.13949653471904083,8.316579948294063,2.2775737338710096,0.0002450780740219781,-0.7711345820673754,False,False,False,False,False,False,False,False,False,False,False,False,False,False,False,False,False,False,False,False,False,False,False,False,False,False,False,True,False,False,False,True,False,False,False,False,False,False,False,False,False,False,False,False,False,False,False,False,False,False,False,False,False,False,11,True,-0.03375002566249695,0.04851726422987973,-0.05806231708973662,0.2732647771594607,0.0350635836155912,-0.5490364183447264,-0.4483713462987257,-0.22034392784878837,0,Lower-Mid,64.72771104229194,84.60756969607213,72.0218282153532,81.70875236317477,92.3231460459788,96.21929443976435,93.25178056096341,48.59991277126588,64.83194549934551
20455.0,1083.0,35599.0,13681.0,3540.0,109.717,15.0,325.0,6675.0,-1547.0,769.0,3683.0,80415.0,43532.0,65260.0,,6946.0,DEU,6675.0,1510.0,151010.0,65260.0,2800.0,12244.0,15101020.0,2864.0,10347.0,31232.0,2024.0,1298.0,DE000BASF111,3811.0,2061.0,2024-12-31,6198.0,17039.0,2000.0,44695.0,17436,BASF SE,17773.0,35599.0,3.561524591183237,3.646169836231355,4.388599448360404,10.228317499233833,1.988967208090714,10.228317499233833,31.512411890897944,5.109358832554323,1.832971418510476,1.0300487117788604,0.21615118258113739,0.26128293913962086,17.649692221600446,0.574594791988539,0.6740357875221215,44.26910402288131,54.13417894671392,2.644506001846722,3.042996254681648,29.83896039296151,0.8115401355468507,594.8029931551173,5.329957530218882,68.48084584737971,27.2341403616304,4.598041287958853,3.2669395512023973,19.806006342100353,9.497395035243642,1.626344791393335,748.0,1.1461844927980387,89.23121220846531,242.52793296089385,2.2589117671844714,3.1581366840330984,154.08320493066256,-54.08320493066256,-5.285768192505302,3.9020608566444848,0.028262494757758105,-72.45949926362297,14.884151992585725,-0.5584299133540365,0.005569725713782512,-0.006621114546160133,-0.23165647153026336,2.549269232760668,0.06357272665148431,8.637691972890629,1.7210048065993824,0.5278355347349147,0.3474910408465332,True,True,False,False,False,False,False,False,False,False,False,False,False,False,False,False,False,False,False,False,False,False,False,False,False,False,False,False,False,False,False,False,False,False,False,False,False,False,False,False,False,False,False,False,False,False,False,False,False,False,False,False,False,False,11,True,-0.30279751154108764,0.10670943276457749,0.7641771280264188,-0.2531982772514678,0.10081027544798003,-0.1067646898367116,-0.05260141605853047,0.08365774713788246,0,Lower-Mid,64.75097876661539,86.5083061160069,75.04755370626717,76.02009776497658,94.76622274971889,97.02206535521385,92.24268830977645,50.689433586391374,65.01899591880303
215.315,45.495,493.922,494.573,202.562,11.38,20.0,3331.0,165.088,-102.032,6.498,79.442,1683.634,1181.652,2044.994,2.7,194.223,DEU,165.088,2010.0,201030.0,2044.994,3530.0,317.872,20103010.0,57.696,500.441,968.233,2024.0,9.098,DE000A40ETC9,107.392,6.924,2024-12-31,181.558,813.34,88.2,1160.816,269104,BAUER AG,497.239,493.922,3.4268730614848595,1.8419912455812864,2.8213285711351723,8.072786521623046,0.4448912808546138,8.072786521623046,43.23621487398007,8.13493937851522,1.1904406521258022,0.582364078982959,0.09767378955910196,0.10566306833550544,9.199921122999411,0.4359291548058195,0.846038443316961,29.336661055787662,70.18461257019042,1.2681833168480052,2.050027863927118,24.819943051755907,1.2146309708642138,179.7007029876977,6.4333882820758035,56.735266704938994,24.314936865340435,13.202623746715481,2.347107504857726,23.598596844682397,8.878167857705206,1.6906101013110846,12.66500000000002,0.6193172204906234,93.4791451063983,336.6316555740433,3.408704208356785,0.33858290048772766,969.4438338096285,-869.4438338096285,19.572181757266005,-0.9138039302926559,-5.434601961110186,27.235282298573548,28.863242767509867,0.05595002123465378,-0.07295234221075891,0.4150177608684703,-0.2629567905354139,2.3188685408149006,0.27613365851643706,11.535939521297385,2.970828233775301,0.006403846880110084,0.259944472374841,False,False,False,False,False,False,False,False,False,False,False,False,False,False,False,False,False,False,False,False,False,False,False,False,False,False,False,False,False,False,False,False,False,False,False,False,False,False,True,True,False,False,False,False,False,False,False,False,False,False,False,False,False,False,11,True,0.4123959852914034,-0.15335900461997343,0.42427602239142836,0.7269498138723565,0.22957176749897268,-0.11869941357311116,0.37874980618645704,0.13896062843478976,0,Lower-Mid,57.11686757339586,74.57468232608333,87.05682681579484,86.41101644959114,64.98137278656692,96.65748301082814,99.04280768355606,50.192045755079654,56.14999105751916
1496.0,89.0,3271.0,2843.0,902.0,12.398499999999999,30.0,311314.0,691.0,-118.0,155.0,781.0,9496.0,5470.0,9694.0,,906.0,DEU,691.0,3020.0,302020.0,9694.0,2060.0,1258.0,30202030.0,317.0,1304.0,5027.0,2024.0,-78.0,DE0007297004,374.0,62.0,2025-02-28,574.0,2777.0,40.826,6835.0,100764,SUEDZUCKER AG,3397.0,3271.0,3.3382476832350463,-2.3845918679302964,3.2700639570868577,7.128120486899113,-0.8046214153084381,7.128120486899113,29.492469568805447,6.6498846234529045,1.8102268635217862,0.7864602088584803,0.28123874684911776,0.33705437522506304,23.69418702611626,0.45735249159278507,0.7331091409354937,34.44608256107835,57.60320134793597,3.561797752808989,2.340086830680174,25.25273799494524,1.0208508845829822,781.8687744485221,7.705882352941177,47.36641221374046,35.04229420259954,4.3084444444444445,2.4041505451987337,21.472198820556024,5.921188363936455,1.53475935828877,332.0,3.424798844646173,63.35540838852097,285.80441640378547,2.9030877407520634,0.6395708685785022,,,-5.782874914957725,-7.6084841408834425,-24.688695863451393,-37.00189753320683,5.128205128205132,0.06756510498531743,0.046874774779763956,-0.03811678864617835,-0.07015883193232045,2.829981862401547,0.19175827820793553,9.540859309182814,2.6371955641273246,0.007410046954755941,-0.3620852851218758,False,False,False,False,False,False,False,False,False,False,False,False,False,False,False,False,False,False,False,False,False,False,False,False,False,False,False,False,False,False,False,False,False,False,False,False,False,False,False,False,False,False,False,False,False,False,False,False,False,False,False,False,False,False,12,True,0.05467339220774183,0.038344391834456724,0.9968575221109459,-0.03873513389257842,0.06800931147395789,-0.15556285580922474,0.008717669596054673,0.411658884849346,0,Lower-Mid,58.55039418148807,89.73844827095915,62.48154607906331,99.7296895503739,79.48687383200601,99.83206715456963,97.0329386221429,51.279550323677256,63.26384735662535
2102.9,20.9,2127.6,26.5,136.2,16.12,50.0,511110.0,516.9,65.1,0.0,286.1,6851.5,4368.5,3112.1,,465.5,DEU,516.9,5020.0,502010.0,3112.1,2711.0,897.1,50201040.0,225.6,290.5,1300.6,2019.0,99.6,DE0005501357,291.3,76.1,2019-12-31,249.2,1487.6,125.2,1830.3,101059,AXEL SPRINGER SE,548.6,2127.6,3.2927096256294237,4.681331077270164,7.249124385463192,16.609363452331223,3.200411297837473,16.609363452331223,41.187622505703544,5.332702990190285,0.8742941650981446,0.8564802366227481,0.19232320516267817,0.19232320516267817,-2.7293293439392836,0.9883906749388984,1.0524064673810867,31.053054075749838,63.759760636357,10.794258373205743,3.7782936738247246,32.680434941253736,0.45422170327665473,193.05831265508684,3.469066993646193,105.21561003823786,17.627968252948172,,69.06792452830189,17.269211121652194,8.0074547733042,0.8554754548575351,216.3,6.950290800424151,53.53383458646617,206.3386524822695,3.2202951682647116,2.445294174351724,125.70281124497993,-25.702811244979927,-2.1567579463640074,5.749344034573234,-1.4067278287461793,-36.457109283196246,10.608078118064789,0.05111189900903693,0.07672026316716773,0.9818107690589879,0.10327274170328994,1.8587384975409562,0.1992840052609719,6.794132671677734,1.2081166088195963,0.002646521889421396,0.17050204325944684,False,False,False,False,False,False,False,False,False,False,False,False,False,False,False,False,False,False,False,False,False,False,False,False,False,False,False,False,True,False,False,False,False,False,False,False,False,False,False,False,False,False,False,False,False,False,False,False,False,False,False,False,False,False,6,True,0.2023313592878753,-0.015023262530350833,-0.6670005613466604,0.19042729916896053,0.18237688460561818,-0.48064955241071505,0.13428573975837482,-0.6007170478866948,0,Lower-Mid,51.43842607423971,75.29229174951196,63.148690602755906,88.13266415111613,69.6275944144045,94.61804492091376,99.48239117447383,49.002202080718526,54.89123435687056
43.0,14.0,546.0,608.0,36.0,9.722,20.0,333248.0,140.0,-31.0,0.0,171.0,2174.0,1628.0,2314.0,,113.0,DEU,140.0,2010.0,201060.0,2314.0,3555.0,297.0,20106020.0,71.0,830.0,1137.0,2024.0,5.0,DE0007314007,69.0,108.0,2025-03-31,88.0,853.0,88.2,1054.0,214759,HEIDELBERGER DRUCKMASCHINEN,650.0,546.0,3.265869365225391,0.9157509157509158,3.0682800345721692,6.050129645635264,0.216076058772688,6.050129645635264,54.451166810717375,12.054329371816639,1.3329425556858148,0.6201641266119577,0.20046893317702227,0.20046893317702227,13.063477460901565,0.07875457875457875,0.1446886446886447,25.114995400183993,74.88500459981601,5.071428571428571,-0.6571428571428571,3.633854645814168,1.0643974241030358,238.01686895700473,7.7912457912457915,46.84745030250648,28.08988764044944,8.147887323943662,1.7335526315789473,21.527138914443423,3.8029386343993083,1.2753623188405796,25.0,1.08038029386344,77.87610619469027,159.1549295774648,3.9816849816849818,4.66724286949006,1764.0,-1664.0,-4.577319587628869,2.838221381267747,-2.8577138289368476,0.0,35.384615384615394,-0.10571882277779014,-0.1697386803511185,0.04444766098970426,0.032341049634310816,1.590876007431103,0.946581864219822,5.197792088316467,2.438037162436402,0.057408384385266825,0.41406660674042967,False,False,False,False,False,False,False,False,False,False,False,False,False,False,False,False,False,False,False,False,False,False,False,False,False,False,False,False,False,False,False,False,False,False,False,False,False,False,True,True,False,False,False,False,False,False,False,False,False,False,False,False,False,False,12,True,0.38297827567724674,-0.18192073719072316,0.3273239819195804,0.39782254708348025,0.38788136209508245,-0.2508787156346903,0.7331341636244524,0.15795807318468139,0,Lower-Mid,53.36827743268311,63.14323159184085,86.1620693578732,76.24859181915387,75.77539878983721,91.81622482513656,94.68163947291514,50.0017200644163,52.967126291832386
420.969,110.808,990.652,909.369,79.594,10.006,20.0,333611.0,324.33,-37.883,2.682,1154.12,5631.15,4634.533,7298.825,13.65,429.753,DEU,324.33,2010.0,201040.0,7298.825,3510.0,1489.367,20104020.0,178.605,758.885,3602.275,2024.0,8.836,DE000A0D6554,145.725,35.272,2024-12-31,164.19,3608.714,88.2,5839.121,245628,NORDEX SE,537.27,990.652,3.171732239418236,0.8919378348804626,2.447037708124253,4.44359194801903,0.12106058166896727,4.44359194801903,19.99916424904008,12.652475416560108,0.9982157078671239,0.7462231698050884,0.31981475949604204,0.3205579605366344,-0.1143460927164052,0.4249413517562171,0.5052864174301369,17.592356801008677,82.30171456984809,1.6118421052631577,-2.015098819103999,8.889178942134377,1.2961517629613846,729.4448331001399,4.900622210643851,74.48033827362623,7.361047839892038,,6.421068895025011,46.94399900553174,2.2495401657116045,1.1267112712300567,265.563,3.638434953571294,38.205666976146766,240.6164441085076,5.68428671218551,0.4832558665264614,998.1892258940696,-898.1892258940696,12.478787400594339,3.856838885650049,1.8007935700478095,837.8218031571139,23.56075314941075,-0.9120628997596782,0.0026417477131352573,-0.17161718806648782,-0.5519504143481706,5.193389274065121,0.25334284740443513,7.6317093311312965,6.545178817911841,0.33926613573938214,-0.18087296235493386,False,False,False,False,False,False,False,False,False,False,False,False,False,False,False,False,False,False,False,False,False,False,False,False,False,False,False,False,False,False,False,False,False,False,False,False,False,False,True,True,False,False,False,True,False,False,False,False,False,False,False,False,False,False,11,True,1.080226080084821,-0.12182362381497022,0.1787454884195812,1.1736863147087004,-0.33205800016899845,-0.5862383630032337,0.08539267945115757,-0.2730192586144079,0,Lower-Mid,43.31771938268593,87.79505362455838,69.4384968042727,62.121562791190485,58.53450863080985,96.95134210978942,82.82319697206732,49.23992908755965,49.87843105172658
142.2,6.933,573.998,68.049,51.783,5.553,45.0,541512.0,108.385,-227.475,0.0,144.674,1406.896,832.529,1738.992,0.77,192.876,DEU,108.385,4510.0,451020.0,1738.992,7373.0,511.463,45102010.0,43.341,472.186,771.75,2024.0,33.453,DE0005419105,65.044,1.03,2024-12-31,22.276,620.879,33.1,1057.572,233025,CANCOM SE,178.885,573.998,3.0806115022005893,5.828069087348736,2.4923058875486492,6.2326336176359645,1.9237006265698753,6.2326336176359645,39.18476910762097,6.0515388202703715,1.2429958172204245,1.1333947516343765,0.23301480642766143,0.23301480642766143,10.72367822497185,0.2477360548294593,0.33795065488033055,40.79889345054646,59.17487859799161,6.251406317611424,0.4549430271716566,13.788012760005005,1.236048720019106,313.1626148028093,3.4000348021264486,107.3518423316496,10.286706321823216,11.526350325775,15.541330511837055,46.63720701459099,1.2809719653684433,0.3424758624930816,170.6,9.81028089835951,11.54938924490346,445.0197272790199,2.451046867759121,0.05922971468528895,98.94478821032493,1.0552117896750701,13.951338164437965,-9.14312468719224,-1.104185218165632,147.80663529138343,-13.612037539750254,-0.13984582611537466,0.007952547201984498,-0.11105880643008201,0.24443401315183136,0.9231519418954547,0.08594466595622366,13.709328905619177,5.771812763363266,0.2524325344007958,0.022867453873592656,False,False,False,False,False,False,False,False,False,False,False,False,False,False,False,False,False,False,False,False,False,False,False,False,False,False,False,False,False,False,False,False,False,False,False,False,False,False,False,False,False,False,False,False,False,False,False,False,False,False,False,False,False,False,11,True,0.0682460091504109,0.03741506736869678,0.7794064508585287,0.7206341695341885,0.2184894300546143,0.06235212764048125,0.20774635381432224,0.1627434288446188,0,Lower-Mid,55.9245596748007,79.92880460989295,87.97768194255006,83.5880100919687,62.353910907733464,89.78890827705818,93.64615961249027,51.83650067368246,56.067472437255766
1404.09,91.512,2340.398,65.037,157.269,23.538,35.0,621511.0,436.607,-825.196,44.651,265.589,4663.266,2325.035,2635.163,,363.127,DEU,436.607,3510.0,351020.0,2635.163,8071.0,435.598,35102015.0,142.529,1162.838,789.148,2023.0,92.274,DE000A2TSL71,294.078,84.1,2023-12-31,126.232,682.853,88.2,615.77,347562,SYNLAB AG,953.096,2340.398,3.0564201141431777,3.942662743687184,5.408735626600707,16.56850069616187,3.50164297237021,16.56850069616187,76.63256504436347,3.806368187052542,1.1556630782906425,1.0604200318370134,0.38894022578798076,0.4543291162226717,2.2794110393874183,0.5999364210702623,0.6671339661032012,50.18795839654011,49.85851118079046,1.5574897281230877,2.9678177399812644,33.48209173570626,0.5650895745599758,111.95356444897612,6.049529612165345,60.33526958294421,36.16838882452433,24.79103438543674,9.4679951412273,15.036392948632999,4.790291909836317,0.4292466624500983,236.895,8.98976647744371,34.76249356285817,254.7741161447846,1.9925098209791665,3.1914534319129406,95.58488848429677,4.415111515703231,-18.931057513549366,-13.340137376758786,-5.496446782029151,-49.741595488740955,-20.24312729432428,0.507736975074965,0.4475833608695324,-0.046924804180004956,1.752197078782582,5.593786398873084,4.219750721598487,7.786967331479698,5.117901303114474,0.061791265355221774,-0.91115572778417,False,False,False,False,False,False,False,False,False,False,False,False,False,False,False,False,False,False,False,False,False,False,False,False,False,False,False,False,False,False,False,False,False,False,False,False,False,False,False,False,False,False,False,False,False,False,True,False,False,False,True,False,False,False,9,True,-0.4808291027213426,-0.0453898120759529,-0.311480182023559,-0.1589249664014656,1.0185415840099543,0.16820801370684987,0.725126489829683,-0.24035055704843308,0,Lower-Mid,37.08935324601214,44.59676252548594,76.45800633594612,64.37253795700617,79.19713822538327,97.10798938425641,90.33146007142363,50.53644097346518,42.071918333010146
1212.048,74.982,1219.056,627.516,113.163,17.685,20.0,3339.0,295.497,-375.802,133.263,964.848,4978.375,3754.654,4290.936,,384.265,DEU,295.497,2010.0,201060.0,4290.936,3560.0,1221.942,20106020.0,151.456,634.568,3140.097,2024.0,61.79,DE0005565204,144.041,153.689,2024-12-31,115.432,2411.012,48.441,3243.715,222340,DUERR AG,680.643,1219.056,3.0422778517086395,5.068676090351879,3.5296727800181595,6.886539440345883,1.4400121558559718,6.886539440345883,24.405421101596474,6.22992681514242,1.3023979142368434,1.0421271233822147,0.40018382322443846,0.45545646392469213,14.645039797122555,0.9942512895223845,1.087079674764736,24.487026389133,75.41926833555127,2.019898108879464,1.2195149189331873,26.619348683054213,0.8619149822984407,242.63138252756573,3.5115709256249477,103.94208396489718,15.862343320897821,5.885371390167126,5.169135129622194,43.925778994149695,2.690135672030532,0.8013829395797031,268.83299999999997,6.265136557618198,30.039686154086375,253.71394992605113,4.083795166095733,3.5817127079033577,78.39618061174947,21.60381938825053,-7.269801574729639,-3.444734614239564,-2.978933508887438,28.68364367430949,46.889952153110045,-0.4965662083968718,0.05705757022247362,0.04179476540472589,-0.001964439770119759,2.270022492596523,0.24554521334371138,7.718683305295403,1.7130674126114176,0.5263646183349368,-0.5931023291626563,False,False,False,False,False,False,False,False,False,False,False,False,False,False,False,False,False,False,False,False,False,False,False,False,False,False,False,False,False,False,False,False,False,False,False,False,False,False,False,False,False,False,False,False,False,False,False,False,False,False,False,False,False,False,11,True,0.5576290668166358,0.054535068160987264,0.40847348682224593,0.2296454537266236,-0.17664981663925886,-0.435671445359728,0.009625387717811447,0.04304248601490751,0,Lower-Mid,67.62911599977627,93.58876296361872,82.05525690096049,74.55416334657379,87.21528696800614,97.5587056211642,93.92484996464509,50.687952576058414,66.30710837249255
0.0,3.78,987.04,45.87,0.0,11.5,20.0,237.0,136.319,-35.323,0.0,249.943,1814.619,825.376,2199.668,7.805,69.661,DEU,136.319,2010.0,201030.0,2199.668,1600.0,369.809,20103010.0,53.061,600.73,673.336,2016.0,108.453,DE000A0Z23N2,83.258,84.1,2016-12-31,108.019,559.094,4.191,1404.567,100458,STRABAG AG,417.55,987.04,2.924084890547272,10.98770059977306,2.412227663447393,6.197253403695465,4.930425864266789,6.197253403695465,36.14640936723178,5.3757699789268925,1.204334154900607,1.122290706035121,0.44705004882899835,0.44705004882899835,6.295646634362363,0.0,0.0,54.393787345993836,45.48480975896318,14.037301587301588,-1.8335155040750009,0.0,1.212192752307785,191.27547826086956,5.9481191642172035,61.363935375702155,18.982410072792803,19.25445983088532,30.62060170045782,34.15328506975845,4.9106956140653955,1.2974008503687335,-38.358000000000004,-1.7438086111176778,155.0638090179584,131.2847477431635,1.8384452504457773,3.8233042440950173,3.864346767724267,96.13565323227573,3.1606632168286186,1.706505874994102,4.545454545454541,-123.0767842424753,42.94088845955353,0.8222092413624992,-0.011970785814716448,0.3588904315474868,-1.3722501148932542,1.3803027422327552,0.013688443219195582,3.8388774723509456,5.008390488140227,0.3548264661944839,,False,False,False,False,False,False,False,False,False,False,False,False,False,False,False,False,False,False,False,False,False,False,False,False,False,False,False,False,False,False,False,False,False,False,False,False,False,False,False,False,False,False,False,False,False,False,False,False,False,False,False,False,False,False,3,True,-0.3288715845876775,0.06081731769405253,0.7648128840532832,0.4835588815544518,0.18013223563813036,-0.1548778639247465,0.14900625692018335,0.15257808193007102,0,Lower-Mid,46.47944020971783,83.89782837276742,84.9662794945327,56.96508232928205,64.74206249380335,90.04163053216664,89.24429145855724,49.3495597757714,50.77915936543933
35498.0,2007.0,31908.0,13467.0,5246.0,91.864,35.0,325.0,7216.0,-7178.0,1896.0,8087.0,110850.0,78805.0,46606.0,216.0,7368.0,DEU,7216.0,3520.0,352020.0,46606.0,2800.0,12188.0,35202010.0,3167.0,16764.0,34444.0,2024.0,-2552.0,DE000BAY0017,4049.0,6387.0,2024-12-31,2778.0,28952.0,108.067,16782.0,100080,BAYER AG,13456.0,31908.0,2.85701398285972,-7.997994233421085,6.795262412564906,15.482985023387547,-5.475689825344377,15.482985023387547,63.991760717504185,4.698394801649704,1.1896932854379663,0.7245440729483282,0.2793243990052501,0.3448121027908262,4.954442940911141,1.1125109690359785,1.2769211483013665,28.78484438430311,71.0915651781687,1.5779770802192328,4.5256374722838135,36.75597654488047,0.4204420387911592,507.33693285726724,3.8239251723006236,95.45165858473158,28.871819079088528,8.486161689730517,1.2461572733348185,18.290482634190347,5.96060593056688,0.6860953321807853,4590.0,9.84851735828005,37.70358306188925,232.64919482159772,3.474050394885295,13.70424408874394,,,-2.164284064907529,-4.652543028926792,-5.2274298212130255,93.99830938292477,0.9814612868048078,-0.24551522162971406,0.06261178343288537,0.014768311871572262,-0.5070196153752454,3.2777902945769233,0.31696844832194065,6.646820027063599,2.5113358628213223,0.06171449807406264,0.3274444893955998,True,True,False,False,False,False,False,False,False,False,False,False,False,False,False,False,False,False,False,False,False,False,False,False,False,False,False,False,False,False,False,False,True,False,False,False,False,False,False,False,False,False,False,False,False,False,False,False,False,False,False,False,False,False,11,True,0.1778440373776042,-0.07081747182311962,-0.5524985452894956,-0.16562223135067258,0.6437354674935712,-0.19644782935115546,0.595386816691566,-0.38651653253801876,0,Lower-Mid,46.152551192843305,54.152581789853905,82.31938589168057,82.742725052289,68.25535691330039,95.80843222732997,98.53545472576477,50.53953425711488,47.80411287733206
11413.0,631.0,11542.0,1606.0,2819.0,66.111,20.0,481111.0,3605.0,-1450.0,6698.0,8488.0,47052.0,35458.0,31439.0,,3892.0,DEU,3605.0,2030.0,203020.0,31439.0,4512.0,4796.0,20302010.0,1264.0,324.0,16316.0,2024.0,1387.0,DE0008232125,2341.0,60.0,2024-12-31,3898.0,19581.0,359.0,30568.0,100103,DEUTSCHE LUFTHANSA AG,19025.0,11542.0,2.68638952648134,12.016981459019235,4.020484112090079,11.466649702598684,4.411717929959604,11.466649702598684,2.770444352555743,5.50642561533435,0.8332567284612634,0.7512384454317961,0.43348143608600176,0.7755477248352995,-6.939131174020233,0.9888234274822387,1.2330618610292843,24.530306894499702,75.3591770806767,2.0031695721077654,1.5933425797503467,30.247385870951288,0.6681756354671428,475.54869840117374,6.555254378648874,55.68052418970069,60.51401125990012,,19.03362391033624,28.232593726090283,12.398613187442349,1.6651003844510892,-6.0,-0.019084576481440248,100.15416238437822,307.9113924050633,4.076589845780627,0.1908457648144025,25.88320115356885,74.11679884643115,5.055804317316048,3.8194214602502052,5.205283259070659,-100.67039106145252,-3.753086419753082,-1.207206223448933,0.17348317660129575,0.14307507969378644,-0.24265995006741553,20.961648713879566,3.129229347576145,8.27169939641248,5.6059201629071325,0.03648419256982127,0.051976705226587344,False,False,False,False,False,False,False,False,False,False,False,False,False,False,False,False,False,False,False,False,False,False,False,False,False,False,False,False,False,False,False,False,False,False,False,False,False,False,False,False,False,False,False,False,False,False,False,False,False,True,True,False,False,False,11,True,0.8132122074946712,0.014675438124854815,-0.562981307370691,0.5282623694343913,-0.09880821470538176,-0.9649969205585495,-0.8477977894914702,-0.5179052512125568,0,Lower-Mid,45.97116440070818,69.12665013112398,55.831765502037264,74.65844940132159,82.20598108455513,98.29958257171313,93.97805325747993,47.493858220916294,52.0105378893235
1725.5,52.3,4669.2,1795.5,221.2,16.637,15.0,325211.0,718.2,145.9,168.7,1215.4,9409.9,4572.9,5721.8,,310.4,DEU,718.2,1510.0,151010.0,5721.8,2821.0,948.7,15101050.0,245.5,573.9,4055.3,2024.0,241.0,DE000WCH8881,472.7,208.5,2024-12-31,651.6,1522.8,124.195,4262.4,276585,WACKER CHEMIE AG,3596.5,4669.2,2.60895439909032,5.161483765955624,4.29060785067636,12.551994127722047,4.211961270928729,12.551994127722047,25.50595966304311,3.8391167685739753,2.663054898870502,1.4839768846861048,0.7981350144470712,0.9089177830312584,26.913144666787108,0.3695493874753705,0.41692367000771013,49.620080978543875,48.596690719348764,4.694072657743786,1.018240044555834,20.68778626765428,0.6080617222287166,343.9201779166917,6.031200590281438,60.51863050089133,62.85609423607955,2.2593484698914117,2.373934837092732,22.998119002327343,11.388024747457095,1.3784641421620478,-341.20000000000005,-5.963158446642666,209.92268041237114,126.43584521384928,2.0153131157371713,3.6439581949736093,51.53319502074688,48.46680497925312,-10.627596763612502,6.273717022045533,1.5813896690682672,-214.99831479609037,1.8761726078799335,0.455456032142309,-0.02742528516664312,-0.3080933203303266,0.3533045854370772,5.297143149401356,0.20147112465319497,3.2986535457337487,2.842252816782154,0.08132090122133334,0.1366247830647122,False,False,False,False,False,False,False,False,False,False,False,False,False,False,False,False,False,False,False,False,False,False,False,False,False,False,False,False,False,False,False,False,False,False,False,False,False,False,False,False,False,False,False,False,False,False,False,False,False,False,False,False,False,False,11,True,-0.5998772127271514,0.23583902595598144,1.142873691408402,-1.1305481910059105,0.32528041763703286,-0.2437995457591494,-0.3900520973859537,0.19363140175472418,0,Lower-Mid,41.98882796131886,97.62338400167793,49.727059995272846,65.42284818699284,77.9522709823549,89.49276732382029,90.49349460787049,51.00613496284295,54.555333450915654
114.998,3.4,1295.93,37.46,34.646,14.067,35.0,622110.0,109.749,-3.3,129.6,409.464,1856.481,530.509,1595.619,,127.6,DEU,109.749,3510.0,351020.0,1595.619,8060.0,431.158,35102020.0,47.149,4.9,904.11,2024.0,43.351,DE0007042301,62.6,84.1,2024-12-31,70.4,404.853,6.694,1658.114,207096,RHOEN-KLINIKUM AG,764.444,1295.93,2.5396974167793798,3.3451652481229694,2.954903394858046,6.878145722757124,2.716876647871453,6.878145722757124,-3.916661809617467,3.3417013483324447,2.233180932338404,2.140653521154592,1.011389319086187,1.331505509407118,26.892653358693142,0.08873781762903861,0.11547228631176067,69.80572383988847,28.57605329653253,13.86735294117647,-2.3674019808836526,8.060626529439299,0.8594857690436907,113.4299424184261,3.7007755857481475,98.62797447260282,47.908930640710594,3.195987237034233,44.263587827015485,45.280398775963775,4.412080828819412,1.124600638977636,57.19999999999999,3.5848156734157715,55.17241379310346,270.631402574816,1.4325472826464392,5.270681785564098,15.441396968928053,84.55860303107195,8.99193226132342,4.854890416622437,40.431266846361204,23.809523809523768,12.101910828025497,-0.1400670073171272,0.004227725429199027,-0.45870708128161475,0.5846086077556072,1.8697237568722591,0.0511333182101326,6.873218740186406,1.8982389773883552,0.06173187836728122,0.1124389032950867,False,False,False,False,False,False,False,False,False,False,False,False,False,False,False,False,False,False,False,False,False,False,False,False,False,False,False,False,False,False,False,False,False,False,False,False,False,False,False,False,False,False,True,False,False,False,False,False,False,False,False,False,False,False,11,True,-0.9275299830663741,0.5206863929070658,1.7592090392247335,-0.7511614140529944,-0.16350143787213828,-0.14827851094451744,-1.0908885828431065,0.49227328364224976,0,Lower-Mid,27.967228695765744,62.15156488786281,53.97475734034789,37.04632029551655,90.6795291512752,98.89863178442164,86.44227713442359,52.641066002254945,40.9237658581218
76.347,7.398,542.572,112.468,45.822,12.398499999999999,20.0,423420.0,54.707,-80.238,0.0,8.131,922.733,380.161,1053.715,,93.863,DEU,54.707,2020.0,202010.0,1053.715,5040.0,122.29,20201060.0,22.025,203.817,253.303,2024.0,-41.285,DE0007446007,32.682,84.1,2024-12-31,11.851,188.791,88.2,639.842,244398,TAKKT AG,105.6,542.572,2.3869309973741046,-7.609128373745788,2.0902236373212872,5.191821317908543,-3.9180423549062127,5.191821317908543,39.27750862424849,3.558623987953189,1.3417112044536021,0.7459836538818058,0.04306879035547245,0.04306879035547245,6.991404880935222,0.14071312194510588,0.22516642952456078,58.80054143506301,41.19945856493699,2.9771559881048932,2.084523004368728,13.239907969044134,1.1419500548912849,84.98729685042545,8.616526289966473,42.360457998604936,10.021685180527943,16.333627852182538,5.689102678095102,14.13420783693658,1.1246874154776199,0.36261550700691514,82.012,7.783129214256228,12.625848310836007,426.16572077185015,1.7006646122542262,7.981285262143939,,,-15.088379514164496,-8.3519231800656,419.85324947589095,-9.418040844277053,-25.47478304615771,-0.8906813425784554,-0.03542728508959511,-0.05087707498181856,-0.16035910790212463,3.230778385588403,0.14633268013278283,10.172281689286066,2.1525713808397575,0.8360323023464974,0.13477653990459565,False,False,False,False,False,False,False,False,False,False,False,False,False,False,False,False,False,False,False,False,False,False,False,False,False,False,False,False,False,False,False,False,False,False,False,False,False,False,False,False,False,False,True,False,False,False,False,False,False,False,False,False,False,False,11,True,-0.3963817812134622,0.1521115329170533,0.916544463636785,0.4515414866117179,0.38337558797084875,0.1725848680875914,0.02267225302264488,0.022549649583811046,0,Lower-Mid,43.322853441766554,80.26473197914792,89.70430461725476,50.46680153124142,68.10564752338063,91.02017694646241,88.28311946256314,50.30771978716771,48.644615054167446
588.86,40.938,251.575,172.314,107.438,12.0,25.0,336360.0,111.292,159.764,0.0,219.846,1699.792,1432.868,1921.727,18.896,25.665,DEU,111.292,2510.0,251010.0,1921.727,2531.0,354.442,25101010.0,39.773,176.161,772.589,2024.0,-47.812,DE0005895403,71.519,74.034,2024-12-31,62.163,667.94,88.2,1657.367,213034,GRAMMER AG,445.825,251.575,2.3398745258243365,-19.005068071151744,2.069648810679144,5.791249225306196,-2.4879704557411118,5.791249225306196,13.756376425995997,4.732430229583491,1.1566742521783393,0.8986959906578436,0.3291403419468814,0.3291403419468814,6.156576804691398,2.34069363013018,2.76775514260161,14.800340276928,84.29666688630138,0.9715423323073917,4.281098371850627,40.96371791372121,1.130565975131075,160.14391666666668,5.421837705463799,67.3203477913356,23.199184899832286,18.36354862444935,9.618295669533525,33.785780848480286,3.234746662767396,0.8691816160740501,-36.498,-1.8992291829172403,242.2092343658679,64.528700374626,6.756601411110007,3.8524722814426813,,,-16.62384462932689,10.77742027774644,-14.56642460486971,-164.26835710512412,-17.79773081907382,-0.3147518253336986,0.14715084944613663,0.09658846341300374,-0.17602854527156836,1.9117388748657056,0.5661857006197091,1.5098906219113868,2.880809907428363,0.29817556910730064,-0.20696431483562872,False,False,False,False,False,False,False,False,False,False,False,False,False,False,False,False,False,False,False,False,False,False,False,False,False,False,False,False,False,False,False,False,False,False,True,False,False,False,False,False,False,False,False,False,False,False,False,False,False,False,False,False,False,False,11,True,1.4435763705765665,-0.05959928772808171,0.16111960265661576,0.48683727200330656,-0.5360618948686707,-0.6476346502905055,-0.07975207485473554,-0.03160425745819886,0,Lower-Mid,43.78176694298362,81.50101393761878,83.51038647007944,53.55916732003845,70.57768152528308,86.15101986422539,76.12922025380892,49.546739540789225,49.75547852551351
104.2,27.4,1185.0,533.5,490.7,12.398499999999999,20.0,333999.0,239.3,-167.9,0.0,656.0,3998.1,2445.5,3732.4,,272.9,DEU,239.3,2010.0,201060.0,3732.4,3569.0,1500.6,20106020.0,87.6,558.7,2690.1,2024.0,-48.9,DE0006204407,151.7,202.3,2024-12-31,58.1,2208.3,88.2,2740.1,100449,KUKA AG,524.2,1185.0,2.191040744353568,-4.1265822784810124,2.3470153252598864,6.411424284642589,-1.3101489658128818,6.411424284642589,26.586110813417648,6.7949115730685685,1.2181768781415567,0.9765883258615223,0.2970610877145315,0.2970610877145315,12.050724093944618,0.08793248945147679,0.5020253164556961,29.6390785623171,61.16655411320377,3.197080291970803,-0.25532804011700805,14.879567794702483,0.9335434331307372,301.0364156954471,2.4872717579634815,146.74713321187437,14.044582574214983,7.746782897467834,5.136082474226804,53.9406217953528,1.5566391597899476,0.38299274884640744,214.79999999999998,5.755010181116707,21.289849761817518,311.5296803652968,3.3739240506329113,5.420105026256564,,,-7.926092212053182,0.6647027721127019,-15.805378242564183,-8.244340025630093,-29.575757575757578,-0.36094486786114605,0.029860928187439163,-0.1587650196071329,0.18348555727032417,2.9295929636206246,0.14712539333139685,6.825742227558091,4.395828412274297,0.16697823251810087,0.30704193924936646,False,False,False,False,False,False,False,False,False,False,False,False,False,False,False,False,False,False,False,False,False,False,False,False,False,False,False,False,False,False,False,False,False,False,False,False,False,False,False,False,False,False,False,False,False,False,False,False,False,False,False,False,False,False,11,True,0.4020580435583521,0.12392792232659383,0.5526476657418354,0.4580239040090627,0.06788326895852903,-0.4924024311402764,0.006363420182930197,-0.0031959019655072567,0,Lower-Mid,74.32852319332565,94.11599522264115,85.50652479798127,86.14433759366655,82.46350929288661,98.13858431378769,99.31390793894398,50.690064587798524,69.53856847515814
131.7,20.9,847.9,431.6,155.9,12.398499999999999,20.0,3336.0,118.5,41.3,0.0,62.0,1683.3,835.4,1813.7,0.8,101.7,DEU,118.5,2010.0,201060.0,1813.7,3510.0,245.4,20106010.0,35.1,254.7,745.8,2024.0,42.0,DE0006305006,83.4,100.4,2024-12-31,64.2,574.3,23.6,1329.5,100301,DEUTZ AG,380.8,847.9,2.0851898057387275,4.953414317726147,1.9352704416386393,6.533605337156089,2.3157082207641837,6.533605337156089,26.69680763080995,3.5830951408738265,1.2986244123280515,0.5471008183876023,0.1079575134946892,0.1079575134946892,10.188320560803184,0.1553249203915556,0.33919094232810476,50.371294481078834,49.628705518921166,1.6794258373205744,1.9037974683544305,17.08548684132359,1.0774668805322878,146.28382465620842,7.39079054604727,49.38578596239731,20.995754534928597,10.575510204081633,3.080398517145505,18.261747757381332,3.5397254231681092,0.7697841726618705,37.5,2.067596625682307,63.12684365781711,289.7435897435897,1.985257695482958,5.535645365826763,56.19047619047619,43.80952380952381,-12.092865451725466,5.854609483083872,146.2462760675273,-49.18699186991871,-1.2307692307692242,0.16627029306584631,0.02387182317505559,-0.15034434194775279,-0.09969958493300726,2.922952849647946,0.10627239188455705,6.041703796114775,2.1762461491344536,0.03559413064403613,-0.03947328670521117,False,False,False,False,False,False,False,False,False,False,False,False,False,False,False,False,False,False,False,False,False,False,False,False,False,False,False,False,False,False,False,False,False,False,False,False,False,False,False,False,False,False,True,False,False,False,False,False,False,False,False,False,False,False,11,True,-0.14799405522232134,0.1585146585534642,0.8871176122204807,0.3511363809071707,0.1752506046993158,-0.22984441527896265,-0.16663262863104694,0.14068990654079896,0,Lower-Mid,56.91618753686829,92.41357997007586,90.23767108890969,63.910795387357375,74.08554768351637,99.64574226193768,90.27998910558992,49.35771370908967,58.753102700025686
870.727,41.95,-69.528,416.552,5.982,3.912,20.0,333611.0,139.665,874.428,2.421,421.822,2126.193,2195.55,1589.278,,318.052,DEU,139.665,2010.0,201040.0,1589.278,3510.0,327.039,20104020.0,43.332,154.67,1224.75,2015.0,-102.598,DE0006177033,96.333,25.46,2015-12-31,16.465,1129.736,88.2,1170.277,251958,REPOWER SYSTEMS SE,176.117,-69.528,2.038008779071326,147.56357151075827,2.726521099518146,8.787952768489841,-6.4556358296031275,8.787952768489841,26.36423583539192,5.4083941692388535,1.084102834644554,0.7153866035958842,0.3733810376937621,0.3755240162303405,4.468738256592881,-12.523400644344724,-12.609437924289493,-3.270070026568613,103.2620274829237,1.032943980929678,3.2569863602190954,41.23374500809662,0.7474758876546014,406.2571574642127,4.859597784973658,75.10909670932335,11.081572890331332,16.72677710653169,2.809437957325856,35.22074430684326,1.0360050286985663,0.1709175464274963,301.58700000000005,18.976352784094416,5.176826430898092,733.9887381150189,,1.6019853040185543,,,-19.12116522502927,38.102234442013064,12.835304297663686,273.6535626231215,-58.093662509544416,-1.575698933847265,-6.328776814451174,-0.6731706042318041,7.65063661931683,1.6410025050674593,7.303401867452708,14.95875492017893,4.279496833992412,0.92199378651658,,False,False,False,True,False,False,False,False,False,False,False,False,False,False,False,True,True,False,False,False,False,False,False,False,False,False,False,False,False,False,False,False,False,False,False,True,False,False,False,False,False,False,False,False,False,False,True,False,True,False,True,False,False,False,3,True,-0.33338587725324065,-0.06080123968309127,0.45262683636416234,2.4511072860062995,1.344329315981908,-2.2873230353249454,0.3026944376437727,-1.1803548583733403,0,Lower-Mid,10.098553828009472,94.27906924887756,79.11812159991679,10.494926443336873,85.67704888224532,73.89688084138207,96.42615577697646,43.48337461576395,36.796285357649786
256.7,3.177,378.966,19.184,10.628,1.492,55.0,221122.0,90.445,33.214,0.0,93.088,1732.074,1347.032,1787.197,6.113,49.506,DEU,90.445,5510.0,551030.0,1787.197,4911.0,270.851,55103010.0,27.879,146.151,441.204,2024.0,35.94,,62.566,84.1,2024-12-31,134.034,264.951,11.062,1506.518,220307,PFALZWERKE AG,793.789,378.966,1.609573263036106,9.483700384731083,1.5599287599520366,5.0607179846429915,2.0109702511810394,5.0607179846429915,15.704983837819775,4.385793797371576,1.665228664922948,1.592822823842899,0.3513404365335477,0.3513404365335477,10.175835443520311,0.6773694737786503,0.7054142060237593,21.879319243866025,77.76988742975183,8.7752596789424,1.9264746531040964,15.433982612752109,1.0318248527487854,1197.853217158177,6.598450808747244,55.31601440691765,44.41530508388275,10.1399522277635,78.52992076730608,21.01174661128797,7.4996768683027115,2.142281750471502,-84.52799999999999,-4.729640884580714,270.7429402496667,177.5745184547509,4.570526115799306,4.705692769179894,30.779076238174735,69.22092376182526,-9.603162680691558,-2.583562522145544,6.0412224591329,5505.305039787761,0.8714892079833669,-0.03382912737714257,-0.024185162627496006,0.44478561343587464,-0.39341158594315784,1.2853282924683083,0.1731064487616404,2.8581919710127854,1.5646567341546296,0.007619845070686371,-0.40180405290175586,False,False,False,False,False,False,False,False,False,False,False,False,False,False,False,False,False,False,False,False,False,False,False,False,False,False,False,False,True,False,False,False,False,False,True,False,False,False,False,False,False,False,False,True,False,False,False,False,False,False,False,False,False,False,11,True,0.8585360397913676,0.021109246511702384,0.5306832341314699,0.2758893050933696,-0.0009014642199762745,-0.7423265745577803,-0.27709935429135546,-0.07227571359514531,0,Lower-Mid,60.806050339719356,81.68485946906074,95.17339363960625,69.97489560004257,78.19728471973268,92.56419725358039,90.39975309305368,48.76281149312709,59.386474297664044
319.5,24.0,1046.7,73.7,97.5,1.842,55.0,221310.0,103.0,-39.9,0.0,26.2,2996.6,1948.7,2980.4,21.9,127.7,DEU,103.0,5510.0,551030.0,2980.4,4941.0,403.9,55103010.0,40.3,175.4,868.8,2024.0,117.2,DE0007760001,62.7,84.1,2024-12-31,93.7,866.7,88.2,2615.8,101161,GELSENWASSER AG,1020.8,1046.7,1.3448575051725289,11.19709563389701,1.3521674942960675,3.4559119581264257,3.9323580727419136,3.4559119581264257,12.23325728090189,2.9497877323964277,1.002422983731395,0.9173877927772007,0.03022960655359409,0.03022960655359409,0.0700794233464563,0.3052450558899398,0.3983949555746632,34.9295868651138,65.0303677501168,1.6791666666666665,3.7941747572815534,13.915771207368351,0.9945938730561303,1618.0238870792616,7.379054221341917,49.464333646490395,34.250436183062675,1419.2380952381568,35.492537313432834,14.352933324434359,3.1438733055965646,1.4944178628389155,34.0,1.1407864716145484,73.37509788566953,316.87344913151367,2.862902455335817,2.821768890081868,75.25597269624573,24.744027303754265,-26.773297953367237,-24.205787130716306,5.6192660550458795,-17.07317073170732,14.129110840438507,-0.45026659982584105,0.042631376540111295,-0.35351469118289625,-0.848685611359465,1.763618955958961,0.1565532340592288,4.261496362544217,2.509043149246491,0.7170057433575504,0.04837761147486278,False,False,False,False,False,False,False,False,False,False,False,False,False,False,False,False,False,False,False,False,False,False,False,True,False,False,False,True,False,False,False,False,False,False,False,False,False,False,False,False,False,False,False,False,False,False,False,False,False,False,False,False,False,False,11,True,0.5308503724251,0.11595584952475411,0.31603173574234467,0.7015343644423645,0.08848552784365539,-0.7418872919306694,-0.5172912942962776,-0.21738478879284012,0,Lower-Mid,61.19754348442217,76.94031398087053,69.83555915517078,97.3381003859956,81.61840716048748,97.9381736076326,96.72696615388666,47.54283182167269,61.84365130261566
320.667,26.431,636.859,419.759,44.687,9.078,25.0,339991.0,119.706,-59.248,12.7,124.399,1759.303,1073.971,1803.136,0.029,168.022,DEU,119.706,2510.0,251010.0,1803.136,3050.0,233.211,25101010.0,11.636,263.662,851.562,2024.0,-137.849,DE0007856023,108.07,133.038,2024-12-31,108.317,602.484,9.504,1295.94,220295,ELRINGKLINGER AG,715.129,636.859,0.6613982923919302,-21.64513652158484,0.6453201533328601,6.638767125718747,-7.644958561084687,6.638767125718747,28.128549371761192,1.2152150437690463,1.4134184476268248,0.7167045099952861,0.20647685249732772,0.22755625045644362,14.157765887968129,0.5035133365470221,0.5736811444919518,36.19950628174908,61.045254853768796,0.4402406265370209,2.012889913621706,20.766974193757413,1.024914980534905,198.62701035470369,7.731779375758433,47.20776192145241,39.66029184709306,7.239242325697171,3.0873429753739647,20.326799874723115,6.007145329026762,1.0022855556583696,59.705,3.3111756406616033,64.46596279058696,1443.984187005844,2.7624686155020184,7.378145630723362,,,-2.3812204946078164,-12.393031092378804,-5.200501253132838,2.0790234061105695,52.10498230635285,-0.8535960562738824,-0.01185165207261132,-0.841471770727287,0.709805219909235,3.3785085388782212,0.13358232103760886,9.550486755266146,2.782741537123024,0.7021783634218506,-0.5065758480843952,False,False,False,False,False,False,False,False,False,False,False,False,False,False,False,False,False,False,False,False,False,False,False,False,False,False,False,False,False,False,False,False,False,False,False,True,False,False,False,False,False,False,False,False,False,False,False,False,False,False,False,False,False,False,11,True,0.5522389849418032,0.10707047973351991,0.9950146641152814,0.7874393651630441,0.8967938459052501,0.4911454285268949,-0.802864625361658,0.043322749054680955,0,Lower-Mid,42.573211064675796,80.2407149878612,84.67099982522157,95.38575793422899,79.07173302742119,46.26801909913064,95.96647095439609,51.86561763829382,54.476763170978636
465.4,93.6,4441.4,2740.9,1290.1,23.868,15.0,331110.0,382.6,331.9,0.0,1002.2,10465.3,6016.5,10011.7,,408.4,DEU,382.6,1510.0,151040.0,10011.7,3312.0,1730.5,15104050.0,63.5,2072.8,5473.6,2024.0,-352.2,DE0006202005,319.1,82.0,2024-12-31,968.7,3531.7,88.2,6847.8,102259,SALZGITTER AG,1899.3,4441.4,0.6067671256437943,-7.929932003422345,0.6342579182356642,3.82152881129079,-3.5178840756315113,3.82152881129079,31.602025630012886,1.2941224423249371,1.54984851487952,0.7737633434323414,0.2837726873743523,0.2837726873743523,18.555607579333614,0.10478677894357635,0.39525825190255326,42.43929939896611,57.489990731273835,0.6784188034188035,1.9688970203868268,16.774483292404422,0.9566567609146418,419.46120328473273,5.785437734758741,63.08943536062806,18.97080415913381,5.155620783768473,2.4983764456930206,26.112008255855063,9.675679455037606,3.0357254779066123,-560.3000000000001,-5.59645215098335,237.19392752203726,643.1496062992126,2.3563065700004504,0.819041721186212,,,-7.2174598026041314,-0.3494572462388157,-2.7819640747831054,-499.6433666191155,28.85075818036713,0.2299054776241523,0.012350929816686536,0.35923499141751786,-0.3797672340089985,3.2800788438299886,0.08542884242603051,3.902420379731111,2.275773515453363,0.05404092280611452,-0.3859980721716331,False,False,False,False,False,False,False,False,False,False,False,False,False,False,False,False,False,False,False,False,False,False,False,False,False,False,False,False,False,False,False,False,False,False,True,True,False,False,False,False,False,False,False,True,False,False,False,False,False,False,False,False,False,False,11,True,0.13319032515632073,0.18187773871258395,1.186648827949055,0.2227844784060962,0.5294700219483595,-0.0659790796399757,-0.21848243214713012,0.16931529079486266,0,Lower-Mid,57.955201673575154,78.6911232321097,74.29084625783655,79.53272405485913,82.51559249780294,78.74381229912288,92.95147032246972,49.52184843194368,59.25091659600836
2437.0,160.0,6658.0,2851.0,702.0,17.503,15.0,325211.0,910.0,-565.0,0.0,509.0,13631.0,6952.0,14179.0,75.0,870.0,DEU,910.0,1510.0,151010.0,14179.0,2821.0,2290.0,15101050.0,68.0,1870.0,5766.0,2024.0,-266.0,DE0006062144,842.0,392.0,2024-12-31,781.0,3576.0,88.2,11045.0,320448,COVESTRO AG,5898.0,6658.0,0.4988628860685203,-3.9951937518774407,0.4795824811340715,6.417942026941251,-1.8760138232597503,6.417942026941251,22.103110233443825,0.7476635514018692,1.6124161073825503,0.8151565995525727,0.142337807606264,0.142337807606264,16.06631941897146,0.36602583358365876,0.471462901772304,48.84454552123835,51.00139388159343,0.425,2.89010989010989,23.02839116719243,1.0402024796419924,810.0896989087585,6.191703056768559,58.9498554199873,41.596727554834615,6.474429223744292,3.8740792704314275,20.534076736849826,5.508145849495733,0.9275534441805225,89.0,0.6276888356019465,89.77011494252874,1279.4117647058824,2.0473115049564434,2.7646519500670004,,,-1.377199693955622,-0.04399794676248625,8.17007601507942,-61.63793103448276,2.091503267973849,-0.7668193612743537,-0.10558126345922565,0.12096335271390217,-0.7485806712997983,6.191469390614984,0.6845625915860161,6.382510454111951,5.464956741910282,0.16872963392890875,0.38143987000974205,False,False,False,False,False,False,False,False,False,False,False,False,False,False,False,False,False,False,False,False,False,False,False,False,False,False,False,False,False,False,False,False,False,False,False,True,False,False,False,False,False,False,False,False,False,False,False,False,False,False,False,False,False,False,11,True,0.14771396012499352,0.2313206876036316,1.3102262282521904,0.5007320848188905,0.8059168471102142,0.46053039646238614,-0.9478482801306303,0.1451184018800924,0,Lower-Mid,41.37926873344757,78.43370830928433,80.35629907923685,66.86212651153949,77.7787904922988,51.62635477435676,90.72135740164991,51.91643785087419,50.591480380234664
2428.0,47.0,4586.0,1348.0,584.0,12.338,15.0,325.0,583.0,-97.0,0.0,615.0,9711.0,5119.0,6366.0,,508.0,DEU,583.0,1510.0,151010.0,6366.0,2800.0,1043.0,15101020.0,23.0,1177.0,3449.0,2024.0,-177.0,DE0005470405,560.0,104.0,2024-12-31,320.0,1773.0,88.2,4508.0,271763,LANXESS AG,2140.0,4586.0,0.23684481515806816,-3.8595726122982987,0.36129437637448947,9.158027018535972,-2.7803958529688972,9.158027018535972,29.186302230600063,0.32791559737667525,1.9452904681331078,1.1849971799210377,0.34686971235194586,0.34686971235194586,17.258778704561838,0.5294374182293938,0.6567815089402529,47.22479662238698,52.71341777365873,0.48936170212765956,4.111492281303602,31.016373185047886,0.6555452579548965,515.9669314313503,6.103547459252157,59.801288092994035,33.616085453974236,3.7983293556085918,3.344213649851632,17.073421892699,5.026704366949419,0.5714285714285714,188.0,2.9531888155827835,62.99212598425197,2208.695652173913,2.1175316179677277,1.6336789192585612,,,-5.183199285075957,0.47594412829798927,12.35770876969311,-63.28125,-1.8404907975460127,-0.5081288468194866,-0.022332934506128475,-0.14407214250934824,-0.05301699421945929,2.958311804424543,0.18518384752209463,5.231181134795593,2.6774683386281595,0.3245282395020797,0.26489027008770094,False,False,False,False,False,False,False,False,False,False,False,False,False,False,False,False,False,False,False,False,False,False,False,False,False,False,False,False,False,False,False,False,False,False,False,True,False,False,False,False,False,False,False,False,False,False,False,False,False,False,False,False,False,False,11,True,0.19105038693173096,0.28481649070821724,1.2766405146266988,0.44149748483165513,1.4011834860642658,1.2106838782498637,-1.363083608056181,-0.3679947440774104,0,Lower-Mid,24.73603631872832,76.69301568615,74.55423848173285,69.98687378663818,86.7434975998359,27.800483517955143,91.22341291444377,53.33584903758217,45.24322968336053
7447.0,360.0,35108.0,0.0,114.0,0.038,25.0,336111.0,-30.0,37.0,719.0,2405.0,42841.0,7733.0,0.0,74.0,1431.0,DEU,-30.0,2510.0,251020.0,0.0,3711.0,3.0,25102010.0,-31.0,18.0,2419.0,2024.0,-20017.0,DE000PAH0038,1.0,84.1,2024-12-31,151.34750000000003,150.0,584.019,0.0,102187,PORSCHE AUTOMOBIL HOLDING SE,1.0,35108.0,-0.07236058915524847,-57.01549504386465,,,,,,-0.07284690400657971,16.126666666666665,16.126666666666665,16.033333333333335,20.826666666666668,5.2963282836535095,0.21211689643386122,0.21536401959667312,81.94953432459559,18.050465675404403,-0.08611111111111111,,17.648981116220444,0.0,0.0,0.0,,,0.0,,5.62078382857543,,151.34750000000003,1279.6525,,10.576345213137667,,1.2202631878774068,,,,,-31.298309759774213,-9.523809523809534,-25.673008926017303,0.0,,0.01681188667359388,-3026.651583005597,5099.317554258704,,0.07543338624573019,3.340258163908406,1.0229259624014593,,,False,False,False,True,False,False,False,False,False,False,True,True,True,True,False,False,False,False,False,False,False,False,False,False,False,False,False,False,False,False,False,True,False,False,False,False,False,False,False,False,False,False,False,False,False,False,False,True,True,False,False,False,False,False,11,True,-2.7532765239428727,1.1438243946860376,4.2672832255169615,-6.178265358870877,1.8460050345984025,1.3834193837898499,-1.5852851172161677,-6.558334037898278,0,Lower-Mid,0.3388930156631994,73.68035072229597,0.42639669503019134,26.364067083875465,44.55257518349961,90.88556947738546,85.01204163695402,59.09143118765037,24.190920336636964
1655.982,47.387,194.517,36.547,304.6,0.703,20.0,532112.0,10.221,-80.6045,10.4,431.751,2441.071,2252.627,749.098,,320.288,DEU,10.221,2030.0,203040.0,3809.562,6159.0,670.155,20304040.0,-2.485,575.095,1855.197,2024.0,-39.208,DE000A0DPRE6,12.706,84.1,2024-12-31,151.34750000000003,1276.941,88.2,2454.5,319665,ALLANE SE,38.958,194.517,-0.10179957895530281,-20.156592997013114,-0.3317322967088418,1.3644409676704516,-5.234028124491054,1.3644409676704516,-227.66073330859248,-0.13428810283064188,1.4528447281432735,1.4242239852898448,0.3381135072019772,0.34625797119835605,23.68861864321029,8.513302179243974,10.079232149375118,7.968510543118164,92.28027369953598,-0.05244054276489332,149.57743860678994,80.31646764883119,0.3068726800654303,1065.5732574679944,1.11779812133014,326.5348125345416,5.200654653997208,1.295443540577184,67.16009521985389,45.14026834942531,20.203965302270202,11.911498504643477,168.9405,22.552523167863217,47.253565541013096,,12.549396710827331,11.22683547413022,,,20.63158233759541,45.882858455909826,-3.698630136986303,0.0,0.0,-0.8366671539152435,-0.589690735495042,-0.20043456045232974,-0.2237335592599598,3.041086649386782,5.672077992094691,13.120798207016513,4.747294082571526,0.8326079153159311,,False,False,False,False,False,False,False,False,True,False,False,False,False,False,False,True,True,False,False,False,True,False,False,False,False,True,False,False,True,False,True,True,False,False,False,False,True,False,False,False,False,True,False,False,False,False,True,False,False,False,True,False,False,False,11,True,3.4472990712195792,1.5573720403964153,1.4127793044574486,-0.9856188223310782,-4.9508483711562965,-2.535488481146203,-5.515461634222052,-0.1310511412629928,0,Lower-Mid,1.2221847674792168,1.7689733991253114,62.97175729802918,23.682916225217646,58.44326555701569,89.09530936259902,48.2869450140655,54.537502003588386,11.977450042890869
3287.0,332.0,9075.0,9792.0,480.0,98.0,20.0,333611.0,1283.0,-2258.0,0.0,6363.0,50874.0,41510.0,34465.0,,2889.0,DEU,1283.0,2010.0,201040.0,34465.0,3510.0,12551.0,20104020.0,-86.0,3388.0,30079.0,2024.0,1184.0,DE000ENER6Y0,1369.0,1456.0,2024-09-30,1514.0,33471.0,88.2,28593.0,340153,SIEMENS ENERGY AG,5286.0,9075.0,-0.16904509179541613,13.046831955922865,-0.24952850718119834,3.722617147831133,3.4353692151458004,3.722617147831133,17.037574350790656,-0.695680310629348,0.8986585402288548,0.6061067790027188,0.1901048668997042,0.1901048668997042,-6.667452922907575,0.36220385674931127,0.41509641873278236,17.838188465620945,81.59374140032236,-0.25903614457831325,-2.0233826968043647,7.404568148759681,0.6774580335731415,351.68367346938777,2.7459963349533902,132.92078920644133,15.337298708835052,,2.9200367647058822,37.17812635137791,4.39286232409691,1.1059167275383492,1375.0,3.989554620629624,52.40567670474212,,5.60595041322314,4.224575656463078,7.449324324324325,92.55067567567568,10.752273530640455,6.1932494207527,4.255319148936176,248.9847715736041,23.289902280130303,-1.1688684584344808,0.049508049159296866,0.25726849822902065,0.45724550425760996,4.957404049954364,0.16296940898709383,5.678735699964618,1.378252774716857,0.33355994602247063,0.2844420654943981,False,False,False,False,False,False,False,False,False,False,False,False,False,False,False,False,False,False,False,False,False,False,False,False,False,False,False,False,False,False,False,False,False,False,False,False,False,False,False,False,False,False,False,False,False,False,False,False,False,False,False,False,False,False,8,True,1.2714479033127362,0.18646318702890782,-0.26095632861781587,0.6056769464360306,0.11059854660552772,-1.228604156865995,-0.18452227655454656,-0.7998384263389382,0,Lower-Mid,42.67777672101188,71.25207599574117,56.89293022547977,62.53807321044674,84.24280951358192,90.90560196037578,83.33468369269094,47.09304444378677,50.21175463563495
683.4,55.3,6212.3,678.3,62.5,10.835,15.0,32531.0,477.6,-65.7,206.5,524.1,9353.5,3137.2,3653.1,,590.8,DEU,477.6,1510.0,151010.0,3653.1,2870.0,804.8,15101030.0,-43.6,187.4,2145.2,2024.0,-66.8,DE000KSAG888,521.2,12.8,2024-12-31,505.2,709.8,26.9,2824.3,100736,K&S AG,6060.5,6212.3,-0.4661356711391458,-1.075286125911498,-1.1935068845637953,13.07382770797405,-1.8285839424050807,13.07382770797405,22.68758041115764,-0.6322780863436634,3.0222597914905607,2.066638489715413,0.7383770076077769,1.0293040293040294,15.346127118191049,0.11000756563591584,0.12006825169421953,66.41684930774576,33.54038595178275,-0.7884267631103075,0.46440536013400324,7.974554979419468,0.3905596835409205,337.15736040609136,4.539140159045726,80.41170512715229,165.9001943554789,2.5450048766894247,4.163791832522484,14.207515903137862,13.829350414716268,0.9693016116653874,85.59999999999997,2.3432153513454317,85.51117129316181,,1.5056420327414968,0.350387342257261,,,-5.668026648763103,-1.2698178133378257,-5.346378963920662,-75.61253561253562,7.4893617021276615,-0.31333950646612385,-0.03628605540096484,-2.1490312769738873,2.6709777141917024,10.652563837611792,0.4571640690932067,6.316352167637781,3.270369579329774,0.009517320711997845,-0.7609845683457818,False,False,False,False,False,False,False,False,False,False,False,False,False,False,False,False,False,False,False,False,False,False,False,False,False,False,True,False,False,False,False,False,False,False,False,False,False,False,False,False,False,False,False,False,False,False,False,True,False,False,False,False,False,False,11,True,-0.6777028106503978,0.5145581067873736,0.8215118363287777,-1.7656785883286812,1.4446262148425513,-0.5559150190272486,-1.1716249167800026,0.06517530521960692,0,Lower-Mid,23.746278994510753,70.11666944645576,55.92304380554748,40.749048374386746,41.613379697301596,90.9088816955623,86.94029183898391,52.86298352816252,33.83875727912937
650.0,65.0,9583.0,8434.0,823.0,98.12,15.0,331.0,631.0,-1640.0,12.0,5879.0,29333.0,18975.0,35041.0,,1353.0,DEU,631.0,1510.0,151040.0,35041.0,3390.0,5222.0,15104050.0,-139.0,4227.0,20918.0,2024.0,-1506.0,DE0007500001,770.0,689.0,2024-09-30,1525.0,11852.0,93.0,30188.0,103176,THYSSENKRUPP AG,4403.0,9583.0,-0.4738690212388777,-15.715329228842743,-0.3966781769926657,1.8007476955566335,-4.297822550726292,1.8007476955566335,13.849490596729547,-1.3583504348675852,1.764934188322646,1.053324333445832,0.4960344245696929,0.49704691191360106,30.90716939965227,0.06782844620682459,0.15370969425023479,32.669689428288955,64.6882350935806,-2.1384615384615384,-6.98256735340729,5.021647973272423,1.194593120376368,357.12392988177737,6.7102642665645345,54.39428098513171,12.565280671213722,3.8651003750275756,3.5793217927436567,37.844748235775405,4.352044747581404,1.9805194805194806,-172.0,-0.49085357153049286,112.71249076127125,,3.060941250130439,1.9662680859564512,,,-6.64695225916454,-11.88909915592803,-1.861353657194853,-146.9945355191257,-10.188457008244988,-0.4866538935409118,-0.3269394328331497,0.17879103014873715,-0.22430985034253376,5.4900506186340134,1.4504766397896958,4.612552415368357,4.033652808264548,0.08643316027323589,-0.5552316299129579,False,False,False,False,False,False,False,False,False,False,False,False,False,False,False,False,False,False,False,False,False,False,False,False,False,False,False,False,False,False,False,False,False,False,False,False,False,False,False,False,False,False,False,False,False,False,True,False,False,False,False,False,False,False,11,True,0.47064922277249455,0.2847901439276722,1.8191807020248587,0.0546440137681579,-0.05341021914626733,-0.6733222541971745,-0.15068020860085696,0.6691640030909959,0,Lower-Mid,40.12826619373294,67.7687598881639,49.90840566995363,92.28601141515846,65.16566854009942,90.84756900111184,98.24423913875803,49.589039903448324,48.608509877656715
33330.0,935.0,17116.0,2185.0,4793.0,227.895,20.0,482111.0,2563.0,5752.0,514.0,4684.0,83898.0,66695.0,26203.0,,4567.0,DEU,2563.0,2030.0,203040.0,26203.0,4011.0,3607.0,20304010.0,-472.0,739.0,22598.0,2024.0,-1787.0,,3035.0,163.0,2024-12-31,17874.0,25066.0,88.2,25325.0,221614,DEUTSCHE BAHN AG,43633.0,17116.0,-0.5625879043600562,-10.44052348679598,-1.8013204594893715,9.781322749303515,-6.8198297904820055,9.781322749303515,3.350761363202687,-0.9356539666177696,0.901539934572728,0.8143700630335913,0.18686667198595708,0.2073725365036304,-2.9416672626284295,1.9473007712082262,2.22733115213835,20.40096307420916,79.49533957901261,-0.5048128342245989,13.046820132657043,45.439700588810226,0.31231972156666427,114.9783891704513,7.26448572220682,50.24443765980995,166.519100866313,,11.590389016018307,9.882237955612768,68.21356333244285,5.889291598023064,-13307.0,-50.78426134412091,391.3728924895993,,4.901729376022435,0.6220661756287448,,,-42.01721581730875,8.2946096654275,-25.145589930727773,1.1170212765957421,10.30609725993581,-0.6138444855094198,0.1664278556428696,2.826218004104268,-2.5064489113267965,3.545165686302901,0.9874345302017017,5.443514744094019,1.5074311312744262,0.32978912341762556,-0.32266721792438124,False,False,False,False,False,False,False,False,False,False,False,False,False,False,False,False,False,False,False,False,True,False,False,False,False,False,True,False,False,False,True,True,True,True,True,False,False,False,False,False,False,False,False,False,False,False,False,True,True,False,False,False,False,False,11,True,1.405071119722825,-0.055445581220230175,-0.8849933242013382,-0.5042865899970815,0.7763984328384134,-1.5412783167063666,-1.2767710230966458,-0.05229428830562781,0,Lower-Mid,28.333351998235962,59.662161362160035,63.1444930589554,63.298280727959344,39.86198367004348,81.63885125869358,88.07699771451806,43.65130118569479,35.57489869502885
0.0,6.243,522.571,67.732,106.455,13.983,20.0,236220.0,45.313,32.892,0.0,801.819,1907.528,1383.882,3270.03,,63.58,DEU,45.313,2010.0,201030.0,3270.03,1540.0,637.346,20103010.0,-16.325,678.737,1518.048,2015.0,35.098,,61.638,1.749,2015-12-31,88.395,1185.562,88.2,2445.023,220293,ZUBLIN ANLAGEN & PROJEKTE AG,313.786,522.571,-0.8558196786626461,6.716407913948534,-0.4992308939061721,1.3857059415357045,1.0733234863288714,1.3857059415357045,25.229340403604862,-3.1239774116818575,1.2804458982322309,1.2233151872276609,0.676319753838264,0.676319753838264,17.430202859407572,0.0,0.20371394509071494,27.395194198984235,72.54845014070567,-2.6149287201665863,-15.34579480502284,5.580783086801347,1.7142762779891043,233.8575413001502,5.130698239260935,71.1404146139332,9.595814105680986,9.83509080081567,36.09849111202977,75.44659894900624,2.703186209300832,1.4340990947142995,-24.814999999999998,-0.7588615394965794,139.02956904687008,,3.6502752735991852,0.0534857478371758,251.2963701635421,-151.2963701635421,0.22966789342160343,4.082256241024229,12.77977174658227,-172.56484486943296,-5.85159070817668,,,,,,,3.333109658154428,,,,False,False,False,False,False,False,False,False,False,False,False,False,False,False,False,False,False,False,False,False,True,False,False,False,False,False,False,False,False,False,False,False,False,False,False,False,False,False,True,True,False,False,False,False,False,False,False,False,False,False,False,False,False,False,2,True,0.9258328597630807,0.06657964051809136,1.535044713907081,1.042964454750437,0.06489794545390326,-0.6098694357731248,0.18943618519644417,0.6185548755615415,0,Lower-Mid,33.92599958385414,68.70852394184358,75.460457361802,80.82902687174077,38.86723527008653,90.83743380466598,97.18014838572228,49.75834494267651,41.22509259959743
5399.6,316.9,2592.3,174.6,267.8,42.711,25.0,454110.0,131.3,1579.6,0.0,3808.7,12420.4,9707.9,12294.7,,638.3,DEU,131.3,2530.0,253010.0,12294.7,5961.0,659.6,25301040.0,-264.5,3751.2,5196.3,2024.0,-882.4,DE000A2E4K43,395.8,415.2,2024-12-31,139.1,3732.7,88.2,8569.7,324859,DELIVERY HERO SE,710.6,2592.3,-2.129561044732859,-34.03927014620221,-2.151333501427444,1.0679398439978203,-7.177076301170422,1.0679398439978203,30.297607912352476,-3.3096009709831202,1.39210223162858,1.3453264393066682,1.020360596886972,1.020360596886972,11.783839489871504,2.0829379315665624,2.1862438760945877,20.871308492480114,78.16092879456377,-0.8346481539917956,14.156130997715161,45.62977037776562,0.9898795529934624,287.85792887078276,18.63963007883566,19.58193367873962,5.779726223494676,8.400314293522818,49.08190148911799,35.975491932626966,1.1313818149283836,0.3514401212733704,499.19999999999993,4.060286139556068,21.79226069246436,,4.79126644292713,3.377064914149999,,,23.665496534867604,18.427124849825518,-4.261185331300998,-398.56459330143537,-5.822613405551791,8.972026520287347,0.3008027572527716,-0.0801579304416634,6.9184227417801,32.619992422082234,1.266528482981589,5.139125954075554,5.329311162187991,0.832158532973581,0.6939970776631674,False,False,False,True,False,False,False,False,False,False,False,False,False,False,False,False,False,False,False,False,True,False,False,False,True,False,False,False,False,False,False,False,False,False,False,False,False,False,False,False,False,False,False,True,False,True,False,False,True,True,False,False,False,False,11,True,1.4019109400433944,0.20131091996328793,0.773204427927352,0.18221147083819564,0.227821171718879,-0.7307383001567351,0.13418097241865132,-0.046718409393971344,0,Lower-Mid,46.44589951063935,59.238900192607616,90.2173467256415,63.331120324201876,76.5201114942481,90.90481866129413,88.84497319286683,47.381282024051785,48.23726859933466
679.0,82.0,5935.0,2219.0,2418.0,36.569,20.0,336120.0,648.0,-524.0,148.0,789.0,18090.0,12155.0,10838.0,5.0,570.0,DEU,648.0,2010.0,201060.0,10838.0,3711.0,1541.0,20106010.0,-413.0,1805.0,4549.0,2020.0,-432.0,DE0005937007,1061.0,566.0,2020-12-31,362.0,7099.0,16.0,8325.0,100042,MAN SE,6280.0,5935.0,-2.283029297954671,-7.278854254422915,-3.8106661745709545,5.978962908285661,-3.985975272190441,5.978962908285661,23.186934858830043,-6.2443302086483214,0.6407944780955064,0.3282152415833216,0.11114241442456683,0.13199042118608253,-14.096185737976782,0.11440606571187868,0.5218197135636057,32.808181315644006,67.191818684356,-5.036585365853658,3.5617283950617282,17.119955776672192,0.5991155334438917,296.3712434028822,7.033095392602206,51.89749031186566,57.94427016054623,,3.751689950428121,12.880044223327806,3.3400996493818043,0.3411875589066918,208.0,1.9191732792028051,63.50877192982456,,3.0480202190395955,5.222365750138402,,,-14.412066650872625,-4.011461318051579,0.6495472435527061,170.12987012987014,-17.35159817351598,-0.6133146416011801,0.025737072473801546,0.052857583896808405,0.657805222079259,2.5504076581144326,0.10117886797582637,3.150912106135987,3.2180062657300605,0.26986976990822675,-0.39052366649835296,False,False,False,False,False,False,False,False,False,False,False,False,False,False,False,False,False,False,False,False,False,False,False,False,False,False,False,False,False,False,False,False,False,False,False,False,False,False,False,False,False,False,False,False,False,False,False,False,False,False,False,False,False,False,7,True,0.9761665503852949,0.2729655229332816,-0.38117994134851674,0.5047123494109849,0.8638195563019927,-1.4166858098967319,-0.432236136762996,-0.7204405311257388,0,Lower-Mid,35.737800851163726,57.00725281284442,44.075505206494114,93.02023005068136,78.75293374979412,90.90508147943731,98.14452298738755,44.01857348028328,46.81153397057163
266.2,26.0,330.4,382.7,116.8,5.612,20.0,333248.0,8.9,1.3,4.0,137.7,1422.7,1091.5,1274.4,,73.4,DEU,8.9,2010.0,201060.0,1274.4,3555.0,359.9,20106020.0,-37.8,278.0,890.0,2024.0,-70.1,DE0007193500,46.7,54.5,2024-12-31,43.1,606.5,88.2,932.7,102365,KOENIG & BAUER AG,229.1,330.4,-2.656919940957334,-21.216707021791766,-2.966101694915254,0.6983678593848085,-5.500627746390458,0.6983678593848085,26.81261770244821,-6.335903452899766,1.4674361088211048,0.8364385820280297,0.22704039571310797,0.23363561417971968,19.926899557180008,0.8056900726392252,1.1592009685230025,23.223448372812257,76.72032051732621,-1.4538461538461538,27.56179775280899,26.920643846207916,0.8957615800941872,227.08481824661442,3.5409836065573774,103.0787037037037,17.977087256748273,4.495238095238095,2.437157042069506,34.97575033387221,3.381983678593848,0.9229122055674518,30.300000000000004,2.3775894538606406,58.719346049046315,,4.305992736077482,4.276522284996861,,,-3.949351823937286,-0.3083175670940963,-2.246995296986576,-136.07142857142858,-17.432950191570885,-0.4195442744605716,0.08786496216116378,0.1466525081213176,-0.0541028431974802,3.9213757803727134,0.33075021247784614,5.159204329795459,3.1307234661994072,0.1259132280354158,0.20098671829975379,False,False,False,False,False,False,False,False,False,False,False,False,False,False,False,False,False,False,False,False,True,False,False,False,False,False,False,False,False,False,False,False,False,False,False,False,False,False,False,False,False,False,False,False,False,False,False,False,False,False,False,False,False,False,11,True,1.1241578180610412,0.3355947638559437,1.0917098558378586,-0.007862737201531226,0.40333497412522484,-0.9266608954176154,0.040658136084567816,0.20003795231524876,0,Lower-Mid,46.2166283377334,55.941475041836355,70.99007579924998,72.46833683663988,86.29669506308673,90.9091064390446,92.29887067704698,48.785771675577244,49.86628428658763
392.743,14.323,952.525,31.122,46.677,4.74,35.0,541714.0,22.181,-161.421,90.413,396.8,1912.502,959.977,796.967,,18.22,DEU,22.181,3520.0,352030.0,796.967,8731.0,204.232,35203010.0,-78.919,188.201,681.964,2024.0,-196.078,DE0005664809,101.1,50.451,2024-12-31,117.468,344.585,88.2,580.986,232623,EVOTEC SE,823.937,952.525,-4.126479344858201,-20.58507650717829,-9.902417540500421,2.783176718734904,-24.60302622316859,2.783176718734904,27.100369275013897,-5.8664147218249445,1.97908788832944,1.8887705500819831,1.1515301014263535,1.4139123873645112,17.640713578338747,0.41231778693472615,0.46132122516469387,49.80517667432505,50.19482332567495,-5.5099490330238075,1.921464316306749,22.97618512294366,0.4167143354621329,168.13649789029535,3.9022631125386815,93.5354663367492,103.38407989289394,2.3622306071213672,18.668016194331983,31.426476939631957,14.739380676991646,1.161899109792285,-99.248,-12.453213244714023,644.7200878155872,,2.0078234167082227,6.330375034348975,,,1.9887999631442943,-15.093044607070993,-6.342620035566093,-43.890277133908484,-44.93369147903863,-0.8325694190209383,0.03863097794431662,1.9179508914088061,-2.290958640246113,9.297187349360202,0.2626236081321498,0.9526787422967401,7.231034069487787,0.08821256077322058,-0.12149034181171033,False,False,False,False,False,False,True,False,False,False,False,False,False,False,False,False,False,False,False,False,False,False,False,False,False,False,False,False,False,False,False,False,False,False,True,False,False,False,False,False,False,False,False,False,False,False,False,True,False,False,False,False,False,False,11,True,0.40466602560481624,0.6098696881680241,1.093878711709069,-1.1435576805541765,1.4529541787251232,-1.0749903056689103,-0.5829059811827293,0.17524316352211367,0,Lower-Mid,31.760128419568506,43.219752419346825,73.30787315425513,65.09496130409354,57.34356046910777,89.73850770357163,90.44024264155354,47.10614148868337,36.45903205247229
2051.7,546.6,-263.9,2918.4,3728.7,22.111,20.0,424510.0,-158.9,-436.0,0.9,355.5,10852.4,10817.1,21181.7,,941.5,DEU,-158.9,2010.0,201050.0,21181.7,9997.0,1463.6,20105010.0,-461.3,1709.3,7109.3,2024.0,-1155.2,DE0005194062,302.4,2.1,2024-12-31,601.2,7773.1,88.2,18989.3,100010,BAYWA AG,2728.7,-263.9,-4.250672662268254,437.7415687760516,-2.177823309743788,-0.7501758593502882,-5.4537643343074445,-0.7501758593502882,10.350444015352881,-25.802662490211436,0.9146029254737492,0.5391542627780421,0.04573464898174473,0.045850432903217504,-6.116619365301687,-7.774535809018568,-21.9037514209928,-2.431720172496406,99.6747263278169,-0.8439443834613977,,53.26379418377501,1.9517986804762082,957.9711455836461,14.472328505056028,25.22054414895877,12.88234655386489,,6.5067502741228065,16.76219085179315,2.8382990978061255,1.9880952380952384,340.29999999999995,1.606575487331045,63.85554965480617,,,0.009914218405510418,,,-11.710911872220342,-13.310487510684021,-4.463359834082259,-492.95612009237857,11.004431314623343,-0.03931910422043276,-0.8098200228053252,0.13855683625482126,0.1168159615733018,1.031984378037889,8.028889319410508,8.675500350152962,4.881921896458088,0.015968115640003326,0.1816939575119068,False,False,False,True,False,False,False,False,False,True,False,False,False,False,False,True,True,False,False,False,False,False,False,False,False,False,False,False,False,False,False,False,False,False,False,False,False,False,False,False,False,False,False,True,False,False,True,False,False,False,True,False,False,False,11,True,1.2450715106844408,-0.052655109471845006,1.2292955284902265,3.0707672397195402,0.8515946573948042,-2.542224697468577,0.09112457599920998,-0.5061765462433718,0,Lower-Mid,10.786849354015006,46.51477439862581,57.94865709389854,19.514199705181362,30.696337789490897,90.9010636779671,96.42615577697646,40.251153871216445,20.173565260272937
15277.0,511.0,7426.0,492.0,2623.0,34.523,55.0,22111.0,-1730.0,-2791.0,717.0,1285.0,48464.0,39640.0,33535.0,,1574.0,DEU,-1730.0,5510.0,551030.0,33535.0,4931.0,5527.0,55103010.0,-2991.0,3253.0,20119.0,2019.0,-88.0,DE000A2AADD2,1261.0,352.0,2019-12-31,1856.0,17339.0,88.2,27270.0,322597,INNOGY SE,12885.0,7426.0,-6.171591284252228,-1.185025585779693,-8.919039809154615,-5.1587893245862535,-0.2624124049500522,-5.1587893245862535,18.68197405695542,-13.174470334317052,1.1603321990887594,1.1319568602572236,0.07411038698886903,0.11546225272507064,5.736216573126445,2.057231349313224,2.4104497710746027,15.322713766919776,81.79267084846484,-5.853228962818004,,36.93463189171344,0.6919569164740839,971.3813979086406,6.067486882576443,60.156701953183244,38.42254361115253,12.06294964028777,55.426829268292686,14.05579399141631,5.534516177128373,1.471847739888977,-282.0,-0.8409124794990308,117.91613722998729,,6.526259089684891,1.0496496198002088,,,-4.357870119499186,-2.8271243533704915,-19.534309155323516,129.2682926829268,-30.952380952380953,-2.6073795855329838,0.3078057027016783,0.33343687287587087,-0.5562945140016146,5.898614840057967,0.6047896808554947,3.2477715417629582,0.9119385548062038,0.6838746222982153,0.5242867155408714,False,True,False,False,False,False,False,False,False,False,False,False,False,False,False,False,False,False,False,False,False,False,False,False,False,False,False,False,False,False,False,False,False,False,False,False,False,False,False,False,False,False,False,False,False,False,False,False,False,False,False,False,False,False,6,True,2.205019118246133,0.4606901731836444,0.5457397397426725,-0.05214945671562276,0.7035443229719022,-1.4270998139704394,-0.3030714761273341,-0.2708992429446787,0,Lower-Mid,29.570064130600056,36.54008917681813,82.96798213812546,55.30796879421752,89.93908066907929,90.8341829005954,77.51995354048043,45.39047580750295,38.157702467387296
41.058,9.39,553.316,563.565,155.171,3.771,45.0,335999.0,-59.294,117.227,13.125,208.957,1541.226,987.91,1529.999,,-112.823,DEU,-59.294,4530.0,453010.0,1529.999,3620.0,241.575,45301010.0,-98.052,235.42,1062.46,2024.0,-117.728,DE000A0DJ6J9,38.758,134.969,2024-12-31,46.823,699.393,88.2,1238.436,289333,SMA SOLAR TECHNOLOGY AG,233.285,553.316,-6.361948215252014,-21.276811080829034,-6.408631639628523,-3.875427369560372,-7.694645552055916,-3.875427369560372,19.056417683933134,-16.496683906092795,1.5191172917086673,0.7133256981411022,0.29876907546972875,0.3175353485093502,23.557025381092714,0.07420352926718186,0.35464183215377826,35.901029440198904,64.09897055980109,-10.442172523961661,,12.732006856878872,0.9927155394471673,405.72765844603555,6.333432681361896,57.63067492200975,15.247395586533063,4.214095469982125,2.197503393574831,29.23205292410068,3.0603287976005213,1.2080860725527631,-159.646,-10.434385904827389,,,2.78543544737546,8.821509033666034,,,-19.64539964360348,-4.974921620430162,-69.58503044723152,-265.66975218961437,5.426339134937974,0.631703926132041,0.010128898811210828,0.01567469266835471,-0.6755921728203186,8.866138806401356,0.0891388503083084,-7.320341079114938,6.925471752266059,0.055840691137759385,0.867733769754151,False,False,False,False,False,False,False,False,False,False,False,False,False,False,False,False,False,False,False,False,False,False,False,False,False,False,False,False,False,False,False,False,False,False,False,False,False,False,False,False,False,False,True,False,False,False,False,False,False,False,False,False,False,False,11,True,0.9903512623751104,0.5513705997257294,1.8846171083215186,-0.05715248961477618,0.7264602477660462,-1.1972010085282159,-0.27091347592518084,0.39402950714823065,0,Lower-Mid,32.62460799078211,37.29044932755555,63.33115903861126,93.12618272011282,79.05718345582684,90.01050252349432,96.13984910554048,45.29266593139862,41.67912885220927
63.3,10.0,369.3,157.4,15.5,6.276,20.0,333517.0,-28.9,-21.2,12.1,206.4,1171.6,756.6,1136.3,0.4,108.3,DEU,-28.9,2010.0,201060.0,1136.3,3540.0,319.4,20106020.0,-132.3,445.6,745.3,2019.0,-123.9,DE000A0V9A22,103.4,84.1,2019-12-31,22.9,486.2,88.2,551.0,241840,SCHULER AG,286.4,369.3,-11.29224991464664,-33.54995938261576,-11.643052010912612,-2.5433424271759217,-10.90381061339435,-2.5433424271759217,51.50928451993312,-30.58252427184466,1.5329082682023858,1.2091731797614151,0.42451665981077746,0.4494035376388318,22.115056333219528,0.17140536149471972,0.2133766585431898,31.520996927278937,64.57835438716286,-13.23,,6.725844998292933,0.9698702628883579,181.05481198215423,3.557608015028178,102.59702543342426,25.20461145824166,4.385565418757237,3.5006353240152475,44.878798224650055,2.015312857520021,0.22147001934235974,85.4,7.515620874768988,21.144967682363802,,3.1724884917411313,7.401214468010209,,,-6.253609438165164,-5.0490315260556144,-4.547528517110266,3184.6153846153834,-24.67105263157895,-3.157324460998459,-0.025732878769231513,-0.13516281986856016,0.45670439716668,7.146851054548595,0.10521482754379878,9.243769204506657,7.354999848113174,0.6830885575182309,-0.7216541018234701,False,False,False,True,False,False,False,False,False,True,False,False,False,False,False,False,False,False,False,False,False,False,False,False,False,False,False,False,False,False,False,False,False,False,False,False,False,False,False,False,False,False,False,True,False,False,False,False,False,False,False,False,False,False,6,True,1.5544848915636087,0.7324384246436527,1.9167307176467285,-0.17344369291075945,1.8086635618169342,-1.2940563853863796,0.31914958973933044,0.38018454719743117,0,Lower-Mid,19.32316946902412,20.707706433612362,66.3179031700494,90.86113230663382,82.83388797260834,90.80276995293914,99.10931210569342,46.687516621507086,33.38200550088675
