gsubind,xsga,ebit,rect,gvkey,emp,act,dltt,dvt,sic,ceq,fyear,isin,che,naics,xrd,seq,cogs,revt,lct,ib,ggroup,lt,conm,ppent,capx,ivst,gsector,fincf,dlc,dp,invt,loc,xint,oibdp,at,datadate,gind,ebitda,sale,oancf,ivch,roa,roe,ebit_margin,ebitda_margin,net_profit_margin,operating_margin,gross_margin,roc,current_ratio,quick_ratio,cash_ratio,cash_ratio_enhanced,working_capital_ratio,debt_to_equity,total_debt_to_equity,equity_ratio,debt_ratio,interest_coverage,net_debt_to_ebitda,debt_to_assets,asset_turnover,revenue_per_employee,receivables_turnover,days_sales_outstanding,capital_intensity,working_capital_turnover,inventory_turnover,asset_quality,capex_to_revenue,capex_to_depreciation,fcf,fcf_margin,reinvestment_rate,cash_conversion,financial_leverage,rnd_intensity,dividend_payout_ratio,retention_ratio,revenue_growth,asset_growth,employee_growth,fcf_growth,capex_growth,margin_trend,leverage_trend,capex_trend,fcf_trend,margin_volatility,leverage_volatility,cf_to_assets,cashflow_volatility,margin_consistency,growth_quality,ebit_outlier,ebitda_outlier,roa_outlier,roe_outlier,ebit_margin_outlier,ebitda_margin_outlier,net_profit_margin_outlier,operating_margin_outlier,gross_margin_outlier,roc_outlier,current_ratio_outlier,quick_ratio_outlier,cash_ratio_outlier,cash_ratio_enhanced_outlier,working_capital_ratio_outlier,debt_to_equity_outlier,total_debt_to_equity_outlier,equity_ratio_outlier,debt_ratio_outlier,interest_coverage_outlier,net_debt_to_ebitda_outlier,debt_to_assets_outlier,asset_turnover_outlier,revenue_per_employee_outlier,receivables_turnover_outlier,days_sales_outstanding_outlier,capital_intensity_outlier,working_capital_turnover_outlier,inventory_turnover_outlier,asset_quality_outlier,capex_to_revenue_outlier,capex_to_depreciation_outlier,fcf_outlier,fcf_margin_outlier,reinvestment_rate_outlier,cash_conversion_outlier,financial_leverage_outlier,rnd_intensity_outlier,dividend_payout_ratio_outlier,retention_ratio_outlier,revenue_growth_outlier,asset_growth_outlier,employee_growth_outlier,fcf_growth_outlier,capex_growth_outlier,margin_trend_outlier,leverage_trend_outlier,capex_trend_outlier,fcf_trend_outlier,margin_volatility_outlier,leverage_volatility_outlier,cashflow_volatility_outlier,margin_consistency_outlier,growth_quality_outlier,years_available,latest_year,PC1,PC2,PC3,PC4,PC5,PC6,cluster,cluster_name,proximity_score,profitability_score,liquidity_score,leverage_score,efficiency_score,relative_score,overall_score
25503030.0,575.095,1059.3,670.155,318452,0.387,1855.197,138.6,49.706,6799.0,4898.4,2021.0,DE000A12UKK6,431.751,523999.0,84.1,4898.4,2454.5,1136.5,1276.941,1059.9,2550.0,767.0,ROCKET INTERNET SE,42.6,151.34750000000003,33.2,25.0,-80.6045,541.3,5.9,18.9,DEU,3.0,1065.2,5689.9,2021-12-31,255030.0,1065.2,3809.562,320.288,,18.617198896289917,21.637677609015192,93.2072151341839,93.72635283765949,93.26000879894414,93.72635283765949,-115.9700835899692,21.03037522334723,1.4528447281432735,1.438043731072931,0.3381135072019772,0.36411314226734043,10.162849962213745,0.028294953454189125,0.1388004246284501,86.08938645670399,13.480026011001952,353.09999999999997,0.2329600075103267,11.949243396193255,0.19973988998049177,2936.692506459948,1.6958763271183532,215.2279586449626,3.748350197976243,1.965392490523229,129.8677248677249,19.365999402449955,13.316981962164542,25.652118644067798,168.9405,14.864980202375714,47.253565541013096,30.235816104974987,1.161583374162992,7.399912010558732,4.689687706387395,95.31031229361261,118.81016557566424,41.132552832622274,-96.87865467596886,0.0,0.0,-122.01437830990707,-0.02148888102754913,-13.383265110513692,-14.938968264442677,777.5365159611879,0.09091844771087687,5.629062022179652,1.7867720189191225,0.14775142725213203,,False,False,False,False,True,True,True,True,True,False,False,False,False,False,False,False,False,False,False,True,False,False,False,True,False,False,False,False,True,False,False,True,False,False,False,False,False,False,False,False,True,False,True,False,False,True,False,True,True,True,False,False,False,False,8,True,9.249098961610152,2.18390394344209,2.1404147888323375,2.7271510831106758,0.31491510737579853,0.4024553899825799,0,Upper-Mid,0.6427838571939982,0.9230764687811391,86.25106131714786,35.74610915719489,20.957120500049246,75.11348299999824,7.159907827360703
15101010.0,697.0,436.0,551.0,103200,6.781,1285.0,52.0,152.615,2990.0,1897.0,2024.0,DE000A3E5D64,153.0,324191.0,79.0,1897.0,2222.0,3525.0,580.0,302.0,1510.0,710.0,FUCHS SE,813.0,83.0,0.0,15.0,-228.0,60.0,97.0,567.0,DEU,9.0,533.0,2610.0,2024-12-31,151010.0,533.0,3525.0,390.0,2.0,16.704980842911876,15.919873484449129,12.368794326241135,15.120567375886527,8.567375886524822,15.120567375886527,36.9645390070922,22.370446382760388,2.2155172413793105,1.2379310344827585,0.2637931034482759,0.2637931034482759,27.011494252873565,0.027411702688455455,0.05904059040590406,72.68199233716474,27.203065134099617,48.44444444444444,-0.07692307692307693,4.291187739463601,1.3505747126436782,519.8348326205574,6.397459165154265,57.05390070921986,23.06382978723404,5.0,3.9188712522045854,26.97318007662835,2.354609929078014,0.8556701030927835,307.0,8.709219858156029,21.28205128205128,89.44954128440367,1.3758566157090142,2.2411347517730498,50.534768211920536,49.465231788079464,-0.45184975995481436,7.71770532397853,8.115433673469386,-33.26086956521739,0.0,-0.500585552284974,0.0055430427954161,-0.10227467469361243,-0.23684786043372466,1.8049902090443215,0.028183022880020083,14.942528735632186,5.175547287786805,0.8460569672791028,-0.22120291987798313,False,False,False,False,False,False,False,False,False,False,False,False,False,False,False,False,False,False,False,True,False,False,False,False,False,False,False,False,False,False,False,False,False,False,False,False,False,False,False,False,False,False,False,False,False,False,False,False,False,False,False,False,False,False,11,True,1.904183137083017,1.0071898001327924,-0.3391990060857497,0.06141970139547905,0.3169765811069268,2.1262268416982377,0,Upper-Mid,25.10212585254784,33.65880641935941,83.51272971000029,52.06986521539686,59.6759392856653,57.63645873655376,30.9309890392805
35203010.0,125.184,188.839,411.446,358679,4.517,588.601,80.874,24.098,3221.0,790.406,2024.0,DE000A3ENQ51,26.431,327213.0,24.254,790.406,569.503,957.091,435.48,149.685,3520.0,650.0,SCHOTT PHARMA AG & CO KGAA,723.49,145.075,3.249,35.0,-78.156,205.465,64.978,140.445,DEU,12.779,253.817,1442.269,2024-09-30,352030.0,253.817,957.091,225.326,2.142,13.093188579938971,18.937735796540007,19.730516742922042,26.51963083970072,15.639578681650962,26.51963083970072,40.49646271880103,21.67374437609035,1.3516143106457241,1.0291081105906126,0.06069394690915771,0.0681546798934509,10.616674143311682,0.1023195674121907,0.362268252012257,54.802952847215046,45.06787568754511,14.777290867830034,1.0239976045733739,19.853369933070738,0.6636008955333575,211.88642904582687,2.3261643083174945,156.91066993629659,75.59260300222236,6.25055348384611,4.054989497668127,30.360286465284908,15.15791079427139,2.232678752808643,80.251,8.384887121496284,64.38449180298767,119.32175027404297,1.8247191949453827,2.5341372972893907,16.09914153054748,83.90085846945252,6.508888250860778,17.083635052945702,0.8484036615316048,1197.5101050929725,-17.320635789065765,0.9721526029538595,0.020794380238289993,0.556610173744923,0.5613837376784517,1.9277031144388368,0.044542066407044036,15.62302178026429,1.4071708079860712,0.6358118199172683,-0.5066219254178034,False,False,False,False,False,False,False,False,False,False,False,False,False,False,False,False,False,False,False,False,False,False,False,False,False,False,False,False,False,False,False,False,False,False,False,False,False,False,False,False,False,False,False,True,False,False,False,False,False,False,False,False,False,False,5,True,2.0620433332453616,0.5215615672624356,0.6024928464691481,-0.4715342316959121,0.2813187882085066,0.6257939322261212,0,Upper-Mid,38.926593685778855,40.968799372668045,85.58204755398461,85.83538631499773,80.63954500392954,52.540597999145184,44.44386773093436
50203010.0,65.891,254.787,52.84,317079,1.066,119.003,41.794,95.6,7370.0,1432.336,2024.0,DE000A12DM80,57.125,519130.0,43.059,1432.336,142.932,588.798,261.963,162.104,5020.0,640.157,SCOUT24 SE,54.2,0.884,1.649,50.0,-171.725,162.761,47.073,0.0,DEU,5.073,301.86,2072.493,2024-12-31,502030.0,301.86,588.798,257.017,1.759,12.293744779837617,11.31745623931815,43.27239562634384,51.267157836813304,27.53134351679184,51.267157836813304,75.7247816738508,17.28388948057498,0.45427407687345156,0.45427407687345156,0.21806514660467316,0.22435992869221988,-6.897972634889481,0.029178907742317444,0.14281216139229902,69.11174127005496,30.88825872994505,50.224127735068,0.4884052209633605,9.8699971483619,0.28410132145199046,552.343339587242,11.143035579106737,32.75588571972052,9.20519431112198,,,5.305928656936357,0.15013637953933268,0.018779342723004695,256.133,43.500996946321145,0.34394612029554467,100.8752408874864,1.4469321444130427,7.313034351339508,58.97448551547154,41.02551448452846,10.702118538907568,2.628435773942339,1.0426540284360408,27.904700553799433,20.108695652173925,2.7933164819655585,-0.07479711518675228,-0.08761913702092726,0.9961506824352137,11.444048391748495,0.30555334563971004,12.401344660753981,2.909322990334067,0.6553504498423376,0.5786809364117763,False,False,False,False,True,False,True,False,False,False,False,False,False,False,False,False,False,False,False,True,False,False,False,False,False,False,False,False,False,False,False,False,False,True,False,False,False,False,False,False,False,False,False,False,False,False,False,False,False,False,False,False,False,False,11,True,3.6876899596088872,0.50535021393996,1.4966941275335366,-0.18465956411376538,1.0510010964271328,0.4047699751377164,0,Upper-Mid,15.256640939395933,19.998882857524375,57.33083711025222,57.548499632644045,56.315493800177826,52.72390707401853,24.30460698055433
50102010.0,115.0,379.455,426.55,205934,3.196,818.1,424.0,88.2,4812.0,1489.2,2024.0,DE000A0Z2ZZ5,181.6,517312.0,23.308,1489.2,1736.329,2502.3,1149.5,297.6,5010.0,1857.8,FREENET AG,330.81,43.7,0.0,50.0,-306.6,273.1,145.016,46.7,DEU,29.026,524.471,3342.0,2024-12-31,501020.0,524.471,2502.3,370.7,,11.354129263913823,19.983883964544724,15.16424889102026,20.95955720736922,11.893058386284618,20.95955720736922,30.610678176078014,19.833524984319464,0.7117007394519357,0.6710743801652892,0.1579817311874728,0.1579817311874728,-9.916217833632555,0.284716626376578,0.46810367982809564,44.56014362657092,55.58946738479952,13.072934610349341,0.9828951457754576,20.858767205266307,0.7487432675044884,782.9474342928661,5.866369710467707,62.21905846621108,13.220237381608918,,37.180492505353314,18.197187312986234,1.7463933181473046,0.30134605836597345,327.0,13.067977460736122,11.788508227677369,97.69274354007722,2.244157937147462,0.9314630539903288,29.63709677419355,70.36290322580645,-5.6376800663700095,-2.134762364930165,-13.387533875338754,-4.497663551401865,-21.402877697841728,0.23416359208551413,-0.032451088795577857,0.0942780207374616,0.4941639748726735,2.497609395369671,0.4815695622178052,11.092160383004188,1.64079002328772,0.09669018461985812,0.7530993208542217,False,False,False,False,False,False,False,False,False,False,False,False,False,False,False,False,False,False,False,False,False,False,False,False,False,False,False,False,False,False,False,False,False,False,False,False,False,False,False,False,False,False,False,False,False,False,False,False,False,False,False,False,False,False,11,True,1.5743233289196938,-0.2958480217610913,0.4393562128116698,0.10506833078508222,0.31328086902188296,0.27548302651368056,0,Upper-Mid,44.64576769973618,53.49442865314587,64.95601602799051,86.96012336378944,79.39258645874492,51.54240893542021,49.16209311571433
45103010.0,10276.0,8142.0,7828.0,103487,109.121,21401.0,6720.0,2741.0,7372.0,45440.0,2024.0,DE0007164600,11087.0,513210.0,6603.0,45440.0,7884.0,34176.0,19079.0,3124.0,4510.0,28314.0,SAP SE,4337.0,797.0,1478.0,45.0,-3412.0,3433.0,1280.0,0.0,DEU,545.0,9422.0,74122.0,2024-12-31,451030.0,9422.0,34176.0,5220.0,,10.984592968349478,6.875000000000001,23.82373595505618,27.569054307116104,9.140917602996254,27.569054307116104,76.9311797752809,15.609662576687116,1.1217044918496777,1.1217044918496777,0.5811101210755281,0.658577493579328,3.132673160465179,0.14788732394366197,0.2234375,61.30433609454683,38.199185127222684,14.939449541284404,-0.09912969645510507,13.697687596125308,0.4610776827392677,313.19361076236476,4.365866121614716,83.60311329588015,12.690191947565543,14.718346253229974,,25.518739375623973,2.3320458801498125,0.62265625,4423.0,12.941830524344569,15.268199233716476,64.1120117907148,1.631205985915493,19.32057584269663,87.74007682458387,12.259923175416134,9.513891114173113,8.468573937221047,1.411683797698915,-20.263205336217773,1.5286624203821653,-0.4645395458999519,-0.018145112819190283,-0.2241374508052263,0.1373582371713566,2.746373490621218,0.12476026092883238,7.042443539030248,1.930148409512513,0.31471603455531205,-0.4500436442306867,True,True,False,False,False,False,False,False,False,False,False,False,False,False,False,False,False,False,False,False,False,False,False,False,False,False,False,False,False,False,False,False,True,False,False,False,False,False,False,False,False,False,False,False,False,False,False,False,False,False,False,False,False,False,11,True,1.8086370430792447,0.7155007928524387,0.8461715718833488,-0.41265811192187235,0.7605892516901582,0.39227502324068514,0,Upper-Mid,39.79774580290076,48.28550049213581,79.28497744322172,71.7214553350857,67.49793956892283,50.62891640711978,42.87303488843446
25102010.0,4958.0,5712.0,4573.0,354519,39.463,20288.0,7160.0,2100.0,3711.0,23043.0,2024.0,DE000PAG9113,9151.0,336110.0,2033.0,23043.0,26614.0,40083.0,14343.0,3592.0,2510.0,30471.0,DR ING  H C F PORSCHE AG,14330.0,2174.0,2767.0,25.0,-1679.0,4175.0,2935.0,6130.0,DEU,316.0,8647.0,53527.0,2024-12-31,251020.0,8647.0,40083.0,6353.0,343.0,10.6712500233527,15.588248057978562,14.250430357009206,21.572736571613902,8.961405084449767,21.572736571613902,33.60277424344485,18.912028606429825,1.414487903506937,0.9871017220944015,0.6380115735899045,0.830927978804992,11.106544360789881,0.3107234301089268,0.49190643579395044,43.04930222130887,56.92641097016459,18.075949367088608,0.2525731467561004,21.17622881910064,0.748837035514787,1015.7109190887667,8.765143232013996,41.64221739889729,35.75081705461168,6.742304457527334,4.3415986949429035,25.639396939862124,5.423745727615199,0.7407155025553662,4179.0,10.425866327370706,34.22005351802298,111.22198879551821,2.322918022826889,5.07197565052516,58.463251670378625,41.536748329621375,-1.1028867505551432,6.105417566951443,0.5503605371111275,-16.536848412222895,7.837301587301582,0.11399933371381193,0.022737221280166326,-1.1226496373351766,1.4970888140968681,2.0319024190356036,0.06482625871648164,11.868776505315076,2.0989337188704567,0.014689455986969963,0.6251670892980747,True,True,False,False,False,False,False,False,False,False,False,False,False,False,False,False,False,False,False,False,False,False,False,False,False,False,False,False,False,False,False,False,True,False,False,False,False,False,False,False,False,False,False,False,False,False,False,False,False,False,False,False,False,False,7,True,1.266928277517039,0.11454938987642521,0.2602242232143064,0.3923408707821443,0.15691159213649059,0.1224019262981106,0,Upper-Mid,51.562151144376486,60.023897073308085,86.79239490580969,83.3614369718201,70.21579415481139,52.623228507788696,51.49815269281593
25504040.0,1035.488,251.093,151.336,204820,20.221,545.615,467.188,96.6,3851.0,899.131,2024.0,DE0005772206,101.683,456130.0,84.1,899.131,455.587,2264.116,846.714,152.108,2550.0,1455.804,FIELMANN GROUP AG,1001.027,79.716,7.394,25.0,-44.269,406.664,211.838,259.32,DEU,41.865,462.931,2368.947,2024-12-31,255040.0,462.931,2264.116,410.093,,10.599350681969668,16.917223407934994,11.090111990728388,20.446434723309228,6.71820701766164,20.446434723309228,79.87793028272404,18.37733355094967,0.6443911403378236,0.3381247977475275,0.12009131772948127,0.1288239003961196,-12.710246366845693,0.5195994799422998,0.9718850757008711,37.954880375120254,61.453633196521494,5.997683028782992,1.6680001987337205,36.887781786591255,0.9557478491498543,111.96854754957717,14.960855315324839,24.397000860379947,44.21270818279629,,1.7568525374055222,10.680652627517627,3.520844338364289,0.37630642283254184,330.377,14.591876034620135,19.438517604543357,163.32315118302782,2.634707289594064,3.714473993381964,63.50750782338864,36.49249217661136,14.983444044934702,19.249541666792513,23.389065169636304,66.18895752429626,-5.087570991439372,-1.0244609249876622,0.10100085972834867,0.11005620800271869,0.2189692028739411,3.8098689071109475,0.3591593367234257,17.31119353873261,4.742164496181577,0.7953593973621308,0.38282161701463385,False,False,False,False,False,False,False,False,False,False,False,False,False,False,False,False,False,False,False,False,False,False,False,False,False,False,False,False,False,False,False,False,False,False,False,False,False,False,False,False,False,False,False,False,False,False,False,False,False,False,False,False,False,False,11,True,0.9562150045657976,-0.7285650401405497,0.3121907317766675,-0.5512246528720272,0.07005994882927913,0.5923123175060905,0,Upper-Mid,45.14666579636076,63.101265195113484,59.29316735251866,72.16058102471068,81.71296699476687,48.771570895048754,50.1519225092531
30302010.0,4076.0,1356.0,2042.0,100083,22.791,6441.0,0.0,223.0,2844.0,8475.0,2024.0,DE0005200000,2503.0,325620.0,354.0,8475.0,3775.0,9850.0,3696.0,912.0,3030.0,4516.0,BEIERSDORF AG,2719.0,437.0,1296.0,30.0,-1029.0,114.0,315.0,1612.0,DEU,45.0,1671.0,13011.0,2024-12-31,303020.0,1671.0,9850.0,1231.0,,10.42195065713627,10.761061946902654,13.766497461928934,16.96446700507614,9.258883248730964,16.96446700507614,61.6751269035533,16.0,1.7426948051948052,1.306547619047619,0.6772186147186147,1.0278679653679654,21.097532856813466,0.0,0.013451327433628318,65.13719160710168,34.70909230650987,30.133333333333333,-1.4296828246558946,0.8761816924141111,0.7570517254630698,432.18814444298187,4.823702252693438,75.66802030456853,27.604060913705585,3.588342440801457,2.3418114143920596,34.931980631773115,4.436548223350254,1.3873015873015873,794.0,8.060913705583756,35.49959382615759,90.78171091445427,1.535221238938053,3.5939086294416245,24.451754385964914,75.54824561403508,4.265904519953434,3.024784226779631,3.7936059750432793,87.26415094339623,-15.473887814313347,-0.15217338384611181,0.001411245399574809,0.19141476229111393,-0.09660360856517004,0.969901098575644,0.020856717844209276,9.461225117208516,2.0022533568888843,0.2707791238919422,0.011869084333577692,False,False,False,False,False,False,False,False,False,False,False,False,False,False,False,False,False,False,False,False,False,False,False,False,False,False,False,False,False,False,False,False,False,False,False,False,False,False,False,False,False,False,False,False,False,False,False,False,False,False,False,False,False,False,11,True,1.3755465521242272,0.9695116953435213,0.1647885737410612,-0.20482024784281344,0.700983656386479,0.8256019698231111,0,Upper-Mid,51.64853364711155,61.86573433257573,95.0263614309754,64.28376375712833,91.39599426055365,52.32594555001392,53.170335840155644
45301020.0,1412.0,2963.0,2770.0,132740,58.065,9793.0,4595.0,455.0,3674.0,17219.0,2024.0,DE0006231004,2201.0,334413.0,2558.0,17219.0,6760.0,14955.0,5146.0,1780.0,4530.0,11420.0,INFINEON TECHNOLOGIES AG,6476.0,2432.0,395.0,45.0,-615.0,573.0,1865.0,3990.0,DEU,157.0,4828.0,28639.0,2024-09-30,453010.0,4828.0,14955.0,2780.0,10.0,10.346031635182792,10.337417968523143,19.81277164827817,32.283517218321634,11.90237378803076,32.283517218321634,54.79772651287195,13.583020078848445,1.9030314807617568,1.1276719782355227,0.42771084337349397,0.5044694908666926,16.2261252138692,0.26685637958069575,0.300133573378245,60.124306016271525,39.87569398372848,18.872611464968152,0.6145401822700911,18.045322811550683,0.522190020601278,257.55618703177475,5.398916967509026,67.60615178869942,43.3032430625209,3.2182052937378955,1.694235588972431,17.357449631621215,16.262119692410565,1.3040214477211796,348.0,2.3269809428284853,87.4820143884892,93.82382720215998,1.663220860677159,17.10464727515881,25.56179775280899,74.43820224719101,-8.302164449077198,0.70325960828439,-0.8960573476702649,-71.49877149877149,-11.208470244614821,1.045090374696417,0.019441579304853733,0.3902246472647871,0.0763927750024315,4.675615587678315,0.1857166236036557,9.70704284367471,2.8184744444689387,0.5495697063287116,0.034623261573779957,True,True,False,False,False,False,False,False,False,False,False,False,False,False,False,False,False,False,False,False,False,False,False,False,False,False,False,False,False,False,False,False,False,False,False,False,False,False,False,False,False,False,False,False,False,False,False,False,False,False,False,False,False,False,11,True,1.6366463737947428,1.0071635326585844,0.5990075500648809,-0.42483417664624934,0.5391979916895414,0.4478145725523628,0,Upper-Mid,46.41953131698223,53.922030832173796,93.78852335974238,74.22028089223149,71.29088611235159,52.207490005225544,47.46787969930354
25101010.0,216.411,166.266,191.732,285715,4.935,857.25,551.911,38.6,3700.0,523.463,2024.0,DE000SAFH001,311.18,3362.0,40.97,523.463,1376.112,1876.747,511.747,77.349,2510.0,1184.769,SAF HOLLAND SE,357.167,48.505,10.45,25.0,-49.043,233.464,84.585,291.469,DEU,41.016,250.851,1711.869,2024-12-31,251010.0,250.851,1876.747,200.652,6.529,9.712542256446024,14.776402534658612,8.859265526999643,13.366266204235306,4.121439917047956,13.366266204235306,26.67567871428594,15.461225582913482,1.6751441630336865,1.1055873312398508,0.608073911522686,0.6284941582461646,20.182794361017113,1.0543457703791863,1.5003448190225481,30.57844963604108,69.2090925181775,4.05368636629608,1.8903452647188967,45.87821848517615,1.096314612858811,380.29321175278625,9.788386915068951,37.28908584907821,19.031174686838447,5.431926785006209,4.721297976800278,29.37794889679059,2.584525245011714,0.5734468286339186,152.147,8.106953148186728,24.173693758347788,120.68131788820324,3.270276982327309,2.1830326623673835,49.903683305537236,50.096316694462764,-10.892900383159954,3.640405657310253,-6.071564522268746,2.918157650862785,-11.637185069134492,0.10359047867956825,0.03951154439210965,0.03591477668216199,0.5072179833176997,1.0576754382713478,0.2763706036758689,11.721223995527694,3.5884403626109243,0.10551823707414434,-0.08552116181401809,False,False,False,False,False,False,False,False,False,False,False,False,False,False,False,False,False,False,False,False,False,False,False,False,False,False,False,False,False,False,False,False,False,False,False,False,False,False,False,False,False,False,False,False,False,False,False,False,False,False,False,False,False,False,11,True,0.43432562441819317,-0.18171509766142047,-0.0626418513407186,-0.11665969475319946,-0.5894077427812887,0.45702039802686956,0,Upper-Mid,49.510045412467015,69.51311905468684,96.46859362215183,58.06839149938886,77.46221787161718,53.04591230608447,51.13281380660564
25203010.0,2289.476,360.821,408.737,102250,18.623,1852.58,1007.369,96.623,2300.0,1426.972,2024.0,DE000A1PHFF7,210.622,315.0,89.968,1426.972,1280.106,4307.349,1204.131,213.468,2520.0,2332.31,HUGO BOSS AG,1544.336,228.584,0.0,25.0,-404.728,395.753,367.402,1071.561,DEU,56.231,728.223,3782.421,2024-12-31,252030.0,728.223,4307.349,785.511,2.623,9.53941932957754,14.959508665902344,8.37686939228746,16.906524175310615,4.955902110555703,16.906524175310615,70.28088506410788,14.82212229100196,1.5385203104977778,0.6486163050365782,0.17491618436864428,0.17491618436864428,17.14375528266155,0.7059486801422873,0.9832862873272917,37.7264191373726,61.66182981746348,6.416762995500703,1.637547839054795,37.09587060774039,1.138780955372234,231.29189711646887,10.53819204035847,34.63592223430235,35.85351453991771,6.642540893732585,1.1946179452219707,16.374671143164658,5.306837221687864,0.6221631890953234,556.9269999999999,12.929692950350665,29.10003806439375,217.70102072772923,2.650662381602442,2.0887093198159703,45.26345869170087,54.73654130829913,2.6180124689723083,8.9511465241338,-0.613726118048874,285.02226093689507,-8.197353360509252,-1.0818589936119924,0.11202790777277863,0.04268964163199785,-0.07281249008604854,6.533374248348302,0.5095922736971833,20.767413251988607,5.745558804631129,0.30161916401188277,0.2973842866180331,False,False,False,False,False,False,False,False,False,False,False,False,False,False,False,False,False,False,False,False,False,False,False,False,False,False,False,False,False,False,False,False,False,False,False,False,False,False,False,False,False,False,False,False,False,False,False,False,False,False,False,False,False,False,11,True,0.5627939201838841,-0.29923738067049244,-0.11526152754495556,-0.31363274198369634,-0.2133344892016754,0.7519408063082517,0,Upper-Mid,54.08446422341549,70.8654623227286,80.47060197126576,71.44453039892116,73.01818278480087,51.18651380087862,53.904058611524164
30202010.0,464.725,253.274,603.264,102926,4.791,1550.007,426.798,41.25,100.0,1601.531,2025.0,DE0007074007,407.009,111.0,348.951,1601.531,516.311,1676.628,521.392,139.98,3020.0,1074.69,KWS SAAT SE & CO KGAA,623.634,108.116,33.022,30.0,-236.849,56.737,102.887,420.328,DEU,11.651,356.161,2676.221,2025-06-30,302020.0,356.161,1676.628,226.537,,9.463867146995709,8.740386542627023,15.106153541513084,21.242696650658345,8.34890029273041,21.242696650658345,69.20539320588705,12.486830292324372,2.972824669346672,2.166659634209961,0.7806199558105993,0.8439542609015864,38.4353534330685,0.26649374879412263,0.3019204748456321,59.843002502409185,40.15699749759082,21.738391554373017,0.2148635027417376,18.06782773171573,0.6264908615544083,349.95366311834687,2.779260821133036,131.32988355198648,37.195728569485894,1.6299859519839783,1.228352619858777,37.74998402598291,6.44841908879012,1.0508227472858573,118.421,7.063045589122931,47.725537108728375,89.44344859717145,1.6710391494139045,20.81266685275446,29.468495499357054,70.53150450064294,-0.08878994206604762,-9.467631769365848,3.7462104807275853,-6141.887755102017,-20.537997942084374,0.34305048544131467,0.02442768772756635,0.0026673672731636717,0.2807733865456231,2.4249338116019827,0.18664624453625198,8.464809146927701,1.934299544562904,0.2601714579267073,0.05452210288460373,False,False,False,False,False,False,False,False,False,False,False,False,False,False,False,False,False,False,False,False,False,False,False,False,False,False,False,False,False,False,False,False,False,False,False,False,False,True,False,False,False,False,False,True,False,False,False,False,False,False,False,False,False,False,12,True,1.0660853254021723,1.8826096608862581,0.10537930242597886,-0.22069812237219888,0.13404942459111524,0.42282803839392713,0,Upper-Mid,44.370046070461235,66.64871572061082,54.82498838518952,74.8087812511304,79.91989494383577,54.95627187657665,50.54662393899507
20106020.0,1280.105,562.352,1264.576,100368,18.347,2776.052,124.639,189.733,3550.0,2423.749,2024.0,DE0006602006,638.313,3332.0,153.85,2423.749,3288.165,5422.129,2620.045,398.162,2010.0,3608.021,GEA GROUP AG,925.441,237.105,0.0,20.0,-483.943,170.137,169.958,775.678,DEU,49.717,732.31,6032.165,2024-12-31,201060.0,732.31,5422.129,710.118,5.804,9.322556660834046,16.42752611759716,10.371424213625312,13.505949415810653,7.3432778895522395,13.505949415810653,39.356570085293065,22.06696939398553,1.0595436337925495,0.7634884133669461,0.24362673160193812,0.24362673160193812,2.58625219966629,0.0514240542234365,0.12161985420107446,40.18041615240962,59.81303561822331,11.311060603013054,-0.469114172959539,4.886736354194555,0.8988694772109185,295.5321850983812,4.287705128042917,85.12712257491478,17.06785286738844,34.75567762984993,4.23908503270687,31.54570539764745,4.3729132966036035,1.3950799609315243,473.01300000000003,8.723750393987308,33.389521178170384,126.27642473041799,2.4887746214645166,2.8374463241284005,47.652211913743656,52.347788086256344,0.9051471380523424,1.3086461843609065,-2.269216427848497,54.981553442592876,3.828570427654343,0.2639485037882495,-0.00017460257538194458,0.23724610233001303,0.4389229556919149,2.46568109363861,0.07253192133962512,11.77219124476867,3.321121910068246,0.1260541894012099,-0.30475443608528524,False,False,False,False,False,False,False,False,False,False,False,False,False,False,False,False,False,False,False,False,False,False,False,False,False,False,False,True,False,False,False,False,False,False,False,False,False,False,False,False,False,False,False,False,False,False,False,False,False,False,False,False,False,False,11,True,0.8585896551072795,-0.2674811440876874,0.09584033239416923,-0.3680422991882093,0.1350184973081138,0.38247813793655555,0,Upper-Mid,58.92092385871434,71.60111921279167,74.06081966092646,76.62695823228808,91.87899241708001,48.5255001727961,59.33313807183488
20106020.0,662.307,237.066,709.185,101937,7.498,1642.446,39.285,88.2,3540.0,1419.503,2024.0,DE0005878003,137.938,3335.0,85.737,1419.503,1073.407,2235.785,964.615,170.43,2010.0,1094.563,DMG MORI AG,456.516,37.147,1.774,20.0,-176.324,35.149,70.849,714.117,DEU,12.437,307.915,2544.259,2024-12-31,201060.0,307.915,2235.785,171.974,4.81,9.317683459113244,12.006314886266532,10.603255679772431,13.772120306737904,7.622825987293054,13.772120306737904,51.98970384003828,16.25088772323326,1.7026958942168635,0.9623829196104144,0.14299798365150862,0.14483705934491997,26.641587982984433,0.02767517927049115,0.052436662691096814,55.79239377752029,43.0208952783502,19.06134919996784,-0.20623873471574944,2.92556693324068,0.8787568404002893,298.18418244865296,3.152611800870013,115.77702015175878,20.41860017846081,3.298440171665209,1.5031248380867561,33.29547031178822,1.661474605116324,0.5243122697568067,134.827,6.0304099007731065,21.600358193680442,72.54266744282182,1.7923590157963738,3.8347604979906387,51.751452209118106,48.248547790881894,-10.989016676433872,-8.07479290932811,-0.22621423819028097,12.482376006340456,-47.39353943324883,0.16743301524572757,0.00034554890007888414,-0.2301677019405922,0.49366690707914274,1.8554738142197378,0.015856381169796863,6.759296125119336,2.103300434638087,0.08957054621112989,0.34221558686317843,False,False,False,False,False,False,False,False,False,False,False,False,False,False,False,False,False,False,False,False,False,False,False,False,False,False,False,False,False,False,False,False,False,False,False,False,False,False,False,False,False,False,False,False,False,False,False,False,False,False,False,False,False,False,11,True,0.9800944850272068,0.49958817149031964,0.0025544150131053397,-0.33500519473630336,0.48500700123915846,0.7631261492636404,0,Upper-Mid,67.51359939111555,71.89492899469022,91.9936847792576,83.3170200069163,93.06143417530221,50.47582480360472,63.67534268237123
30301010.0,7259.0,3018.0,4144.0,101942,47.15,11031.0,2642.0,850.368,2840.0,21732.0,2024.0,DE0006048432,3488.0,3256.0,634.0,21732.0,10009.0,21586.0,9089.0,2007.0,3030.0,13445.0,HENKEL AG & CO KGAA,3802.0,626.0,599.0,30.0,171.0,1647.0,655.0,2568.0,DEU,113.0,3673.0,35267.0,2024-12-31,303010.0,3673.0,21586.0,3120.0,473.0,8.55757507017892,9.235229155162894,13.98128416566293,17.015658297044382,9.297692949133697,17.015658297044382,53.631983693134444,12.382046442930992,1.2136648696226207,0.9311255363626362,0.383760589723842,0.44966442953020136,5.506564210168146,0.12157187557518866,0.197358733664642,61.62134573397226,38.123458190376276,26.707964601769913,0.21807786550503674,12.161510760767856,0.6120736098902657,457.81548250265115,5.208976833976834,70.07134253682942,17.613267858797368,11.115345005149331,3.8975856697819315,21.64062721524371,2.90002779579357,0.9557251908396946,2494.0,11.553784860557768,20.064102564102566,103.37972166998013,1.6228142830848518,2.9370888538867783,42.37010463378177,57.62989536621823,0.3346657990145996,11.154185577407972,-1.2565445026178068,-5.780128447298827,2.960526315789469,-0.48889910488203714,0.0008631799503090962,-0.03402060392359553,-0.03899096897869586,2.383246050438567,0.0606688304581914,8.846797289250574,2.0605702008432156,0.4629066347167239,-0.49276762579012523,True,False,False,False,False,False,False,False,False,False,False,False,False,False,False,False,False,False,False,False,False,False,False,False,False,False,False,False,False,False,False,False,True,False,False,False,False,False,False,False,False,False,False,False,False,False,False,False,False,False,False,False,False,False,11,True,1.2388782885301477,0.5448019037521983,0.3889943546375745,-0.24570471154785267,0.922894462369984,0.4847616449086557,0,Upper-Mid,56.4567170724219,72.20768475277649,80.39223804400287,71.06150842900432,78.85009985460349,50.0721804602495,55.95788960061501
25102010.0,4148.0,6281.0,5598.0,101120,87.736,38217.0,0.0,88.2,3711.0,33839.0,2023.0,DE0006757008,13436.0,336111.0,4024.0,33839.0,58576.0,69865.0,24380.0,6260.0,2510.0,39608.0,AUDI AG,0.0,3251.0,0.0,25.0,-4312.0,0.0,0.0,7966.0,DEU,39.6845,6281.0,73447.0,2023-12-31,251020.0,6281.0,69865.0,11135.0,,8.55174479556687,18.499364638434944,8.99019537679811,8.99019537679811,8.960137407858012,8.99019537679811,16.158305303084518,18.56142320990573,1.5675553732567677,1.2408121410992616,0.5511074651353568,0.5511074651353568,18.839435239015888,0.0,0.0,46.07267825779133,53.92732174220867,158.27338129496403,-2.1391498169081355,0.0,0.9512301387394992,796.3093826935351,12.480350125044659,29.245974379159808,0.0,5.049143600491436,7.353251318101933,25.915285852383352,4.653259858298147,,7884.0,11.28462033922565,29.196228109564437,177.28068778856868,2.1704837613404653,5.759679381664639,1.4089456869009584,98.59105431309904,13.136203909121825,3.7211207140032787,-0.2954679758170764,5.99623554719011,25.521235521235532,0.022936803339705384,-0.009798155603996897,-0.24190780815226462,0.8480422293589029,2.0839654010299893,0.034364537281490456,15.160591991504077,2.5819153264695776,0.0011104428507367288,-0.12089792981366534,True,True,False,False,False,False,False,False,False,False,False,False,False,False,False,False,False,False,False,True,False,False,False,False,False,False,False,False,False,False,False,False,True,False,False,False,False,False,False,False,False,False,False,False,False,False,False,False,False,False,False,False,False,False,10,True,0.8644689495498773,0.2579414759361138,-0.24291575149335523,0.20760046348923583,0.17681134752875136,0.3847144215180122,0,Upper-Mid,67.23001469372716,75.06637709114729,93.32426579653036,89.5856337260328,78.5114153988612,51.87818288533859,62.64055697815278
15101050.0,998.114,709.061,1070.501,281772,12.956,3106.288,1648.716,167.7,2844.0,3981.18,2024.0,DE000SYM9999,709.492,325620.0,275.649,3981.18,2739.073,4998.513,1925.204,478.224,1510.0,4305.061,SYMRISE AG,1749.839,227.423,0.0,15.0,-281.876,897.068,296.001,1283.31,DEU,79.893,1005.062,8324.708,2024-12-31,151010.0,1005.062,4998.513,894.914,,8.517548002884906,12.012117010534565,14.185438749484097,20.107219887194454,9.567325322550927,20.107219887194454,45.20224314711195,12.594566578139277,1.6134851163824717,0.9469012115079753,0.3685282183082936,0.3685282183082936,14.187692829586334,0.4141274697451509,0.6394546340532203,47.82365940042581,51.71425832593767,8.875132990374626,1.8270435057737728,30.58106062098514,0.6004430425667783,385.80680765668416,4.669321186995622,78.16982070467758,35.007191138644636,4.232140135671975,2.134381404337222,21.3820472742107,4.549813114420228,0.7683183502758437,667.491,13.353791417567585,25.41283296495529,126.21114403415221,2.091015226641348,5.514620048002276,35.06724882063635,64.93275117936365,5.672629855859812,6.106533676845904,2.370417193426033,41.82653796221734,-8.617017856855835,-0.16395144603314366,-0.03824117939882956,-0.01516358334860434,0.06055689941465871,0.9746357666051831,0.15240703317274348,10.750094778099124,1.6883816613494942,0.311270883538305,-0.530394311251048,False,False,False,False,False,False,False,False,False,False,False,False,False,False,False,False,False,False,False,False,False,False,False,False,False,False,False,False,False,False,False,False,False,False,False,False,False,False,False,False,False,False,False,False,False,False,False,False,False,False,False,False,False,False,11,True,1.0520895916568074,0.42027580367762396,0.42063992771126846,-0.2922900502259906,0.33984376482763157,0.13710562952668498,0,Upper-Mid,65.00957970325715,71.62716683415114,90.47838907595064,95.2061834444723,78.0100588288828,50.62865514336209,61.55139241691273
20106020.0,1026.1,243.2,784.8,101390,12.398499999999999,1938.0,37.5,46.635,3560.0,1092.5,2024.0,DE0006292030,369.3,3339.0,69.0,1092.5,1359.5,2967.4,983.0,118.1,2010.0,1532.5,KSB SE & CO KGAA,667.8,135.0,0.0,20.0,-88.8,20.8,90.9,764.8,DEU,20.5,334.1,2867.9,2024-12-31,201060.0,334.1,2967.4,268.6,1.3,8.480072526936084,10.810068649885583,8.195726898968795,11.259014625598168,3.9799150771719347,11.259014625598168,54.18548224034508,21.522123893805308,1.9715157680569684,1.1934893184130213,0.37568667344862666,0.37568667344862666,33.299626904703786,0.034324942791762014,0.05336384439359267,38.0940758045957,53.4363122842498,11.863414634146341,-0.9308590242442382,2.0328463335541684,1.0346943756755815,239.335403476227,3.7810907237512748,96.53299184471253,22.504549437217765,3.1072251308900523,1.7775889121338913,40.24198891174727,4.549437217766394,1.4851485148514851,133.60000000000002,4.5022578688414105,50.26061057334326,110.44407894736842,2.6250800915331807,2.3252679113028236,39.48772226926334,60.51227773073666,5.1916253655244216,7.419266998998819,-22.69297917446067,-23.149048279194417,26.806999746386005,0.4410495948978004,-0.02547266617184261,0.07613679636297159,0.2430585178199154,1.8354355116224006,0.09722052204035422,9.365737996443391,3.0125366934278937,0.635168979838396,-0.3195692048150439,False,False,False,False,False,False,False,False,False,False,False,False,False,False,False,False,False,False,False,False,False,False,False,False,False,False,False,False,False,False,False,False,False,False,False,False,False,False,False,False,False,False,False,False,False,False,False,False,False,False,False,False,False,False,11,True,0.3882750050816667,0.22642513515279822,-0.2593521747622726,-0.32780838296942877,-0.1914786753883122,0.4671434342670816,0,Upper-Mid,62.817933457525044,78.77536502166693,91.63017547212884,72.28469245433995,80.64650317776567,49.252550340845616,60.20769110944225
45203010.0,165.76,147.082,232.805,218000,4.071,588.719,463.899,21.75,3827.0,960.337,2024.0,DE000A2NB601,85.573,333310.0,99.441,960.337,669.586,1115.787,260.817,91.0,4520.0,772.813,JENOPTIK AG,419.917,83.235,0.676,45.0,-62.385,17.217,73.053,267.009,DEU,22.468,220.135,1740.009,2024-12-31,452030.0,220.135,1115.787,167.12,,8.452944783618936,9.475840251911569,13.181906582528743,19.729123927774744,8.15567845834375,19.729123927774744,39.989800920785065,10.32708062427856,2.257210994682095,1.233470210914166,0.3280959446661835,0.3306878002584187,18.84484505539914,0.4830585513210467,0.500986632817438,55.19149613593952,44.414310500692814,6.546288054121417,1.7968201331001432,27.650201809300984,0.6412535797228636,274.0817980840089,4.792796546465927,76.15595539291996,37.634154188926736,3.402806326280413,2.50772820391822,18.297491564698802,7.459757104178485,1.1393782596197282,83.885,7.518011950309512,49.80552896122546,113.62369290599803,1.8118733319657578,8.912184852485286,23.9010989010989,76.0989010989011,4.665737377679058,4.3851745023132604,-11.806759098786824,-5.059136438232148,5.848466351289483,0.4407378857090055,0.03502205472110263,0.383648736051978,0.007218571883573462,1.6762282502380685,0.18782838723287446,9.604548022452757,2.5902597818907727,0.7604788523854166,0.32283116788596705,False,False,False,False,False,False,False,False,False,False,False,False,False,False,False,False,False,False,False,False,False,False,False,False,False,False,False,False,False,False,False,False,False,False,False,False,False,False,False,False,False,False,False,False,False,False,False,False,False,False,False,False,False,False,11,True,0.93362214336754,0.997700339601952,0.26177142124474834,-0.3596530186780522,0.3597564842611381,0.40149198980077283,0,Upper-Mid,64.37595000212573,75.1845695066465,82.24662776546691,85.14445607266502,80.22224972228823,52.220793029369965,61.335076967789334
25203020.0,5.4,597.3,1505.3,102175,19.599,4305.2,1366.4,90.8,3021.0,2827.7,2024.0,DE0006969603,368.2,316210.0,92.0,2827.7,4269.0,8817.2,2870.9,281.6,2520.0,4312.0,PUMA SE,1882.5,263.0,0.0,25.0,-697.8,352.2,370.2,2013.7,DEU,127.4,967.5,7140.6,2024-12-31,252030.0,967.5,8817.2,694.8,,8.364843290479792,9.95862361636666,6.774259402077757,10.972871206278636,3.1937576554915394,10.972871206278636,51.583269065009304,14.241434395937148,1.4995994287505658,0.7981817548503953,0.12825246438399107,0.12825246438399107,20.086547348962267,0.48321957774870045,0.6077731018141954,39.60031369912892,60.38708231801249,4.688383045525902,1.395762273901809,24.068005489734755,1.2347981962300087,449.8800959232614,5.857437055736399,62.31394320192351,21.350315292836726,6.147388970229382,2.119978149674728,26.237290983950928,2.9828063330762595,0.7104267963263101,431.79999999999995,4.897246291339654,37.852619458837076,116.3234555499749,2.5252325211302473,1.0434151431293381,32.24431818181818,67.75568181818181,2.5053187160677615,7.5326787542919105,4.9140838284888355,22.253680634201565,-12.450066577896134,0.391754667762913,0.0851279479341244,0.08907412823081952,0.46996621398637134,1.9389715021338014,0.31323871007127524,9.730274766826316,3.671225203856146,0.44903293123096777,-0.052961010477667735,False,False,False,False,False,False,False,False,False,False,False,False,False,False,False,False,False,False,False,False,False,False,False,False,False,False,False,False,False,False,False,False,False,False,False,False,False,False,False,False,False,False,False,False,False,False,False,False,False,False,False,False,False,False,11,True,0.336000187157843,-0.266720872953017,-0.35539028088340646,-0.05283294778795431,-0.07221666616194414,0.8038956506720224,0,Upper-Mid,56.492858364636525,77.98313623539472,84.25780769899221,75.59851466649323,67.3127738399105,50.47740961399743,55.85053813556946
45102010.0,839.448,351.327,1526.454,238136,13.952,2638.103,568.761,88.2,7370.0,1911.446,2024.0,DE0005158703,716.202,541512.0,5.928,1911.446,5027.075,6305.762,1608.168,245.498,4510.0,2302.211,BECHTLE AG,476.89,88.666,73.087,45.0,-145.969,243.49,140.32,377.231,DEU,23.124,491.647,4217.281,2024-12-31,451020.0,491.647,6305.762,558.151,,8.330651905813248,12.843574968897892,5.57152331470804,7.7967896663400875,3.89323288763515,7.7967896663400875,20.278072657991213,14.165228950648071,1.64043992916163,1.4058680436372322,0.44535272434223294,0.49080009053780455,24.4217779180472,0.29755535861332205,0.42494059471206613,45.32413182806647,54.58993602750207,15.193175921120915,0.19536171277359565,19.260063533826653,1.4952197873463968,451.9611525229358,4.130987242327643,88.35660305606207,7.562765610246629,6.122485399564049,13.326251023908426,53.17777022683573,1.4061107920026161,0.6318842645381985,469.48499999999996,7.445333331641758,15.885665348624297,158.8693724080415,2.2063301814437866,0.09400925693040746,35.92697292849636,64.07302707150365,-1.8213557665315405,10.8880205532778,-2.5289925946625713,31.194931997216724,-12.366324695091823,0.17938117558220817,0.036557985066390936,0.03815598229389945,0.47202518168333363,0.7092724602242448,0.1630064865436234,13.234854400264057,3.544531465357436,0.7035909137046608,-0.335848058177192,False,False,False,False,False,False,False,False,False,False,False,False,False,False,False,False,False,False,False,False,False,False,False,False,False,False,False,False,False,False,False,False,False,False,False,False,False,False,False,False,False,False,False,False,False,False,False,False,False,False,False,False,False,False,11,True,0.3270002468295931,0.07398244293625371,-0.814434529723696,0.04936089496561834,-0.19204259355305497,1.229937937245543,0,Upper-Mid,48.413957120200116,77.08824975709243,90.77512828923763,88.85421454231836,51.70343492969896,52.656956235695006,51.42416949318522
35202010.0,5895.0,4086.0,4900.0,220301,59.02,13450.0,6997.0,284.0,2834.0,29912.0,2024.0,DE0006599905,3075.0,325412.0,2279.0,29912.0,6826.0,21156.0,11294.0,2777.0,3520.0,21580.0,MERCK KGAA,10025.0,1702.0,558.0,35.0,-985.0,3273.0,1806.0,4484.0,DEU,267.0,5892.0,51567.0,2024-12-31,352020.0,5892.0,21156.0,4586.0,,7.923672115888068,9.2838994383525,19.313669880884856,27.850255246738513,13.126299867649841,27.850255246738513,67.73492153526186,11.070470616922702,1.190897821852311,0.7938728528422171,0.27226846112980346,0.3216752257836019,4.180968448814164,0.2339194971917625,0.3433404653650709,58.006089165551614,41.848468982100954,15.303370786516854,1.2211473183978276,19.915837648108287,0.41026237710163477,358.4547610979329,4.317551020408163,84.53866515409341,47.38608432595954,9.812615955473099,1.5223015165031222,15.465316966276882,8.044999054641709,0.9424141749723145,2884.0,13.632066553223671,37.112952464020935,112.23690651003426,1.7239569403583845,10.772357723577237,10.2268635217861,89.7731364782139,0.7764492926213507,6.334673677698732,-6.180453996312075,45.877592311583214,-5.810736026563368,0.48009625781099513,-0.04695215369896828,0.40790498000839015,-0.24171394464961865,2.6364905768608735,0.2329913084873707,8.893284464870945,1.5872687760401074,0.36475132640648655,0.2689354965133424,True,True,False,False,False,False,False,False,False,False,False,False,False,False,False,False,False,False,False,False,False,False,False,False,False,False,False,False,False,False,False,False,True,False,False,False,False,False,False,False,False,False,False,False,False,False,False,False,False,False,False,False,False,False,11,True,1.5133986881663521,0.5319776350559634,0.7306120477339099,-0.3869596942494865,0.8650173563865283,0.1283158306555312,0,Upper-Mid,47.243622550702256,60.88946849202195,77.65822846635426,78.74610481786725,64.29225785411926,49.59560400846188,48.593791878589904
20106020.0,1587.532,375.33,1910.958,103269,19.788,3198.498,94.55,82.142,3560.0,1921.706,2024.0,DE0006335003,442.483,333993.0,219.539,1921.706,2665.788,5352.733,2392.927,276.919,2010.0,2827.932,KRONES AG,832.211,120.727,0.0,20.0,-114.995,42.073,137.965,664.752,DEU,10.421,513.295,4749.469,2024-12-31,201060.0,513.295,5352.733,452.17,2.973,7.90256763440292,14.410060644031915,7.011932035466742,9.589400405363016,5.173413282523152,9.589400405363016,50.197628015445574,18.615195689436263,1.3366467092393541,1.0588480133326257,0.18491287030486095,0.18491287030486095,16.96128556687074,0.049201074461962445,0.07109464194835213,40.46149158990195,59.54206670261454,36.01669705402553,-0.5958756660399965,2.87659525728034,1.1270171465483827,270.50399231857693,2.8010730743428165,130.307203815322,15.547403541331128,6.644644606124104,4.01019929236768,49.55166567041495,2.2554272742541053,0.8750552676403436,331.443,6.192033116540652,26.699471437733596,120.47265073402073,2.47148575276343,4.101437527334166,29.662825591598992,70.33717440840101,12.32308441606813,6.083389973306419,6.887052341597788,1528.9526711554522,2.9435088467277826,-0.12255632355370764,0.00998748349980334,0.022541713268301386,0.21021302451786922,1.9361907124627618,0.04549506508788372,9.520432705213993,3.7945051787778494,0.044072518531728284,0.8244201419566822,False,False,False,False,False,False,False,False,False,False,False,False,False,False,False,False,False,False,False,False,False,False,False,False,False,False,False,False,False,False,False,False,False,False,False,False,False,False,False,False,False,False,False,True,False,False,False,False,False,False,False,False,False,False,11,True,0.43216990412275264,-0.1298606675163569,-0.33591288514216044,-0.3015951233598965,-0.002376666930220324,0.624012370535834,0,Upper-Mid,62.70551372243979,82.22273374424415,85.4483282266544,77.22149797299768,74.33478159981607,49.04010416822415,60.399119275096936
20304040.0,983.991,514.314,693.228,103533,7.864,5240.0,2757.739,127.078,7510.0,2128.658,2024.0,DE0007231326,163.577,5321.0,10.105,2128.658,886.577,4002.172,1595.496,243.913,2030.0,4421.998,SIXT SE,1124.128,89.925,0.0,20.0,-832.872,327.736,222.954,175.534,DEU,154.362,737.268,6550.656,2024-12-31,203040.0,737.268,4002.172,1079.847,0.003,7.851335805146843,11.458533968350013,12.85087197651675,18.421697018518945,6.094515677986853,18.421697018518945,77.84760375116312,10.525423947337885,3.2842451500975245,3.1742266981553073,0.10252423070944709,0.10252423070944709,55.63571037770873,1.2955293898785056,1.4494930608862486,32.495340924634114,67.50465907536588,3.3318692424301317,3.9631423037484335,47.10177118139008,0.6109574369345605,508.92319430315365,5.773240550006636,63.222725060292255,28.08794824410345,1.0981390060211211,5.050742306333816,13.07968240127401,2.246904930622672,0.40333432008396347,989.922,24.734619101827708,8.327568627777824,209.9587022713751,3.077364236058587,0.25248789907080454,52.09972408194725,47.90027591805275,10.54169455178815,1.5664001758860957,-9.97137950772753,-754.143566090226,46.78756814991347,0.591288928605766,-0.07683017051151256,-0.1037442110480408,2.9388099158284624,5.450365938236021,0.3931101754976629,16.48456276745413,8.727931700986776,0.12946156599137126,0.31510746201486417,False,False,False,False,False,False,False,False,False,False,False,True,False,False,False,False,False,False,False,False,False,False,False,False,False,False,False,False,False,False,False,False,False,False,False,False,False,False,False,False,False,False,False,True,False,False,False,False,True,False,False,False,False,False,11,True,0.2894387597855875,1.8241499750636276,0.061640061350899916,0.06856573862440417,-1.0788118365451609,-0.4606219287068673,0,Upper-Mid,32.11408884457752,80.80075639916096,38.02418080673214,60.62675290594275,78.37976327633946,58.370024214183935,46.82542659970839
15102010.0,3621.3,2864.9,2674.3,100373,50.692,9201.2,6713.2,546.2,3241.0,18795.6,2024.0,DE0006047004,3233.0,327310.0,182.8,18795.6,7667.1,21201.9,7258.7,1745.7,1510.0,17326.8,HEIDELBERG MATERIALS AG,13372.7,1323.1,12.9,15.0,-1450.1,1605.2,1305.3,2857.3,DEU,272.2,4170.2,37301.7,2024-12-31,151020.0,4170.2,21201.9,3231.7,,7.680347008313294,9.287812041116007,13.512468222187636,19.668991929968538,8.233696036675958,19.668991929968538,63.83767492536047,11.23102615567961,1.2676099025996392,0.8739719233471559,0.4453965586124237,0.44717373634397345,5.2075374580783205,0.3571686990572262,0.44257166570899575,50.38805201907688,46.45042987316932,10.524981631153564,1.2194618963119275,22.300324113914378,0.5683896444397978,418.24942791762015,7.928018546909471,46.03924648262656,63.073120805210856,10.91474903474903,2.683337416442096,15.836543642783038,6.240478447686291,1.0136367118670038,1908.6,9.002023403562887,40.94130024445338,112.8032392055569,1.9845974589797613,0.8621868794777826,31.28830841496248,68.71169158503753,-0.02122000905386834,5.159635200090196,-0.5980743965331325,-1.272501551831151,4.025473700762627,0.19303997330217662,-0.01748493157396788,-0.06011296676448384,0.4297125882430861,1.3860037580955615,0.12919145131074974,8.663680207604479,1.6178022369055896,0.2133822877909015,-0.14491067451900302,True,False,False,False,False,False,False,False,False,False,False,False,False,False,False,False,False,False,False,False,False,False,False,False,False,False,False,False,False,False,False,False,True,False,False,False,False,False,False,False,False,False,False,False,False,False,False,False,False,False,False,False,False,False,11,True,0.9503301452447981,0.29911406606410423,0.4567387447537895,-0.28594179884151977,0.5976914989747232,0.11989983293387586,0,Upper-Mid,65.40704618782246,78.89220000483787,80.9309056979385,97.58285737939958,75.54314511422251,49.34703433922795,63.0310159811699
20301010.0,372.0,5322.0,12949.0,241456,482.638,20147.0,18764.0,2132.0,4210.0,23793.0,2024.0,DE0005552004,4235.0,492110.0,92.0,23793.0,70933.0,84186.0,21171.0,3332.0,2030.0,45665.0,DEUTSCHE POST AG,30769.0,2936.0,616.0,20.0,-6347.0,5387.0,4625.0,1146.0,DEU,1034.0,9947.0,69875.0,2024-12-31,203010.0,9947.0,84186.0,8722.0,,7.6164579606440075,14.004118858487791,6.321716199843204,11.815503765471695,3.957902739172784,11.815503765471695,15.742522509680946,12.50558075052283,0.951631949364697,0.8975012989466723,0.20003778753955884,0.2291341929998583,-1.465474060822898,0.7886353129071576,1.0150464422309082,34.05080500894454,65.35241502683363,5.147001934235977,2.0022117221272744,34.56314847942755,1.204808586762075,174.42886801287924,6.501351455710866,56.14217328296866,36.54883234742118,,61.896160558464224,24.592486583184257,3.487515738958972,0.6348108108108108,5786.0,6.872876725346257,33.662004127493695,163.8857572341225,2.936788130962888,0.10928182833250183,63.985594237695075,36.014405762304925,2.9697399642848454,4.58137516089443,-18.801943485487783,-1.5484090522375316,-13.16178645371192,0.40330400428408303,0.06452802795712036,0.07618462731549844,0.6939544352493967,1.8189449759321399,0.3326216133116856,12.482289803220036,3.202911638225857,0.5407775201877482,0.18620537105265988,True,True,False,False,False,False,False,False,False,False,False,False,False,False,False,False,False,False,False,False,False,False,False,False,False,False,False,False,False,False,False,False,True,False,False,False,False,False,False,False,False,False,False,False,False,False,False,False,False,False,False,False,False,False,11,True,0.22091794829548417,-0.577678250731724,-0.22064177866382909,-0.3508050841359376,-0.2313163880972154,0.6554432424992979,0,Upper-Mid,50.02735563377223,82.57507678939537,73.06051078829428,64.38857870393896,67.82678566364912,50.02655674136804,53.13883333132923
20107010.0,1519.7,883.6,2610.5,269835,18.122,5088.9,2565.6,303.209,5160.0,4726.7,2024.0,DE000A1DAHH0,770.5,4246.0,84.1,4726.7,12210.9,16237.4,3478.2,536.2,2010.0,6906.0,BRENNTAG SE,2135.6,342.2,7.2,20.0,23.0,946.3,418.9,1518.4,DEU,148.6,1302.5,11668.0,2024-12-31,201070.0,1302.5,16237.4,906.6,,7.572848817278026,11.344066685002224,5.441757916907879,8.021604444061243,3.302252823727937,8.021604444061243,24.797689285230394,12.11689041866078,1.4630843539761946,1.0265367143925017,0.2215226266459663,0.2235926628716003,13.80442235173123,0.5427888378784352,0.7429919394080436,40.50994172094617,59.18752142612272,5.946164199192463,2.1047216890595006,30.09856016455262,1.3916181007884814,896.0048559761616,6.220034476153994,58.6813467673396,13.15235197753335,10.080958589433166,8.04195205479452,28.97668837847103,2.1074802616182393,0.8169014084507042,564.4000000000001,3.4759259487356355,37.74542245753364,102.60298777727479,2.468529841115366,0.517940064296008,56.54774337933607,43.45225662066393,-3.4356025239219434,12.86734121379791,2.332147495623693,-57.968424188263334,6.5711616318903765,0.029577388059669456,-0.017586809929596364,0.07960830878247982,0.20501301825634885,0.577573490321878,0.08905949424554,7.769969146383271,3.933069490187494,0.02884681176873489,0.20239835109554938,False,False,False,False,False,False,False,False,False,False,False,False,False,False,False,False,False,False,False,False,False,False,False,False,False,False,False,False,False,False,False,False,False,False,False,False,False,False,False,False,False,False,False,False,False,False,False,False,False,False,False,False,False,False,11,True,0.24904412179885185,-0.2752512862139634,-0.6722182950593563,0.4754949643928921,-0.0881479585675198,0.8647795617399829,0,Upper-Mid,49.140464485480024,81.03794339328448,88.84780700018283,77.47525301284483,53.921897542243435,52.59674449271917,51.699584405469906
20303010.0,19.5,2524.6,2599.0,100431,14.608,11025.8,5086.7,1441.2,4412.0,20653.8,2024.0,DE000HLAG475,7512.7,483111.0,115.2,20653.8,14028.7,19111.8,7162.0,2385.5,2030.0,12893.9,HAPAG-LLOYD AG,16425.6,2166.4,2032.1,20.0,-3083.0,1521.6,2071.7,630.6,DEU,335.7,4596.3,33617.1,2024-12-31,203030.0,4596.3,19111.8,4364.9,233.6,7.509868489548474,11.54993270003583,13.209640117623668,24.04954007471824,12.481817515880241,24.04954007471824,26.59665756234368,9.807890289621414,1.539486177045518,1.451438145769338,1.0489667690589222,1.3327003630270873,11.493555363193135,0.2462839767984584,0.3199556498077835,61.43837511266588,38.35518233280087,7.5204051236222815,-0.19676696473250235,19.657555232307367,0.568514238289442,1308.3105147864183,7.353520584840323,49.63608869912829,85.94480896618842,4.946374035923185,22.246590548683795,30.079037156685146,11.335405351667557,1.045711251629097,2198.4999999999995,11.503364413608343,49.63229398153452,172.894715994613,1.6276472126194694,0.6027689699557341,60.41500733598827,39.58499266401173,6.59416046180874,15.87148943210488,-10.35286897821418,-32.5902986447538,27.091399741874934,3.2416051113864066,-0.07634187191093861,0.36406750216448686,3.3951929134376515,17.218849594851257,0.32090091521625863,12.984165796573768,15.308691714569363,0.3898563721220257,0.32417693341940584,False,True,False,False,False,False,False,False,False,False,False,False,False,False,False,False,False,False,False,False,False,False,False,False,False,False,False,False,False,False,False,False,True,False,False,False,False,False,False,False,False,False,False,False,False,False,False,False,True,True,False,True,False,False,11,True,1.2853654129849534,0.900168273109487,0.17511611751893227,0.6849008383879613,0.8707172355782792,0.10172883079831489,0,Upper-Mid,46.94016151484296,71.80349973220409,87.75602197753506,71.52249152286657,56.16060734336893,54.08890253163188,48.71310480617
50102010.0,545.326,590.688,1382.958,326410,3.281,1844.042,392.741,8.8,4813.0,6093.97,2024.0,DE0005545503,8.3,517.0,84.1,6093.97,2561.735,4064.254,730.556,212.764,5010.0,2036.103,1&1 AG,801.586,290.956,4.161,50.0,-129.677,20.218,281.453,119.568,DEU,20.477,872.141,8130.073,2024-12-31,501020.0,872.141,4064.254,311.418,,7.265469818044684,3.491385746894061,14.53373731070942,21.458821225248226,5.235007457703185,21.458821225248226,36.96912151651939,9.106124814254866,2.5241624187605054,2.360495293995258,0.011361209818275396,0.01705687175247346,13.695891783505509,0.06444747840898461,0.06776518427232166,74.95590752998159,25.044092470018413,28.84641304878644,0.4639834613898441,5.079400886068305,0.4999037524017312,1238.7241694605302,2.938812313895288,124.19983347497475,19.722832283612195,3.6500270322213306,21.4249213836478,17.112490871853183,7.158902962265647,1.0337640742859378,20.46199999999999,0.503462628073934,93.42940998914642,52.72123354461239,1.3341176605726643,2.06926043500234,4.1360380515500745,95.86396194844993,-0.7920275363029972,5.035550274110623,-1.1746987951807175,-129.17100292251763,-1.6133122778778985,0.17617649291895807,0.1694473200119703,0.9389856741287159,-1.3252129635961196,2.677655973876076,0.8203732220725649,3.830445310884662,2.8639220354942614,0.032467408723126624,-0.014924651183731628,False,False,False,False,False,False,False,False,False,False,False,False,False,False,False,False,False,False,False,False,False,False,False,False,False,False,False,False,False,False,False,False,False,False,False,False,False,False,False,False,False,False,False,False,False,False,False,False,False,False,False,False,False,False,9,True,1.0084512783224058,2.1137733672134935,0.003639110306924349,0.6480631143558739,1.01360774174797,0.2651976161001627,0,Upper-Mid,33.48833694607188,80.34886246607907,57.96034030652015,48.87142629582357,55.87384413305002,55.68600273887081,42.73332652118443
20106015.0,542.325,359.398,545.587,210332,11.905,3509.758,717.038,88.2,3310.0,2260.313,2024.0,,1323.153,3312.0,300.07,2260.313,3776.884,4997.427,1623.759,252.767,2010.0,2716.064,CLAAS KG,755.414,142.634,609.855,20.0,-142.791,105.235,114.048,1376.085,DEU,59.251,473.446,4983.088,2024-09-30,201060.0,473.446,4997.427,424.686,,7.212355069788052,11.182831758256489,7.19166082866243,9.473795215017649,5.057942817373821,9.473795215017649,24.42342829620122,12.071065856864038,2.161501799220204,1.314033055397999,0.8148703101876572,1.190452524050675,37.84799706527358,0.3172295164430767,0.36378722769811084,45.35968459718151,54.50563987631766,6.065686655077552,-1.057945362301086,16.50127390886936,1.0028775329675093,419.77547249055016,9.159725213394013,39.84835696449393,15.116058723819279,2.649750609623865,2.7446589418531557,37.50164556596231,2.854148744944148,1.2506488496071828,282.052,5.643944373774746,33.58575512260823,118.16593303245982,2.2046008672250257,6.004489910507948,34.89379547171902,65.10620452828098,-18.6687387521983,-3.312746018924606,-3.98032020002419,85.19379386872052,4.145096636170464,0.23266940049949655,-0.024025591652146554,-0.011950839729509433,0.4422914798358045,1.5606331645909395,0.09934033432402803,8.52254666182897,4.332754157635812,0.24449476424472993,-0.07960969337146147,False,False,False,False,False,False,False,False,False,False,False,False,False,False,False,False,False,False,False,False,False,False,False,False,False,False,False,False,False,False,False,False,False,False,False,False,False,False,False,False,False,False,False,False,False,False,False,False,False,False,False,False,False,False,11,True,0.3456305353689773,0.5336150308456075,-0.3316797406390884,-0.12051193231845449,0.016697050432881676,0.5186413857858891,0,Upper-Mid,74.93173154955545,88.12555960531961,84.60291473179406,88.95395851619564,85.20118866657941,51.438931321010095,69.27337869249259
20105010.0,550.848,123.601,194.914,213037,8.054,769.927,541.08,29.876,9997.0,697.543,2024.0,DE0006200108,143.815,999977.0,27.083,697.543,767.578,1725.8,465.027,53.709,2010.0,1106.831,INDUS HOLDING AG,412.753,40.336,-1.336,20.0,-199.879,145.965,89.429,410.533,DEU,26.385,213.03,1806.829,2024-12-31,201050.0,213.03,1725.8,143.682,0.807,6.840769104325867,7.69974037442853,7.161953876463089,12.343840537721636,3.112121914474447,12.343840537721636,55.52335148916444,9.978903992578855,1.6556608541009448,0.7728454476836829,0.30926161276657055,0.3063886613035372,16.874867516516506,0.7756941149147795,0.9849500317543148,38.60592230919473,61.258204290500096,4.684517718400606,2.550016429610853,38.02490440434596,0.955154029518012,214.27861931959274,8.854161322429379,41.22355429366091,23.916618379881793,5.660216464414561,1.8697108393235133,18.74715316169931,2.337234905551049,0.45103937201578903,103.34599999999999,5.9882952833468535,28.073105886610712,116.24663230880007,2.5902761550184,1.569301193649322,55.625686570221,44.374313429779,-4.536216828575634,-6.322507123688814,-9.332432736688045,-27.187797231126932,-21.11552226546458,-0.18783225252815888,0.025292141125802147,-0.23600162073330763,0.2214322219578484,1.517655708490393,0.11455042302212119,7.952163707799686,2.3335390568434997,0.1684947986518433,0.11986691628839116,False,False,False,False,False,False,False,False,False,False,False,False,False,False,False,False,False,False,False,False,False,False,False,False,False,False,False,False,False,False,False,False,False,False,False,False,False,False,False,False,False,False,False,False,False,False,False,False,False,False,False,False,False,False,11,True,0.1582396412923592,-0.07271209510526566,-0.026528462376217886,-0.36002833273569973,0.008046207156988946,0.41439952563808147,0,Upper-Mid,66.58980614995743,87.82836382148506,85.31148959501752,73.05151728812082,85.46787975398958,49.522111972230654,64.32692891619051
20201070.0,315.2,235.7,1364.8,100102,31.478,2063.8,317.3,90.047,1600.0,1300.9,2024.0,DE0005909006,533.5,237.0,3.2,1300.9,4366.2,5037.5,1520.7,178.0,2020.0,2152.2,BILFINGER SE,470.8,63.2,68.5,20.0,-427.7,59.3,120.8,115.1,DEU,45.3,356.5,3463.5,2024-12-31,202010.0,356.5,5037.5,241.1,6.6,6.805254800057744,13.682834960412022,4.678908188585608,7.076923076923077,3.5334987593052114,7.076923076923077,13.326054590570724,14.565566679026077,1.3571381600578682,1.281449332544223,0.3508252778325771,0.39587032287762214,15.680669842644729,0.24390806364824352,0.2894918902298409,37.56027140176123,62.13945430922476,5.2030905077262695,-0.4401122019635343,10.873393965641693,1.4544535874115778,160.0324035834551,3.691016998827667,98.88873449131513,9.34590570719603,9.275455717179154,37.933970460469155,54.808719503392524,1.254590570719603,0.5231788079470199,177.89999999999998,3.53151364764268,26.213189547905436,102.29104794229953,2.6623875778307324,0.06352357320099256,50.588202247191006,49.411797752808994,12.303816657749223,3.1601834753082647,9.870855148342073,106.38051044083521,7.849829351535842,0.4126368727273162,0.009106160209616649,-0.026355588803332795,0.7366047146325976,1.9064345649928285,0.08471787085539423,6.9611664501227075,4.226694402859491,0.5153294296066727,-0.7245276623620271,False,False,False,False,False,False,False,False,False,False,False,False,False,False,False,False,False,False,False,False,False,False,False,False,False,False,False,False,False,False,False,False,False,False,False,False,False,False,False,False,False,False,False,False,False,False,False,False,False,False,False,False,False,False,11,True,0.05509606677533819,-0.25942365133666445,-0.7602985598275741,-0.2893577826032243,-0.30259796060456334,0.976694663972128,0,Upper-Mid,46.84002669246612,82.25212761545869,86.16954194302093,71.42610283726287,53.059318007199565,49.943298745570004,50.28794418488441
15101050.0,575.095,288.839,559.556,100004,8.382,2117.433,420.534,88.2,2800.0,3005.005,2024.0,DE0007600801,684.943,325.0,213.23,3005.005,1909.906,3168.838,646.347,161.329,1510.0,1430.794,ALTANA AG,1219.89,179.539,126.731,15.0,-95.191,28.917,179.544,626.463,DEU,53.735,468.383,4460.234,2024-12-31,151010.0,468.383,3168.838,438.997,3.088,6.475870996902852,5.368676591220314,9.114981579998723,14.780907070667542,5.091109106871351,14.780907070667542,39.72850615904001,8.431928522781378,3.276000352751695,2.3067640137573164,1.0597140545248915,1.2557867523172537,32.982260571978955,0.13994452588265244,0.14956747160154477,67.37325889179805,32.07889989628347,5.375248906671629,-0.502776573872237,10.076847986002528,0.7104645182293127,378.0527320448581,5.66312933826105,64.45199786167674,38.496445700285086,2.1540807267556077,3.048713172206499,27.90210110052522,5.665767704123719,0.9999721516731274,259.458,8.187796283685062,40.89754599689746,151.9867469420681,1.4842684121989815,6.72896500231315,54.67088992059704,45.32911007940296,15.58711150586447,7.722761277389667,14.570803717878622,-1.9262608011974658,21.080246289140202,-0.6327483285192008,-0.005988329583724867,0.19637177923485444,-0.6761885055462092,2.4440278110633824,0.06366105700483804,9.842465664357519,2.210320931129537,0.7372969057825468,-0.763409682844701,False,False,False,False,False,False,False,False,False,False,False,False,False,False,False,False,False,False,False,False,False,False,False,False,False,False,False,False,False,False,False,False,False,False,False,False,False,False,False,False,False,False,False,False,False,False,False,False,False,False,False,False,False,False,11,True,0.46720052376391796,2.1819090108741905,-0.3057092952071902,-0.17145317972638485,0.4618791554573728,0.5735228727433916,0,Upper-Mid,40.97502668755323,97.27425211616318,48.4950808847913,60.497330543598295,87.14282001661316,54.25842989694598,54.96601715510574
20106010.0,230.0,96.0,307.1,209440,4.321,666.9,170.5,21.253,3490.0,726.1,2024.0,DE0007667107,95.0,336510.0,15.2,726.1,826.1,1209.6,513.5,69.2,2010.0,738.9,VOSSLOH AG,307.2,55.7,0.3,20.0,-83.9,61.1,54.3,246.9,DEU,18.8,150.3,1490.8,2024-12-31,201060.0,150.3,1209.6,136.4,,6.439495572846794,9.530367717945188,7.936507936507938,12.425595238095239,5.720899470899472,12.425595238095239,31.704695767195762,10.70711577068927,1.29873417721519,0.8179162609542356,0.18500486854917234,0.18558909444985394,10.289777300778105,0.2348161410274067,0.3189643299820961,48.70539307754226,49.56399248725516,5.106382978723404,0.9088489687292082,15.53528306949289,0.811376442178696,279.9352001851423,3.938782155649625,92.66823743386244,25.396825396825395,7.885267275097784,3.3458890238963144,26.97209551918433,4.604828042328043,1.0257826887661143,80.7,6.671626984126985,40.83577712609971,142.08333333333334,2.0531607216636827,1.2566137566137567,30.71242774566474,69.28757225433526,-0.38705426994977143,7.043871616284902,7.567836694050278,15.450643776824036,-17.35905044510386,0.7992154785469279,-0.0334285483156408,0.1003992410371543,0.7631793406940446,4.215846617939716,0.253157852186241,9.149449959753152,3.7116133384116874,0.3953218819008001,0.5125365818492017,False,False,False,False,False,False,False,False,False,False,False,False,False,False,False,False,False,False,False,False,False,False,False,False,False,False,False,False,False,False,False,False,False,False,False,False,False,False,False,False,False,False,False,False,False,False,False,False,False,False,False,False,False,False,11,True,0.4680549593395448,0.10172134880322783,0.03927842392172647,-0.3816026238092629,0.535294117701176,0.3879344642076673,0,Upper-Mid,78.82921490464945,94.73377311948397,80.63660549165654,97.24206814805557,92.21850354916971,48.17285103431248,74.03542293293758
15104050.0,306.257,200.78,345.856,210340,12.398499999999999,1436.768,76.047,88.2,3444.0,1918.972,2024.0,,427.034,332322.0,84.1,1918.972,1597.617,2287.461,592.104,175.0,1510.0,1364.71,DILLINGER HUTTENWERKE,546.86,129.731,200.1,15.0,-163.99,30.518,56.322,629.266,DEU,24.218,257.102,3283.682,2024-12-31,151040.0,257.102,2287.461,80.317,,6.1144775894864365,9.119466047446236,8.777417407335033,11.239623320353877,7.650403657155248,11.239623320353877,30.157628916952024,10.06406455276867,2.426546687744045,1.363784064961561,0.721214516368746,1.0591619039898397,25.7230754987846,0.0396290305434368,0.0555323371054919,58.43964184107963,41.56035815892039,8.290527706664465,-1.2464663829919644,3.2452898910430426,0.6966146539159395,184.49497923135863,6.613911570133234,55.186707008338075,23.906855679725254,2.708131280603885,2.5388579710329178,23.53729746059454,5.671397239122329,2.3033805617698233,-49.414,-2.1602116932266826,161.5237122900507,40.00249028787727,1.7111672291205915,3.6765654146671793,50.4,49.6,-12.515756993504457,3.2837927820787094,251.93017314788526,-116.48490590586249,58.737014695265934,0.7012634716984315,-0.0026104661303392707,-0.32588238893138993,0.30546853907366694,6.604694185805702,0.032352501240949516,2.4459433038887446,3.7684579077865705,0.124007997077796,0.06795846578236642,False,False,False,False,False,False,False,False,False,False,False,False,False,False,False,False,False,False,False,False,False,False,False,False,False,False,False,False,False,False,False,False,False,False,False,False,False,False,False,False,False,False,True,False,False,False,False,False,False,False,False,False,False,False,11,True,0.5562485162038324,1.172650885340897,-0.08356566183710322,-0.4609190478782804,0.5549901565872203,0.4310488270375557,0,Upper-Mid,65.18434246862603,91.56067602271756,76.51007984229415,77.51191803098531,82.1234834686084,50.30671146834087,64.45558651538371
25101020.0,3850.0,2242.0,8142.0,100609,168.761,17950.0,4112.0,500.015,3714.0,14351.0,2024.0,DE0005439004,2966.0,3363.0,4151.0,14351.0,28796.0,39719.0,14269.0,1168.0,2510.0,22168.0,CONTINENTAL AG,9942.0,1938.0,0.0,25.0,-1072.0,2768.0,2122.0,6113.0,DEU,449.0,4364.0,36966.0,2024-12-31,251010.0,4364.0,39719.0,2934.0,,6.065032732781475,8.138805658142289,5.644653692187617,10.98718497444548,2.9406581233162967,10.98718497444548,27.50069236385609,12.143205329578075,1.257971827037634,0.829560585885486,0.2078631999439344,0.2078631999439344,9.957799058594384,0.2865305553619957,0.47940910041112117,38.822160904615046,59.96861981280095,4.993318485523385,0.8968835930339139,18.6116972352973,1.0744738408267056,235.35651009415682,4.878285433554409,74.82137012512904,25.03084166268033,10.790274381961424,4.710616718468837,30.04923443163989,4.879276920365569,0.9132893496701225,996.0,2.507616002416979,66.05316973415133,130.86529884032115,2.575848372935684,10.450917696820161,42.809503424657535,57.190496575342465,-4.1078692917758115,-2.0840838295437814,-16.76933168280209,-17.220744680851052,-8.77424213895689,-0.7538652456830097,0.012807662542078485,-0.12643942471127861,-0.5167188587038252,2.9135851766363854,0.12619547902306635,7.937023210517773,3.213632306621219,0.7364185025449634,0.07969566452998116,False,False,False,False,False,False,False,False,False,False,False,False,False,False,False,False,False,False,False,False,False,False,False,False,False,False,False,False,False,False,False,False,False,False,False,False,False,False,False,False,False,False,False,False,False,False,False,False,False,False,False,False,False,False,11,True,0.07255329652821149,-0.2860698576489125,-0.2620860002935901,-0.3434887106812717,0.1334845344275359,0.4938103105185737,0,Upper-Mid,61.83965413715056,85.03017041668181,79.89880098208947,74.01990765913365,77.67248823564886,47.50605957713545,60.794759739457284
35201010.0,91.3,86.8,206.8,200759,2.495,809.5,635.9,0.791,2836.0,530.7,2024.0,DE0005227235,119.5,325414.0,56.8,530.7,461.9,726.2,160.1,26.4,3520.0,903.3,BIOTEST AG,485.3,28.7,11.7,35.0,-35.4,35.1,40.5,479.5,DEU,32.2,127.3,1434.0,2024-12-31,352010.0,127.3,726.2,60.9,,6.052998605299861,4.9745618993781795,11.952630129440925,17.52960616909942,3.635362159184797,17.52960616909942,36.394932525475085,7.440425167152409,5.056214865708932,2.061211742660837,0.7464084946908183,0.8194878201124297,45.28591352859135,1.1982287544752213,1.2643678160919538,37.00836820083682,62.99163179916317,2.695652173913043,4.3322859387274155,46.79218967921897,0.5064156206415621,291.062124248497,3.511605415860735,103.94106306802534,66.82732029743872,1.1182630120110872,0.9632950990615223,22.754532775453278,3.9520793169925637,0.7086419753086419,32.2,4.43404020930873,47.12643678160919,70.16129032258065,2.7020915771622382,7.821536766730927,2.9962121212121215,97.00378787878788,6.076541045866213,1.6372528173506318,2.844187963726297,-189.196675900277,-14.071856287425144,0.7673929856368608,0.07471180601243102,-1.6891059506214752,1.4078414274526312,9.923660820056671,0.332314845625025,4.2468619246861925,3.8294908447747145,0.06577858263679129,-0.03229871771023296,False,False,False,False,False,False,False,False,False,False,True,False,False,False,False,False,False,False,False,False,False,False,False,False,False,False,False,False,False,False,False,False,False,False,False,False,False,False,False,False,False,False,False,False,False,False,False,True,False,False,False,False,False,False,11,True,-0.04642894516691881,2.282517111885526,-0.013848921382123996,-0.20098837070804948,-0.8501344993546254,-0.3957984288163124,0,Upper-Mid,24.82978071377405,88.25994962490168,27.551035534605383,68.69503276343829,70.48353976815378,56.50706325811527,45.025936452056854
25504030.0,1907.324,268.392,195.558,203162,19.916,1779.927,1301.439,38.392,5211.0,1955.338,2024.0,DE0006083405,317.385,444110.0,84.1,1955.338,3819.492,6199.989,1183.935,140.679,2550.0,2580.721,HORNBACH HOLDING AG & CO,2706.083,165.919,0.138,25.0,-199.356,391.42,219.941,1266.089,DEU,55.568,488.333,4614.193,2025-02-28,255040.0,488.333,6199.989,318.417,,5.816661765123392,7.194612900685201,4.328910906132253,7.876352683851537,2.2690201547131776,7.876352683851537,38.39518102370826,8.241030933342994,1.5033992575605923,0.43400862378424493,0.26807637243598675,0.26819293288905216,12.916494823688563,0.665582625612554,0.8657628502079948,42.37659759788981,55.93006187647547,4.82997408580478,2.816672229810396,36.688083918466354,1.3436778652301713,311.3069391444065,31.70409290338416,11.512709135451692,43.646577437476104,10.402805742358957,3.0167642243159842,11.116635129913291,2.676117651176478,0.7543795836156061,152.49799999999996,2.4596495251846413,52.10745657424071,118.63878207994276,2.3597930383391517,1.356454019515196,27.29049822645882,72.70950177354118,0.634697671730966,3.0626922851844984,52.426144191030154,-49.65185036003529,9.14072212757282,0.04796353205358323,0.04002468176019809,-0.11438826030819045,0.311570592623169,0.8851541973356237,0.21764668290801692,6.900816675852092,2.148480902247651,0.0381704957554533,-0.0939201318442059,False,False,False,False,False,False,False,False,False,False,False,False,False,False,False,False,False,False,False,False,False,False,False,False,True,False,False,False,False,False,False,False,False,False,False,False,False,False,False,False,False,False,True,False,False,False,False,False,False,False,False,False,False,False,12,True,-0.029429845142881435,-0.42975441850857776,-0.5386904551549188,-0.16938004603705584,0.13038834393788995,1.0046591464367454,0,Upper-Mid,51.52696171352842,80.34443506656038,74.06016820401315,81.30455904642035,60.12920728516394,49.4728765740729,53.82950869614007
35101010.0,558.131,187.41,582.935,238442,5.73,1212.483,526.757,52.522,3845.0,2041.697,2024.0,DE0005313704,20.285,334510.0,409.148,2041.697,910.785,2066.127,568.835,178.726,3510.0,1336.721,CARL ZEISS MEDITEC AG,263.889,86.814,0.0,35.0,176.249,27.071,66.712,536.556,DEU,29.424,254.122,3393.2,2024-09-30,351010.0,254.122,2066.127,247.319,,5.523105033596605,8.753796474207485,9.07059440198981,12.299437546675495,8.650291100208264,12.299437546675495,55.91824703902519,7.29660721975165,2.131519684970158,1.188265489992704,0.03566060456898749,0.03566060456898749,18.968761051514793,0.2579995954345821,0.27125866374883245,60.17025226924437,39.3941117529176,6.369290375203915,2.0995545446675217,16.321702227985384,0.6089022161971,360.58062827225126,3.5443522862754855,102.98073400134648,12.77215776184136,3.2100262876603365,1.6974649430814304,17.77731934457149,4.201774624696352,1.3013250989327256,160.505,7.7683995223914115,35.102034214920806,131.96681073581985,1.6619508183633516,19.802654919082904,29.386882714322482,70.61311728567752,-1.1091274589575595,11.878833759105078,18.80572257930748,-13.338912585713503,32.23560951089854,0.2882926311304993,0.016400196964128914,0.26529472024557876,0.522632697340081,3.893627057909703,0.07538619842482269,7.288665566426972,3.437645346854512,0.06030468679328077,0.04666658506071393,False,False,False,False,False,False,False,False,False,False,False,False,False,False,False,False,False,False,False,False,False,False,False,False,False,False,False,False,False,False,False,False,False,False,False,False,False,False,False,False,False,False,False,False,False,False,False,False,False,False,False,False,False,False,11,True,0.6202365864545174,1.0313059689501978,0.06462389662881483,-0.30450248014419473,0.7654990553103822,0.31801914579251445,0,Upper-Mid,64.63200251395371,86.48738719112535,86.31756620381032,74.12064122975625,78.58306878670612,50.61123498667193,62.3498028847881
20104010.0,132.9,72.2,161.1,206703,4.277,673.9,242.8,88.2,3620.0,554.9,2024.0,DE0007235301,148.0,335991.0,25.9,554.9,737.8,1026.4,243.3,-80.3,2010.0,772.3,SGL CARBON SE,461.3,97.3,17.8,20.0,-90.5,13.5,59.7,345.6,DEU,33.5,131.9,1336.9,2024-12-31,201040.0,131.9,1026.4,120.3,,5.4005535193357765,-14.47107586952604,7.034294621979735,12.850740452065471,-7.8234606391270445,12.850740452065471,28.11769290724865,9.051021687351133,2.769831483764899,1.3493629264282776,0.6083025071927661,0.6814632141389232,32.208841349390376,0.4375563164534151,0.4618850243287079,41.50647019223577,57.76797067843518,2.155223880597015,0.8210765731614861,19.171216994539606,0.7677462787044655,239.98129530044426,6.371198013656115,57.28906858924395,44.94349181605612,2.3836507199256856,2.134837962962963,23.120652255217294,9.479734996102883,1.6298157453936346,23.0,2.240841777084957,80.88113050706566,166.62049861495845,2.409262930257704,2.5233826968043642,,,-5.757047103112645,-9.214993888360713,-11.044093178036595,-70.01303780964798,11.710677382319169,0.8376659291904817,-0.14612918964180593,0.03482512686567028,1.8329504023455392,3.0241561724586945,0.7389257212918894,8.998429201884957,5.035041880087601,0.8439679569270401,0.384105227784315,False,False,False,False,False,False,False,False,False,False,False,False,False,False,False,False,False,False,False,False,False,False,False,False,False,False,False,False,False,False,False,False,False,False,False,False,False,False,False,False,False,False,False,False,False,False,False,False,False,False,False,False,False,False,11,True,-0.5871799552076991,0.8724056562571751,-0.046416997384635554,-0.3213327243167118,0.14015784166635342,0.1285268960775165,0,Upper-Mid,48.45068533188046,57.559829428320455,67.56967757957456,79.78804255923387,88.35166248627158,46.789601436785375,52.123793647280394
35101010.0,1014.549,164.141,913.964,102218,15.444,1884.764,286.928,37.473,3841.0,1535.15,2024.0,DE0005550636,230.599,339112.0,333.066,1535.15,1724.047,3370.88,978.482,124.408,3510.0,1556.639,DRAEGERWERK AG,507.144,59.895,0.0,35.0,-161.385,108.652,134.376,662.585,DEU,18.744,298.517,3093.435,2024-12-31,351010.0,298.517,3370.88,167.308,,5.306107935030152,8.103963782040841,4.869381289158914,8.855758733624453,3.6906683121321433,8.855758733624453,48.854690763242836,9.008450790800392,1.926212234869931,1.2490561911205316,0.23567015029402685,0.23567015029402685,29.296946598199085,0.18690551411914144,0.2576816597726606,49.62606293650909,50.320727605396584,8.756988903115664,0.552668692235283,12.78772626546218,1.0896883238212538,218.26469826469827,3.6881977845954546,98.96432385608506,15.0448547560281,3.7194603887090336,2.602001252669469,36.999743004136185,1.7768357224226317,0.4457269155206287,107.41299999999998,3.1864972944750325,35.79924450713654,101.92943871427613,2.0150701885809204,9.880683975697739,30.12105330846891,69.8789466915311,-0.07778262601733088,-0.035998783667667844,1.799485861182526,-13.79996629456942,-7.950144464252773,-0.09834571863561763,-0.003910554709133832,-0.15836151694121012,0.07193280686720843,3.781958291545897,0.05147184937576963,5.4084860357499025,5.268129800927575,0.007438239047710455,0.5193124570410924,False,False,False,False,False,False,False,False,False,False,False,False,False,False,False,False,False,False,False,False,False,False,False,False,False,False,False,False,False,False,False,False,False,False,False,False,False,False,False,False,False,False,False,False,False,False,False,False,False,False,False,False,False,False,11,True,0.05431082729956953,0.4552875615921203,-0.5021420795456248,-0.32301883399496384,0.27153932068081554,0.7200543847979751,0,Upper-Mid,70.86300499291241,82.0608277787318,92.70047412963312,97.68191548889706,76.28966268548679,49.5299250906416,65.96900850462406
35101020.0,795.331,108.62,427.654,102529,10.079,1094.778,263.815,28.4,3842.0,1148.549,2024.0,DE0007474041,160.906,339113.0,93.5,1148.549,1044.456,2425.8,465.595,108.452,3510.0,901.799,PAUL HARTMANN AG,569.902,138.601,0.0,35.0,-31.748,26.377,89.401,500.172,DEU,14.835,198.021,2097.867,2024-12-31,351010.0,198.021,2425.8,198.663,15.625,5.177639955249784,9.44252269602777,4.477698078984252,8.163121444471926,4.4707725286503415,8.163121444471926,56.94385357407866,7.690651984899077,2.3513525703669496,1.2770884567059353,0.3455921992289436,0.3455921992289436,29.991558092100213,0.22969416193823686,0.2526596601451048,54.748418274371055,42.986471497001475,7.321873946747556,0.6528903500133825,13.832716754684638,1.156317345189185,240.67863875384464,5.6723425947144195,64.34731222689422,23.493363014263334,3.8554760697603085,2.088193661380485,28.055162696205237,5.713620248990024,1.5503294146597912,60.06200000000001,2.4759666914007754,69.76689167081942,182.8972564905174,1.8265367868501912,3.8543985489323105,26.18670010695976,73.81329989304024,2.4629459892122174,5.590936522133472,-0.8752950432730056,-48.96245814992947,22.544052766062794,-0.4151692876159462,0.017269178160031304,0.21377380582425518,-0.38951427406652395,2.2819621022878303,0.08763507010663858,9.469761429108708,4.4642434716616926,0.36410468546596986,0.22549322370812225,False,False,False,False,False,False,False,False,False,False,False,False,False,False,False,False,False,False,False,False,False,False,False,False,False,False,False,False,False,False,False,False,False,False,False,False,False,False,False,False,False,False,False,False,False,False,False,False,False,False,False,False,False,False,11,True,0.08605099161084503,0.7416720695307134,-0.6669288464549916,-0.26541163871778223,0.29744311741194696,0.9327968084404965,0,Upper-Mid,62.00143640548258,81.1344870703209,79.23278438823854,86.26050639756741,71.90782157654867,51.15938444486412,60.43969585249626
50201020.0,479.0,1681.0,5548.0,103255,74.607,12565.0,5832.0,220.0,4833.0,13532.0,2024.0,DE0005229900,2450.0,515120.0,84.1,13532.0,13852.0,18988.0,9357.0,784.0,5020.0,17301.0,BERTELSMANN SE & CO KGAA,2915.0,396.0,208.0,50.0,-1629.0,1125.0,781.0,883.0,DEU,286.0,2462.0,32951.0,2024-12-31,502010.0,2462.0,18988.0,2172.0,133.0,5.101514369821857,5.793674253621046,8.852959764061513,12.966083842426796,4.128923530650938,12.966083842426796,27.048662313039816,8.681057632720513,1.3428449289302127,1.248477075985893,0.26183605856577963,0.2840654055787111,9.73566811325908,0.4309784215193615,0.5141146911025717,41.067038936602835,52.50523504597736,5.8776223776223775,1.830625507717303,21.11316803738885,0.5762495827137264,254.50694975002347,3.4224945926459984,106.64735622498421,15.351801137560564,5.918952618453865,15.687429218573046,24.27240447937847,2.085527701706341,0.5070422535211268,1776.0,9.353275753107225,18.23204419889503,129.2088042831648,2.435042861365652,0.4429113124078365,28.061224489795915,71.93877551020408,-5.855520848827411,1.0085218564159115,-7.22599418040738,20.48846675712348,-10.204081632653061,-0.12080893838745095,0.0006866197300966331,0.02415900386240769,0.04408664795454003,1.3599723118676057,0.12457961648497791,6.5916057175806495,1.5427911953834248,0.0868021911186794,-0.6956676548323845,False,False,False,False,False,False,False,False,False,False,False,False,False,False,False,False,False,False,False,False,False,False,False,False,False,False,False,False,False,False,False,False,False,False,False,False,False,False,False,False,False,False,False,False,False,False,False,False,False,False,False,False,False,False,11,True,0.1810900357075716,0.2697169789663288,0.2791190825531745,-0.4337044043475915,0.344091278773668,-0.21426301557908434,0,Upper-Mid,65.48714196881285,87.52433957083174,85.97761857025667,78.81569397130542,75.10702400746986,47.42962474395281,62.84734769994252
25504030.0,1866.56,220.139,133.852,223089,24.145,1666.76,1549.617,88.2,5211.0,1670.35,2024.0,DE0006084403,301.138,444110.0,84.1,1670.35,3478.644,5847.008,1107.509,115.342,2550.0,2723.727,HORNBACH-BAUMARKT AG,2552.384,102.09,0.0,25.0,-223.404,382.419,299.728,1199.091,DEU,71.261,519.867,4394.077,2025-02-28,255040.0,519.867,5847.008,293.846,,5.0099031036552155,6.905259376777323,3.764985442126982,8.891162796425112,1.9726670461199987,8.891162796425112,40.50557139651597,6.836684972237295,1.5049629393530888,0.422271060551201,0.2719056910598469,0.2719056910598469,12.727382792791294,0.9277199389349537,1.1566653695333315,38.01367158563676,61.986328414363236,3.089193247358303,3.1371446927771918,43.969097491919236,1.3306566999167286,242.16226962103954,43.6826345515943,8.35572313224131,43.65282209294053,10.45506936956751,2.901067558675697,9.899462389939911,1.7460212129006836,0.3406088186622538,191.756,3.279557681467171,34.74268834695725,133.48202726459192,2.630632502170204,1.4383424821720785,76.46824227081203,23.531757729187973,1.1598855149173026,3.2473713383834646,2.530893031551229,-40.31331803991024,-11.954946874568783,0.0922619794689531,0.10742276383931121,-0.11002956581513568,0.4920661200644018,1.1044119343611911,0.4925614583297832,6.687320226750691,2.765392281962057,0.09072494351679716,0.032137880620271064,False,False,False,False,False,False,False,False,False,False,False,False,False,False,False,False,False,False,False,False,False,False,False,False,True,False,False,False,False,False,False,False,False,False,False,False,False,False,False,False,False,False,False,False,False,False,False,False,False,False,False,False,False,False,12,True,-0.2139982819219235,-0.5305370256744085,-0.5033247957577804,-0.2277325101128687,-0.00973896249970739,0.8767374815652355,0,Upper-Mid,48.28446956070521,76.29541255040712,73.75121324576835,71.4786514457611,60.56685988566144,49.48907120808159,50.80576446178884
25504010.0,3910.9,391.9,1074.3,318434,15.309,5451.6,1182.6,88.2,5960.0,2665.3,2024.0,DE000ZAL1111,2676.9,454110.0,68.0,2665.3,5988.6,10572.5,3990.2,251.1,2550.0,5318.6,ZALANDO SE,1596.6,120.6,89.1,25.0,-325.6,542.9,281.9,1549.7,DEU,93.4,673.8,7983.9,2024-12-31,255040.0,673.8,10572.5,654.1,67.9,4.908628615087864,9.421078302630097,3.7067864743438164,6.373137857649562,2.375029557815086,6.373137857649562,43.35682194372192,10.184776111645313,1.3662473058994538,0.9778707834193776,0.6708686281389404,0.6931983359230114,18.30433747917685,0.44370239747870777,0.6473942895734063,33.38343416124952,66.6165658387505,4.195931477516059,-1.4119916889284656,21.612244642342716,1.3242275078595673,690.6068325821412,9.84129200409569,37.08862615275479,15.101442421376209,7.234501163268097,3.8643608440343296,46.984556419794835,1.14069519981083,0.427811280595956,533.5,5.046110191534642,18.43754777556948,166.90482265884157,2.9954976925674406,0.6431780562780799,35.12544802867384,64.87455197132616,4.233419763188762,2.4930356753148475,-3.064648895080102,-29.71014492753623,-36.69291338582678,-0.09231774401717892,0.09766222991295101,-0.04996548954247792,0.13439952618348297,1.3553190125092662,0.37137524481038625,8.192737884993551,2.080364110223859,0.05103639497690944,-0.19793484379224358,False,False,False,False,False,False,False,False,False,False,False,False,False,False,False,False,False,False,False,False,False,False,False,False,False,False,False,False,False,False,False,False,False,False,False,False,False,False,False,False,False,False,False,False,False,False,False,False,False,False,False,False,False,False,11,True,-0.19429627906360514,-0.4655446847480804,-0.692139818167612,0.23211370817188318,-0.13159382581765774,0.5129835160401389,0,Upper-Mid,47.139008291211844,76.25283014829267,85.28998730427956,63.517306929120956,60.00834717680317,49.584613027218055,49.45915211557585
35102015.0,3142.819,1539.374,3876.019,212782,111.513,7922.744,9760.642,422.515,8090.0,14576.563,2024.0,DE0005785802,1343.28,621492.0,183.493,14576.563,13096.417,19335.909,5660.06,537.913,3510.0,17798.066,FRESENIUS MEDICAL CARE AG,7258.582,699.358,163.093,35.0,-2569.3,1243.582,1482.84,2067.922,DEU,409.193,3022.214,33566.579,2024-12-31,351020.0,3022.214,19335.909,2386.144,,4.5860318383949705,3.6902594939561544,7.9612186838487915,15.630059078163846,2.7819379993979076,15.630059078163846,32.26893548164713,6.325188122465172,1.3997632533930735,1.03440988258075,0.23732610608368107,0.2661408182952124,6.740883543717695,0.6696120340576855,0.7549258353975488,43.425822452743844,53.02317522438018,3.761975400361199,3.1966445791065756,32.78327529296328,0.5760464597837033,173.3960076403648,4.988600159080748,73.16681801719278,37.539388502500714,8.545563145361882,6.333129102548355,15.549094234476502,3.6168871088501704,0.4716341614739284,1686.7859999999998,8.723592979259468,29.30912803250768,155.00742509617544,2.3027773419563995,0.9489752977219742,78.54708846969677,21.452911530303226,-0.6050699980368668,-1.0705306673117643,-6.952313404814547,-13.240321879637184,2.1563082460312355,-0.6851539358300058,0.002466702715357161,-0.23648107977793162,0.47027849379236697,2.5187053051457546,0.1616243129603466,7.108689866786841,1.8884406427325797,0.8139810324935125,0.1963698941668408,False,False,False,False,False,False,False,False,False,False,False,False,False,False,False,False,False,False,False,False,False,False,False,False,False,False,False,False,False,False,False,False,False,False,False,False,False,False,False,False,False,False,False,False,False,False,False,False,False,False,False,False,False,False,11,True,0.04600897080681276,0.2468012587565632,0.31330620948191096,-0.5154002763813005,0.4586232581249567,-0.10813305799294634,0,Upper-Mid,64.88698222840813,81.0939236579965,87.0906616461628,83.63811701684381,73.82060947153568,47.417663132388135,61.61048074537729
20106010.0,346.9,110.7,266.2,284636,6.019,1008.0,297.0,40.8,3531.0,1499.6,2024.0,DE000WACK012,35.6,333120.0,58.9,1499.6,1637.2,2234.9,558.6,70.2,2010.0,989.0,WACKER NEUSON SE,574.4,61.9,0.3,20.0,-177.5,214.8,77.1,621.9,DEU,25.5,187.8,2488.6,2024-12-31,201060.0,187.8,2234.9,305.3,4.1,4.448284175841839,4.681248332888771,4.953241755783257,8.40306053962146,3.1410801378137725,8.40306053962146,26.743925902724957,6.161638650784816,1.8045112781954886,0.6911922663802363,0.06373075546007877,0.06426781238811313,18.05834605802459,0.1980528140837557,0.3412910109362497,60.258780036968574,39.741219963031426,4.341176470588235,2.535676251331203,20.565779956602107,0.8980551313991804,371.3075261671374,8.395567242674682,43.475323280683696,25.701373663251147,4.973075211392969,2.632577584820711,12.127300490235475,2.769698867958298,0.8028534370946823,243.4,10.890867600340059,20.275139207337045,275.79042457091236,1.6595092024539877,2.6354646740346324,58.11965811965811,41.88034188034189,-15.81980488907303,-5.909486180952028,-8.511931904544756,-1640.5063291139243,-52.015503875968996,-0.0979512458514454,0.02132982424060812,-0.3032373531764797,0.4818314816871432,1.8776599077777045,0.10957989210481218,12.267941814674918,6.464320727040573,0.029934964477456884,0.7518975709515904,False,False,False,False,False,False,False,False,False,False,False,False,False,False,False,False,False,False,False,False,False,False,False,False,False,False,False,False,False,False,False,False,False,False,False,False,False,False,False,False,False,False,False,True,False,False,False,False,False,False,False,False,False,False,11,True,0.14836675084305648,0.4737396512395884,-0.27612995108920735,-0.25741697395454444,0.9450226588968068,0.7153794112459582,0,Upper-Mid,64.09106180783616,77.14896070005723,82.77838031424719,73.89851233429414,94.34774331998193,48.48465455627223,62.60822959457261
25101010.0,403.2,325.4,1828.1,350278,35.528,3815.2,672.4,10.005,3714.0,2851.3,2023.0,DE000VTSC017,1063.6,336350.0,1020.2,2851.3,7350.2,9233.2,3143.8,-96.4,2510.0,4731.8,VITESCO TECHNOLOGIES GROUP,1842.7,499.8,0.0,25.0,234.4,42.5,470.7,825.1,DEU,57.5,796.1,7583.1,2023-12-31,251010.0,796.1,9233.2,629.0,,4.2911210454827176,-3.3809139690667416,3.5242386171641464,8.622146168175714,-1.044058397955205,8.622146168175714,20.393796300307592,9.23461134602832,1.2135632037661428,0.9511101215090018,0.3383166868121381,0.3383166868121381,8.853898801281792,0.23582225651457228,0.2507277382246694,37.60071738471074,62.399282615289266,5.659130434782608,-0.4380103002135409,9.42754282549353,1.2176022998509846,259.8851609997749,5.050708385755703,72.26709049950179,19.957327903652036,13.75215966636879,8.908253545024845,38.13348103018554,5.4130745570333145,1.0618228170809434,129.2,1.3992981848113328,79.45945945945945,193.30055316533497,2.65952372601971,11.049257028982368,,,1.7993384785005562,-0.27092073595749167,-6.610940251820308,-11.202749140893475,11.91222570532915,0.7667813728400232,-0.011081557756935747,-0.43634804352195666,0.3998975218116258,1.8326080543522392,0.0980835005480291,8.2947607179122,3.2373747807147866,0.6127339875537323,0.08642542817070153,False,False,False,False,False,False,False,False,False,False,False,False,False,False,False,False,False,False,False,False,False,False,False,False,False,False,False,False,False,False,False,False,False,False,False,False,False,False,False,False,False,False,False,False,False,False,False,False,False,False,False,False,False,False,6,True,-0.429445301992919,-0.348318392440341,-0.48204103528098974,-0.24592672033687468,0.18110615826836465,0.5956255120843426,0,Upper-Mid,50.68134284433691,67.60893284666656,80.65008860676086,71.50325752371198,67.89784637238262,45.61364968795461,51.12932641529667
15101050.0,2624.0,834.0,2056.0,295421,30.669,5508.0,2944.0,545.22,2800.0,9020.0,2024.0,DE000EVNK013,618.0,325.0,461.0,9020.0,10212.0,15157.0,4059.0,222.0,1510.0,10650.0,EVONIK INDUSTRIES AG,6461.0,840.0,157.0,15.0,-1330.0,837.0,1036.0,2662.0,DEU,222.0,1870.0,19750.0,2024-12-31,151010.0,1870.0,15157.0,1713.0,,4.222784810126582,2.46119733924612,5.502408128257571,12.33753381275978,1.4646697895361878,12.33753381275978,32.62518968133536,6.970912738214643,1.3569844789356984,0.7011579206701158,0.15225424981522542,0.19093372751909338,7.336708860759495,0.3263858093126386,0.41917960088691797,45.67088607594937,53.92405063291139,3.7567567567567566,1.6914438502673796,19.144303797468353,0.7674430379746835,494.21239688284584,7.372081712062257,49.511116975654815,42.62716896483473,10.46031746031746,3.836213373403456,13.539240506329115,5.541993798245035,0.8108108108108109,873.0,5.7597149831760905,49.036777583187394,205.3956834532374,2.1895787139689578,3.0414989773701917,245.59459459459464,-145.59459459459464,-0.7205082858452894,-0.9528585757271779,-4.9288570631451645,8.98876404494382,5.9268600252206705,-0.5681103448253229,0.01769660600533515,-0.2812362605535861,0.18636498081170066,2.4082166509832375,0.1270454139143703,8.673417721518987,1.4060616756414321,0.6121628501700321,-0.054724814041009096,False,False,False,False,False,False,False,False,False,False,False,False,False,False,False,False,False,False,False,False,False,False,False,False,False,False,False,False,False,False,False,False,False,False,False,False,False,False,True,True,False,False,False,False,False,False,False,False,False,False,False,False,False,False,11,True,-0.05080254416358205,-0.0029500280914566378,-0.01920656369136455,-0.16546582170790583,0.6695034139799332,0.12074081436014181,0,Upper-Mid,66.87803621849477,74.38286400242775,79.23775066961977,89.73804475413498,91.25185513193819,46.613643656871766,64.28937003308769
45103020.0,412.629,97.764,160.769,222247,4.707,1513.244,425.563,3.7,7372.0,1456.741,2023.0,,130.007,511210.0,196.191,1456.741,181.482,1000.181,444.979,-5.227,4510.0,907.905,SOFTWARE GMBH,58.113,9.646,0.0,45.0,-266.48,6.648,59.254,0.0,DEU,63.766,157.018,2364.646,2023-12-31,451030.0,157.018,1000.181,-1.343,0.875,4.13440320453886,-0.3588146417242324,9.774630791826679,15.69895848851358,-0.5226054084210758,15.69895848851358,81.85508422975441,5.193847540036041,3.4007087974938144,3.4007087974938144,0.2921643493288448,0.2921643493288448,45.176529594704654,0.29213360508147984,0.2966972165951257,61.605035172283706,38.39496482771628,1.5331681460339366,1.9246455820351807,18.278042463861397,0.42297282553075594,212.48799660080732,6.221230461096356,58.67006571810502,5.810248345049546,0.9362667502913604,,12.296808909240536,0.9644254389955418,0.16279069767441862,-10.989,-1.098701135094548,,-1.3737162963872183,1.6232439397257303,19.61554958552502,,,4.384176970129605,-11.71439718787861,-5.784627702161737,-322.7199027158492,-28.36242109171927,-1.5867969667914168,-0.0046997039002349235,-0.050987146877700895,-2.1419414468350735,6.221738615381914,0.08577094075354849,-0.0567949705791057,3.8603215177489156,0.5962530846146866,-0.36520526259992725,False,False,False,False,False,False,False,False,False,False,False,True,False,False,False,False,False,False,False,False,False,False,False,False,False,False,False,False,False,False,False,False,False,False,False,False,False,False,False,False,False,False,False,False,False,False,False,False,False,False,False,False,False,False,10,True,-0.1359499285843106,2.758095225111383,-0.13295514722109064,-0.3632476390902443,0.23686116392413037,-0.14132403100900448,0,Upper-Mid,28.822240089648727,72.23767290335846,34.52479809454812,71.20428403709217,64.26678157014354,53.456125201861234,42.73687625576193
35102015.0,2919.0,1785.0,5513.0,202305,176.486,11446.0,10805.0,563.237,8090.0,19542.0,2024.0,DE0005785604,2290.0,6214.0,641.0,19542.0,15319.0,21833.0,9009.0,1042.0,3510.0,23260.0,FRESENIUS SE & CO KGAA,9890.0,923.0,8.0,35.0,-2183.0,2772.0,1136.0,2573.0,DEU,547.0,2921.0,43550.0,2024-12-31,351020.0,2921.0,21833.0,2447.0,,4.09873708381171,5.332105209292806,8.17569733889067,13.378830211148262,4.772591947968671,13.378830211148262,29.835570008702422,5.881965268395558,1.2705072705072704,0.9849039849039849,0.2541902541902542,0.2550782550782551,5.595866819747417,0.552911677412752,0.6947600040937468,44.87256027554535,53.40987370838117,3.263254113345521,3.864087641218761,31.175660160734786,0.5013318025258324,123.70952936776855,3.9602757119535643,92.16530023359135,45.29840150231301,8.958965941731638,5.953750485814225,17.917336394948336,4.227545458709294,0.8125,1524.0,6.980259240599093,37.71965672251737,137.08683473389357,2.228533415208269,2.935922685842532,54.053454894433784,45.946545105566216,-2.0897798107538446,-3.8291670347142426,-8.964485595646465,-54.12402167369055,-18.606701940035276,-0.8000602505664848,-0.05429001725900349,-0.10331682891980257,0.43837682591134286,2.9975055969396336,0.30308138292904646,5.618828932261768,1.4614247120074504,0.7836426553184878,-0.10907964411568895,False,False,False,False,False,False,False,False,False,False,False,False,False,False,False,False,False,False,False,False,False,False,False,False,False,False,False,False,False,False,False,False,False,False,False,False,False,False,False,False,False,False,False,False,False,False,False,False,False,False,False,False,False,False,11,True,0.1397261390673194,0.24573918363778388,0.3779529250691675,-0.6033808224410819,0.5864614562654481,-0.19081657955490602,0,Upper-Mid,60.36821536119912,79.44218593667924,82.67255772633216,87.39475297902462,68.11775732058126,46.753680390497465,58.99286222780515
20106020.0,346.665,56.021,161.888,297222,6.041,535.902,401.327,12.7,3580.0,720.994,2024.0,DE000A1H8BV3,127.13,3333.0,50.8,720.994,498.732,1161.69,259.501,14.696,2010.0,715.258,NORMA GROUP SE,319.013,54.919,0.0,20.0,-114.121,69.603,93.342,219.941,DEU,25.687,149.363,1436.628,2024-12-31,201060.0,149.363,1161.69,136.985,,3.8994785010455044,2.0382971286862306,4.822370856252529,12.857388804242095,1.2650534996427618,12.857388804242095,57.06840895591767,4.991530943464482,2.0651249898844326,1.2175714159097655,0.48990177301821575,0.48990177301821575,19.23956654053799,0.5566301522620161,0.6531677101335102,50.186547944213814,49.78727965764276,2.180908630824931,2.3017748706172214,32.78023260022776,0.8086226914691904,192.300943552392,7.1758870330104765,50.86479181192917,27.461112689271662,4.202915329539328,2.2675717578805226,20.117803634622188,4.727509060076267,0.5883632234149686,82.06600000000002,7.064363126135201,40.09125086688323,244.52437478802597,1.9925658188556352,4.372939424459193,86.41807294501905,13.581927054980952,-5.229435336500798,-3.793667354638597,0.7841174507841275,40.99475990035222,-9.53432058905893,-1.180630036173918,-0.05391390023971358,-0.047865723365811505,-0.5602892538547872,4.532879852160701,0.18549399524169477,9.535175424675005,1.856927146182786,0.7462286605808969,-0.35906789008979645,False,False,False,False,False,False,False,False,False,False,False,False,False,False,False,False,False,False,False,False,False,False,False,False,False,False,False,False,False,False,False,False,False,False,False,False,False,False,False,False,False,False,False,False,False,False,False,False,False,False,False,False,False,False,11,True,-0.20710411603691375,0.6572912532383861,-0.16887332711879702,-0.4059151822038416,0.46288159148709374,0.335581068804517,0,Upper-Mid,68.2718919879631,71.49448040260789,88.40081496018121,96.25369291490438,87.97239563726093,48.84493429891072,64.42888151278639
25101010.0,641.572,287.77,1241.512,318659,38.485,3890.616,1040.789,106.0,3714.0,3200.43,2024.0,DE000A13SX22,1401.52,3363.0,905.935,3200.43,5780.268,8024.792,2621.545,353.104,2510.0,4235.918,HELLA GMBH & CO. KGAA,2323.492,455.751,106.088,25.0,-234.472,162.522,487.995,1118.106,DEU,63.226,775.765,7483.219,2024-12-31,251010.0,775.765,8024.792,854.141,,3.84553759551872,11.03301743828173,3.5860119489701416,9.667104144256946,4.400163892098387,9.667104144256946,27.969871368628624,6.78507759207907,1.4840927773507606,1.0575862706915198,0.534616037489343,0.5750837769330681,16.958891621373102,0.3252028633652353,0.37598416462787815,42.76809218065113,56.60555971968747,4.551450352703002,-0.2555013438347954,16.080125411270203,1.0723716625158237,208.5173963882032,6.463724877407548,56.46898760740465,28.953921796353104,6.323359370752307,5.169695896453467,35.319452764913066,5.6792873883834,0.9339255525159069,398.39,4.964490045349462,53.357817971505874,296.8137748896688,2.3381917429845367,11.289202262189473,30.019484344555714,69.9805156554443,0.8882291626462369,5.969927116121965,1.8849442723638532,10.262350163709378,-1.8588105077059214,-0.5474795014026841,-0.03524262037644669,-0.20897004907270572,0.26485004657699396,3.509538064600949,0.1973324026154787,11.414085302060517,2.3771550164837705,0.31635824974518734,0.42463871299940875,False,False,False,False,False,False,False,False,False,False,False,False,False,False,False,False,False,False,False,False,False,False,False,False,False,False,False,False,False,False,False,False,False,False,False,False,False,False,False,False,False,False,False,False,False,False,False,False,False,False,False,False,False,False,12,True,-0.12844620053904637,0.0036673760692206973,-0.4677908036451503,-0.3585651861221701,0.22126760935093343,0.46835530404181963,0,Upper-Mid,62.55800181260578,72.12731467782055,89.96653715383493,82.70851586618375,77.33613566127664,48.341926971073846,59.3199355964163
15101020.0,10347.0,2864.0,12244.0,17436,109.717,31232.0,20455.0,2000.0,2800.0,35599.0,2024.0,DE000BASF111,3683.0,325.0,2061.0,35599.0,44695.0,65260.0,17039.0,1298.0,1510.0,43532.0,BASF SE,17773.0,6198.0,769.0,15.0,-1547.0,3540.0,3811.0,13681.0,DEU,1083.0,6675.0,80415.0,2024-12-31,151010.0,6675.0,65260.0,6946.0,,3.561524591183237,3.646169836231355,4.388599448360404,10.228317499233833,1.988967208090714,10.228317499233833,31.512411890897944,5.109358832554323,1.832971418510476,1.0300487117788604,0.21615118258113739,0.26128293913962086,17.649692221600446,0.574594791988539,0.6740357875221215,44.26910402288131,54.13417894671392,2.644506001846722,3.042996254681648,29.83896039296151,0.8115401355468507,594.8029931551173,5.329957530218882,68.48084584737971,27.2341403616304,4.598041287958853,3.2669395512023973,19.806006342100353,9.497395035243642,1.626344791393335,748.0,1.1461844927980387,89.23121220846531,242.52793296089385,2.2589117671844714,3.1581366840330984,154.08320493066256,-54.08320493066256,-5.285768192505302,3.9020608566444848,0.028262494757758105,-72.45949926362297,14.884151992585725,-0.5584299133540365,0.005569725713782512,-0.006621114546160133,-0.23165647153026336,2.549269232760668,0.06357272665148431,8.637691972890629,1.7210048065993824,0.5278355347349147,0.3474910408465332,True,True,False,False,False,False,False,False,False,False,False,False,False,False,False,False,False,False,False,False,False,False,False,False,False,False,False,False,False,False,False,False,False,False,False,False,False,False,False,False,False,False,False,False,False,False,False,False,False,False,False,False,False,False,11,True,-0.21127777253647467,0.29721821294143436,-0.19107146604241043,0.0013082828987065213,0.42870689254739835,0.07487114235801502,0,Upper-Mid,66.50783986775703,70.02080084505965,93.58895559841592,85.89927572862722,89.68817675092512,48.914070743604185,62.65045020161624
45102010.0,472.186,43.341,511.463,233025,5.553,771.75,142.2,33.1,7373.0,573.998,2024.0,DE0005419105,144.674,541512.0,1.03,573.998,1057.572,1738.992,620.879,33.453,4510.0,832.529,CANCOM SE,178.885,22.276,0.0,45.0,-227.475,51.783,65.044,68.049,DEU,6.933,108.385,1406.896,2024-12-31,451020.0,108.385,1738.992,192.876,0.77,3.0806115022005893,5.828069087348736,2.4923058875486492,6.2326336176359645,1.9237006265698753,6.2326336176359645,39.18476910762097,6.0515388202703715,1.2429958172204245,1.1333947516343765,0.23301480642766143,0.23301480642766143,10.72367822497185,0.2477360548294593,0.33795065488033055,40.79889345054646,59.17487859799161,6.251406317611424,0.4549430271716566,13.788012760005005,1.236048720019106,313.1626148028093,3.4000348021264486,107.3518423316496,10.286706321823216,11.526350325775,15.541330511837055,46.63720701459099,1.2809719653684433,0.3424758624930816,170.6,9.81028089835951,11.54938924490346,445.0197272790199,2.451046867759121,0.05922971468528895,98.94478821032493,1.0552117896750701,13.951338164437965,-9.14312468719224,-1.104185218165632,147.80663529138343,-13.612037539750254,-0.13984582611537466,0.007952547201984498,-0.11105880643008201,0.24443401315183136,0.9231519418954547,0.08594466595622366,13.709328905619177,5.771812763363266,0.2524325344007958,0.022867453873592656,False,False,False,False,False,False,False,False,False,False,False,False,False,False,False,False,False,False,False,False,False,False,False,False,False,False,False,False,False,False,False,False,False,False,False,False,False,False,False,False,False,False,False,False,False,False,False,False,False,False,False,False,False,False,11,True,-0.3840106610247143,-0.20694353336495205,-0.671800765352941,-0.19509326667509652,0.2085676564476027,0.5816489159124112,0,Upper-Mid,51.486208932961055,65.01092202082964,82.98860652437715,78.22554581099324,67.01530194391329,47.393708086237126,51.47151785003667
35102015.0,1162.838,142.529,435.598,347562,23.538,789.148,1404.09,88.2,8071.0,2340.398,2023.0,DE000A2TSL71,265.589,621511.0,84.1,2340.398,615.77,2635.163,682.853,92.274,3510.0,2325.035,SYNLAB AG,953.096,126.232,44.651,35.0,-825.196,157.269,294.078,65.037,DEU,91.512,436.607,4663.266,2023-12-31,351020.0,436.607,2635.163,363.127,,3.0564201141431777,3.942662743687184,5.408735626600707,16.56850069616187,3.50164297237021,16.56850069616187,76.63256504436347,3.806368187052542,1.1556630782906425,1.0604200318370134,0.38894022578798076,0.4543291162226717,2.2794110393874183,0.5999364210702623,0.6671339661032012,50.18795839654011,49.85851118079046,1.5574897281230877,2.9678177399812644,33.48209173570626,0.5650895745599758,111.95356444897612,6.049529612165345,60.33526958294421,36.16838882452433,24.79103438543674,9.4679951412273,15.036392948632999,4.790291909836317,0.4292466624500983,236.895,8.98976647744371,34.76249356285817,254.7741161447846,1.9925098209791665,3.1914534319129406,95.58488848429677,4.415111515703231,-18.931057513549366,-13.340137376758786,-5.496446782029151,-49.741595488740955,-20.24312729432428,0.507736975074965,0.4475833608695324,-0.046924804180004956,1.752197078782582,5.593786398873084,4.219750721598487,7.786967331479698,5.117901303114474,0.061791265355221774,-0.91115572778417,False,False,False,False,False,False,False,False,False,False,False,False,False,False,False,False,False,False,False,False,False,False,False,False,False,False,False,False,False,False,False,False,False,False,False,False,False,False,False,False,False,False,False,False,False,False,True,False,False,False,True,False,False,False,9,True,-0.0693788865374053,0.3037872277676446,0.22805029705117758,-0.5996810196503256,0.7955724856424368,-0.006411957223628935,0,Upper-Mid,58.0496906607505,69.21060122808372,80.0161614469849,95.68549250186193,71.912915664506,46.772097842140056,57.41748310977904
20103010.0,600.73,53.061,369.809,100458,11.5,673.336,0.0,4.191,1600.0,987.04,2016.0,DE000A0Z23N2,249.943,237.0,84.1,987.04,1404.567,2199.668,559.094,108.453,2010.0,825.376,STRABAG AG,417.55,108.019,0.0,20.0,-35.323,0.0,83.258,45.87,DEU,3.78,136.319,1814.619,2016-12-31,201030.0,136.319,2199.668,69.661,7.805,2.924084890547272,10.98770059977306,2.412227663447393,6.197253403695465,4.930425864266789,6.197253403695465,36.14640936723178,5.3757699789268925,1.204334154900607,1.122290706035121,0.44705004882899835,0.44705004882899835,6.295646634362363,0.0,0.0,54.393787345993836,45.48480975896318,14.037301587301588,-1.8335155040750009,0.0,1.212192752307785,191.27547826086956,5.9481191642172035,61.363935375702155,18.982410072792803,19.25445983088532,30.62060170045782,34.15328506975845,4.9106956140653955,1.2974008503687335,-38.358000000000004,-1.7438086111176778,155.0638090179584,131.2847477431635,1.8384452504457773,3.8233042440950173,3.864346767724267,96.13565323227573,3.1606632168286186,1.706505874994102,4.545454545454541,-123.0767842424753,42.94088845955353,0.8222092413624992,-0.011970785814716448,0.3588904315474868,-1.3722501148932542,1.3803027422327552,0.013688443219195582,3.8388774723509456,5.008390488140227,0.3548264661944839,,False,False,False,False,False,False,False,False,False,False,False,False,False,False,False,False,False,False,False,False,False,False,False,False,False,False,False,False,False,False,False,False,False,False,False,False,False,False,False,False,False,False,False,False,False,False,False,False,False,False,False,False,False,False,3,True,-0.08264391665532139,0.10390153243790522,-0.7348746553571783,-0.36263735323218876,0.6362534349365743,0.8950056046736,0,Upper-Mid,53.267013624203244,65.35085410680168,81.76764739650407,86.38240694333783,67.55836217825446,48.012173084536556,53.148971292113586
15101050.0,573.9,245.5,948.7,276585,16.637,4055.3,1725.5,124.195,2821.0,4669.2,2024.0,DE000WCH8881,1215.4,325211.0,208.5,4669.2,4262.4,5721.8,1522.8,241.0,1510.0,4572.9,WACKER CHEMIE AG,3596.5,651.6,168.7,15.0,145.9,221.2,472.7,1795.5,DEU,52.3,718.2,9409.9,2024-12-31,151010.0,718.2,5721.8,310.4,,2.60895439909032,5.161483765955624,4.29060785067636,12.551994127722047,4.211961270928729,12.551994127722047,25.50595966304311,3.8391167685739753,2.663054898870502,1.4839768846861048,0.7981350144470712,0.9089177830312584,26.913144666787108,0.3695493874753705,0.41692367000771013,49.620080978543875,48.596690719348764,4.694072657743786,1.018240044555834,20.68778626765428,0.6080617222287166,343.9201779166917,6.031200590281438,60.51863050089133,62.85609423607955,2.2593484698914117,2.373934837092732,22.998119002327343,11.388024747457095,1.3784641421620478,-341.20000000000005,-5.963158446642666,209.92268041237114,126.43584521384928,2.0153131157371713,3.6439581949736093,51.53319502074688,48.46680497925312,-10.627596763612502,6.273717022045533,1.5813896690682672,-214.99831479609037,1.8761726078799335,0.455456032142309,-0.02742528516664312,-0.3080933203303266,0.3533045854370772,5.297143149401356,0.20147112465319497,3.2986535457337487,2.842252816782154,0.08132090122133334,0.1366247830647122,False,False,False,False,False,False,False,False,False,False,False,False,False,False,False,False,False,False,False,False,False,False,False,False,False,False,False,False,False,False,False,False,False,False,False,False,False,False,False,False,False,False,False,False,False,False,False,False,False,False,False,False,False,False,11,True,-0.22459397250095947,1.136427204722092,-0.1889131252003268,-0.2894529389903802,0.4391356142355415,-0.10681467141767466,0,Upper-Mid,54.41544109256249,65.65740062667555,69.33161206037695,99.45953702879,78.41705461193884,49.41803907955807,56.60616845702993
35102020.0,4.9,47.149,431.158,207096,14.067,904.11,114.998,6.694,8060.0,1295.93,2024.0,DE0007042301,409.464,622110.0,84.1,1295.93,1658.114,1595.619,404.853,43.351,3510.0,530.509,RHOEN-KLINIKUM AG,764.444,70.4,129.6,35.0,-3.3,34.646,62.6,37.46,DEU,3.4,109.749,1856.481,2024-12-31,351020.0,109.749,1595.619,127.6,,2.5396974167793798,3.3451652481229694,2.954903394858046,6.878145722757124,2.716876647871453,6.878145722757124,-3.916661809617467,3.3417013483324447,2.233180932338404,2.140653521154592,1.011389319086187,1.331505509407118,26.892653358693142,0.08873781762903861,0.11547228631176067,69.80572383988847,28.57605329653253,13.86735294117647,-2.3674019808836526,8.060626529439299,0.8594857690436907,113.4299424184261,3.7007755857481475,98.62797447260282,47.908930640710594,3.195987237034233,44.263587827015485,45.280398775963775,4.412080828819412,1.124600638977636,57.19999999999999,3.5848156734157715,55.17241379310346,270.631402574816,1.4325472826464392,5.270681785564098,15.441396968928053,84.55860303107195,8.99193226132342,4.854890416622437,40.431266846361204,23.809523809523768,12.101910828025497,-0.1400670073171272,0.004227725429199027,-0.45870708128161475,0.5846086077556072,1.8697237568722591,0.0511333182101326,6.873218740186406,1.8982389773883552,0.06173187836728122,0.1124389032950867,False,False,False,False,False,False,False,False,False,False,False,False,False,False,False,False,False,False,False,False,False,False,False,False,False,False,False,False,False,False,False,False,False,False,False,False,False,False,False,False,False,False,True,False,False,False,False,False,False,False,False,False,False,False,11,True,-0.17079585647550113,1.593193441424046,-0.5595858606664966,-0.45792223069290966,0.9004297288026502,0.7461199952084051,0,Upper-Mid,42.309859823632934,63.16190552359816,65.87332377793001,56.47951616676157,84.56197798232958,50.45162595643355,47.888573348198406
20201060.0,203.817,22.025,122.29,244398,12.398499999999999,253.303,76.347,88.2,5040.0,542.572,2024.0,DE0007446007,8.131,423420.0,84.1,542.572,639.842,1053.715,188.791,-41.285,2020.0,380.161,TAKKT AG,105.6,11.851,0.0,20.0,-80.238,45.822,32.682,112.468,DEU,7.398,54.707,922.733,2024-12-31,202010.0,54.707,1053.715,93.863,,2.3869309973741046,-7.609128373745788,2.0902236373212872,5.191821317908543,-3.9180423549062127,5.191821317908543,39.27750862424849,3.558623987953189,1.3417112044536021,0.7459836538818058,0.04306879035547245,0.04306879035547245,6.991404880935222,0.14071312194510588,0.22516642952456078,58.80054143506301,41.19945856493699,2.9771559881048932,2.084523004368728,13.239907969044134,1.1419500548912849,84.98729685042545,8.616526289966473,42.360457998604936,10.021685180527943,16.333627852182538,5.689102678095102,14.13420783693658,1.1246874154776199,0.36261550700691514,82.012,7.783129214256228,12.625848310836007,426.16572077185015,1.7006646122542262,7.981285262143939,,,-15.088379514164496,-8.3519231800656,419.85324947589095,-9.418040844277053,-25.47478304615771,-0.8906813425784554,-0.03542728508959511,-0.05087707498181856,-0.16035910790212463,3.230778385588403,0.14633268013278283,10.172281689286066,2.1525713808397575,0.8360323023464974,0.13477653990459565,False,False,False,False,False,False,False,False,False,False,False,False,False,False,False,False,False,False,False,False,False,False,False,False,False,False,False,False,False,False,False,False,False,False,False,False,False,False,False,False,False,False,True,False,False,False,False,False,False,False,False,False,False,False,11,True,-0.5530058416596798,0.13798704267738018,-0.532109810074326,-0.48197720953069983,1.023068646752106,1.0182689685664263,0,Upper-Mid,45.70665922644774,54.42085318576165,80.00700870200133,76.91368156681287,70.30424568710232,44.91104711508928,47.40383933747806
20106010.0,254.7,35.1,245.4,100301,12.398499999999999,745.8,131.7,23.6,3510.0,847.9,2024.0,DE0006305006,62.0,3336.0,100.4,847.9,1329.5,1813.7,574.3,42.0,2010.0,835.4,DEUTZ AG,380.8,64.2,0.0,20.0,41.3,155.9,83.4,431.6,DEU,20.9,118.5,1683.3,2024-12-31,201060.0,118.5,1813.7,101.7,0.8,2.0851898057387275,4.953414317726147,1.9352704416386393,6.533605337156089,2.3157082207641837,6.533605337156089,26.69680763080995,3.5830951408738265,1.2986244123280515,0.5471008183876023,0.1079575134946892,0.1079575134946892,10.188320560803184,0.1553249203915556,0.33919094232810476,50.371294481078834,49.628705518921166,1.6794258373205744,1.9037974683544305,17.08548684132359,1.0774668805322878,146.28382465620842,7.39079054604727,49.38578596239731,20.995754534928597,10.575510204081633,3.080398517145505,18.261747757381332,3.5397254231681092,0.7697841726618705,37.5,2.067596625682307,63.12684365781711,289.7435897435897,1.985257695482958,5.535645365826763,56.19047619047619,43.80952380952381,-12.092865451725466,5.854609483083872,146.2462760675273,-49.18699186991871,-1.2307692307692242,0.16627029306584631,0.02387182317505559,-0.15034434194775279,-0.09969958493300726,2.922952849647946,0.10627239188455705,6.041703796114775,2.1762461491344536,0.03559413064403613,-0.03947328670521117,False,False,False,False,False,False,False,False,False,False,False,False,False,False,False,False,False,False,False,False,False,False,False,False,False,False,False,False,False,False,False,False,False,False,False,False,False,False,False,False,False,False,True,False,False,False,False,False,False,False,False,False,False,False,11,True,-0.3308182176169876,-0.14399275445281826,-0.5062961322821178,-0.46203110857935886,0.7617886215704661,0.6622759599262119,0,Upper-Mid,51.693214065643346,59.4724139827923,74.5370943605667,96.38151982381187,75.68265112681277,45.65115251246343,53.56231807421891
25101010.0,263.662,11.636,233.211,220295,9.078,851.562,320.667,9.504,3050.0,636.859,2024.0,DE0007856023,124.399,339991.0,133.038,636.859,1295.94,1803.136,602.484,-137.849,2510.0,1073.971,ELRINGKLINGER AG,715.129,108.317,12.7,25.0,-59.248,44.687,108.07,419.759,DEU,26.431,119.706,1759.303,2024-12-31,251010.0,119.706,1803.136,168.022,0.029,0.6613982923919302,-21.64513652158484,0.6453201533328601,6.638767125718747,-7.644958561084687,6.638767125718747,28.128549371761192,1.2152150437690463,1.4134184476268248,0.7167045099952861,0.20647685249732772,0.22755625045644362,14.157765887968129,0.5035133365470221,0.5736811444919518,36.19950628174908,61.045254853768796,0.4402406265370209,2.012889913621706,20.766974193757413,1.024914980534905,198.62701035470369,7.731779375758433,47.20776192145241,39.66029184709306,7.239242325697171,3.0873429753739647,20.326799874723115,6.007145329026762,1.0022855556583696,59.705,3.3111756406616033,64.46596279058696,1443.984187005844,2.7624686155020184,7.378145630723362,,,-2.3812204946078164,-12.393031092378804,-5.200501253132838,2.0790234061105695,52.10498230635285,-0.8535960562738824,-0.01185165207261132,-0.841471770727287,0.709805219909235,3.3785085388782212,0.13358232103760886,9.550486755266146,2.782741537123024,0.7021783634218506,-0.5065758480843952,False,False,False,False,False,False,False,False,False,False,False,False,False,False,False,False,False,False,False,False,False,False,False,False,False,False,False,False,False,False,False,False,False,False,False,True,False,False,False,False,False,False,False,False,False,False,False,False,False,False,False,False,False,False,11,True,-1.2628305654626664,-0.2990745692647123,-0.31453461277262446,-0.32959814981311275,0.5136904333918156,0.24285168930613021,0,Upper-Mid,37.26053243623346,42.30785550068984,80.62496037638606,68.70966693866538,80.42096180111244,41.7785954709002,42.29989503866476
15104050.0,2072.8,63.5,1730.5,102259,23.868,5473.6,465.4,88.2,3312.0,4441.4,2024.0,DE0006202005,1002.2,331110.0,82.0,4441.4,6847.8,10011.7,3531.7,-352.2,1510.0,6016.5,SALZGITTER AG,1899.3,968.7,0.0,15.0,331.9,1290.1,319.1,2740.9,DEU,93.6,382.6,10465.3,2024-12-31,151040.0,382.6,10011.7,408.4,,0.6067671256437943,-7.929932003422345,0.6342579182356642,3.82152881129079,-3.5178840756315113,3.82152881129079,31.602025630012886,1.2941224423249371,1.54984851487952,0.7737633434323414,0.2837726873743523,0.2837726873743523,18.555607579333614,0.10478677894357635,0.39525825190255326,42.43929939896611,57.489990731273835,0.6784188034188035,1.9688970203868268,16.774483292404422,0.9566567609146418,419.46120328473273,5.785437734758741,63.08943536062806,18.97080415913381,5.155620783768473,2.4983764456930206,26.112008255855063,9.675679455037606,3.0357254779066123,-560.3000000000001,-5.59645215098335,237.19392752203726,643.1496062992126,2.3563065700004504,0.819041721186212,,,-7.2174598026041314,-0.3494572462388157,-2.7819640747831054,-499.6433666191155,28.85075818036713,0.2299054776241523,0.012350929816686536,0.35923499141751786,-0.3797672340089985,3.2800788438299886,0.08542884242603051,3.902420379731111,2.275773515453363,0.05404092280611452,-0.3859980721716331,False,False,False,False,False,False,False,False,False,False,False,False,False,False,False,False,False,False,False,False,False,False,False,False,False,False,False,False,False,False,False,False,False,False,True,True,False,False,False,False,False,False,False,True,False,False,False,False,False,False,False,False,False,False,11,True,-0.9045661828622533,-0.061381789812700246,-0.4704948135711138,-0.1744944800577854,0.698386415425371,0.15575153023175314,0,Upper-Mid,44.55833607281504,46.98515811464032,84.2996363798045,81.68683627131351,89.28657776163514,43.43384277488742,48.782036343430704
15101050.0,1870.0,68.0,2290.0,320448,17.503,5766.0,2437.0,88.2,2821.0,6658.0,2024.0,DE0006062144,509.0,325211.0,392.0,6658.0,11045.0,14179.0,3576.0,-266.0,1510.0,6952.0,COVESTRO AG,5898.0,781.0,0.0,15.0,-565.0,702.0,842.0,2851.0,DEU,160.0,910.0,13631.0,2024-12-31,151010.0,910.0,14179.0,870.0,75.0,0.4988628860685203,-3.9951937518774407,0.4795824811340715,6.417942026941251,-1.8760138232597503,6.417942026941251,22.103110233443825,0.7476635514018692,1.6124161073825503,0.8151565995525727,0.142337807606264,0.142337807606264,16.06631941897146,0.36602583358365876,0.471462901772304,48.84454552123835,51.00139388159343,0.425,2.89010989010989,23.02839116719243,1.0402024796419924,810.0896989087585,6.191703056768559,58.9498554199873,41.596727554834615,6.474429223744292,3.8740792704314275,20.534076736849826,5.508145849495733,0.9275534441805225,89.0,0.6276888356019465,89.77011494252874,1279.4117647058824,2.0473115049564434,2.7646519500670004,,,-1.377199693955622,-0.04399794676248625,8.17007601507942,-61.63793103448276,2.091503267973849,-0.7668193612743537,-0.10558126345922565,0.12096335271390217,-0.7485806712997983,6.191469390614984,0.6845625915860161,6.382510454111951,5.464956741910282,0.16872963392890875,0.38143987000974205,False,False,False,False,False,False,False,False,False,False,False,False,False,False,False,False,False,False,False,False,False,False,False,False,False,False,False,False,False,False,False,False,False,False,False,True,False,False,False,False,False,False,False,False,False,False,False,False,False,False,False,False,False,False,11,True,-0.7476480949424729,0.05697228001861222,-0.6345921395369268,0.2724564547899622,0.8218589662595395,0.33391047028918613,0,Upper-Mid,44.59191664838711,47.93565646155065,86.31092416491329,98.0675602825761,74.14220754251116,46.85967425856347,48.35198511129926
15101020.0,1177.0,23.0,1043.0,271763,12.338,3449.0,2428.0,88.2,2800.0,4586.0,2024.0,DE0005470405,615.0,325.0,104.0,4586.0,4508.0,6366.0,1773.0,-177.0,1510.0,5119.0,LANXESS AG,2140.0,320.0,0.0,15.0,-97.0,584.0,560.0,1348.0,DEU,47.0,583.0,9711.0,2024-12-31,151010.0,583.0,6366.0,508.0,,0.23684481515806816,-3.8595726122982987,0.36129437637448947,9.158027018535972,-2.7803958529688972,9.158027018535972,29.186302230600063,0.32791559737667525,1.9452904681331078,1.1849971799210377,0.34686971235194586,0.34686971235194586,17.258778704561838,0.5294374182293938,0.6567815089402529,47.22479662238698,52.71341777365873,0.48936170212765956,4.111492281303602,31.016373185047886,0.6555452579548965,515.9669314313503,6.103547459252157,59.801288092994035,33.616085453974236,3.7983293556085918,3.344213649851632,17.073421892699,5.026704366949419,0.5714285714285714,188.0,2.9531888155827835,62.99212598425197,2208.695652173913,2.1175316179677277,1.6336789192585612,,,-5.183199285075957,0.47594412829798927,12.35770876969311,-63.28125,-1.8404907975460127,-0.5081288468194866,-0.022332934506128475,-0.14407214250934824,-0.05301699421945929,2.958311804424543,0.18518384752209463,5.231181134795593,2.6774683386281595,0.3245282395020797,0.26489027008770094,False,False,False,False,False,False,False,False,False,False,False,False,False,False,False,False,False,False,False,False,False,False,False,False,False,False,False,False,False,False,False,False,False,False,False,True,False,False,False,False,False,False,False,False,False,False,False,False,False,False,False,False,False,False,11,True,-0.8816598885124795,0.5497321217405541,-0.230898160731638,-0.1258302366367881,0.7736852202542562,-0.2015858519488045,0,Upper-Mid,44.70863995651217,46.189373309688534,92.55305372065915,93.15875541815727,81.7942159053146,46.34955279554993,48.706338572155495
20104010.0,2.919,-1.138,367.934,315541,0.024,367.934,525.0,88.2,3640.0,2111.461,2024.0,DE000LED4000,0.0,3351.0,84.1,2111.461,8.449,8.887,458.122,0.0,2010.0,1370.422,OSRAM LICHT AG,0.037,151.34750000000003,0.0,20.0,-80.6045,0.0,155.2045,0.0,DEU,24.067,-1.138,3481.883,2024-12-31,201040.0,-1.138,8.887,320.288,,-0.03268346466552724,0.0,-12.805221109485764,-12.805221109485764,0.0,-12.805221109485764,4.928547316304721,-0.04316392315304493,0.803135409345109,0.803135409345109,0.0,0.0,-2.590207654880994,0.24864300122048197,0.24864300122048197,60.641354117872424,39.358645882127576,-0.0472846636473179,,15.078048285941831,0.002552354573660287,370.2916666666667,0.024153788451189616,15111.501068977157,0.41633847192528406,,,10.567098320075662,1703.021267019242,0.975148916429614,168.9405,1900.9845842241475,47.253565541013096,,1.6490396933687148,946.3260942950376,,,,10.338899476680673,0.0,0.0,0.0,,0.030081994470008692,299.01904148605547,334.3723054355889,,0.14640872048535256,9.1987008179195,3.5272409411881007,,,False,False,False,False,False,False,False,False,False,False,False,False,False,False,False,False,False,False,False,False,False,False,False,False,False,True,False,False,False,False,True,False,False,True,False,False,False,True,False,False,False,False,False,False,False,False,False,True,True,False,False,False,False,False,11,True,-0.9311661725201171,0.4552893703543215,0.43646750547689556,-0.6057683449221442,2.0210430967756112,-0.6843066275196962,0,Upper-Mid,23.751429119720882,35.118856430684886,68.4566286145166,73.14219568863403,42.55319333934831,41.47153270235799,30.22154150379098
15101030.0,187.4,-43.6,804.8,100736,10.835,2145.2,683.4,26.9,2870.0,6212.3,2024.0,DE000KSAG888,524.1,32531.0,12.8,6212.3,2824.3,3653.1,709.8,-66.8,1510.0,3137.2,K&S AG,6060.5,505.2,206.5,15.0,-65.7,62.5,521.2,678.3,DEU,55.3,477.6,9353.5,2024-12-31,151010.0,477.6,3653.1,590.8,,-0.4661356711391458,-1.075286125911498,-1.1935068845637953,13.07382770797405,-1.8285839424050807,13.07382770797405,22.68758041115764,-0.6322780863436634,3.0222597914905607,2.066638489715413,0.7383770076077769,1.0293040293040294,15.346127118191049,0.11000756563591584,0.12006825169421953,66.41684930774576,33.54038595178275,-0.7884267631103075,0.46440536013400324,7.974554979419468,0.3905596835409205,337.15736040609136,4.539140159045726,80.41170512715229,165.9001943554789,2.5450048766894247,4.163791832522484,14.207515903137862,13.829350414716268,0.9693016116653874,85.59999999999997,2.3432153513454317,85.51117129316181,,1.5056420327414968,0.350387342257261,,,-5.668026648763103,-1.2698178133378257,-5.346378963920662,-75.61253561253562,7.4893617021276615,-0.31333950646612385,-0.03628605540096484,-2.1490312769738873,2.6709777141917024,10.652563837611792,0.4571640690932067,6.316352167637781,3.270369579329774,0.009517320711997845,-0.7609845683457818,False,False,False,False,False,False,False,False,False,False,False,False,False,False,False,False,False,False,False,False,False,False,False,False,False,False,True,False,False,False,False,False,False,False,False,False,False,False,False,False,False,False,False,False,False,False,False,True,False,False,False,False,False,False,11,True,-0.8289189551952769,2.0310435966219385,-0.34182887207144463,-0.3666614234418812,1.150052697625089,-0.1825577747580513,0,Upper-Mid,29.426746283412403,43.177421214688444,55.32429895141817,62.1225943459395,62.965707010343706,48.3535692620258,36.063298242448155
15104050.0,4227.0,-139.0,5222.0,103176,98.12,20918.0,650.0,93.0,3390.0,9583.0,2024.0,DE0007500001,5879.0,331.0,689.0,9583.0,30188.0,35041.0,11852.0,-1506.0,1510.0,18975.0,THYSSENKRUPP AG,4403.0,1525.0,12.0,15.0,-1640.0,823.0,770.0,8434.0,DEU,65.0,631.0,29333.0,2024-09-30,151040.0,631.0,35041.0,1353.0,,-0.4738690212388777,-15.715329228842743,-0.3966781769926657,1.8007476955566335,-4.297822550726292,1.8007476955566335,13.849490596729547,-1.3583504348675852,1.764934188322646,1.053324333445832,0.4960344245696929,0.49704691191360106,30.90716939965227,0.06782844620682459,0.15370969425023479,32.669689428288955,64.6882350935806,-2.1384615384615384,-6.98256735340729,5.021647973272423,1.194593120376368,357.12392988177737,6.7102642665645345,54.39428098513171,12.565280671213722,3.8651003750275756,3.5793217927436567,37.844748235775405,4.352044747581404,1.9805194805194806,-172.0,-0.49085357153049286,112.71249076127125,,3.060941250130439,1.9662680859564512,,,-6.64695225916454,-11.88909915592803,-1.861353657194853,-146.9945355191257,-10.188457008244988,-0.4866538935409118,-0.3269394328331497,0.17879103014873715,-0.22430985034253376,5.4900506186340134,1.4504766397896958,4.612552415368357,4.033652808264548,0.08643316027323589,-0.5552316299129579,False,False,False,False,False,False,False,False,False,False,False,False,False,False,False,False,False,False,False,False,False,False,False,False,False,False,False,False,False,False,False,False,False,False,False,False,False,False,False,False,False,False,False,False,False,False,True,False,False,False,False,False,False,False,11,True,-1.3008787649265539,-0.15803358915302254,-0.7801848228262144,-0.10984203667599807,0.24367128757693532,0.20365554593256427,0,Upper-Mid,34.46412840475316,41.35013575241035,95.30377179958107,62.160667550114525,70.06656189960987,42.508309095276786,38.78172955233627
35203010.0,188.201,-78.919,204.232,232623,4.74,681.964,392.743,88.2,8731.0,952.525,2024.0,DE0005664809,396.8,541714.0,50.451,952.525,580.986,796.967,344.585,-196.078,3520.0,959.977,EVOTEC SE,823.937,117.468,90.413,35.0,-161.421,46.677,101.1,31.122,DEU,14.323,22.181,1912.502,2024-12-31,352030.0,22.181,796.967,18.22,,-4.126479344858201,-20.58507650717829,-9.902417540500421,2.783176718734904,-24.60302622316859,2.783176718734904,27.100369275013897,-5.8664147218249445,1.97908788832944,1.8887705500819831,1.1515301014263535,1.4139123873645112,17.640713578338747,0.41231778693472615,0.46132122516469387,49.80517667432505,50.19482332567495,-5.5099490330238075,1.921464316306749,22.97618512294366,0.4167143354621329,168.13649789029535,3.9022631125386815,93.5354663367492,103.38407989289394,2.3622306071213672,18.668016194331983,31.426476939631957,14.739380676991646,1.161899109792285,-99.248,-12.453213244714023,644.7200878155872,,2.0078234167082227,6.330375034348975,,,1.9887999631442943,-15.093044607070993,-6.342620035566093,-43.890277133908484,-44.93369147903863,-0.8325694190209383,0.03863097794431662,1.9179508914088061,-2.290958640246113,9.297187349360202,0.2626236081321498,0.9526787422967401,7.231034069487787,0.08821256077322058,-0.12149034181171033,False,False,False,False,False,False,True,False,False,False,False,False,False,False,False,False,False,False,False,False,False,False,False,False,False,False,False,False,False,False,False,False,False,False,True,False,False,False,False,False,False,False,False,False,False,False,False,True,False,False,False,False,False,False,11,True,-2.685809113603767,0.9905689003527041,-0.32959427007036324,-0.5962974864571069,1.2643184569841894,-0.6543070283716534,0,Upper-Mid,16.32308444942308,17.72485964052007,74.76514779184757,98.63472678532621,63.43827014946704,40.23121152477768,29.453418908825924
