gsubind,xsga,ebit,rect,gvkey,emp,act,dltt,dvt,sic,ceq,fyear,isin,che,naics,xrd,seq,cogs,revt,lct,ib,ggroup,lt,conm,ppent,capx,ivst,gsector,fincf,dlc,dp,invt,loc,xint,oibdp,at,datadate,gind,ebitda,sale,oancf,ivch,roa,roe,ebit_margin,ebitda_margin,net_profit_margin,operating_margin,gross_margin,roc,current_ratio,quick_ratio,cash_ratio,cash_ratio_enhanced,working_capital_ratio,debt_to_equity,total_debt_to_equity,equity_ratio,debt_ratio,interest_coverage,net_debt_to_ebitda,debt_to_assets,asset_turnover,revenue_per_employee,receivables_turnover,days_sales_outstanding,capital_intensity,working_capital_turnover,inventory_turnover,asset_quality,capex_to_revenue,capex_to_depreciation,fcf,fcf_margin,reinvestment_rate,cash_conversion,financial_leverage,rnd_intensity,dividend_payout_ratio,retention_ratio,revenue_growth,asset_growth,employee_growth,fcf_growth,capex_growth,margin_trend,leverage_trend,capex_trend,fcf_trend,margin_volatility,leverage_volatility,cf_to_assets,cashflow_volatility,margin_consistency,growth_quality,ebit_outlier,ebitda_outlier,roa_outlier,roe_outlier,ebit_margin_outlier,ebitda_margin_outlier,net_profit_margin_outlier,operating_margin_outlier,gross_margin_outlier,roc_outlier,current_ratio_outlier,quick_ratio_outlier,cash_ratio_outlier,cash_ratio_enhanced_outlier,working_capital_ratio_outlier,debt_to_equity_outlier,total_debt_to_equity_outlier,equity_ratio_outlier,debt_ratio_outlier,interest_coverage_outlier,net_debt_to_ebitda_outlier,debt_to_assets_outlier,asset_turnover_outlier,revenue_per_employee_outlier,receivables_turnover_outlier,days_sales_outstanding_outlier,capital_intensity_outlier,working_capital_turnover_outlier,inventory_turnover_outlier,asset_quality_outlier,capex_to_revenue_outlier,capex_to_depreciation_outlier,fcf_outlier,fcf_margin_outlier,reinvestment_rate_outlier,cash_conversion_outlier,financial_leverage_outlier,rnd_intensity_outlier,dividend_payout_ratio_outlier,retention_ratio_outlier,revenue_growth_outlier,asset_growth_outlier,employee_growth_outlier,fcf_growth_outlier,capex_growth_outlier,margin_trend_outlier,leverage_trend_outlier,capex_trend_outlier,fcf_trend_outlier,margin_volatility_outlier,leverage_volatility_outlier,cashflow_volatility_outlier,margin_consistency_outlier,growth_quality_outlier,years_available,latest_year,PC1,PC2,PC3,PC4,PC5,PC6,cluster,cluster_name,proximity_score,profitability_score,liquidity_score,leverage_score,efficiency_score,relative_score,overall_score
50201030.0,734.662,858.442,177.121,104357,3.021,229.793,2589.29,88.2,4841.0,-525.588,2020.0,DE000KD88880,1.933,515210.0,20.234,-525.588,512.873,2631.54,1763.21,534.523,5020.0,4678.726,KABEL DEUTSCHLAND HOLDING AG,3231.179,417.469,0.0,50.0,-774.186,155.399,570.733,33.858,DEU,73.101,1429.175,4153.164,2021-03-31,502010.0,1429.175,2631.54,1267.322,,20.669590702413874,-101.7000007610524,32.62127879492617,54.30945377991594,20.312174620184383,54.30945377991594,80.51053755595584,41.597187966091994,0.13032650676890445,0.11112402946897987,0.001096295960208937,0.001096295960208937,-36.921657801136675,-4.926463313469866,-5.222130261725915,-12.655122696816209,112.65449666808244,11.743231966730962,1.919118372487624,66.08669920089841,0.6336229438567801,871.082423038729,14.857300941164514,24.567046292285127,122.78661924196479,,15.147764191623844,4.3112672651501365,15.864056788040463,0.7314611210495977,849.8529999999998,32.29489196440107,32.94103629543242,147.63047474377998,,0.7689033797700207,16.50069314136155,83.49930685863845,3.383981481917986,-1.4404597396735608,-5.059710873664358,35.373472404521245,-2.201622519426427,1.0855360562517546,-0.5214025199937786,-1.3064711510114162,1.6733753246814624,3.7063329177757907,1.418678577261145,30.514614881569806,3.6471205110281133,0.5146961303863442,0.3530826581344067,False,False,False,True,False,False,False,False,False,False,False,False,False,False,False,True,True,False,False,False,False,False,False,False,False,False,False,False,False,False,False,False,False,False,False,False,False,False,False,False,False,False,False,False,False,False,True,True,False,False,False,False,False,False,8,True,2.565620176506585,-1.5329175086807167,1.6092995914771955,0.3308538265019585,-0.20690471161933052,-0.714497223324697,1,Lower-Mid,6.993935311955749,11.271724727533897,60.453610060086305,24.085863694360917,83.72450801143076,44.01231465352493,20.019181641439786
45102030.0,425.527,321.934,202.642,355804,4.182,269.639,1070.865,88.2,7370.0,158.616,2024.0,DE000A3E00M1,31.173,518210.0,84.1,158.616,689.849,1560.301,360.112,169.666,4510.0,1484.826,IONOS GROUP SE,309.976,76.872,0.993,45.0,-279.366,14.368,111.383,0.054,DEU,24.012,433.317,1643.586,2024-12-31,451020.0,433.317,1560.301,386.803,,19.58729266372432,106.96651031421797,20.632813796825104,27.771372318546234,10.873927530649535,27.771372318546234,55.78744101298403,26.18454453545846,0.748764273337184,0.7486143199893367,0.08656473541564845,0.08932221086773003,-5.5046100417015,6.751305038583749,6.841888586271246,9.650605444436739,90.34063322515524,13.407213060136598,2.4325378418109604,66.02836724089886,0.9493272636783229,373.09923481587754,7.699790764007461,47.4038855323428,19.866423209367937,,12774.981481481482,14.225906037165077,4.926741699197783,0.6901591804853524,309.931,19.863539150458788,19.873682468853655,120.14978225350536,10.36204418217582,5.389985650204672,51.98448716890833,48.01551283109167,9.592171009472272,2.9644827143362695,-4.170485792850586,33.133588491260646,-5.908273051077739,-0.3682413121916899,-29.924378341048133,-0.552064089903569,2.1330384601756167,2.0671587018981805,163.58876286179517,23.534089484821603,5.675463328849005,0.14808946354942037,-0.6071737893549983,False,False,False,True,False,False,False,False,False,False,False,False,False,False,False,True,True,False,False,False,False,False,False,False,False,False,False,False,True,False,False,False,False,False,False,False,True,False,False,False,False,False,False,False,False,False,True,False,False,False,True,False,False,False,7,True,2.0603488318573673,-1.4223976088764068,1.2686067760735127,-0.13624048211719234,-2.815100642978342,0.25969506557422467,1,Lower-Mid,11.806085935469683,15.585643189773208,83.89461197905234,37.35815237624949,71.84423658518443,56.325578766021636,22.35201373754513
45103010.0,284.278,206.371,36.257,333885,12.398499999999999,134.323,329.143,88.2,7372.0,100.485,2024.0,DE000A2YN900,55.265,511210.0,79.95,100.485,34.665,671.422,547.954,123.081,4510.0,969.856,TEAMVIEWER SE,41.457,3.201,0.0,45.0,-254.393,115.49,46.169,0.237,DEU,14.724,252.54,1070.341,2024-12-31,451030.0,252.54,671.422,249.178,7.45,19.280864696391152,122.48693834900732,30.73640720738969,37.612708549913464,18.331392179583034,37.612708549913464,94.83707712883998,48.034811511354015,0.24513554057457382,0.24470302251648865,0.10085700624504977,0.10085700624504977,-38.64478703515982,3.275543613474648,4.424869383490073,9.388129577396363,90.61187042260364,14.015960336864984,1.541807238457274,41.541247135258764,0.6272972818942749,54.15348630882769,18.518410238023005,19.710115247936468,6.174507239858093,,146.26582278481013,8.550732897272924,0.4767493469085017,0.0693322359158743,245.977,36.63523089800454,1.2846238431964299,120.74274001676591,10.651749017266258,11.907563350620027,71.66012625831769,28.33987374168231,7.13799029502673,-3.70587288006744,748.6310746064339,8.585693600791068,-4.075516931375489,2.123393221414488,1.4774174578854269,-0.08060112468838011,-5.029500080864851,15.042714857597067,4.9609845578420115,23.280244333347973,5.376025306526689,0.14944096730055284,0.2325696354778396,False,False,False,True,False,False,False,False,False,True,False,False,False,False,False,False,True,False,False,False,False,False,False,False,False,False,False,False,True,False,False,False,False,True,False,False,True,False,False,False,False,False,True,False,False,False,True,False,True,True,True,False,False,False,9,True,3.116376865601869,-1.6325248804759838,1.2250801825593969,-0.8473846291249283,-2.1775724160953804,-0.4593117629881908,1,Lower-Mid,10.844499483040293,12.481079571696675,64.55347532618322,56.11427945835644,75.4510362390724,51.989985492911735,23.763099089251956
35202010.0,1058.977,597.696,782.005,214700,11.667,2245.783,1198.796,88.2,2834.0,1087.889,2023.0,DE0007251803,308.001,325412.0,114.627,1087.889,1771.527,3734.843,2607.51,342.446,3520.0,4078.689,STADA ARZNEIMITTEL AG,448.143,97.426,116.314,35.0,-275.677,25.363,213.842,1098.103,DEU,205.643,811.538,5237.176,2023-12-31,352020.0,811.538,3734.843,543.299,,11.412562801021007,31.478027629657074,16.00324297433654,21.728838400971608,9.168953018908695,21.728838400971608,52.5675644197092,26.13809947587884,0.8612749327902864,0.4401440454686654,0.11812073587445492,0.16272804322898088,-6.906909372532072,1.1019469817233194,1.1252609411438117,20.772435373567735,77.87954806177984,2.906473840587815,1.12891571312742,23.374410178309837,0.7131406315159161,320.1202537070369,4.775983529517075,76.42404915012492,11.998978270304802,,1.6132612332358622,20.812857921902943,2.6085701594417756,0.45559805837955125,445.873,11.938199276381898,17.932298789432707,90.89888505193274,4.814072023892145,3.069124994009119,25.755885599481378,74.24411440051863,-1.6423650330361195,-9.002933631538369,-11.499658651293332,-32.92691915993365,31.96169526879682,0.31611864846724946,0.05140329990559522,0.028396379328935132,0.5169261219865164,1.9875906892154203,0.6409153663650177,10.373892341979722,1.8116481283432762,0.23187704907908258,0.16562072164804803,False,False,False,False,False,False,False,False,False,False,False,False,False,False,False,False,False,False,False,False,False,False,False,False,False,False,False,False,False,False,False,False,False,False,False,False,False,False,False,False,False,False,False,False,False,False,False,False,False,False,False,False,False,False,10,True,1.1889388103334735,-0.8841346107187535,0.6624070902028315,-0.38570360243282426,-0.6428602253249115,-0.24659585600255726,1,Lower-Mid,41.33808890987058,43.671795661839006,80.18121477233746,86.16498679982129,85.91398755125834,50.15321706514097,46.77319150898691
35202010.0,287.427,222.074,113.432,326577,3.61,593.498,889.677,48.456,2834.0,604.422,2024.0,DE000A2GS5D8,121.896,325412.0,23.098,604.422,455.543,1194.707,326.915,113.787,3520.0,1471.724,DERMAPHARM HOLDING,315.028,38.237,0.587,35.0,-209.169,89.935,72.231,343.381,DEU,58.408,294.305,2080.019,2024-12-31,352020.0,294.305,1194.707,201.378,,10.676537089324666,18.82575419160785,18.58815592442331,24.634073459015475,9.524259923144335,24.634073459015475,61.8698978075796,14.863405972428867,1.8154504993652785,0.7650826667482374,0.37286756496336965,0.37466313873636875,12.816373311974557,1.4719467524345573,1.6207417996035882,29.058484561919872,70.75531521587062,3.802116148472812,2.914377941251423,47.0963005626391,0.5743731187070888,330.9437673130194,10.532363001622118,34.65509116461191,26.368641014072907,4.481557338614991,1.326640087832466,11.313742807157052,3.200533687339239,0.5293710456729106,163.141,13.65531465037034,18.987674919802565,90.68058394949429,3.4413356893031684,1.93336106677202,42.58482954994859,57.41517045005141,3.8589362758265855,-3.7328184320348345,3.2313411495567657,-8.286438686537634,-7.953588021472746,0.6342065967192626,-0.4287600068167555,0.35205452462828,0.4545569899003441,4.946341128536405,1.8607090101973809,9.68154617818395,5.595114278957773,0.18083648887113943,0.3398187220747304,False,False,False,False,False,False,False,False,False,False,False,False,False,False,False,False,False,False,False,False,False,False,False,False,False,False,False,False,False,False,False,False,False,False,False,False,False,False,False,False,False,False,False,False,False,False,True,False,False,False,False,False,False,False,11,True,1.1607975692509156,0.0012935416832473097,0.7910315598938061,-0.3005802872833683,-0.5627434440640597,-0.20311432674278493,1,Lower-Mid,43.17927464867288,45.65368138064146,78.36271694500408,90.09892258327643,86.76040049823827,53.26520931193768,48.42639846866083
50202010.0,309.873,418.33,353.584,234919,4.434,2406.091,96.723,159.346,7990.0,1026.957,2024.0,DE0005470306,1748.388,561599.0,15.39,1026.957,1989.932,2808.579,2497.395,318.867,5020.0,2884.745,CTS EVENTIM AG & CO KGAA,217.881,142.276,229.785,50.0,-193.853,24.575,78.081,15.555,DEU,12.323,496.411,4067.28,2024-12-31,502020.0,496.411,2808.579,506.419,,10.285252060344996,31.04969341462203,14.894720782288836,17.67480993057343,11.353321377109207,17.67480993057343,29.148085206077525,37.22857041150505,0.963440304797599,0.9572118147109289,0.7000846882451515,0.7920945625341606,-2.244841761570388,0.09418407976185954,0.11811400087832304,25.249232902578626,70.92565547491198,33.94709080581027,-3.277707383599477,2.982287917232155,0.6905300348144214,633.4188092016238,7.9431733336350065,45.951408167617856,7.757695261553973,,127.92876888460303,51.680041698629054,5.06576457347292,1.822159039971312,364.143,12.965382138084774,28.094522519889658,121.05729926134869,3.960516360470789,0.5479639347869509,49.97255909203523,50.02744090796477,19.08064778728644,27.287902785901608,25.43140028288544,-25.79035857304437,2.04555887078266,-1.5039697320762582,-0.034587777432309216,0.3551110241865341,0.3248755201716945,21.20389538993195,0.2043468968732351,12.451048366475876,8.660978644354024,0.055340053068831774,-0.03791956543392789,False,False,False,False,False,False,False,False,False,False,False,False,False,False,False,False,False,False,False,False,False,False,False,False,False,False,False,False,True,False,False,False,False,False,False,False,False,False,False,False,False,False,False,False,False,False,False,False,False,True,False,False,False,False,11,True,1.2437542953234069,-0.48331190492159354,0.3327585492549255,-0.08938606422753785,-0.3948999319458344,-0.42583582746937976,1,Lower-Mid,46.1536893732647,47.210444029346085,91.94351498138774,85.9882209077418,93.40765880205595,52.053480556235016,50.513535466257665
55101010.0,1113.1,1484.9,2066.8,210359,10.899,4318.1,2631.7,176.166,4931.0,3931.6,2024.0,,751.9,221122.0,0.3,3931.6,5286.4,8857.5,3532.2,902.5,5510.0,9869.5,EWE-ENERGIEVERSORGUNG WESER,7364.7,1049.5,295.9,55.0,-4.0,485.4,629.6,538.7,DEU,136.5,2114.5,14577.8,2024-12-31,551010.0,2114.5,8857.5,931.2,,10.186036301773932,22.955031030623665,16.764324019192774,23.872424499012137,10.189105278012983,23.872424499012137,40.317245272368055,22.624289610409402,1.2224958949096882,1.069984712077459,0.21287016590227054,0.29664231923447143,5.391074098972414,0.669371248346729,0.7928324346322108,26.969775960707377,67.70225960021403,10.878388278388279,1.1185623078742017,21.382513136412904,0.607601970118948,812.6892375447289,4.28561060576737,85.16872706745696,83.14648602878916,11.270517877592562,9.813254130313716,19.335565037248422,11.848715777589614,1.6669313850063532,-118.29999999999995,-1.3355913068021446,112.70403780068727,62.711293689810766,3.7078543086784004,0.003386960203217612,19.5197783933518,80.4802216066482,-13.854308500291769,-7.67174823137482,0.49792531120329553,-83.30981941309255,7.596883329915927,0.646014588903901,-0.03518143254923762,0.660044803088862,-0.34235377948553125,5.201134723670325,0.21397399401655762,6.3877951405561895,1.870457939381924,0.16969972165354902,0.25798570313552566,False,False,False,False,False,False,False,False,False,False,False,False,False,False,False,False,False,False,False,False,False,False,False,False,False,False,False,False,False,False,False,False,False,False,False,False,False,False,False,False,False,False,False,False,False,False,False,False,False,False,False,False,False,False,11,True,1.1976281587938375,-0.22780429399808103,0.5262417359939686,0.14920526269238235,-0.39913057873078106,-0.4797631482271312,1,Lower-Mid,47.19624044159275,48.16367086526397,94.09577841560306,93.59485928451198,86.22277055762322,53.23088981992657,50.804131861784576
20101010.0,2383.0,1420.0,2848.0,100312,28.539,8231.0,1871.0,352.0,3480.0,4050.0,2024.0,DE0007030009,1253.0,332994.0,330.0,4050.0,4692.0,9751.0,6782.0,804.0,2010.0,9880.0,RHEINMETALL AG,1661.0,732.0,69.0,20.0,-234.0,552.0,386.0,3989.0,DEU,135.0,1806.0,14344.0,2024-12-31,201010.0,1806.0,9751.0,1720.0,,9.899609592861127,19.85185185185185,14.562608963183262,18.521177315147163,8.245308173520664,18.521177315147163,51.881858270946566,23.98243539942577,1.2136537894426422,0.6254792096726629,0.1847537599528163,0.19492774992627543,10.101784718349135,0.46197530864197534,0.5982716049382716,28.234802007808142,68.87897378694925,10.518518518518519,0.6478405315614618,16.89208031232571,0.6797964305633017,341.67279862644097,3.423806179775281,106.60650189724132,17.034150343554508,6.729468599033816,1.176234645274505,28.590351366424986,7.506922366936725,1.8963730569948187,988.0,10.132294123679623,42.55813953488372,121.12676056338027,3.541728395061728,3.3842682801763924,43.78109452736319,56.21890547263681,35.883500557413605,22.52498505167848,15.295115743546251,186.3768115942029,83.91959798994975,1.0327341372410506,-0.006713441454578873,0.060298832520116065,0.7267969321845053,3.6270168804043044,0.11842220708244544,11.991076408254322,3.0547837780097273,0.8918064260790117,0.22344346082793115,False,False,False,False,False,False,False,False,False,False,False,False,False,False,False,False,False,False,False,False,False,False,False,False,False,False,False,False,False,False,False,False,False,False,False,False,False,False,False,False,False,False,False,False,False,False,False,False,False,False,False,False,False,False,11,True,0.9902214035467767,-0.4218618451965116,0.49121826170366495,-0.3619691925687102,-0.2632091650554836,-0.1942752464277038,1,Lower-Mid,50.98561739529911,52.61225478415314,89.25751866083745,89.48693620873424,88.0933085110051,51.06412277528669,53.079387812474465
50201010.0,629.284,278.147,259.608,295079,11.858,425.443,1436.188,88.2,7310.0,465.5,2024.0,DE0007493991,75.491,5418.0,48.07,465.5,860.222,2046.841,856.623,130.797,5020.0,2409.816,STROEER SE & CO KGAA,1147.243,95.536,0.0,50.0,-252.922,363.131,288.58,40.586,DEU,74.509,566.727,2886.43,2024-12-31,502010.0,566.727,2046.841,454.493,,9.636367415804298,28.098174006444683,13.589086792769933,27.68788586900497,6.390188588170748,27.68788586900497,57.973188928695485,14.626321457568222,0.49665138573211315,0.4492723169935899,0.08812628192331982,0.08812628192331982,-14.938176224609641,3.085258861439313,3.86534693877551,16.127188256773938,83.48776862768194,3.7330658041310443,3.0417255574553534,62.337177759377504,0.7091254594776246,172.61266655422497,7.884352562324735,46.294226078136994,56.049443996871275,,21.195042625535898,11.609462207640581,4.6674851637230255,0.33105551320257814,358.957,17.53712183799328,21.02034574789931,163.40028833674282,6.200708915145005,2.348497025416239,67.43273928301107,32.567260716988926,6.922056280787525,5.303192261696732,3.0771905424200385,32.91454681448241,-27.107923549383894,0.48529252216321134,0.3778397427159388,-0.11288322520050043,0.45127996823427174,2.2858091070332587,1.342797646479037,15.745852142612154,1.1303645716434663,0.4958153482817816,0.34752059293587245,False,False,False,False,False,False,False,False,False,False,False,False,False,False,False,False,False,False,False,False,False,False,False,False,False,False,False,False,False,False,False,False,False,False,False,False,False,False,False,False,False,False,False,False,False,False,True,False,False,False,False,False,False,False,11,True,0.6184715689764125,-1.183423443492657,0.9878101315042993,-0.4254623110176013,-0.9182454860323094,-0.23796573032559748,1,Lower-Mid,43.52287614871423,54.502423840515554,72.9871037939277,65.94753507500458,79.74932328497093,48.7573779909956,46.866787227834905
55101010.0,3666.6,6067.8,5242.4,216524,28.597,21484.3,18526.4,433.4,4911.0,10232.9,2024.0,DE0005220008,8757.7,2211.0,44.8,10232.9,25943.1,34936.7,13964.3,1243.7,5510.0,46509.9,ENBW ENERGIE BADEN,29670.5,5483.5,3926.1,55.0,2380.3,4278.5,1705.2,3014.3,DEU,889.0,7773.0,64277.7,2024-12-31,551010.0,7773.0,34936.7,2620.2,1248.6,9.439976850447357,12.153934857176363,17.36798266579271,22.24880999064022,3.559866844893765,22.24880999064022,25.742557253547126,21.09856637678942,1.538516073129337,1.3226584934439964,0.6271492305378716,0.9083018840901442,11.699236282567673,1.8104740591621145,2.228586226778333,15.919829116474299,72.35775393332369,6.825421822272216,1.8071786954843692,35.4787119016393,0.543527537544125,1221.6910864776023,6.664256828933313,54.7697979488618,84.926452698738,4.645837765957446,8.606674849882227,21.78064865419889,15.695529343069037,3.2157518179685667,-2863.3,-8.19567961484628,209.27791771620488,43.18204291505982,6.281474459830546,0.12823191658055855,34.847632065610675,65.15236793438933,-21.991568756168256,-0.6817173963092782,130.648868814776,-18.287149339345344,24.51746219174349,0.9007487912192431,-0.12818660308997296,0.4843372271521028,-0.1773859004519628,5.072178113991962,1.2103639397944819,4.07637485473189,3.599864914724167,0.34690540748176457,-0.47936871698007827,True,True,False,False,False,False,False,False,False,False,False,False,False,False,False,False,False,False,False,False,False,False,False,False,False,False,False,False,False,False,False,False,True,False,False,False,False,False,False,False,False,False,True,False,False,False,False,False,False,False,False,False,False,False,11,True,0.6279581875306759,-0.2306988379615883,0.7236589585340311,0.671744131275447,-0.8274362460016488,-0.907134619460645,1,Lower-Mid,44.691044040241344,54.76852140577181,81.41095159863133,73.568225742723,67.91727690526308,53.82428242055967,46.37453600731267
25504040.0,937.1,386.3,114.0,360887,19.02,1245.1,2108.1,88.2,5990.0,762.6,2024.0,DE000BEAU1Y4,98.9,4561.0,84.1,762.6,2443.7,4451.0,1424.4,84.0,2550.0,3718.7,DOUGLAS AG,1280.1,151.3,0.0,25.0,-689.3,296.1,316.4,793.5,DEU,280.3,702.7,4481.3,2024-09-30,255040.0,702.7,4451.0,683.6,9.7,8.620266440541807,11.014948859166012,8.67894855088744,15.787463491350259,1.887216355875084,15.787463491350259,45.097730847000676,13.456648204270735,0.8741224375175511,0.31704577365908443,0.06943274361134513,0.06943274361134513,-4.0010711177560125,2.764358772619984,3.152635719905586,17.017383348581884,82.98261665141811,1.3781662504459506,3.2806318485840325,53.64961060406578,0.9932385691651976,234.0168243953733,39.04385964912281,9.348461019995506,28.759829251853514,,3.0796471329552615,4.750853546961819,3.3992361267130984,0.47819216182048047,532.3,11.959110312289372,22.13282621416033,176.960911208905,5.876344086021505,1.8894630420130307,105.0,-5.0,8.722733823493488,-0.3358242149274826,4.224889035015611,12.015993265993252,38.17351598173517,2.7505162680335276,-0.386332071580355,-0.015487685059056356,0.2748948067127794,5.235584664334608,4.392062608346757,15.254502041818222,2.993392295349665,0.6899824917532128,0.9939962230801268,False,False,False,False,False,False,False,False,False,False,False,False,False,False,False,False,False,False,False,False,False,False,False,False,True,False,False,False,False,False,False,False,False,False,False,False,False,False,False,False,False,False,False,False,False,False,True,False,False,False,True,False,False,False,5,True,0.04761254490458797,-1.189051989793319,0.5603499772528114,-0.2505185982608703,-0.814639828281863,0.17994268774071695,1,Lower-Mid,48.15206096597461,65.96779712262318,77.11132836217438,69.53153127886564,66.91436603331779,49.268410841649676,49.444691843798715
20106010.0,2055.0,809.0,1626.0,328745,29.051,5416.0,2210.0,88.2,3743.0,3045.0,2024.0,DE000KBX1006,2263.0,336510.0,73.0,3045.0,3921.0,7996.0,3313.0,445.0,2010.0,6487.0,KNORR-BREMSE AKTIE,1665.0,228.0,0.0,20.0,630.0,964.0,326.0,1216.0,DEU,107.0,1135.0,9614.0,2024-12-31,201060.0,1135.0,7996.0,1042.0,,8.414811732889536,14.614121510673234,10.117558779389695,14.194597298649326,5.56528264132066,14.194597298649326,50.96298149074537,15.394862036156043,1.6347721098702084,1.2677331723513432,0.6830667069121642,0.6830667069121642,21.87434990638652,0.7257799671592775,1.0423645320197044,31.67256084876222,67.47451633035158,7.5607476635514015,0.8026431718061674,33.014354066985646,0.8317037653422092,275.24009500533543,4.9175891758917585,74.22336168084043,20.822911455727862,3.802187351402758,3.2245065789473686,40.45142500520075,2.851425712856428,0.6993865030674846,814.0,10.18009004502251,21.8809980806142,128.80098887515453,3.1573070607553366,0.9129564782391195,19.820224719101123,80.17977528089888,-0.5338035793898466,16.553648987544744,-1.4786176959338038,23.25135250946717,-10.289552274041814,-0.6583842840662589,0.08252887487373964,0.011364456353949167,-0.18171730814797565,2.4134139151679683,0.3867440733374963,10.838360723944248,4.264691832593389,0.818630594329998,0.23510027054584584,False,False,False,False,False,False,False,False,False,False,False,False,False,False,False,False,False,False,False,False,False,False,False,False,False,False,False,False,False,False,False,False,False,False,False,False,False,False,False,False,False,False,False,False,False,False,False,False,False,False,False,False,False,False,11,True,0.4650873000595105,0.05552581613973037,0.13920157416360665,-0.3177358835394725,-0.38346454316278566,0.0395821017471458,1,Lower-Mid,57.05982420785961,65.62188807201889,80.51946129853032,84.70191264801184,77.82943669055965,53.56065077142851,56.09291406593275
45102020.0,234.7,486.6,1055.4,242158,5.369,3925.5,1375.9,24.713,7374.0,1922.7,2018.0,DE0007472060,2859.4,518210.0,82.9,1922.7,1102.5,2061.3,2339.6,347.4,4510.0,3932.2,WIRECARD AG,81.5,23.5,139.6,45.0,303.4,133.9,97.0,10.6,DEU,29.4,583.6,5854.9,2018-12-31,451020.0,583.6,2061.3,749.6,113.0,8.310987378093564,18.0683413949134,23.606461941493233,28.312230146024355,16.853442002619705,28.312230146024355,46.51433561344783,14.751712847874854,1.6778509146862712,1.6733202256796034,1.2221747307232007,1.2818430500940332,27.08671369280432,0.7156082592188069,0.7852499089821606,32.83916036140669,67.16083963859332,16.551020408163268,-2.312542837559972,25.78694768484518,0.3520640830757144,383.9262432482772,1.9530983513359863,186.8825498471838,3.953815553291612,1.299766693990794,104.00943396226415,66.86365266699688,1.1400572454276428,0.2422680412371134,726.1,35.22534323000048,3.135005336179295,154.0484997944924,3.0451448483902843,4.021733857274536,7.113701784686241,92.88629821531376,34.26399063610766,29.318008685106033,14.428815004262564,32.386939620907704,56.478891996271145,0.4879204244472153,0.17433069286363506,-2.233302976072102,6.82208304997171,1.220848560660378,0.2773352738296344,12.80295137406275,3.2125722627169773,0.3993138869511902,-0.36875584684393276,False,False,False,False,False,False,False,False,False,False,False,False,False,False,False,False,False,False,False,False,False,False,False,False,False,False,False,False,True,False,False,False,False,False,False,False,False,False,False,False,False,False,False,False,False,False,False,True,True,False,False,False,False,False,5,True,1.4989048516221157,0.6212811814424563,0.8054132112942723,-0.2734529962976613,-0.409202448051781,-0.6800404604005255,1,Lower-Mid,36.49042568460635,41.74396073029296,70.72225395197823,82.05122959437419,73.5988179529299,54.86495466189249,42.18990807227804
50201020.0,1064.0,454.0,565.0,205865,12.398499999999999,1510.0,1987.0,11.344,4841.0,1318.0,2024.0,DE000PSM7770,608.0,515210.0,84.1,1318.0,2245.0,3918.0,1685.0,51.0,5020.0,4139.0,PROSIEBENSAT.1 MEDIA SE,410.0,209.0,0.0,50.0,-72.0,263.0,187.0,65.0,DEU,81.0,641.0,5608.0,2024-12-31,502010.0,641.0,3918.0,1203.0,6.0,8.095577746077034,3.8694992412746583,11.587544665645739,16.360387953037264,1.3016845329249618,16.360387953037264,42.700357325165896,13.73676248108926,0.8961424332344213,0.857566765578635,0.3608308605341246,0.3608308605341246,-3.120542082738944,1.507587253414264,1.7071320182094083,23.502139800285306,73.8052781740371,5.604938271604938,2.561622464898596,40.121255349500714,0.698644793152639,316.0059684639271,6.934513274336283,52.635273098519654,10.464522715671261,,34.53846153846154,20.91654778887304,5.334354262378764,1.1176470588235294,994.0,25.370086778968865,17.373233582709894,264.9779735682819,4.254931714719271,2.1465033180193975,22.24313725490196,77.75686274509803,1.7133956386292892,-5.0135501355013545,107.3327759197324,-2.6444662095984284,-4.5662100456621,-1.8838439217292735,-0.1508001627890378,0.21779228615245366,-1.9649167767436926,6.828304803040811,0.8583932037399492,21.451497860199716,4.628110177557051,0.8372530217792904,0.8081290542589302,False,False,False,False,False,False,False,False,False,False,False,False,False,False,False,False,False,False,False,False,False,False,False,False,False,False,False,False,False,False,False,False,False,False,False,False,False,False,False,False,False,False,True,False,False,False,False,False,False,False,False,False,False,False,11,True,0.21143826422186154,-0.5914425180700401,0.6537166048879806,-0.2867115577223759,-0.35095880492410225,-0.24693675855843733,1,Lower-Mid,64.77582735188349,68.33020136411128,89.56185459607828,90.61620608850166,86.30939085093557,49.66575903747648,61.584400450066155
50101020.0,0.0,24399.0,22303.0,221616,198.194,37161.0,134361.0,4400.0,4813.0,63296.0,2024.0,DE0005557508,8478.0,517111.0,21.0,63296.0,67748.0,118397.0,35182.0,11209.0,5010.0,206294.0,DEUTSCHE TELEKOM,92727.0,11198.0,6.0,50.0,-20282.0,15391.0,21638.0,2451.0,DEU,6713.0,46037.0,304934.0,2024-12-31,501010.0,46037.0,118397.0,39874.0,,8.001403582414556,17.708859959555106,20.607785670245025,38.8835865773626,9.467300691740501,38.8835865773626,42.778955547860164,12.344111263451332,1.0562503552953215,0.9865840486612473,0.24097549883463135,0.24114604058893752,0.648992896823575,2.1227407735085944,2.3658998988877653,20.75727862422688,67.65201650193157,3.6345896022642634,3.0687056063601017,49.10964339824355,0.3882709045236018,597.3793353986498,5.30856835403309,68.75676748566264,78.31870739968073,59.826680141485596,27.64096287229702,10.094315491221051,9.458009915791784,0.5175154820223681,28676.0,24.22020828230445,28.083462908160705,163.4247305217427,4.817587209302325,0.017736935902092115,39.25417075564279,60.74582924435721,3.2312910341700807,5.039182928299546,-0.7302706709674811,14.740717029449414,-9.003738013976925,0.9083638954089496,0.09609006619788991,-0.022447142565844867,1.3659145704370923,3.561205423752282,0.641028743180756,13.076272242518053,1.4031013189131987,0.7156791433631443,-0.37895880169637797,True,True,False,False,False,False,False,False,False,False,False,False,False,False,False,False,False,False,False,False,False,False,False,False,False,False,False,True,False,False,False,False,True,False,False,False,False,False,False,False,False,False,False,False,False,False,False,False,False,False,False,False,False,False,11,True,0.9295225556500315,-0.3579029600303998,1.082871977454485,-0.03637679459049045,-0.6092228900174267,-0.852236188673101,1,Lower-Mid,48.56839106283293,52.91957731421626,94.66704285059447,80.27032315812716,77.45515022404805,51.13855637346057,49.65657673739635
55103010.0,7055.0,8812.0,11493.0,100590,69.668,26054.0,34100.0,1437.0,9997.0,17841.0,2024.0,DE000ENAG999,7280.0,2211.0,333.0,17841.0,59248.0,81715.0,29977.0,4531.0,5510.0,87195.0,E.ON SE,42320.0,6971.0,1528.0,55.0,1106.0,4964.0,3509.0,1243.0,DEU,1975.0,12321.0,111361.0,2024-12-31,551030.0,12321.0,81715.0,5673.0,,7.913003654780399,25.396558488873943,10.783821819739337,15.078015052315976,5.544881600685309,15.078015052315976,27.494340084439823,16.96540305346451,0.8691330019681756,0.8276678787070088,0.24285285385462188,0.29382526603729525,-3.5227772739109744,1.9113278403676923,2.1895633652822153,16.020869065471754,78.29940463896696,4.461772151898734,2.579660741822904,35.078707985740074,0.7337847181688383,1172.920135499799,7.109979987818672,51.3362907666891,51.789757082542984,,47.66532582461786,16.85778683740268,8.530869485406596,1.9866058706184098,-1298.0,-1.5884476534296028,122.8803102414948,64.3781207444394,6.241858640210751,0.4075139203328642,31.714853233281836,68.28514676671816,-14.00231530204168,-1.8897679417828162,6.339006334427233,264.60674157303373,15.990016638935112,0.09306907973327724,0.5796916694177284,0.18289414595984638,-0.018829282884115207,3.5904213033591343,5.118408011569669,5.094243047386428,3.5495132304792825,0.007391161642140398,-0.5871554937245439,True,True,False,False,False,False,False,False,False,False,False,False,False,False,False,False,False,False,False,False,False,False,False,False,False,False,False,False,False,False,False,False,False,False,False,False,False,False,False,False,False,False,False,False,False,False,True,False,False,False,True,False,False,False,11,True,0.4390882695424986,-0.9124465910483657,0.42033000096722717,0.590697697828421,-0.6596557255912937,-0.6860816887314702,1,Lower-Mid,52.66062548104463,66.20374155784828,88.43416478698344,73.31462282526971,69.75740694347692,51.54276047486948,52.10007182803602
50201040.0,671.9,404.4,461.7,327148,9.136,852.9,1873.2,25.9,2731.0,1810.7,2024.0,DE000SPG1003,300.1,511130.0,84.1,1810.7,237.6,1847.1,819.4,68.3,5020.0,3574.6,SPRINGER NATURE AG,186.5,11.0,0.0,50.0,-369.1,20.6,280.1,35.6,DEU,156.4,684.5,5388.6,2024-12-31,502010.0,684.5,1847.1,531.2,,7.504732212448502,3.7720218699950294,21.893779438038006,37.058091061664236,3.697688268095934,37.058091061664236,87.13659249634563,10.977496674719726,1.040883573346351,0.9974371491335123,0.3662435928728338,0.3662435928728338,0.6216828118620792,1.034517037609764,1.0458938532059423,33.60241992354229,66.33633968006532,2.5856777493606136,2.3282688093498902,35.14456445087777,0.3427792005344616,202.17819614711033,4.000649772579597,91.23517947052136,10.096908667641168,55.13731343283582,6.674157303370786,14.137252718702445,0.5955281251691842,0.03927168868261335,520.2,28.16306642845542,2.0707831325301203,131.35509396636996,2.975976141823604,4.553083211520762,37.920937042459734,62.079062957540266,-0.31840259039396246,-0.41765227675930605,-0.10933741526352181,8.533277696640962,-12.698412698412698,0.8104904438494789,-26.07405839138555,-0.05004242365600309,0.2953670217378043,3.477855100505245,340.8222605351467,9.857848049586163,1.8199733616180795,0.7392075753636814,-0.12390943393823423,False,False,False,False,False,False,False,False,False,False,False,False,False,False,False,False,False,False,False,False,False,False,False,False,False,False,False,True,False,False,False,False,False,False,False,False,False,False,False,False,False,False,False,False,False,False,True,False,False,False,True,False,False,False,9,True,0.8053501981746969,0.011917564265461339,1.045898920463084,-0.5172875521707705,0.042627359133402806,-0.5544259135096962,1,Lower-Mid,48.83459699866031,56.037619021799934,93.99889923591806,80.91198942503138,69.76766556907536,50.18928605878036,49.29771138168855
20106010.0,158.711,114.552,301.796,358690,3.674,871.984,527.164,42.0,3790.0,440.914,2024.0,DE000RENK730,165.524,336992.0,28.985,440.914,783.756,1140.504,478.633,53.323,2010.0,1142.56,RENK GROUP AG,298.561,30.883,1.218,20.0,-88.973,6.386,77.033,391.239,DEU,41.779,191.585,1589.227,2024-12-31,201060.0,191.585,1140.504,168.63,,7.208032584394804,12.093741636691057,10.043980555964731,16.798275148530827,4.675389126210868,16.798275148530827,31.279855221901894,11.83293081755809,1.8218217298013302,1.0044125666220258,0.345826551867506,0.3483712990955492,24.75108968070641,1.195616378704237,1.210099928784298,27.743928337487343,71.89407177199983,2.741855956341703,1.9209541456794632,33.5729257053901,0.7176470070040339,310.42569406641263,3.7790560511073705,96.58496594488051,26.17798797724515,2.8994562108651047,2.003266545513101,29.405490845549437,2.7078379383149906,0.4009061051757039,137.74699999999999,12.077730547196678,18.31406036885489,147.2082547663943,3.604392239756506,2.5414202843655085,78.76526076927405,21.23473923072595,23.231118314424613,7.921267435385526,12.907191149354635,186.31677405944708,10.099821746880554,1.7279547518703875,-0.2873390024284759,-0.6892361893888411,0.4808650000345789,2.7494610030633466,0.4455832759485087,10.610818970480617,2.752971813336129,0.9216083237639261,,False,False,False,False,False,False,False,False,False,False,False,False,False,False,False,False,False,False,False,False,False,False,False,False,False,False,False,False,False,False,False,False,False,False,False,False,False,False,False,False,False,False,False,False,False,False,False,False,False,False,False,False,False,False,3,True,0.24503169963532487,-0.02292853051372233,0.3097375200255953,-0.2892177945940832,-0.4203184315241635,-0.2162962331329846,1,Lower-Mid,66.04525260468623,74.5795984027876,78.5585980073699,95.03347567294826,85.31486162041966,52.47267728856089,63.63459753278979
55105010.0,2983.0,6791.0,7911.0,100953,20.985,35022.0,14772.0,813.332,4911.0,31549.0,2024.0,DE0007037129,11941.0,221122.0,26.0,31549.0,15916.0,24224.0,27575.0,5135.0,5510.0,64817.0,RWE AKTIENGESELLSCHAFT,37447.0,9377.0,6851.0,55.0,1116.0,3898.0,1895.0,2560.0,DEU,1082.0,8686.0,98440.0,2024-12-31,551050.0,8686.0,24224.0,6620.0,1863.0,6.898618447785452,16.276268661447272,28.03418097754293,35.85700132100396,21.197985468956407,35.85700132100396,34.29656538969617,14.660737030720409,1.2700634632819583,1.1772257479601087,0.4330371713508613,0.6814868540344515,7.565014221861032,0.46822403245744715,0.5917778693460966,32.04896383583909,65.84416903697684,6.27634011090573,0.7746949113516003,18.96586753352296,0.2460788297440065,1154.3483440552777,3.062065478447731,119.20058619550859,154.5863606340819,3.2528534980529074,6.2171875,20.166598943518895,38.709544253632764,4.948284960422163,-2757.0,-11.381274768824307,141.6465256797583,97.48196141952585,3.120225680687185,0.10733157199471599,15.838987341772151,84.16101265822785,-15.199887978715953,-7.562867391590133,4.221504842314361,202.63446761800222,82.21919937815781,1.6612269284570662,-0.27183617371685476,2.3173572420120676,-0.9512590599829768,11.741637627714423,1.4377917055857417,6.7249085737505085,3.678125398525585,0.22018780595825974,0.06741778818363019,True,True,False,False,False,False,False,False,False,False,False,False,False,False,False,False,False,False,False,False,False,False,False,False,False,False,True,False,False,False,True,True,True,False,False,False,False,False,False,False,False,False,False,False,False,False,False,True,False,False,False,False,False,False,11,True,1.876322326652209,0.2315751943924954,0.9034015452716836,0.4797913627312798,-0.03670638339391356,-1.0879783540324413,1,Lower-Mid,30.61721167081894,35.358066616853264,89.96856372328195,82.56469258220069,59.35009070872034,54.119098506642935,36.47748085622635
20106010.0,5233.0,4520.0,11859.0,332311,105.541,22804.0,16011.0,850.0,3713.0,17838.0,2024.0,DE000TRAT0N7,2588.0,336120.0,2022.0,17838.0,33615.0,47473.0,23260.0,2804.0,2010.0,47703.0,TRATON SE,12934.0,1763.0,46.0,20.0,1392.0,8517.0,2441.0,7532.0,DEU,878.0,6961.0,65547.0,2024-12-31,201060.0,6961.0,47473.0,2340.0,33.0,6.895815216562161,15.719251037111784,9.521201525077412,14.663071640722094,5.906515282371032,14.663071640722094,29.191329808522738,13.353422553103488,0.9803955288048152,0.6565778159931213,0.1112639724849527,0.11324161650902838,-0.6956840129983066,0.8975782038345106,1.3750420450723175,27.214060140052176,72.7767861229347,5.148063781321184,3.1518459991380547,37.42047690969839,0.7242589287076449,449.8062364389195,4.003119993254068,91.17888062688266,27.244960293219307,,4.4629580456718,22.040673104795033,3.7136898868830706,0.7222449815649324,577.0,1.2154277168074485,75.34188034188034,51.76991150442478,3.674571140262361,4.259263160112064,30.313837375178316,69.68616262482169,1.2822153951186133,6.23672993079305,1.8529062641742478,-45.61734213006597,15.834428383705657,0.33803306441861164,0.09947383621153878,-0.09839830422023664,0.23541133556566574,2.3855782735217828,0.3122638010993772,3.5699574351228893,1.783993709808947,0.15058866623312134,-0.7725188022961524,True,True,False,False,False,False,False,False,False,False,False,False,False,False,False,False,False,False,False,False,False,False,False,False,False,False,False,False,False,False,False,False,False,False,False,False,False,False,False,False,False,False,False,False,False,False,False,False,False,False,False,False,False,False,9,True,0.3805292026353008,-0.5957802560000875,0.3401002291815437,-0.21354024806329128,-0.13387334327221606,-0.27908780683860657,1,Lower-Mid,71.6224186745417,75.00653798285882,88.11136735578211,95.93190795888226,90.06820088622169,50.019009589333855,66.75369599520992
25401010.0,288.739,117.575,450.346,231081,13.069,655.424,451.004,88.2,7310.0,522.579,2016.0,DE0005875306,179.047,5418.0,21.287,522.579,1003.599,1483.814,516.885,-140.555,2540.0,1182.716,GFK SE,92.489,17.913,5.357,25.0,-32.096,32.191,42.334,0.0,DEU,14.129,159.909,1720.885,2016-12-31,254010.0,159.909,1483.814,146.203,,6.832240387939927,-26.89641183438294,7.923836815126424,10.776889825813745,-9.47254844609904,10.776889825813745,32.36355769658461,12.076525576145023,1.2680267370885205,1.2680267370885205,0.3463962003153506,0.3567602077831626,8.050450785496995,0.8630350626412467,0.9246353182963726,30.36687518340853,68.7271955999384,8.321537263783707,1.9020067663483609,28.07828530087717,0.8622389061442224,113.53691942765322,3.29483108543209,110.77957884209206,6.233193648260496,10.710442546864062,,36.573797784279606,1.2072267817934053,0.42313506873907497,128.29,8.645962364555125,12.252142568893936,124.3487135870721,3.293061910256631,1.4346137723461294,,,-3.8623166902721495,-6.590454002901803,-3.084909158324056,-11.261594648995999,-32.052497818912876,-1.6594393656980002,0.1378205823171777,-0.6735361896385356,-1.1768285116979618,1.842533514258373,0.156250906889541,8.495803031579682,1.3594207806928698,0.8111328393416563,,False,False,False,False,False,False,False,False,False,False,False,False,False,False,False,False,False,False,False,False,False,False,False,False,False,False,False,False,False,False,False,False,False,False,False,False,False,False,False,False,False,False,False,False,False,False,False,False,False,False,False,False,False,False,3,True,-0.6289546528385696,-0.11564044777580958,0.3575497470140348,-0.3992110912004712,-0.00553069957430524,0.17489412241216046,1,Lower-Mid,50.00973864619742,56.180988985296146,86.98397817768722,88.26254101946836,71.48410990190398,50.22663234886106,50.788963842770634
20101010.0,293.0,832.0,3079.0,273099,12.892,7519.0,2112.0,118.0,3724.0,3363.0,2024.0,DE000A0D9PT0,2605.0,336412.0,339.0,3363.0,5813.0,7411.0,6049.0,633.0,2010.0,9047.0,MTU AERO ENGINES AG,1537.0,459.0,858.0,20.0,736.0,722.0,346.0,1753.0,DEU,66.0,1178.0,12484.0,2024-12-31,201010.0,1178.0,7411.0,714.0,,6.664530599166933,18.822479928635147,11.226555120766427,15.895290783969775,8.541357441640804,15.895290783969775,21.56254216704898,15.19634703196347,1.2430153744420565,0.9532154075053728,0.4306496941643247,0.5724913208794842,11.775072092278116,0.6280107047279215,0.8426999702646447,26.93848125600769,72.4687600128164,12.606060606060606,0.19439728353140917,22.701057353412367,0.593639859019545,574.8526217809494,2.4069503085417345,151.64417757387665,20.739441370935097,5.041496598639456,3.316029663434113,45.53027875680872,6.193496154365133,1.3265895953757225,255.0,3.440831196869518,64.28571428571429,85.8173076923077,3.712161760333036,4.574281473485359,18.64139020537125,81.35860979462875,38.18758157747531,22.344178753430022,5.9326211996713285,-42.69662921348315,38.25301204819278,-0.522577306925928,-0.011729329632645275,0.40419579056910093,0.2879084999951017,4.773797471147643,0.14849214132229066,5.7193207305350855,1.8780075002062253,0.13181529255894736,-0.008116966790129935,False,False,False,False,False,False,False,False,False,False,False,False,False,False,False,False,False,False,False,False,False,False,False,False,False,False,False,False,False,False,False,False,False,False,False,False,False,False,False,False,False,False,False,False,False,False,False,False,False,False,False,False,False,False,11,True,0.5533860790343892,-0.27258796274069735,0.35468598110014093,-0.11366795844666215,-0.17991619339693082,-0.5748252699555829,1,Lower-Mid,69.55616673413377,70.34779909300491,97.41990471911218,93.07358852998587,95.3641050825956,51.240581264699806,65.50400112764243
20106020.0,189.683,126.513,209.011,315582,7.984,571.867,790.796,28.405,3714.0,649.869,2024.0,DE000STAB1L8,109.426,3363.0,34.378,649.869,883.474,1305.926,290.691,70.178,2010.0,1233.16,STABILUS SE,300.311,53.548,0.0,20.0,440.69,30.171,78.378,223.59,DEU,32.651,204.891,1910.888,2024-09-30,201060.0,204.891,1305.926,196.976,,6.6206392002043035,10.798791756492461,9.68760863938692,15.689326960333128,5.3738113798178455,15.689326960333128,32.34884671872678,8.781569622361896,1.9672676484652087,1.1981003883849173,0.376434082926544,0.376434082926544,14.714415496878939,1.2168544737477862,1.2632807535057067,34.00874357890154,64.5333478466556,3.874705215766745,3.472778208901319,42.9625912141371,0.6834131566057247,163.56788577154308,6.248120912296482,58.41756347603157,22.996019682585384,4.644514467806641,3.951312670512993,16.664346628373824,4.100385473602639,0.6832019189058154,143.428,10.982858140507195,27.18503777109902,155.69625255902554,2.9404203000912488,2.632461563672061,40.47564763886118,59.52435236113882,7.4611562685660715,43.21223408441097,6.995443580809435,9.91746304229537,12.45799731182795,0.2725675188843278,-0.24692377243173472,-0.18834501152958566,-0.0028283717082525136,2.3912224167607414,1.1208187859020873,10.308087130171941,2.3470718783997153,0.14292261055205147,0.38633353248229296,False,False,False,False,False,False,False,False,False,False,False,False,False,False,False,False,False,False,False,False,False,False,False,False,False,False,False,False,False,False,False,False,False,False,False,False,False,False,False,False,False,False,False,False,False,False,False,False,False,False,False,False,False,False,11,True,0.23263518297117905,0.3084513188875276,0.2958353884196233,-0.43406321566602823,-0.2792368518664512,-0.09601480039791006,1,Lower-Mid,60.172756437303434,78.3750571090543,73.12923965573943,79.9068299254931,79.8926287070486,53.31595722042587,59.71869129533883
20105010.0,13984.0,9659.0,34677.0,19349,327.0,61353.0,41321.0,4160.0,9997.0,51264.0,2024.0,DE0007236101,10216.0,999977.0,6435.0,51264.0,43108.0,75930.0,43913.0,8216.0,2010.0,91581.0,SIEMENS AG,12078.0,2088.0,1060.0,20.0,-8880.0,6598.0,2999.0,10923.0,DEU,1785.0,12658.0,147812.0,2024-09-30,201050.0,12658.0,75930.0,11665.0,,6.534652125673153,16.026841448189764,12.720927169761623,16.67061767417358,10.820492558935863,16.67061767417358,43.226656130646646,10.432575471188638,1.3971489080682258,1.14840707763077,0.23264181449684604,0.25678045225787355,11.798771412334586,0.80604322721598,0.934749531835206,34.68189321570644,61.95775715097557,5.411204481792717,2.9785906146310634,32.4188834465402,0.5136930695748654,232.2018348623853,2.1896357816420107,166.69438956934016,15.906756222836824,4.353784403669724,3.9465348347523572,30.371688360890865,2.7499012248123273,0.6962320773591197,9577.0,12.612932964572632,17.899699957136733,120.76819546536908,2.883348938826467,8.474911102331093,50.63291139240506,49.36708860759494,-2.3646954442001267,1.8922291079294329,2.187500000000009,-4.430695539367324,-5.86113615870153,0.4274657300079713,0.03051371519563571,0.02171972230745273,0.7932198642492456,1.833229520947242,0.17366750546714438,7.891781452114849,0.9997692922485408,0.5980832047422889,-0.397258245788941,True,True,False,False,False,False,False,False,False,False,False,False,False,False,False,False,False,False,False,False,False,False,False,False,False,False,False,False,False,False,False,False,True,False,False,False,False,False,False,False,False,False,False,False,False,False,False,False,False,False,False,False,False,False,11,True,0.6987248432701869,0.15094566400156412,0.5072873255638172,-0.4532338732901263,-0.060097109720551205,-0.38018905130166153,1,Lower-Mid,57.933919668855324,65.87170701623018,88.69524522487798,78.23918786866561,80.12750738806245,52.018428811096285,56.1909541658641
25203010.0,10915.0,1323.0,3145.0,221244,46.045,11904.0,4410.0,357.0,3021.0,5476.0,2024.0,DE000A1EWWW0,2530.0,316210.0,170.0,5476.0,10488.0,23683.0,9593.0,756.0,2520.0,14787.0,ADIDAS AG,4912.0,419.0,75.0,25.0,-1559.0,1177.0,1170.0,4989.0,DEU,221.0,2493.0,20655.0,2024-12-31,252030.0,2493.0,23683.0,2910.0,,6.405228758169934,13.805697589481372,5.586285521259975,10.526538023054512,3.1921631550057006,10.526538023054512,55.715069881349486,13.382561197653247,1.2409048264359428,0.7208381111226936,0.26373397268841864,0.27155217345981447,11.188574195110142,0.8053323593864135,1.0202702702702702,26.5117404986686,71.59041394335513,5.986425339366516,1.2262334536702768,27.049140643911883,1.1465988864681675,514.3446628298403,7.5303656597774244,48.47042182155977,20.74061563146561,10.247944612721765,2.1022248947684905,27.47518760590656,1.769201536967445,0.3581196581196581,2491.0,10.518093146983068,14.398625429553263,219.95464852607708,3.7719138056975896,0.7178144660727104,47.22222222222222,52.77777777777778,10.528772109954732,14.622641509433954,-10.698008184480512,9.880899867666514,15.426997245179063,-0.4227210971496479,0.1074996125257679,-0.15935475444875294,0.5446956087812201,3.247124986310203,0.40942978923554557,14.088598402323893,5.595751210865922,0.1864242996914177,0.5394375436823811,False,False,False,False,False,False,False,False,False,False,False,False,False,False,False,False,False,False,False,False,False,False,False,False,False,False,False,False,False,False,False,False,True,False,False,False,False,False,False,False,False,False,False,False,False,False,False,False,False,False,False,False,False,False,11,True,-0.003002595761737632,-0.7021969678074025,-0.2748713960604942,-0.0122140580515893,-0.3449330715780364,0.2425861972140115,1,Lower-Mid,56.69282639069378,80.17248705506242,92.39548926754127,95.8656222063786,59.751103847552656,51.78556317006634,57.260855765060754
20106010.0,5512.0,4549.0,20151.0,351590,104.919,38455.0,18373.0,1486.0,3537.0,22205.0,2024.0,DE000DTR0CK8,8758.0,333924.0,1750.0,22205.0,38745.0,54077.0,23603.0,2900.0,2010.0,51004.0,DAIMLER TRUCK HOLDING AG,12794.0,1417.0,2205.0,20.0,403.0,10293.0,1074.0,9012.0,DEU,154.0,5623.0,73854.0,2024-12-31,201060.0,5623.0,54077.0,1555.0,632.0,6.1594497251333715,13.060121594235532,8.412079072433752,10.398135991271705,5.36272352386412,10.398135991271705,28.35216450616713,11.210508157129478,1.6292420455026904,1.247426174638817,0.371054526966911,0.4644748548913274,20.109946651501613,0.8274262553478946,1.2909705021391578,30.066076312725105,69.06057898015003,29.538961038961038,3.5404588298061532,38.81441763479297,0.7322149104990928,515.4166547527141,2.6835889037764877,136.0118904525029,23.65885681528191,3.6410584433072986,4.299267643142477,39.14344517561676,2.6203376666605025,1.319366852886406,138.0,0.2551916711356029,91.12540192926045,34.18333699714223,3.3260076559333482,3.236126264400762,51.241379310344826,48.758620689655174,-3.243871891214889,3.710048868168281,0.48172693840025094,-121.5625,38.109161793372316,0.7266982425643214,-0.23033827316018007,-0.07801387965298195,-0.4257079427443689,2.7731776397988606,0.6562814513663305,2.105505456711891,2.9284351018323878,0.3204495168611029,-0.806866012852634,True,True,False,False,False,False,False,False,False,False,False,False,False,False,False,False,False,False,False,False,False,False,False,False,False,False,False,False,False,False,False,False,False,False,False,False,False,False,False,False,False,False,False,False,False,False,False,False,False,False,False,False,False,False,7,True,0.18895783528042684,0.0328961344472494,0.11877682648294724,-0.08942232274332299,-0.24525727495051536,-0.29681846547051416,1,Lower-Mid,71.84742441619802,81.51999897984697,81.04349605421214,88.84453146798155,90.76088859216584,52.96186372877325,67.54155599807164
35101010.0,3681.0,2809.0,7205.0,326765,72.0,14443.0,13455.0,1063.0,3845.0,18199.0,2024.0,DE000SHL1006,2683.0,334510.0,2006.0,18199.0,12760.0,22363.0,11573.0,1942.0,3510.0,27807.0,SIEMENS HEALTHINEE,3868.0,696.0,0.0,35.0,-1657.0,2754.0,1135.0,4179.0,DEU,476.0,3944.0,46055.0,2024-09-30,351010.0,3944.0,22363.0,2826.0,,6.099229182499186,10.670915984394746,12.560926530429729,17.636274202924472,8.683986942717882,17.636274202924472,42.94146581406788,8.87407594616794,1.247991013566059,0.8868919035686512,0.23183271407586625,0.23183271407586625,6.231679513625013,0.7393263366119017,0.8906533326006923,39.51579633047444,60.377809141244164,5.901260504201681,3.4295131845841786,35.19487569210726,0.48557159917489956,310.59722222222223,3.1038167938931296,117.59714707329071,17.296427134105443,7.79198606271777,3.053362048336923,21.46998154380632,3.1122836828690246,0.613215859030837,2130.0,9.52466127084917,24.628450106157114,100.60519757920969,2.5306335512940272,8.970173948039172,54.73738414006179,45.26261585993821,3.1503690036900345,-1.347356696084312,1.4084507042253502,66.27634660421546,-16.945107398568016,-0.4776451175456497,-0.2652137876545959,0.06290598133090063,-0.3302687012248217,1.9286414682458912,1.2275754620331256,6.136141569862121,1.8083818439305444,0.5622366133614215,0.25521289966323085,True,False,False,False,False,False,False,False,False,False,False,False,False,False,False,False,False,False,False,False,False,False,False,False,False,False,False,False,False,False,False,False,True,False,False,False,False,False,False,False,False,False,False,False,False,False,False,False,False,False,False,False,False,False,10,True,0.6381076672580811,0.08410283800861132,0.5605078076782918,-0.39771441576189176,0.28305256653820177,-0.2992400964766378,1,Lower-Mid,58.12842712179651,72.30885597985191,97.35863556593429,68.29873826948005,81.25044492095567,51.20900839070731,56.73058260978035
20106010.0,1174.82,421.588,1484.87,202807,20.922,3073.923,2156.389,80.52,3537.0,2436.302,2024.0,DE0006219934,703.391,333924.0,135.742,2436.302,3499.164,5391.884,2150.206,288.993,2010.0,4692.058,JUNGHEINRICH AG,1830.59,138.426,169.617,20.0,-386.486,857.891,164.895,880.842,DEU,31.382,586.483,7128.36,2024-12-31,201060.0,586.483,5391.884,577.958,0.375,5.914235532436634,11.86195307478301,7.81893675754152,10.877144241233676,5.359777769699793,10.877144241233676,35.10312907325157,9.179542015781161,1.4295946527914067,1.01993994993968,0.3271272612949643,0.4060113310073546,12.958338243298595,0.885107429210336,1.2372357778304988,34.17759484650046,65.82240515349955,13.434070486266013,3.9402489074704645,42.28574314428565,0.7563989473034471,257.7136029060319,3.6312162007448467,100.5172867220437,33.950841672409865,5.837160082579407,3.9725217462382587,30.697958576727324,2.5673030057768305,0.8394796688801963,439.532,8.151733234617065,23.950875323120364,137.09071415694942,2.9258934237216896,2.517524486802757,27.862266560089687,72.1377334399103,-2.776886727046546,3.1621927921229087,68.74621930072189,30.135692481694964,2.857779759250989,0.044525976935936726,-0.0073325371480288835,-0.1342829649973476,0.48601784612682586,0.4426520657875997,0.15472288353991218,8.107867728341441,3.2945715511874747,0.11129985755028808,-0.5606546666031959,False,False,False,False,False,False,False,False,False,False,False,False,False,False,False,False,False,False,False,False,False,False,False,False,False,False,False,False,False,False,False,False,False,False,False,False,False,False,False,False,False,False,True,False,False,False,False,False,False,False,False,False,False,False,11,True,0.1790748314291972,-0.06530399373034045,0.1677463667356425,-0.3661284420201452,-0.06002574203522161,-0.06344903559097183,1,Lower-Mid,69.00518051664054,83.43203187716499,90.46131056338592,79.48226606953268,81.46191928689707,51.841386436100144,64.45599308207704
35203010.0,387.458,217.047,387.886,284944,12.142,992.301,916.087,88.2,3220.0,1511.562,2024.0,DE000A0LD6E6,186.378,327212.0,65.519,1511.562,1233.583,2035.903,985.503,109.72,3520.0,2270.023,GERRESHEIMER GROUP,1018.153,369.846,0.0,35.0,168.269,453.861,194.555,355.088,DEU,61.661,411.602,3809.164,2024-11-30,352030.0,411.602,2035.903,240.332,,5.698021928171116,7.2587164800385295,10.66096960415108,20.21717144677325,5.389254792590806,20.21717144677325,39.408557283917744,8.940625271610516,1.0068980003105013,0.6465865654391716,0.18911966782445105,0.18911966782445105,0.1784643559584203,0.6060532085352768,0.9063128075461013,39.68225048855864,59.5937323780231,3.520004540957818,2.8755205271111413,35.96453185003323,0.534475018665513,167.67443584253007,5.248714828583656,69.54083274104906,50.00989732811436,299.48558399529264,3.474020524489704,15.075853914402215,18.166189646559783,1.9009842974994218,-129.514,-6.361501505720067,153.8896193598855,110.72809115076458,2.5200183651084114,3.218178862156007,80.38643820634343,19.613561793656572,2.2817040662431065,11.082227929518162,4.133790737564325,193.01147032872547,9.248001701433806,-0.14623513953854378,-0.03884029189784664,1.1288886323723293,-1.17232334025491,1.2589848654733227,0.2271157408050461,6.3093109144158666,1.109079302886883,0.1484072624515376,-0.825851216049157,False,False,False,False,False,False,False,False,False,False,False,False,False,False,False,False,False,False,False,False,False,False,False,False,False,False,False,True,False,False,False,False,False,False,False,False,False,False,False,False,False,False,False,False,False,False,False,False,False,False,False,False,False,False,11,True,0.3988873566446432,-0.1618169789917099,0.5278960190482372,-0.5673386606788653,0.44132760791774256,-0.1888561254224012,1,Lower-Mid,60.18614991675933,83.53989805087588,88.32866235907714,67.76606206220906,78.49404481802156,49.458640907724806,59.33315250580304
15101040.0,4032.0,1808.0,3559.0,100037,55.646,7841.0,6129.0,88.2,2810.0,14182.0,2017.0,DE0006483001,2055.0,325120.0,112.0,14182.0,9315.0,17113.0,8787.0,1404.0,1510.0,18454.0,LINDE AG,11756.0,1660.0,623.0,15.0,-1623.0,1944.0,1878.0,1211.0,DEU,267.0,3686.0,33513.0,2017-12-31,151010.0,3686.0,17113.0,3508.0,,5.394921373795244,9.899873078550275,10.565067492549524,21.539180739788467,8.204289136913458,21.539180739788467,45.567697072401096,8.90158042440057,0.8923409582337544,0.7545237282348924,0.23386821440764766,0.30476840787527026,-2.8227851878375554,0.432167536313637,0.5692427020166408,42.317906484050965,55.06519857965566,6.771535580524344,1.6326641345632122,24.089159430668698,0.5106376629964492,307.53333572943245,4.8083731385220565,75.90925027756677,68.69631274469702,,7.691990090834022,16.751708292304478,9.70022789692047,0.8839190628328009,1848.0,10.79880792380062,47.32041049030787,194.02654867256638,2.363065858130024,0.6544732075030678,6.282051282051282,93.71794871794872,0.9735662025017744,-4.762852027622266,4.585948953125585,10.065515187611673,-5.73537762634867,-0.2953852357194847,-0.05801548133815478,-0.5503847368221055,1.4462117261353595,0.43516469845615735,0.0772141148975456,10.467579745173515,0.763730659095466,0.7679253485577232,0.8884089183899395,False,False,False,False,False,False,False,False,False,False,False,False,False,False,False,False,False,False,False,False,False,False,False,False,False,False,False,False,False,False,False,False,False,False,False,False,False,False,False,False,False,False,False,False,False,False,False,False,False,False,False,False,False,False,4,True,0.5580274179458687,-0.09255183708639651,0.47828523299691716,-0.4353303429523297,0.560583426461735,-0.23246692890384885,1,Lower-Mid,56.201608799200386,77.99601473884333,88.15084210954353,62.69055532349614,82.64832235618083,50.038718561233615,56.746150353225566
50101020.0,1255.137,640.725,1292.487,225236,10.972,1989.27,3397.504,69.1,7370.0,4781.247,2024.0,DE0005089031,132.847,517.0,6.535,4781.247,3684.958,6329.186,1881.568,-47.583,5010.0,6390.975,UNITED INTERNET AG,2759.136,774.598,17.99,50.0,-101.754,497.345,655.25,119.667,DEU,148.024,1295.975,11935.709,2024-12-31,501010.0,1295.975,6329.186,954.121,,5.368135231849235,-0.9952006244396074,10.123339715407322,20.476171817355343,-0.7518028384692755,20.476171817355343,41.77832662841635,7.834020133392006,1.0572405568121908,0.9936409420228236,0.07060441078929915,0.08016558529906972,0.9023510878155625,0.7105895177555144,0.8146094523039701,40.05834089956449,53.54499678234448,4.328521050640437,2.902835317039295,32.631903140399956,0.5302731492532199,576.8488880787459,4.896904959198816,74.53687646405083,43.59385235320941,58.76572394198808,30.793435115779623,11.941762320110183,12.238509027859191,1.182141167493323,179.52300000000002,2.836431098722648,81.18446192883292,148.91271606383393,2.4963590042514014,0.10325182416822638,,,1.866505204390112,6.13645696557934,0.09122422915526229,486.5422942464148,-2.9194427315977767,-0.5468603182232925,-0.0728668106173555,0.9960844831622925,-0.778187920511514,2.039358137012388,0.4132467835297932,7.993835975726284,4.339954980035436,0.7909672587684747,0.4524402035389427,False,False,False,False,False,False,False,False,False,False,False,False,False,False,False,False,False,False,False,False,False,False,False,False,False,False,False,True,False,False,False,False,False,False,False,False,False,False,False,False,False,False,False,True,False,False,False,False,False,False,False,False,False,False,11,True,0.06782913951076387,-0.005081023659134171,0.46469074952857764,-0.11155998434952853,0.5071052395466776,-0.3216083051134703,1,Lower-Mid,63.758226428067644,84.21545505278009,94.56557202598734,67.23468310145135,89.48771170277892,50.64271330795053,62.493006647345055
25102010.0,31349.0,33403.0,111640.0,100737,679.472,245231.0,137061.0,3170.532,3711.0,182294.0,2024.0,DE0007664039,67622.0,336110.0,17963.0,182294.0,189658.0,324656.0,217039.0,11351.0,2510.0,436174.0,VOLKSWAGEN AG,144645.0,17202.0,27326.0,25.0,11140.0,117020.0,12440.0,56720.0,DEU,14474.0,45843.0,632905.0,2024-12-31,251020.0,45843.0,324656.0,17151.0,2069.0,5.277727305045781,6.2267545832556195,10.288736385589669,14.120484451234539,3.496316100734316,14.120484451234539,41.581858952244836,10.459519969939409,1.1298937057395215,0.8685581853952515,0.3115661240606527,0.437469763498726,4.4543809892479915,0.7518678618056546,1.393797930815057,28.802742907703365,68.91618805349934,2.307793284510156,4.067338524965644,40.14520346655501,0.5129616609127752,477.80629665387244,2.908061626657112,125.5131585431965,44.553311813119116,11.51589103291714,3.343758815232722,28.323682069188898,5.298531368587058,1.382797427652733,-51.0,-0.015708934995810952,100.29735875459156,51.34568751309763,3.471891559788035,5.532933320191217,27.931741696766803,72.0682583032332,0.735996822678131,5.424777375411849,-0.6656189466759277,-101.08441420369975,17.39575513546714,0.42298112486831807,-0.029085346462473488,-0.1597886534865612,0.6665555175325564,1.798038321810791,0.1461485333306627,2.7098853698422354,1.983443747234279,0.6087469152289839,-0.05496050692312293,True,True,False,False,False,False,False,False,False,False,False,False,False,False,False,False,False,False,False,False,False,False,False,False,False,False,False,False,False,False,False,False,False,False,False,False,False,False,False,False,False,False,False,False,False,False,False,False,False,False,False,False,False,False,11,True,0.13925713571522033,-0.2709922850866717,0.4958251274307795,-0.2218183804847371,0.09362944063528007,-0.6188616712428718,1,Lower-Mid,81.96974597022214,89.52362660870607,97.26872131469696,91.31160346604413,87.36228981941674,49.61296057866999,72.928127529347
35103010.0,12.012,97.916,243.967,210334,8.815,394.6,826.439,2.587,7372.0,647.914,2024.0,DE000A288904,107.407,513210.0,19.739,647.914,784.283,1185.711,331.249,34.6,3510.0,1317.356,COMPUGROUP MEDICAL SE & CO,166.775,24.805,0.079,35.0,18.813,53.553,109.781,14.707,DEU,34.029,207.697,1965.666,2024-12-31,351030.0,207.697,1185.711,128.882,,4.981314221235958,5.3402149050645615,8.257998787225555,17.516662997981804,2.91808037540345,17.516662997981804,33.8554673103311,6.641286042080831,1.1912488792418996,1.146850254642278,0.3242485260332861,0.3244870173192975,3.2228771317202414,1.2755381115394944,1.3581925996351367,32.96155094507409,67.01830321122713,2.877428076052778,3.719769664463136,44.76813456609617,0.6032108201495066,134.5106069200227,4.86012862395324,75.10089305066748,14.06540042219394,18.71653170431406,53.32719113347385,17.8755699086213,2.09199374889834,0.22594984560169792,104.077,8.777602636730197,19.24628730156267,131.6250663834307,3.033837824155675,1.664739552892737,7.476878612716763,92.52312138728324,-3.4281586118934393,3.4592090394290675,-4.174366778997718,-35.176730715331196,30.738417751541668,-0.41721603985407274,-0.08442639433084351,-0.021828022100526076,0.3129744991489905,3.6163252930064598,0.39576297979062464,6.5566581504691035,2.908911442206919,0.146413020556825,0.22650180346359378,False,False,False,False,False,False,False,False,False,False,False,False,False,False,False,False,False,False,False,False,False,False,False,False,False,False,False,False,False,False,False,False,False,False,False,False,False,False,False,False,False,False,False,False,False,False,False,False,False,False,False,False,False,False,11,True,-0.055851726061847774,-0.05601818700615753,0.44871113800945855,-0.5062101725373602,0.003360342321950421,-0.27908047313668644,1,Lower-Mid,72.3013311908958,96.09270298330624,91.49059097124396,82.17666923272546,78.73549476075551,50.42053346411458,68.16706421040544
25102010.0,11167.0,12586.0,49973.0,17828,163.132,101767.0,73487.0,4140.0,3711.0,92625.0,2024.0,DE0007100000,21741.0,336110.0,7585.0,92625.0,89497.0,145594.0,74826.0,10207.0,2510.0,171380.0,MERCEDES BENZ GROUP AG,71757.0,4039.0,7230.0,25.0,-10752.0,39311.0,4767.0,26234.0,DEU,249.0,17353.0,265010.0,2024-12-31,251020.0,17353.0,145594.0,17735.0,272.0,4.749254745103959,11.019703103913631,8.64458700221163,11.918760388477548,7.010591095786914,11.918760388477548,38.52974710496312,7.576815642458101,1.3600486461924999,1.0094485873894101,0.2905540854783097,0.3871782535482319,10.166031470510546,0.7933819163292848,1.217792172739541,34.9515112637259,64.66925776385797,50.54618473895582,5.247334754797441,42.56367684238331,0.5493905890343761,892.4919696932545,2.913453264762972,125.28088382763026,49.285684849650394,5.404179503359193,3.4114889075245864,27.06086562771216,2.7741527810211957,0.8472834067547724,13696.0,9.406981056911686,22.7741753594587,140.91053551565233,2.86110661268556,5.209692707117052,40.56039972567845,59.43960027432155,-4.9759166677544435,0.7558303107724873,-1.760851760851767,27.70163170163171,7.8504672897196315,0.3217632319941527,-0.08301194676700893,-0.13907701533467834,1.7978061353709127,3.0798127165712437,0.47833504736836124,6.692200294328515,3.73365028935714,0.12006513144456506,-0.46502827748152836,True,True,False,False,False,False,False,False,False,False,False,False,False,False,False,False,False,False,False,True,False,False,False,False,False,False,False,False,False,False,False,False,True,False,False,False,False,False,False,False,False,False,False,False,False,False,False,False,False,False,False,False,False,False,11,True,0.2824957079720135,-0.009540939406541786,0.27112778246362396,0.23472054588279662,0.23065893304727567,-0.5601486509648441,1,Lower-Mid,68.22640142164371,83.5672448750151,92.77343666293339,77.63182259346107,81.03473854845357,52.194607895114935,63.922402585274654
55103010.0,585.169,372.627,665.709,244394,5.447,3662.918,1463.508,82.383,4931.0,2178.635,2024.0,DE000A0H52F5,796.631,22111.0,0.304,2178.635,5106.223,6361.422,3051.368,183.012,5510.0,5361.493,MVV ENERGIE AG,2819.963,412.129,17.723,55.0,-329.445,241.787,203.343,357.179,DEU,60.581,575.97,7876.016,2024-09-30,551030.0,575.97,6361.422,498.004,,4.731161033700287,8.400305695997723,5.857605422183909,9.054107713652703,2.8769039375158574,9.054107713652703,19.73142168527728,10.230982144303505,1.2004183041835663,1.0833629375414568,0.2610733939662473,0.26688160851132997,7.7647125145505065,0.6717545619160621,0.7827355201766243,27.661637558887648,68.0736682099173,6.150888892557072,1.5776238345747176,21.651746263593168,0.807695413518713,1167.8762621626583,9.555859992879771,38.19645749016494,44.329129556253314,10.402129016433648,14.295977647062118,18.567001387503527,6.478567213431212,2.0267675799019393,85.875,1.3499340241851587,82.75616260110361,133.64678351273525,3.61511496877632,0.004778805745004812,45.0150809782965,54.9849190217035,-4.278055232457534,-17.55867834980779,2.080209895052465,-109.19012400112582,28.519217276058306,0.4304629757397033,-0.04539001981402237,-0.14181184346800718,-0.02853103350258227,3.948103928022732,0.22085311763604165,6.323044544348311,4.467484801843641,0.13076368167196753,0.16525281237886663,False,False,False,False,False,False,False,False,False,False,False,False,False,False,False,False,False,False,False,False,False,False,False,False,False,False,False,False,False,False,False,False,False,False,False,False,False,False,False,False,False,False,False,False,False,False,False,False,False,False,False,False,False,False,11,True,-0.07756856405674696,-0.38442823332263987,-0.0811443840124303,0.59045452898589,0.004409955343057919,-0.4818575576369356,1,Lower-Mid,66.55690732324696,91.37896926437561,93.74487003220119,92.72758251695895,68.08798859570362,52.31357010102725,64.38451332322535
50101020.0,68.6,483.6,418.2,347036,0.711,599.8,1751.5,20.2,4899.0,5543.3,2022.0,DE000A3H3LL2,177.5,517810.0,84.1,5543.3,46.1,1095.3,3098.7,473.1,5010.0,5492.5,VANTAGE TOWERS AG,3561.8,398.4,0.0,50.0,-364.4,2460.8,415.9,0.0,DEU,88.3,899.5,11035.8,2023-03-31,501010.0,899.5,1095.3,797.5,,4.382101886587289,8.534627388017968,44.152287044645306,82.12361909979002,43.193645576554374,82.12361909979002,95.79110745914362,6.629379832209245,0.19356504340529898,0.19356504340529898,0.05728208603607965,0.05728208603607965,-22.643578172855612,0.3159670232532968,0.7598903180415998,50.23016002464706,49.769839975352944,5.4767836919592305,4.485603112840467,38.16941227640951,0.09924971456532376,1540.506329113924,2.6190817790530847,139.36181867981375,325.1894458139323,,,5.397886877254029,36.373596274993155,0.9579225775426785,399.1,36.43750570619922,49.956112852664575,164.90901571546732,1.9908357837389279,7.678261663471194,4.269710420629887,95.73028957937011,7.036059806508366,2.9305327563050154,33.39587242026265,-36.418671339812015,38.237335183900065,-3.4009206978608333,-0.017038389323645986,8.59046786226722,-0.9005132019462643,3.603036892031549,0.017314030801691624,7.226481088820022,2.871600803488531,0.8909546372101826,,False,False,False,False,True,True,True,True,False,False,False,False,False,False,False,False,False,False,False,False,False,False,False,True,False,False,True,False,False,False,True,False,False,False,False,False,False,False,False,False,False,False,True,False,False,False,False,True,False,False,False,False,False,False,3,True,3.540297952043385,-0.0657883817099982,1.4323699701283004,0.8912961720118502,0.9663411708583209,-0.8789605621489811,1,Lower-Mid,9.850326119455733,13.283962453167117,62.81268780041186,50.22057153638426,45.90626060753436,53.31981427693985,18.5049191831843
35203010.0,886.5,434.7,391.2,208821,12.826,2113.7,4166.7,50.746,3826.0,2764.8,2024.0,DE0007165631,828.7,334516.0,216.1,2764.8,1522.2,3380.7,1444.6,84.0,3520.0,6205.2,SARTORIUS AG,1622.2,409.9,15.3,35.0,-128.3,393.1,334.1,788.5,DEU,199.5,768.8,10103.0,2024-12-31,352030.0,768.8,3380.7,976.2,15.9,4.3026823715728,3.038194444444444,12.85828378738131,22.740852486171505,2.4846925193007365,22.740852486171505,54.973821989528794,6.2713698333694,1.4631731967326596,0.9173473625917208,0.5736536065346809,0.5842447736397619,6.622785311293675,1.5070529513888886,1.6492332175925926,27.3661288726121,61.41938038206474,2.1789473684210527,4.853147762747139,45.1331287736316,0.3346233791942987,263.58178699516606,8.641871165644172,42.23622326737066,47.98414529535304,5.052607980869825,1.9305009511731135,12.074631297634367,12.124707900730618,1.226878180185573,566.3000000000001,16.750968734285802,41.98934644540053,224.56866804692893,3.654152199074074,6.392167302629632,60.411904761904765,39.588095238095235,-0.4417351356126864,3.5642163746886446,-12.234843300944299,92.68458659407966,-26.76433803823478,0.2536720501323209,0.11240636595759079,0.2946165627775791,1.3110071000045926,4.696320998152635,0.5126758031717229,9.66247649213105,2.0642773834259933,0.03209389115285712,0.022778873856991098,False,False,False,False,False,False,False,False,False,False,False,False,False,False,False,False,False,False,False,False,False,False,False,False,False,False,False,False,False,False,False,False,False,False,False,False,False,False,False,False,False,False,False,False,False,False,False,False,False,False,False,False,False,False,11,True,-0.011483446869584062,-0.02388816727176833,0.8158003998226148,-0.4304560844708377,-0.05028490324893277,-0.8303187338705277,1,Lower-Mid,66.20343454105681,83.81287305590752,90.06674831722556,92.64863195887881,70.50429806691957,49.37609252036016,63.08445633353004
25102010.0,9632.0,11339.0,45130.0,100022,159.104,96387.0,66770.0,2677.0,3711.0,92315.0,2024.0,DE0005190003,19287.0,336111.0,7642.0,92315.0,78741.0,142380.0,87689.0,7290.0,2510.0,172729.0,BAYERISCHE MOTOREN WERKE AKT,88419.0,12205.0,0.0,25.0,5766.0,44491.0,6561.0,24387.0,DEU,562.0,17900.0,267732.0,2024-12-31,251020.0,17900.0,142380.0,7566.0,,4.23520535460834,7.896874830742566,7.9638994240764145,12.571990448096642,5.120101137800253,12.571990448096642,44.69658659924146,7.127636169343433,1.0991914607305364,0.8210836022762262,0.2199477699597441,0.2199477699597441,3.2487711592189203,0.7232844066511401,1.205232085793208,34.48037589828635,64.5156350380231,20.176156583629894,5.138212290502794,41.55685536282551,0.5318004571735915,894.8863636363635,3.154885885220474,115.6935665121506,62.100716392751785,16.369280294320532,3.2288104317874278,24.06025428413488,8.57213091726366,1.8602347203170249,-4639.0,-3.2581823289787892,161.31377213851442,66.72546079901225,2.9002004008016034,5.367326871751651,36.72153635116598,63.27846364883402,-8.436121364905013,6.712902068635662,2.680864795095217,-169.64419756793274,12.167999264773455,-0.32164706862213477,-0.10796044267586966,0.03249832394869877,1.0003772041760857,2.300976531313524,0.39060408703112054,2.8259602886468556,2.9111938621377833,0.21494507685424238,0.5827736771714417,True,True,False,False,False,False,False,False,False,False,False,False,False,False,False,False,False,False,False,False,False,False,False,False,False,False,False,False,False,False,False,False,True,False,False,False,False,False,False,False,False,False,False,False,False,False,False,False,False,False,False,False,False,False,11,True,0.1482672551494766,-0.22138848915936746,0.31713972274524704,0.21019116843653224,0.3891482285024637,-0.6023037278365122,1,Lower-Mid,70.57753731528742,89.60996447617019,95.22049479334106,78.48505843467535,80.2703349204333,50.71163174640371,66.04206390288154
20106010.0,2062.9,771.0,2884.9,297185,42.719,5569.0,5433.9,107.5,3537.0,6189.4,2024.0,DE000KGX8881,787.0,333924.0,375.8,6189.4,7299.0,11503.2,5510.2,360.3,2010.0,12598.3,KION GROUP AG,4204.4,462.9,0.0,20.0,-224.7,3185.2,1110.7,1748.6,DEU,296.7,1881.7,18805.4,2024-12-31,201060.0,1881.7,11503.2,1170.6,,4.0998862028991665,5.821242769896921,6.702482787398288,16.35805688851798,3.1321719173795115,16.35805688851798,36.548090965992074,6.633228084967264,1.0106711190156437,0.6933323654313819,0.14282603172298647,0.14282603172298647,0.3126761462133227,0.8779364720328303,1.3925582447410088,32.91288672402607,66.99299137481786,2.5985844287158746,4.162246904394961,45.833111765769395,0.6116966403267147,269.2759661977106,3.987382578252279,91.53874574031573,36.54982961262952,195.6326530612239,4.174196500057189,19.52577451157646,4.0240976423951595,0.4167642027550193,707.6999999999999,6.152201126643019,39.54382368016402,151.82879377431905,3.0383235854848616,3.2669170317824605,29.83624757146822,70.16375242853178,0.6078522263134323,8.149110901520551,0.9308919078558686,0.9269823160296564,4.539295392953924,-0.21706214395776283,-0.016866020357349208,-0.22351805946635564,-0.3274421490359033,1.8432564957069506,0.24983558455479307,6.224807767981536,3.32442837821426,0.15254195766071404,0.4892741503059048,False,False,False,False,False,False,False,False,False,False,False,False,False,False,False,False,False,False,False,False,False,False,False,False,False,False,False,True,False,False,False,False,False,False,False,False,False,False,False,False,False,False,False,False,False,False,False,False,False,False,False,False,False,False,11,True,-0.09895419866387696,-0.36641691739366744,0.35573086289958195,-0.4220026624155957,0.26937556735228585,-0.3376843454203451,1,Lower-Mid,75.04399926963097,92.39037168473384,89.72931567171288,82.31867548812207,84.96235175042408,48.83677315775257,69.47189435617497
20305030.0,19.623,134.417,342.308,287162,6.549,655.799,1403.823,15.659,4731.0,761.385,2024.0,DE000A0S8488,250.786,541614.0,5.146,761.385,1205.899,1607.62,520.437,32.522,2030.0,2460.212,HAMBURGER HAFEN UND LOGISTIK,1894.585,244.716,20.0,20.0,146.229,103.051,174.757,37.978,DEU,59.252,309.174,3283.977,2024-12-31,203050.0,309.174,1607.62,195.947,,4.093116364700484,4.2714264137066005,8.361242084572226,19.231783630459933,2.0229905077070454,19.231783630459933,24.988554509150173,6.208040982667716,1.2600929603390996,1.187119670584528,0.4818758082150193,0.5203050513318614,4.121892449307653,1.8437754880907822,1.9791222574650145,23.184845691672017,74.91562821542294,2.2685647741848376,4.0627219623901105,45.885644144279944,0.4895344882135289,245.47564513666205,4.6964137560325785,77.71887635137658,117.85030044413483,11.876449816048819,31.752567275791243,18.06023611005802,15.222254015252362,1.4003215894070051,-48.769000000000005,-3.0336149089959075,124.88887301157968,145.77545994926237,4.313162197836837,0.32010052126746374,48.148945329315545,51.851054670684455,9.598996468551002,9.09599185694372,1.3777089783281848,43.240226745381285,-5.303728010773079,-0.3414374050639267,0.11896882947712337,0.6026365660125278,-1.015141000523657,2.5671435498962256,0.5012200989362704,5.966759206900658,2.5549524225864833,0.1945873352782075,0.5593401818185055,False,False,False,False,False,False,False,False,False,False,False,False,False,False,False,False,False,False,False,False,False,False,False,False,False,False,False,False,False,False,False,False,False,False,False,False,False,False,False,False,False,False,False,False,False,False,False,False,False,False,False,False,False,False,11,True,-0.3115993768737529,-0.18952240186735134,0.6325127957095046,-0.37949499316611307,-0.2931234968602517,-0.7200637968878055,1,Lower-Mid,74.1189607421983,93.82368561119743,89.73383084411881,86.61907321835625,79.39027434402317,49.55929295188801,68.98276989255791
20101010.0,290.0,184.0,860.0,340115,8.986,2407.0,1328.0,57.75,3812.0,872.0,2024.0,DE000HAG0005,734.0,334511.0,80.0,872.0,1618.0,2240.0,1883.0,108.0,2010.0,3810.0,HENSOLDT AG,451.0,199.0,1.0,20.0,367.0,48.0,114.0,719.0,DEU,100.0,298.0,4696.0,2024-12-31,201010.0,298.0,2240.0,311.0,4.0,3.9182282793867125,12.385321100917432,8.214285714285714,13.303571428571429,4.821428571428572,13.303571428571429,27.767857142857146,8.363636363636363,1.2782793414763676,0.8964418481147106,0.3898035050451407,0.3903345724907063,11.158432708688245,1.5229357798165137,1.5779816513761469,18.56899488926746,81.1328790459966,1.84,2.1543624161073827,29.3015332197615,0.47700170357751276,249.27665257066545,2.604651162790698,140.13392857142856,20.133928571428573,4.2748091603053435,2.2503477051460363,33.94378194207837,8.883928571428571,1.7456140350877194,112.0,5.0,63.9871382636656,169.02173913043478,5.385321100917431,3.571428571428571,53.47222222222222,46.52777777777778,21.277747698971304,31.910112359550567,30.099898653539903,-49.54954954954955,342.22222222222223,0.9894429023506705,0.29635478218950073,0.39134878118786237,0.8893397521947942,2.4976082546314156,4.115527831311952,6.622657580919931,2.559832346577172,0.7323852915410274,-0.23781128686064526,False,False,False,False,False,False,False,False,False,False,False,False,False,False,False,False,False,False,False,False,False,False,False,False,False,False,False,False,False,False,False,False,False,False,False,False,False,False,False,False,False,False,False,False,True,False,False,False,False,False,True,False,False,False,7,True,-0.18461654941158112,-0.4216662018975432,0.5673777757991065,-0.43001971471549605,-0.36916467877215103,-0.8962781437306896,1,Lower-Mid,70.17711802512407,87.34221243121316,96.43671681633322,80.098721159553,78.8368109656751,48.58812964396772,65.37468345709883
20304010.0,4.8,174.6,177.3,203586,2.12,426.2,2842.1,88.2,4400.0,654.9,2020.0,DE000VTG9999,137.6,482111.0,84.1,654.9,586.9,1218.3,563.9,21.9,2030.0,3988.6,VTG AG,3371.4,278.8,8.2,20.0,-169.7,250.6,298.3,87.0,DEU,87.7,472.9,4643.8,2020-12-31,203040.0,472.9,1218.3,517.8,14.0,3.759851845471381,3.344021988089785,14.331445456784042,38.816383485184275,1.7975868012804728,38.816383485184275,51.826315357465326,4.992851015155848,0.7558077673346338,0.6015250931016137,0.2440148962582018,0.25855648164568185,-2.9652439812222746,4.339746526187204,4.722400366468163,14.102674533786983,85.8908652396744,1.9908779931584948,6.248889828716431,66.59847538653688,0.2623497997329773,574.6698113207547,6.87140439932318,53.11868997783798,276.72986949027336,,6.7459770114942526,6.781084456694947,22.884347040958712,0.9346295675494468,238.99999999999994,19.61749979479602,53.84318269602164,296.5635738831615,7.090853565429837,6.903061643273413,402.7397260273973,-302.7397260273973,-0.19660850331777446,-1.006182050735449,22.89855072463769,602.9411764705881,-27.97726685610953,0.9468156020376334,0.2723770499931148,0.958952406346361,1.926840640123456,2.605489586340343,0.9386014050243712,11.15035100564193,0.9650387411727354,0.6162528051180126,-0.6886423528018596,False,False,False,False,False,False,False,False,False,False,False,False,False,False,False,True,True,False,False,False,False,False,False,False,False,False,True,False,False,False,True,False,False,False,False,False,False,False,True,True,False,False,False,True,False,False,False,False,False,False,False,False,False,False,7,True,-0.2643684584530445,-0.8195859745359141,1.4962874818140335,0.022069515204411826,-0.591562720832478,-1.1193596003852646,1,Lower-Mid,45.76625954250981,78.20674653345472,81.73353153507962,54.71002985943395,68.23671837238788,47.40300988968852,49.65436386549644
25101010.0,2075.0,770.0,4609.0,320124,115.055,9801.0,5512.0,181.0,3714.0,3814.0,2024.0,DE000SHA0100,1281.0,3363.0,987.0,3814.0,13280.0,18188.0,7673.0,-632.0,2510.0,17401.0,SCHAEFFLER AG,7224.0,895.0,0.0,25.0,1188.0,1099.0,1076.0,3570.0,DEU,275.0,1846.0,21370.0,2024-12-31,251010.0,1846.0,18188.0,1390.0,1242.0,3.603182030884417,-16.570529627687467,4.2335605893996044,10.149549153287882,-3.4748185616890255,10.149549153287882,26.98482515944579,8.256487239974266,1.2773361136452497,0.8120682914114428,0.1669490420956601,0.1669490420956601,9.9578848853533,1.4452018877818562,1.733350812794966,17.847449695835284,81.42723444080487,2.8,2.887323943661972,30.935891436593355,0.8510996724379972,158.08091782191124,3.946192232588414,92.49422696283264,39.718495711458104,8.546992481203008,3.719887955182073,27.562002807674308,4.920826918847592,0.8317843866171004,495.0,2.7215746646140313,64.38848920863309,180.5194805194805,5.6030414263240695,5.426654937321311,,,11.49390057009747,42.40970278555245,38.01852162855979,1.642710472279263,3.948896631823451,-0.8422117865832994,-1.5961540276393669,-0.37024646473381495,0.04125017188131884,2.91794344941175,9.870028829367342,6.504445484323819,3.192472882427832,0.9163925996279358,0.06587635249346642,False,False,False,False,False,False,False,False,False,False,False,False,False,False,False,False,False,False,False,False,False,False,False,False,False,False,False,False,False,False,False,False,False,False,False,False,False,False,False,False,False,False,True,False,False,False,True,False,False,False,True,False,False,False,11,True,-0.915382027751703,-0.633185231762379,0.2775717310199559,-0.3500288150214296,-0.30652038294746636,-0.2610944386770071,1,Lower-Mid,59.47184158490499,71.2869105550757,94.76521092325237,78.81271756642171,73.3660033114684,48.07051638836165,56.932290998339575
55103010.0,330.158,187.878,720.41,248166,3.416,1179.599,897.252,88.2,4931.0,2194.145,2024.0,DE0006553464,53.35,221122.0,84.1,2194.145,3164.856,3891.921,1131.172,303.732,5510.0,3058.171,MAINOVA AG,1762.447,480.477,0.0,55.0,55.926,32.4,124.903,247.028,DEU,41.779,312.781,5260.131,2024-12-31,551030.0,312.781,3891.921,437.463,,3.571736141172149,13.842840833217496,4.827384728518385,8.036673920154083,7.804166631337071,8.036673920154083,18.681391528759182,6.077446539541832,1.0428113496444396,0.8244289993033773,0.047163472928962176,0.047163472928962176,0.9206424706913175,0.40893012995950584,0.4236967019043864,41.71274441644134,58.1386851392104,4.496948227578447,2.8016471588747396,17.673552236626804,0.7398905084303032,1139.3211358313818,5.402369484043809,67.56294642157432,45.28475783552647,80.36675821339351,12.811729844390111,14.709899810480003,12.345497249301824,3.8468011176673094,-43.01399999999995,-1.1052125672643396,109.83260298585252,232.84418612078053,2.397348853425822,2.160886616146628,29.038757852317172,70.96124214768282,-16.006285412637222,-5.475967863348242,18.528799444829968,-80.56848058835755,7.256273285547499,0.01919161260292293,-0.017819915000269092,0.3953714123804114,-0.8555199452206084,4.065889595596093,0.13949653471904083,8.316579948294063,2.2775737338710096,0.0002450780740219781,-0.7711345820673754,False,False,False,False,False,False,False,False,False,False,False,False,False,False,False,False,False,False,False,False,False,False,False,False,False,False,False,True,False,False,False,True,False,False,False,False,False,False,False,False,False,False,False,False,False,False,False,False,False,False,False,False,False,False,11,True,0.22257857197381542,-0.2131918094443399,-0.1261931520259752,0.49420862642768815,0.6038693407342576,-0.26072233084664137,1,Lower-Mid,53.22111248706696,76.46326526656597,93.8054791165915,63.69117927015062,70.90873642208686,52.420575376694096,53.58652643846807
20305010.0,37.0,711.2,499.9,245839,19.211,3977.0,11108.5,88.2,4581.0,4828.6,2024.0,DE0005773303,3298.1,488119.0,84.1,4828.6,3053.9,4489.3,2476.6,450.6,2030.0,15074.7,FRAPORT AG,9850.3,1250.1,651.9,20.0,489.9,1367.8,532.3,24.8,DEU,470.8,1243.5,20252.8,2024-12-31,203050.0,1243.5,4489.3,1179.1,,3.511613209037763,9.331897444393821,15.842113469805982,27.69919586572517,10.037199563406322,27.69919586572517,31.973804379301896,4.462543373637613,1.6058305741742713,1.5958168456755228,1.331704756521037,1.594928531050634,7.4083583504503085,2.3005633102762704,2.5838338234685,23.841641649549693,74.4326710380787,1.5106202209005948,7.380940892641736,61.602840101121814,0.22166317743719388,233.68382697412943,8.980396079215843,40.64408705143341,219.41728109059318,2.9920687816582245,123.14112903225806,18.75296255332596,27.846212104336978,2.348487694908886,-71.0,-1.5815383244603836,106.0215418539564,165.79021372328458,4.194342045313341,1.8733432829171583,19.573901464713714,80.42609853528629,10.819550728215255,7.209291246049676,6.390873345516979,-10.915934755332424,32.580337257397375,-1.4119148056778545,0.20639183826524174,2.5186092961726434,-2.8340724992644297,19.168434900645412,0.7840965888141145,5.821911044398799,2.761984825328693,0.059681037092877774,0.6484236809527287,False,False,False,False,False,False,False,False,False,False,False,False,False,False,False,False,False,False,False,False,False,False,False,False,False,False,True,False,True,False,True,False,False,False,False,False,False,False,False,False,False,False,False,False,False,False,False,True,True,True,False,False,False,False,11,True,0.2262318904645151,0.3552758688727515,0.9875408298950765,-0.3839540944882296,-0.5072903596515497,-1.1134908215641386,1,Lower-Mid,48.655812460819,65.91824901858435,73.5877733490808,81.9835939072114,63.11682718593271,51.55328181324058,50.31185825665551
50101020.0,250.0,505.0,1614.0,313972,7.428,2687.0,2875.0,88.2,4812.0,5354.0,2024.0,DE000A1J5RX9,402.0,517.0,84.1,5354.0,3289.0,8492.0,4924.0,336.0,5010.0,9351.0,TELEFONICA DEUTSCHLAND,6488.0,1155.0,0.0,50.0,-1578.0,1377.0,2214.0,147.0,DEU,180.0,2719.0,14705.0,2024-12-31,501010.0,2719.0,8492.0,2513.0,,3.4342060523631415,6.275681733283527,5.9467734338200655,32.018370230805466,3.9566650965614696,32.018370230805466,61.269430051813465,6.13683315105116,0.5456945572705117,0.5158407798537774,0.08164094232331438,0.08164094232331438,-15.212512750765045,0.5369816959282779,0.7941725812476653,36.40938456307378,63.590615436926214,2.8055555555555554,1.415961750643619,28.915334920095205,0.5774906494389663,1143.2417878298331,5.261462205700124,69.37235044747997,76.40131888836552,,22.374149659863946,13.70962257735464,13.601036269430052,0.521680216802168,1358.0,15.99152143193594,45.96100278551532,497.6237623762376,2.746544639521853,0.9903438530381534,26.25,73.75,-1.416299048061298,-4.803521719427717,2.3845623707787755,8.640000000000004,-1.7857142857142905,0.927919209194586,0.0826689326352544,0.145049803776207,0.4885491923084618,3.2949582674926226,0.3085636146362646,17.089425365521933,2.5271750049076416,0.8723950224718997,0.0025306783683457317,False,False,False,False,False,False,False,False,False,False,False,False,False,False,False,False,False,False,False,False,False,False,False,False,False,False,False,False,False,False,False,False,False,False,False,True,False,False,False,False,False,False,False,False,False,False,False,False,False,False,False,False,False,False,11,True,0.06016202537648593,-0.6190166791453381,0.2433770984952409,0.4353856652015022,0.741306500271555,-0.5744855881155869,1,Lower-Mid,57.30983491098285,85.54840347204829,75.1856476816041,73.94741421143566,71.43939180507243,49.18760511689211,58.14426485070723
20103010.0,500.441,57.696,317.872,269104,11.38,968.233,215.315,88.2,3530.0,493.922,2024.0,DE000A40ETC9,79.442,3331.0,6.924,493.922,1160.816,2044.994,813.34,9.098,2010.0,1181.652,BAUER AG,497.239,181.558,6.498,20.0,-102.032,202.562,107.392,494.573,DEU,45.495,165.088,1683.634,2024-12-31,201030.0,165.088,2044.994,194.223,2.7,3.4268730614848595,1.8419912455812864,2.8213285711351723,8.072786521623046,0.4448912808546138,8.072786521623046,43.23621487398007,8.13493937851522,1.1904406521258022,0.582364078982959,0.09767378955910196,0.10566306833550544,9.199921122999411,0.4359291548058195,0.846038443316961,29.336661055787662,70.18461257019042,1.2681833168480052,2.050027863927118,24.819943051755907,1.2146309708642138,179.7007029876977,6.4333882820758035,56.735266704938994,24.314936865340435,13.202623746715481,2.347107504857726,23.598596844682397,8.878167857705206,1.6906101013110846,12.66500000000002,0.6193172204906234,93.4791451063983,336.6316555740433,3.408704208356785,0.33858290048772766,969.4438338096285,-869.4438338096285,19.572181757266005,-0.9138039302926559,-5.434601961110186,27.235282298573548,28.863242767509867,0.05595002123465378,-0.07295234221075891,0.4150177608684703,-0.2629567905354139,2.3188685408149006,0.27613365851643706,11.535939521297385,2.970828233775301,0.006403846880110084,0.259944472374841,False,False,False,False,False,False,False,False,False,False,False,False,False,False,False,False,False,False,False,False,False,False,False,False,False,False,False,False,False,False,False,False,False,False,False,False,False,False,True,True,False,False,False,False,False,False,False,False,False,False,False,False,False,False,11,True,-0.5374817551244704,-0.7268580466557731,-0.4574973708337926,-0.34703548654431443,-0.025318910114745845,0.3892812234750137,1,Lower-Mid,50.08756790222505,78.52202193312857,87.82513784671137,87.50180651417885,53.773266498739744,49.87221851460323,52.55560217374458
30202030.0,1304.0,317.0,1258.0,100764,12.398499999999999,5027.0,1496.0,40.826,2060.0,3271.0,2024.0,DE0007297004,781.0,311314.0,62.0,3271.0,6835.0,9694.0,2777.0,-78.0,3020.0,5470.0,SUEDZUCKER AG,3397.0,574.0,155.0,30.0,-118.0,902.0,374.0,2843.0,DEU,89.0,691.0,9496.0,2025-02-28,302020.0,691.0,9694.0,906.0,,3.3382476832350463,-2.3845918679302964,3.2700639570868577,7.128120486899113,-0.8046214153084381,7.128120486899113,29.492469568805447,6.6498846234529045,1.8102268635217862,0.7864602088584803,0.28123874684911776,0.33705437522506304,23.69418702611626,0.45735249159278507,0.7331091409354937,34.44608256107835,57.60320134793597,3.561797752808989,2.340086830680174,25.25273799494524,1.0208508845829822,781.8687744485221,7.705882352941177,47.36641221374046,35.04229420259954,4.3084444444444445,2.4041505451987337,21.472198820556024,5.921188363936455,1.53475935828877,332.0,3.424798844646173,63.35540838852097,285.80441640378547,2.9030877407520634,0.6395708685785022,,,-5.782874914957725,-7.6084841408834425,-24.688695863451393,-37.00189753320683,5.128205128205132,0.06756510498531743,0.046874774779763956,-0.03811678864617835,-0.07015883193232045,2.829981862401547,0.19175827820793553,9.540859309182814,2.6371955641273246,0.007410046954755941,-0.3620852851218758,False,False,False,False,False,False,False,False,False,False,False,False,False,False,False,False,False,False,False,False,False,False,False,False,False,False,False,False,False,False,False,False,False,False,False,False,False,False,False,False,False,False,False,False,False,False,False,False,False,False,False,False,False,False,12,True,-0.512191989482297,-0.16864536088785312,-0.4114642357144732,0.25872710000099436,0.1871414779529294,0.08229167414082192,1,Lower-Mid,55.08721080371109,77.08954630140738,78.65978507267361,77.61754206981306,66.53624802175385,52.57196184467828,55.194984992010305
50201040.0,290.5,225.6,897.1,101059,16.12,1300.6,2102.9,125.2,2711.0,2127.6,2019.0,DE0005501357,286.1,511110.0,76.1,2127.6,1830.3,3112.1,1487.6,99.6,5020.0,4368.5,AXEL SPRINGER SE,548.6,249.2,0.0,50.0,65.1,136.2,291.3,26.5,DEU,20.9,516.9,6851.5,2019-12-31,502010.0,516.9,3112.1,465.5,,3.2927096256294237,4.681331077270164,7.249124385463192,16.609363452331223,3.200411297837473,16.609363452331223,41.187622505703544,5.332702990190285,0.8742941650981446,0.8564802366227481,0.19232320516267817,0.19232320516267817,-2.7293293439392836,0.9883906749388984,1.0524064673810867,31.053054075749838,63.759760636357,10.794258373205743,3.7782936738247246,32.680434941253736,0.45422170327665473,193.05831265508684,3.469066993646193,105.21561003823786,17.627968252948172,,69.06792452830189,17.269211121652194,8.0074547733042,0.8554754548575351,216.3,6.950290800424151,53.53383458646617,206.3386524822695,3.2202951682647116,2.445294174351724,125.70281124497993,-25.702811244979927,-2.1567579463640074,5.749344034573234,-1.4067278287461793,-36.457109283196246,10.608078118064789,0.05111189900903693,0.07672026316716773,0.9818107690589879,0.10327274170328994,1.8587384975409562,0.1992840052609719,6.794132671677734,1.2081166088195963,0.002646521889421396,0.17050204325944684,False,False,False,False,False,False,False,False,False,False,False,False,False,False,False,False,False,False,False,False,False,False,False,False,False,False,False,False,True,False,False,False,False,False,False,False,False,False,False,False,False,False,False,False,False,False,False,False,False,False,False,False,False,False,6,True,-0.17830153828842027,-0.30764589154828303,0.546486349076988,-0.5345390290343137,0.28437788734223207,-0.6268646220516235,1,Lower-Mid,69.61528749105929,86.54741482349993,88.83963851147405,86.88036495390568,75.83378783768286,47.93063498340401,65.2187026321667
20106020.0,830.0,71.0,297.0,214759,9.722,1137.0,43.0,88.2,3555.0,546.0,2024.0,DE0007314007,171.0,333248.0,108.0,546.0,1054.0,2314.0,853.0,5.0,2010.0,1628.0,HEIDELBERGER DRUCKMASCHINEN,650.0,88.0,0.0,20.0,-31.0,36.0,69.0,608.0,DEU,14.0,140.0,2174.0,2025-03-31,201060.0,140.0,2314.0,113.0,,3.265869365225391,0.9157509157509158,3.0682800345721692,6.050129645635264,0.216076058772688,6.050129645635264,54.451166810717375,12.054329371816639,1.3329425556858148,0.6201641266119577,0.20046893317702227,0.20046893317702227,13.063477460901565,0.07875457875457875,0.1446886446886447,25.114995400183993,74.88500459981601,5.071428571428571,-0.6571428571428571,3.633854645814168,1.0643974241030358,238.01686895700473,7.7912457912457915,46.84745030250648,28.08988764044944,8.147887323943662,1.7335526315789473,21.527138914443423,3.8029386343993083,1.2753623188405796,25.0,1.08038029386344,77.87610619469027,159.1549295774648,3.9816849816849818,4.66724286949006,1764.0,-1664.0,-4.577319587628869,2.838221381267747,-2.8577138289368476,0.0,35.384615384615394,-0.10571882277779014,-0.1697386803511185,0.04444766098970426,0.032341049634310816,1.590876007431103,0.946581864219822,5.197792088316467,2.438037162436402,0.057408384385266825,0.41406660674042967,False,False,False,False,False,False,False,False,False,False,False,False,False,False,False,False,False,False,False,False,False,False,False,False,False,False,False,False,False,False,False,False,False,False,False,False,False,False,True,True,False,False,False,False,False,False,False,False,False,False,False,False,False,False,12,True,-0.5708009502777,-0.6618244802969173,-0.3698882180789918,-0.34653091302994116,-0.038632142234836186,0.014546729401672396,1,Lower-Mid,56.83869012343264,78.03657208701043,87.98721925964486,85.73526502404563,62.72045902983303,49.22816023260555,56.32438582365466
20106020.0,634.568,151.456,1221.942,222340,17.685,3140.097,1212.048,48.441,3560.0,1219.056,2024.0,DE0005565204,964.848,3339.0,153.689,1219.056,3243.715,4290.936,2411.012,61.79,2010.0,3754.654,DUERR AG,680.643,115.432,133.263,20.0,-375.802,113.163,144.041,627.516,DEU,74.982,295.497,4978.375,2024-12-31,201060.0,295.497,4290.936,384.265,,3.0422778517086395,5.068676090351879,3.5296727800181595,6.886539440345883,1.4400121558559718,6.886539440345883,24.405421101596474,6.22992681514242,1.3023979142368434,1.0421271233822147,0.40018382322443846,0.45545646392469213,14.645039797122555,0.9942512895223845,1.087079674764736,24.487026389133,75.41926833555127,2.019898108879464,1.2195149189331873,26.619348683054213,0.8619149822984407,242.63138252756573,3.5115709256249477,103.94208396489718,15.862343320897821,5.885371390167126,5.169135129622194,43.925778994149695,2.690135672030532,0.8013829395797031,268.83299999999997,6.265136557618198,30.039686154086375,253.71394992605113,4.083795166095733,3.5817127079033577,78.39618061174947,21.60381938825053,-7.269801574729639,-3.444734614239564,-2.978933508887438,28.68364367430949,46.889952153110045,-0.4965662083968718,0.05705757022247362,0.04179476540472589,-0.001964439770119759,2.270022492596523,0.24554521334371138,7.718683305295403,1.7130674126114176,0.5263646183349368,-0.5931023291626563,False,False,False,False,False,False,False,False,False,False,False,False,False,False,False,False,False,False,False,False,False,False,False,False,False,False,False,False,False,False,False,False,False,False,False,False,False,False,False,False,False,False,False,False,False,False,False,False,False,False,False,False,False,False,11,True,-0.5754613164942712,-0.40831063782713944,-0.05290735075506486,-0.33520385275280035,-0.21205400088839418,-0.27319341552610527,1,Lower-Mid,68.3905811491327,78.90703032594914,93.64873217404322,95.51635953215222,75.12325084311601,49.923812609699986,63.95776210452554
35202010.0,16764.0,3167.0,12188.0,100080,91.864,34444.0,35498.0,108.067,2800.0,31908.0,2024.0,DE000BAY0017,8087.0,325.0,6387.0,31908.0,16782.0,46606.0,28952.0,-2552.0,3520.0,78805.0,BAYER AG,13456.0,2778.0,1896.0,35.0,-7178.0,5246.0,4049.0,13467.0,DEU,2007.0,7216.0,110850.0,2024-12-31,352020.0,7216.0,46606.0,7368.0,216.0,2.85701398285972,-7.997994233421085,6.795262412564906,15.482985023387547,-5.475689825344377,15.482985023387547,63.991760717504185,4.698394801649704,1.1896932854379663,0.7245440729483282,0.2793243990052501,0.3448121027908262,4.954442940911141,1.1125109690359785,1.2769211483013665,28.78484438430311,71.0915651781687,1.5779770802192328,4.5256374722838135,36.75597654488047,0.4204420387911592,507.33693285726724,3.8239251723006236,95.45165858473158,28.871819079088528,8.486161689730517,1.2461572733348185,18.290482634190347,5.96060593056688,0.6860953321807853,4590.0,9.84851735828005,37.70358306188925,232.64919482159772,3.474050394885295,13.70424408874394,,,-2.164284064907529,-4.652543028926792,-5.2274298212130255,93.99830938292477,0.9814612868048078,-0.24551522162971406,0.06261178343288537,0.014768311871572262,-0.5070196153752454,3.2777902945769233,0.31696844832194065,6.646820027063599,2.5113358628213223,0.06171449807406264,0.3274444893955998,True,True,False,False,False,False,False,False,False,False,False,False,False,False,False,False,False,False,False,False,False,False,False,False,False,False,False,False,False,False,False,False,True,False,False,False,False,False,False,False,False,False,False,False,False,False,False,False,False,False,False,False,False,False,11,True,-0.6674866507685994,-0.29334780939624555,0.5713261509792895,-0.1995666816866088,0.37504690830723914,-0.7905008737628311,1,Lower-Mid,63.687233002864254,68.58361872814245,92.79770258893173,92.62179421047495,79.98260205834086,47.699824517962675,60.451186676572824
20302010.0,324.0,1264.0,4796.0,100103,66.111,16316.0,11413.0,359.0,4512.0,11542.0,2024.0,DE0008232125,8488.0,481111.0,60.0,11542.0,30568.0,31439.0,19581.0,1387.0,2030.0,35458.0,DEUTSCHE LUFTHANSA AG,19025.0,3898.0,6698.0,20.0,-1450.0,2819.0,2341.0,1606.0,DEU,631.0,3605.0,47052.0,2024-12-31,203020.0,3605.0,31439.0,3892.0,,2.68638952648134,12.016981459019235,4.020484112090079,11.466649702598684,4.411717929959604,11.466649702598684,2.770444352555743,5.50642561533435,0.8332567284612634,0.7512384454317961,0.43348143608600176,0.7755477248352995,-6.939131174020233,0.9888234274822387,1.2330618610292843,24.530306894499702,75.3591770806767,2.0031695721077654,1.5933425797503467,30.247385870951288,0.6681756354671428,475.54869840117374,6.555254378648874,55.68052418970069,60.51401125990012,,19.03362391033624,28.232593726090283,12.398613187442349,1.6651003844510892,-6.0,-0.019084576481440248,100.15416238437822,307.9113924050633,4.076589845780627,0.1908457648144025,25.88320115356885,74.11679884643115,5.055804317316048,3.8194214602502052,5.205283259070659,-100.67039106145252,-3.753086419753082,-1.207206223448933,0.17348317660129575,0.14307507969378644,-0.24265995006741553,20.961648713879566,3.129229347576145,8.27169939641248,5.6059201629071325,0.03648419256982127,0.051976705226587344,False,False,False,False,False,False,False,False,False,False,False,False,False,False,False,False,False,False,False,False,False,False,False,False,False,False,False,False,False,False,False,False,False,False,False,False,False,False,False,False,False,False,False,False,False,False,False,False,False,True,True,False,False,False,11,True,-0.32594444822514423,-0.6784690250345549,0.17416808067958323,-0.19715288837558356,0.0457255797590077,-0.6188659208341178,1,Lower-Mid,73.13414884741536,76.51993948644625,86.39330927940854,95.60786239013737,94.79130837311257,48.276260323545884,68.33712993123602
45301010.0,73.1,121.7,188.4,319865,3.825,1198.2,1440.8,6.0,3674.0,2009.9,2024.0,DE000WAF3001,663.7,334413.0,83.1,2009.9,898.9,1412.8,570.3,63.0,4530.0,2869.2,SILTRONIC AG,3820.8,699.9,366.6,45.0,525.6,82.5,238.5,308.3,DEU,40.9,360.2,5084.4,2024-12-31,453010.0,360.2,1412.8,344.5,292.3,2.3935960978679884,3.134484302701627,8.61409966024915,25.495469988674973,4.459229898074745,25.495469988674973,36.37457531143828,3.5268206450865045,2.1009994739610733,1.560406803436788,1.1637734525688237,1.806593021216904,12.349539768704275,0.716851584655953,0.7578984029056172,39.53072142239006,56.43143733773896,2.975550122249389,2.3864519711271512,29.96027063173629,0.2778695617968689,369.359477124183,7.498938428874734,48.67355605889015,270.4416761041903,2.2500398152572063,2.91566655854687,16.75910628589411,49.53992072480181,2.9345911949685535,-355.4,-25.15571913929785,203.16400580551522,283.07313064913717,2.529678093437484,5.881936579841449,9.523809523809524,90.47619047619048,-6.6719513806315245,12.863770560944744,-2.0987970309700454,-50.00703333802223,-41.61661661661662,1.3043987376036914,0.02857687177787374,6.12410903989961,-4.0532578301195255,10.982404135082342,0.28275825618027317,6.775627409330502,8.47179587857436,0.15517386689275128,0.1554490730765204,False,False,False,False,False,False,False,False,False,False,False,False,False,False,False,False,False,False,False,False,False,False,False,False,False,False,True,False,False,False,True,False,False,False,False,False,False,False,False,False,False,False,False,False,False,False,False,True,True,False,False,False,False,False,11,True,-0.14659936784748714,0.8680467272447616,0.39923071529905263,-0.33907453917944474,0.31712266781145954,-0.8260134289564299,1,Lower-Mid,48.278139778667004,78.42116206069953,65.41973738326242,68.23827837402642,68.32710797207798,52.64864967477052,52.06838235682105
25101010.0,176.161,39.773,354.442,213034,12.0,772.589,588.86,88.2,2531.0,251.575,2024.0,DE0005895403,219.846,336360.0,74.034,251.575,1657.367,1921.727,667.94,-47.812,2510.0,1432.868,GRAMMER AG,445.825,62.163,0.0,25.0,159.764,107.438,71.519,172.314,DEU,40.938,111.292,1699.792,2024-12-31,251010.0,111.292,1921.727,25.665,18.896,2.3398745258243365,-19.005068071151744,2.069648810679144,5.791249225306196,-2.4879704557411118,5.791249225306196,13.756376425995997,4.732430229583491,1.1566742521783393,0.8986959906578436,0.3291403419468814,0.3291403419468814,6.156576804691398,2.34069363013018,2.76775514260161,14.800340276928,84.29666688630138,0.9715423323073917,4.281098371850627,40.96371791372121,1.130565975131075,160.14391666666668,5.421837705463799,67.3203477913356,23.199184899832286,18.36354862444935,9.618295669533525,33.785780848480286,3.234746662767396,0.8691816160740501,-36.498,-1.8992291829172403,242.2092343658679,64.528700374626,6.756601411110007,3.8524722814426813,,,-16.62384462932689,10.77742027774644,-14.56642460486971,-164.26835710512412,-17.79773081907382,-0.3147518253336986,0.14715084944613663,0.09658846341300374,-0.17602854527156836,1.9117388748657056,0.5661857006197091,1.5098906219113868,2.880809907428363,0.29817556910730064,-0.20696431483562872,False,False,False,False,False,False,False,False,False,False,False,False,False,False,False,False,False,False,False,False,False,False,False,False,False,False,False,False,False,False,False,False,False,False,True,False,False,False,False,False,False,False,False,False,False,False,False,False,False,False,False,False,False,False,11,True,-1.215736979619095,-0.8683280471264182,0.06507212393540528,-0.183363925698802,-0.6152429107874818,0.07756720808887223,1,Lower-Mid,45.67748049131132,65.56499693501448,98.75754816017869,68.9550646580489,57.96141845538562,48.84053391630076,46.97371081764016
55105020.0,18.688,57.325,65.523,248220,0.108,277.428,1364.777,88.2,4911.0,692.012,2017.0,,195.576,221114.0,84.1,692.012,7.431,222.432,182.821,27.221,5510.0,1818.313,CAPITAL STAGE AG,1455.168,93.92,71.188,55.0,10.085,124.608,102.493,0.339,DEU,60.596,159.818,2519.698,2017-12-31,551050.0,159.818,222.432,153.037,,2.2750742350869038,3.9336023074744375,25.771921306286867,71.85027334196519,12.23789742483096,71.85027334196519,96.65920371169615,2.7871113663093303,1.517484315259188,1.515630042500588,1.0697676962712162,1.4591540359149113,3.7546959992824536,1.97218689849309,2.1522531401189577,27.464084981612874,72.16392599430567,0.9460195392435146,8.095514898196697,59.10966314217021,0.08827724592391628,2059.5555555555557,3.394716359141065,107.52002859300819,654.2080276219249,2.3511156679738283,21.920353982300885,10.362313261351161,42.22414041145159,0.9163552632862733,59.117000000000004,26.577560782621205,61.37077961538713,266.96380287832534,3.6411189401339863,37.8093080132355,324.0145475919327,-224.01454759193268,56.881995725862765,7.0482288829495365,16.129032258064523,-27.111434419155177,563.4173906901179,-3.79282540857258,-0.2862321351009119,-2.113981426911015,1.5653646814037216,6.149028151568778,0.6377291110357374,6.073624696292969,0.8969912486643496,0.6341054565400587,-0.45110585783594304,False,False,False,False,False,True,False,True,False,False,False,False,False,False,False,False,False,False,False,False,False,False,False,True,False,False,True,False,False,False,True,False,False,False,False,False,False,True,True,True,True,False,False,False,True,True,False,True,False,False,False,False,False,False,4,True,0.8507594910554446,0.3694477033532212,0.9558366982211338,1.505208560086007,-0.011503964558437269,-1.7791626740977438,1,Lower-Mid,26.99588435089279,46.13853371339596,76.85079413737883,86.61176407283769,36.308148895105816,55.143844747546616,34.13345922458595
20106020.0,558.7,87.6,1500.6,100449,12.398499999999999,2690.1,104.2,88.2,3569.0,1185.0,2024.0,DE0006204407,656.0,333999.0,202.3,1185.0,2740.1,3732.4,2208.3,-48.9,2010.0,2445.5,KUKA AG,524.2,58.1,0.0,20.0,-167.9,490.7,151.7,533.5,DEU,27.4,239.3,3998.1,2024-12-31,201060.0,239.3,3732.4,272.9,,2.191040744353568,-4.1265822784810124,2.3470153252598864,6.411424284642589,-1.3101489658128818,6.411424284642589,26.586110813417648,6.7949115730685685,1.2181768781415567,0.9765883258615223,0.2970610877145315,0.2970610877145315,12.050724093944618,0.08793248945147679,0.5020253164556961,29.6390785623171,61.16655411320377,3.197080291970803,-0.25532804011700805,14.879567794702483,0.9335434331307372,301.0364156954471,2.4872717579634815,146.74713321187437,14.044582574214983,7.746782897467834,5.136082474226804,53.9406217953528,1.5566391597899476,0.38299274884640744,214.79999999999998,5.755010181116707,21.289849761817518,311.5296803652968,3.3739240506329113,5.420105026256564,,,-7.926092212053182,0.6647027721127019,-15.805378242564183,-8.244340025630093,-29.575757575757578,-0.36094486786114605,0.029860928187439163,-0.1587650196071329,0.18348555727032417,2.9295929636206246,0.14712539333139685,6.825742227558091,4.395828412274297,0.16697823251810087,0.30704193924936646,False,False,False,False,False,False,False,False,False,False,False,False,False,False,False,False,False,False,False,False,False,False,False,False,False,False,False,False,False,False,False,False,False,False,False,False,False,False,False,False,False,False,False,False,False,False,False,False,False,False,False,False,False,False,11,True,-0.7312640322385865,-0.38061422872761796,-0.29154218675781357,-0.29883900797688095,0.20208593537918346,-0.13332121825609025,1,Lower-Mid,59.13306581710174,69.41601933473767,97.40581018228025,83.4764912561647,71.83238455330773,49.472018935577054,56.65893700240086
20104020.0,154.67,43.332,327.039,251958,3.912,1224.75,870.727,88.2,3510.0,-69.528,2015.0,DE0006177033,421.822,333611.0,25.46,-69.528,1170.277,1589.278,1129.736,-102.598,2010.0,2195.55,REPOWER SYSTEMS SE,176.117,16.465,2.421,20.0,874.428,5.982,96.333,416.552,DEU,41.95,139.665,2126.193,2015-12-31,201040.0,139.665,1589.278,318.052,,2.038008779071326,147.56357151075827,2.726521099518146,8.787952768489841,-6.4556358296031275,8.787952768489841,26.36423583539192,5.4083941692388535,1.084102834644554,0.7153866035958842,0.3733810376937621,0.3755240162303405,4.468738256592881,-12.523400644344724,-12.609437924289493,-3.270070026568613,103.2620274829237,1.032943980929678,3.2569863602190954,41.23374500809662,0.7474758876546014,406.2571574642127,4.859597784973658,75.10909670932335,11.081572890331332,16.72677710653169,2.809437957325856,35.22074430684326,1.0360050286985663,0.1709175464274963,301.58700000000005,18.976352784094416,5.176826430898092,733.9887381150189,,1.6019853040185543,,,-19.12116522502927,38.102234442013064,12.835304297663686,273.6535626231215,-58.093662509544416,-1.575698933847265,-6.328776814451174,-0.6731706042318041,7.65063661931683,1.6410025050674593,7.303401867452708,14.95875492017893,4.279496833992412,0.92199378651658,,False,False,False,True,False,False,False,False,False,False,False,False,False,False,False,True,True,False,False,False,False,False,False,False,False,False,False,False,False,False,False,False,False,False,False,True,False,False,False,False,False,False,False,False,False,False,True,False,True,False,True,False,False,False,3,True,0.4502545099154043,-1.5139669276309617,-3.3551681696497577,-1.6441354585365777,0.456502926297983,-3.183887252796994,1,Lower-Mid,7.392916882959503,26.647917330253616,91.69258577921136,10.666982825250464,87.10787332663236,41.796132989641436,22.419629500754425
55105020.0,48.345,72.748,160.594,329260,0.423,669.399,1584.684,88.2,4911.0,766.293,2024.0,DE0006095003,478.049,22111.0,84.1,766.293,45.87,410.804,1150.37,-173.159,5510.0,3148.809,ENCAVIS AG,2684.594,215.539,102.833,55.0,266.853,1003.269,164.776,6.902,DEU,107.572,237.524,3923.899,2024-12-31,551050.0,237.524,410.804,207.068,21.524,1.8539722862387642,-22.596970088464854,17.708688328253867,57.81930068840615,-42.15124487590189,57.81930068840615,88.8340911967751,3.0943731053089847,0.581898867320949,0.5758990585637664,0.41556108034806194,0.5049523196884481,-12.25747655584407,2.0679870493401347,3.3772369054656637,19.528866568685892,80.2469431552647,0.6762726360019337,8.88290867449184,65.95360889768061,0.10469280682300945,971.1678486997636,2.5580283198625104,142.68802153825183,653.497531669604,,6.645899739206027,16.275724731956657,52.467600120738844,1.3080727775889691,-8.470999999999975,-2.062053923525568,104.09092665211428,284.637378347171,5.120624878473378,20.472049931354125,,,-12.994010454171933,9.803794820563837,7.360406091370542,-105.83635336429151,140.19769541088104,-1.7933585055783152,0.0002615165379069288,1.1090660343816516,-3.167883605059035,7.241835752217022,0.5631549626380469,5.277098110833128,1.5789561790488267,0.45993679648027314,0.3029086122153937,False,False,False,False,False,True,True,True,False,False,False,False,False,False,False,False,False,False,False,False,False,False,False,False,False,False,True,False,False,False,True,False,False,False,False,False,False,True,False,False,False,False,False,False,True,False,False,False,True,False,False,False,False,False,9,True,-1.9466172457207933,-0.8434169597608402,1.204508410342371,0.1233445690659644,0.5460160025365093,-1.6844075176516395,1,Lower-Mid,14.796447002982022,16.821706878846356,76.99478042492436,78.73483038626236,55.42440582551814,42.93322113927296,25.470064089416038
55103010.0,146.151,27.879,270.851,220307,1.492,441.204,256.7,11.062,4911.0,378.966,2024.0,,93.088,221122.0,84.1,378.966,1506.518,1787.197,264.951,35.94,5510.0,1347.032,PFALZWERKE AG,793.789,134.034,0.0,55.0,33.214,10.628,62.566,19.184,DEU,3.177,90.445,1732.074,2024-12-31,551030.0,90.445,1787.197,49.506,6.113,1.609573263036106,9.483700384731083,1.5599287599520366,5.0607179846429915,2.0109702511810394,5.0607179846429915,15.704983837819775,4.385793797371576,1.665228664922948,1.592822823842899,0.3513404365335477,0.3513404365335477,10.175835443520311,0.6773694737786503,0.7054142060237593,21.879319243866025,77.76988742975183,8.7752596789424,1.9264746531040964,15.433982612752109,1.0318248527487854,1197.853217158177,6.598450808747244,55.31601440691765,44.41530508388275,10.1399522277635,78.52992076730608,21.01174661128797,7.4996768683027115,2.142281750471502,-84.52799999999999,-4.729640884580714,270.7429402496667,177.5745184547509,4.570526115799306,4.705692769179894,30.779076238174735,69.22092376182526,-9.603162680691558,-2.583562522145544,6.0412224591329,5505.305039787761,0.8714892079833669,-0.03382912737714257,-0.024185162627496006,0.44478561343587464,-0.39341158594315784,1.2853282924683083,0.1731064487616404,2.8581919710127854,1.5646567341546296,0.007619845070686371,-0.40180405290175586,False,False,False,False,False,False,False,False,False,False,False,False,False,False,False,False,False,False,False,False,False,False,False,False,False,False,False,False,True,False,False,False,False,False,True,False,False,False,False,False,False,False,False,True,False,False,False,False,False,False,False,False,False,False,11,True,-0.7206229939970995,-0.20994682893051692,-0.6629284268418986,0.7300806285264405,-0.3604515218230135,-0.5321246218896263,1,Lower-Mid,47.22080077435496,67.39892715335078,72.77683947679306,87.62628759201631,58.42026607517401,54.029291041134115,49.893774410889876
55103010.0,175.4,40.3,403.9,101161,1.842,868.8,319.5,88.2,4941.0,1046.7,2024.0,DE0007760001,26.2,221310.0,84.1,1046.7,2615.8,2980.4,866.7,117.2,5510.0,1948.7,GELSENWASSER AG,1020.8,93.7,0.0,55.0,-39.9,97.5,62.7,73.7,DEU,24.0,103.0,2996.6,2024-12-31,551030.0,103.0,2980.4,127.7,21.9,1.3448575051725289,11.19709563389701,1.3521674942960675,3.4559119581264257,3.9323580727419136,3.4559119581264257,12.23325728090189,2.9497877323964277,1.002422983731395,0.9173877927772007,0.03022960655359409,0.03022960655359409,0.0700794233464563,0.3052450558899398,0.3983949555746632,34.9295868651138,65.0303677501168,1.6791666666666665,3.7941747572815534,13.915771207368351,0.9945938730561303,1618.0238870792616,7.379054221341917,49.464333646490395,34.250436183062675,1419.2380952381568,35.492537313432834,14.352933324434359,3.1438733055965646,1.4944178628389155,34.0,1.1407864716145484,73.37509788566953,316.87344913151367,2.862902455335817,2.821768890081868,75.25597269624573,24.744027303754265,-26.773297953367237,-24.205787130716306,5.6192660550458795,-17.07317073170732,14.129110840438507,-0.45026659982584105,0.042631376540111295,-0.35351469118289625,-0.848685611359465,1.763618955958961,0.1565532340592288,4.261496362544217,2.509043149246491,0.7170057433575504,0.04837761147486278,False,False,False,False,False,False,False,False,False,False,False,False,False,False,False,False,False,False,False,False,False,False,False,True,False,False,False,True,False,False,False,False,False,False,False,False,False,False,False,False,False,False,False,False,False,False,False,False,False,False,False,False,False,False,11,True,-0.3397204196983142,-0.5302744666518168,-0.6372930334712402,1.069219388869874,0.47661556404825034,-0.3384203358774204,1,Lower-Mid,42.12837918376238,65.39047698251348,93.42923479134522,75.94905375418081,49.78240056573577,52.88263295934637,44.991712530286094
55101010.0,57.081,19.4,179.089,101148,0.459,191.879,0.0,99.245,4911.0,553.362,2024.0,DE0006458003,1.247,2211.0,84.1,553.362,1061.984,1175.02,1053.733,120.931,5510.0,1183.19,LECHWERKE AG,168.989,151.34750000000003,0.0,55.0,-165.813,0.0,13.215,3.785,DEU,38.363,32.615,1736.552,2024-12-31,551010.0,32.615,1175.02,110.958,,1.1171562959243373,21.85386781166759,1.6510357270514544,2.775697434937278,10.291824820003063,2.775697434937278,9.619921363040634,3.505842468402239,0.18209451540380722,0.17850252388413385,0.0011834117371288554,0.0011834117371288554,-49.630186714823395,0.0,0.0,31.865558877591916,68.13444112240809,0.505695592106978,-0.03823394143798866,0.0,0.6766396859984614,2559.9564270152505,6.561095321320684,55.63095521778353,14.38179775663393,,280.5770145310436,10.384716380505738,12.88041905669691,11.452705259175183,-40.38950000000003,-3.4373457473064315,136.40071017862616,571.9484536082475,3.138184407313838,7.1573249817024385,82.06745995650412,17.932540043495877,-19.977662229758952,-2.234437781810017,20.15706806282722,-168.9328839015233,0.0,-0.6126584818850448,-0.0018825456209900493,0.13524766801173482,0.015012757920123868,2.6375583772359263,0.007521093711777124,6.389558158926424,2.7573588633657264,0.5935064248640239,-0.08760155552598982,False,False,False,False,False,False,False,False,False,False,False,False,False,False,False,False,False,False,False,False,False,False,False,True,False,False,False,False,True,False,False,True,False,False,False,True,False,False,False,False,False,False,False,False,False,False,False,False,False,False,False,False,False,False,11,True,0.2097454693104376,-1.2152396479720737,-0.3300800106991745,1.8576549244098706,0.9950811664114199,-1.109624217715106,1,Lower-Mid,25.74798983580351,58.11282487091858,62.37759367336204,79.38167444352293,32.398457085465495,50.31341640803852,34.71969691567724
20304040.0,575.095,-2.485,670.155,319665,0.703,1855.197,1655.982,88.2,6159.0,194.517,2024.0,DE000A0DPRE6,431.751,532112.0,84.1,194.517,2454.5,749.098,1276.941,-39.208,2030.0,2252.627,ALLANE SE,38.958,151.34750000000003,10.4,20.0,-80.6045,304.6,12.706,36.547,DEU,47.387,10.221,2441.071,2024-12-31,203040.0,10.221,3809.562,320.288,,-0.10179957895530281,-20.156592997013114,-0.3317322967088418,1.3644409676704516,-5.234028124491054,1.3644409676704516,-227.66073330859248,-0.13428810283064188,1.4528447281432735,1.4242239852898448,0.3381135072019772,0.34625797119835605,23.68861864321029,8.513302179243974,10.079232149375118,7.968510543118164,92.28027369953598,-0.05244054276489332,149.57743860678994,80.31646764883119,0.3068726800654303,1065.5732574679944,1.11779812133014,326.5348125345416,5.200654653997208,1.295443540577184,67.16009521985389,45.14026834942531,20.203965302270202,11.911498504643477,168.9405,22.552523167863217,47.253565541013096,,12.549396710827331,11.22683547413022,,,20.63158233759541,45.882858455909826,-3.698630136986303,0.0,0.0,-0.8366671539152435,-0.589690735495042,-0.20043456045232974,-0.2237335592599598,3.041086649386782,5.672077992094691,13.120798207016513,4.747294082571526,0.8326079153159311,,False,False,False,False,False,False,False,False,True,False,False,False,False,False,False,True,True,False,False,False,True,False,False,False,False,True,False,False,True,False,True,True,False,False,False,False,True,False,False,False,False,True,False,False,False,False,True,False,False,False,True,False,False,False,11,True,-2.0156606519462854,-0.39822339788525624,1.7026368766777484,0.9206658116070111,-1.2343148962144375,-1.12185965960173,1,Lower-Mid,22.213022930717095,50.68620003148053,80.19656433413455,28.710330227867587,64.24614376560118,50.79114555657338,31.53040376620988
20104020.0,3388.0,-86.0,12551.0,340153,98.0,30079.0,3287.0,88.2,3510.0,9075.0,2024.0,DE000ENER6Y0,6363.0,333611.0,1456.0,9075.0,28593.0,34465.0,33471.0,1184.0,2010.0,41510.0,SIEMENS ENERGY AG,5286.0,1514.0,0.0,20.0,-2258.0,480.0,1369.0,9792.0,DEU,332.0,1283.0,50874.0,2024-09-30,201040.0,1283.0,34465.0,2889.0,,-0.16904509179541613,13.046831955922865,-0.24952850718119834,3.722617147831133,3.4353692151458004,3.722617147831133,17.037574350790656,-0.695680310629348,0.8986585402288548,0.6061067790027188,0.1901048668997042,0.1901048668997042,-6.667452922907575,0.36220385674931127,0.41509641873278236,17.838188465620945,81.59374140032236,-0.25903614457831325,-2.0233826968043647,7.404568148759681,0.6774580335731415,351.68367346938777,2.7459963349533902,132.92078920644133,15.337298708835052,,2.9200367647058822,37.17812635137791,4.39286232409691,1.1059167275383492,1375.0,3.989554620629624,52.40567670474212,,5.60595041322314,4.224575656463078,7.449324324324325,92.55067567567568,10.752273530640455,6.1932494207527,4.255319148936176,248.9847715736041,23.289902280130303,-1.1688684584344808,0.049508049159296866,0.25726849822902065,0.45724550425760996,4.957404049954364,0.16296940898709383,5.678735699964618,1.378252774716857,0.33355994602247063,0.2844420654943981,False,False,False,False,False,False,False,False,False,False,False,False,False,False,False,False,False,False,False,False,False,False,False,False,False,False,False,False,False,False,False,False,False,False,False,False,False,False,False,False,False,False,False,False,False,False,False,False,False,False,False,False,False,False,8,True,-0.832183374953499,-0.8849772540656925,-0.11504021964329043,-0.38021332833732147,0.07693781920616691,-0.9288740267730949,1,Lower-Mid,51.18395902829664,55.68120763113951,85.11944981712406,77.46631277614541,88.63133943726866,46.09841472199073,52.6511573307514
20304010.0,739.0,-472.0,3607.0,221614,227.895,22598.0,33330.0,88.2,4011.0,17116.0,2024.0,,4684.0,482111.0,163.0,17116.0,25325.0,26203.0,25066.0,-1787.0,2030.0,66695.0,DEUTSCHE BAHN AG,43633.0,17874.0,514.0,20.0,5752.0,4793.0,3035.0,2185.0,DEU,935.0,2563.0,83898.0,2024-12-31,203040.0,2563.0,26203.0,4567.0,,-0.5625879043600562,-10.44052348679598,-1.8013204594893715,9.781322749303515,-6.8198297904820055,9.781322749303515,3.350761363202687,-0.9356539666177696,0.901539934572728,0.8143700630335913,0.18686667198595708,0.2073725365036304,-2.9416672626284295,1.9473007712082262,2.22733115213835,20.40096307420916,79.49533957901261,-0.5048128342245989,13.046820132657043,45.439700588810226,0.31231972156666427,114.9783891704513,7.26448572220682,50.24443765980995,166.519100866313,,11.590389016018307,9.882237955612768,68.21356333244285,5.889291598023064,-13307.0,-50.78426134412091,391.3728924895993,,4.901729376022435,0.6220661756287448,,,-42.01721581730875,8.2946096654275,-25.145589930727773,1.1170212765957421,10.30609725993581,-0.6138444855094198,0.1664278556428696,2.826218004104268,-2.5064489113267965,3.545165686302901,0.9874345302017017,5.443514744094019,1.5074311312744262,0.32978912341762556,-0.32266721792438124,False,False,False,False,False,False,False,False,False,False,False,False,False,False,False,False,False,False,False,False,True,False,False,False,False,False,True,False,False,False,True,True,True,True,True,False,False,False,False,False,False,False,False,False,False,False,False,True,True,False,False,False,False,False,11,True,-1.5546107538161498,-0.5410511315474715,0.6757201232564056,-0.6021551804551805,0.258145180475332,-1.1270728675994042,1,Lower-Mid,41.21300332250897,47.36070466338199,89.31180557174298,81.18545258788336,66.1366052679902,44.34386416577146,43.99637831066685
25301040.0,3751.2,-264.5,659.6,324859,42.711,5196.3,5399.6,88.2,5961.0,2592.3,2024.0,DE000A2E4K43,3808.7,454110.0,415.2,2592.3,8569.7,12294.7,3732.7,-882.4,2530.0,9707.9,DELIVERY HERO SE,710.6,139.1,0.0,25.0,1579.6,267.8,395.8,174.6,DEU,316.9,131.3,12420.4,2024-12-31,253010.0,131.3,12294.7,638.3,,-2.129561044732859,-34.03927014620221,-2.151333501427444,1.0679398439978203,-7.177076301170422,1.0679398439978203,30.297607912352476,-3.3096009709831202,1.39210223162858,1.3453264393066682,1.020360596886972,1.020360596886972,11.783839489871504,2.0829379315665624,2.1862438760945877,20.871308492480114,78.16092879456377,-0.8346481539917956,14.156130997715161,45.62977037776562,0.9898795529934624,287.85792887078276,18.63963007883566,19.58193367873962,5.779726223494676,8.400314293522818,49.08190148911799,35.975491932626966,1.1313818149283836,0.3514401212733704,499.19999999999993,4.060286139556068,21.79226069246436,,4.79126644292713,3.377064914149999,,,23.665496534867604,18.427124849825518,-4.261185331300998,-398.56459330143537,-5.822613405551791,8.972026520287347,0.3008027572527716,-0.0801579304416634,6.9184227417801,32.619992422082234,1.266528482981589,5.139125954075554,5.329311162187991,0.832158532973581,0.6939970776631674,False,False,False,True,False,False,False,False,False,False,False,False,False,False,False,False,False,False,False,False,True,False,False,False,True,False,False,False,False,False,False,False,False,False,False,False,False,False,False,False,False,False,False,True,False,True,False,False,True,True,False,False,False,False,11,True,-1.9954603813617855,-0.3517760405659402,-0.11337338607794156,-0.05549739197750947,-0.12896839519946157,-0.21735751544353044,1,Lower-Mid,35.14138466507113,39.438214549139076,83.25887836424022,80.80518197969722,67.97871363144398,48.93983586351166,40.221522018542586
20106010.0,1805.0,-413.0,1541.0,100042,36.569,4549.0,679.0,16.0,3711.0,5935.0,2020.0,DE0005937007,789.0,336120.0,566.0,5935.0,8325.0,10838.0,7099.0,-432.0,2010.0,12155.0,MAN SE,6280.0,362.0,148.0,20.0,-524.0,2418.0,1061.0,2219.0,DEU,82.0,648.0,18090.0,2020-12-31,201060.0,648.0,10838.0,570.0,5.0,-2.283029297954671,-7.278854254422915,-3.8106661745709545,5.978962908285661,-3.985975272190441,5.978962908285661,23.186934858830043,-6.2443302086483214,0.6407944780955064,0.3282152415833216,0.11114241442456683,0.13199042118608253,-14.096185737976782,0.11440606571187868,0.5218197135636057,32.808181315644006,67.191818684356,-5.036585365853658,3.5617283950617282,17.119955776672192,0.5991155334438917,296.3712434028822,7.033095392602206,51.89749031186566,57.94427016054623,,3.751689950428121,12.880044223327806,3.3400996493818043,0.3411875589066918,208.0,1.9191732792028051,63.50877192982456,,3.0480202190395955,5.222365750138402,,,-14.412066650872625,-4.011461318051579,0.6495472435527061,170.12987012987014,-17.35159817351598,-0.6133146416011801,0.025737072473801546,0.052857583896808405,0.657805222079259,2.5504076581144326,0.10117886797582637,3.150912106135987,3.2180062657300605,0.26986976990822675,-0.39052366649835296,False,False,False,False,False,False,False,False,False,False,False,False,False,False,False,False,False,False,False,False,False,False,False,False,False,False,False,False,False,False,False,False,False,False,False,False,False,False,False,False,False,False,False,False,False,False,False,False,False,False,False,False,False,False,7,True,-1.3465919893789586,-0.7400676045563043,-0.06073051358682608,-0.47921229582352637,1.0130634433636956,-0.652920568835514,1,Lower-Mid,37.96834675210695,41.716599894071095,73.6570363095365,78.72415907131783,85.9928423487559,44.253790911222964,44.30200093910217
20106020.0,278.0,-37.8,359.9,102365,5.612,890.0,266.2,88.2,3555.0,330.4,2024.0,DE0007193500,137.7,333248.0,54.5,330.4,932.7,1274.4,606.5,-70.1,2010.0,1091.5,KOENIG & BAUER AG,229.1,43.1,4.0,20.0,1.3,116.8,46.7,382.7,DEU,26.0,8.9,1422.7,2024-12-31,201060.0,8.9,1274.4,73.4,,-2.656919940957334,-21.216707021791766,-2.966101694915254,0.6983678593848085,-5.500627746390458,0.6983678593848085,26.81261770244821,-6.335903452899766,1.4674361088211048,0.8364385820280297,0.22704039571310797,0.23363561417971968,19.926899557180008,0.8056900726392252,1.1592009685230025,23.223448372812257,76.72032051732621,-1.4538461538461538,27.56179775280899,26.920643846207916,0.8957615800941872,227.08481824661442,3.5409836065573774,103.0787037037037,17.977087256748273,4.495238095238095,2.437157042069506,34.97575033387221,3.381983678593848,0.9229122055674518,30.300000000000004,2.3775894538606406,58.719346049046315,,4.305992736077482,4.276522284996861,,,-3.949351823937286,-0.3083175670940963,-2.246995296986576,-136.07142857142858,-17.432950191570885,-0.4195442744605716,0.08786496216116378,0.1466525081213176,-0.0541028431974802,3.9213757803727134,0.33075021247784614,5.159204329795459,3.1307234661994072,0.1259132280354158,0.20098671829975379,False,False,False,False,False,False,False,False,False,False,False,False,False,False,False,False,False,False,False,False,True,False,False,False,False,False,False,False,False,False,False,False,False,False,False,False,False,False,False,False,False,False,False,False,False,False,False,False,False,False,False,False,False,False,11,True,-1.7852485067348751,-0.46450141441410486,-0.31421190827819206,-0.3015797008081286,0.2363868788156823,-0.4162535214812926,1,Lower-Mid,37.0364703277268,39.46043154201879,89.51619385358556,91.43741598775212,72.70142629661981,47.257888685742174,42.75562998276266
55103010.0,3253.0,-2991.0,5527.0,322597,34.523,20119.0,15277.0,88.2,4931.0,7426.0,2019.0,DE000A2AADD2,1285.0,22111.0,352.0,7426.0,27270.0,33535.0,17339.0,-88.0,5510.0,39640.0,INNOGY SE,12885.0,1856.0,717.0,55.0,-2791.0,2623.0,1261.0,492.0,DEU,511.0,-1730.0,48464.0,2019-12-31,551030.0,-1730.0,33535.0,1574.0,,-6.171591284252228,-1.185025585779693,-8.919039809154615,-5.1587893245862535,-0.2624124049500522,-5.1587893245862535,18.68197405695542,-13.174470334317052,1.1603321990887594,1.1319568602572236,0.07411038698886903,0.11546225272507064,5.736216573126445,2.057231349313224,2.4104497710746027,15.322713766919776,81.79267084846484,-5.853228962818004,,36.93463189171344,0.6919569164740839,971.3813979086406,6.067486882576443,60.156701953183244,38.42254361115253,12.06294964028777,55.426829268292686,14.05579399141631,5.534516177128373,1.471847739888977,-282.0,-0.8409124794990308,117.91613722998729,,6.526259089684891,1.0496496198002088,,,-4.357870119499186,-2.8271243533704915,-19.534309155323516,129.2682926829268,-30.952380952380953,-2.6073795855329838,0.3078057027016783,0.33343687287587087,-0.5562945140016146,5.898614840057967,0.6047896808554947,3.2477715417629582,0.9119385548062038,0.6838746222982153,0.5242867155408714,True,False,False,False,False,False,False,False,False,False,False,False,False,False,False,False,False,False,False,False,False,False,False,False,False,False,False,False,False,False,False,False,False,False,False,False,False,False,False,False,False,False,False,False,False,False,False,False,False,False,False,False,False,False,6,True,-2.083053547647122,-0.6692253835822856,-0.3259686166063904,0.4461569302568384,0.05159909722592051,-1.2644768560954196,1,Lower-Mid,26.07364851887673,27.913220883257715,91.98105725132645,71.33701662537695,78.66680498867696,47.63326840963165,34.945825995041474
45301010.0,235.42,-98.052,241.575,289333,3.771,1062.46,41.058,88.2,3620.0,553.316,2024.0,DE000A0DJ6J9,208.957,335999.0,134.969,553.316,1238.436,1529.999,699.393,-117.728,4530.0,987.91,SMA SOLAR TECHNOLOGY AG,233.285,46.823,13.125,45.0,117.227,155.171,38.758,563.565,DEU,9.39,-59.294,1541.226,2024-12-31,453010.0,-59.294,1529.999,-112.823,,-6.361948215252014,-21.276811080829034,-6.408631639628523,-3.875427369560372,-7.694645552055916,-3.875427369560372,19.056417683933134,-16.496683906092795,1.5191172917086673,0.7133256981411022,0.29876907546972875,0.3175353485093502,23.557025381092714,0.07420352926718186,0.35464183215377826,35.901029440198904,64.09897055980109,-10.442172523961661,,12.732006856878872,0.9927155394471673,405.72765844603555,6.333432681361896,57.63067492200975,15.247395586533063,4.214095469982125,2.197503393574831,29.23205292410068,3.0603287976005213,1.2080860725527631,-159.646,-10.434385904827389,,,2.78543544737546,8.821509033666034,,,-19.64539964360348,-4.974921620430162,-69.58503044723152,-265.66975218961437,5.426339134937974,0.631703926132041,0.010128898811210828,0.01567469266835471,-0.6755921728203186,8.866138806401356,0.0891388503083084,-7.320341079114938,6.925471752266059,0.055840691137759385,0.867733769754151,False,False,False,False,False,False,False,False,False,False,False,False,False,False,False,False,False,False,False,False,False,False,False,False,False,False,False,False,False,False,False,False,False,False,False,False,False,False,False,False,False,False,True,False,False,False,False,False,False,False,False,False,False,False,11,True,-2.137572435589089,-0.2897810033479451,-0.8403213386037126,-0.1570112788926514,0.9171314599675909,-0.23938199219546413,1,Lower-Mid,24.18555134009174,26.560092571905138,86.20941776026075,72.94175294625153,69.20156245787807,47.63332063499401,32.66064871372459
20106020.0,445.6,-132.3,319.4,241840,6.276,745.3,63.3,88.2,3540.0,369.3,2019.0,DE000A0V9A22,206.4,333517.0,84.1,369.3,551.0,1136.3,486.2,-123.9,2010.0,756.6,SCHULER AG,286.4,22.9,12.1,20.0,-21.2,15.5,103.4,157.4,DEU,10.0,-28.9,1171.6,2019-12-31,201060.0,-28.9,1136.3,108.3,0.4,-11.29224991464664,-33.54995938261576,-11.643052010912612,-2.5433424271759217,-10.90381061339435,-2.5433424271759217,51.50928451993312,-30.58252427184466,1.5329082682023858,1.2091731797614151,0.42451665981077746,0.4494035376388318,22.115056333219528,0.17140536149471972,0.2133766585431898,31.520996927278937,64.57835438716286,-13.23,,6.725844998292933,0.9698702628883579,181.05481198215423,3.557608015028178,102.59702543342426,25.20461145824166,4.385565418757237,3.5006353240152475,44.878798224650055,2.015312857520021,0.22147001934235974,85.4,7.515620874768988,21.144967682363802,,3.1724884917411313,7.401214468010209,,,-6.253609438165164,-5.0490315260556144,-4.547528517110266,3184.6153846153834,-24.67105263157895,-3.157324460998459,-0.025732878769231513,-0.13516281986856016,0.45670439716668,7.146851054548595,0.10521482754379878,9.243769204506657,7.354999848113174,0.6830885575182309,-0.7216541018234701,False,False,False,True,False,False,False,False,False,True,False,False,False,False,False,False,False,False,False,False,False,False,False,False,False,False,False,False,False,False,False,False,False,False,False,False,False,False,False,False,False,False,False,True,False,False,False,False,False,False,False,False,False,False,6,True,-3.1112171930033217,-0.13493830367725038,-1.0394722411352484,-0.33805106774201066,0.9373595996953074,-0.5483483922469061,1,Lower-Mid,14.255179126737561,15.13122153997338,84.1280914397719,81.3988904604765,67.32080973201055,46.25835031532057,26.96632646453893
35201010.0,147.167,-241.272,42.655,231016,0.524,814.022,252.818,88.2,2836.0,49.048,2023.0,DE0006632003,679.345,325414.0,283.614,49.049,47.819,238.278,264.31,-189.734,3520.0,1977.262,MORPHOSYS AG,14.99,0.349,520.845,35.0,42.999,5.267,10.535,62.068,DEU,109.858,-230.737,2026.311,2023-12-31,352010.0,-230.737,238.278,-295.837,,-11.906958013848811,-386.82541947848074,-101.25651549870321,-96.83520929334642,-79.62715819337078,-96.83520929334642,79.93142463844754,-79.92659018706914,3.0798002345730393,2.8449699216828725,2.5702584086867692,4.540842192879573,27.12870827824554,5.154396623784379,5.261779037289243,2.420605721431705,97.5793942785683,-2.1962169345882865,,12.736692442571751,0.11759201820451057,454.72900763358774,5.586168092837885,65.33996004666818,6.290971050621544,0.43345970253514565,0.7704292066765484,35.63125305049423,0.14646757149212264,0.03312766967252017,-296.186,-124.30270524345512,,,41.31197374054517,119.02651524689647,,,-14.370730269848742,-15.462307649945839,-16.693163751987285,-19.653751522500464,-81.93581780538302,-9.350024856455683,0.42868959036981164,-0.35269395808601167,-14.312630135462468,59.69286138078496,1.6865268725124853,-14.599782560525012,6.565925530537057,0.22490140849214998,0.16866164819419466,False,False,False,True,True,True,True,True,False,True,False,False,True,True,False,True,True,False,False,False,False,False,False,False,False,False,False,False,False,False,False,False,False,True,False,False,True,True,False,False,False,False,False,False,False,True,True,False,True,True,False,False,False,False,10,True,-12.131357735580014,1.3534951713825936,1.6804095538962567,0.9564830140437149,2.595004702125181,-0.5051244654280258,1,Lower-Mid,0.15943064754436562,0.18922123333828667,35.68169867616906,40.149768235260005,58.75530732534381,33.40199437172298,12.929889428012975
