ib,cogs,gsubind,dltt,che,emp,at,ebitda,dlc,isin,gvkey,conm,seq,lct,invt,ebit,fyear,ivch,naics,lt,ggroup,datadate,gind,fincf,xint,oibdp,ceq,sale,dp,xsga,loc,ppent,rect,dvt,capx,sic,xrd,ivst,revt,gsector,oancf,act,roa,roe,ebit_margin,ebitda_margin,net_profit_margin,operating_margin,gross_margin,roc,current_ratio,quick_ratio,cash_ratio,cash_ratio_enhanced,working_capital_ratio,debt_to_equity,total_debt_to_equity,equity_ratio,debt_ratio,interest_coverage,net_debt_to_ebitda,debt_to_assets,asset_turnover,revenue_per_employee,receivables_turnover,days_sales_outstanding,capital_intensity,working_capital_turnover,inventory_turnover,asset_quality,capex_to_revenue,capex_to_depreciation,fcf,fcf_margin,reinvestment_rate,cash_conversion,financial_leverage,rnd_intensity,dividend_payout_ratio,retention_ratio,revenue_growth,asset_growth,employee_growth,fcf_growth,capex_growth,margin_trend,leverage_trend,capex_trend,fcf_trend,margin_volatility,leverage_volatility,cf_to_assets,cashflow_volatility,margin_consistency,growth_quality,ebitda_outlier,ebit_outlier,roa_outlier,roe_outlier,ebit_margin_outlier,ebitda_margin_outlier,net_profit_margin_outlier,operating_margin_outlier,gross_margin_outlier,roc_outlier,current_ratio_outlier,quick_ratio_outlier,cash_ratio_outlier,cash_ratio_enhanced_outlier,working_capital_ratio_outlier,debt_to_equity_outlier,total_debt_to_equity_outlier,equity_ratio_outlier,debt_ratio_outlier,interest_coverage_outlier,net_debt_to_ebitda_outlier,debt_to_assets_outlier,asset_turnover_outlier,revenue_per_employee_outlier,receivables_turnover_outlier,days_sales_outstanding_outlier,capital_intensity_outlier,working_capital_turnover_outlier,inventory_turnover_outlier,asset_quality_outlier,capex_to_revenue_outlier,capex_to_depreciation_outlier,fcf_outlier,fcf_margin_outlier,reinvestment_rate_outlier,cash_conversion_outlier,financial_leverage_outlier,rnd_intensity_outlier,dividend_payout_ratio_outlier,retention_ratio_outlier,revenue_growth_outlier,asset_growth_outlier,employee_growth_outlier,fcf_growth_outlier,capex_growth_outlier,margin_trend_outlier,leverage_trend_outlier,capex_trend_outlier,fcf_trend_outlier,margin_volatility_outlier,leverage_volatility_outlier,cashflow_volatility_outlier,margin_consistency_outlier,growth_quality_outlier,years_available,latest_year,cluster,cluster_name,proximity_score,profitability_score,liquidity_score,leverage_score,efficiency_score,cashflow_score,structure_score,relative_score,overall_score
37.414,1813.551,45202030.0,4.677,130.356,8.786,1638.437,205.53,344.565,DE000A0CAYB2,270249,DIEBOLD NIXDORF AG,359.841,1086.104,211.075,152.23,2018.0,3.817,334111.0,1249.278,4520.0,2018-12-31,452020.0,-16.119,6.265,205.53,359.841,2399.846,53.3,276.755,DEU,100.102,555.913,88.2,34.552,7372.0,87.872,0.0,2399.846,45.0,81.68,1031.011,9.291172013327335,10.397369949505476,6.343323696603866,8.56429954255398,1.5590167035718128,8.56429954255398,24.430525958749023,41.76199803576229,0.949274655097486,0.7549332292303499,0.1200216553847513,0.1200216553847513,-3.362533927151308,0.0129974071881747,0.9705453241848484,21.96245568184801,76.24815601698448,24.29848363926576,1.0649832141293245,21.315558669634537,1.464716678151189,273.1443205099021,4.316945277408515,84.55052740884207,4.171184317660384,,8.591974416676537,41.88558974193088,1.4397590512057856,0.6482551594746717,47.12800000000001,1.9637926766967548,42.30166503428011,53.65565263088749,4.553224896551532,3.661568283964888,235.74063184904048,-135.74063184904048,1.613772598341967,3.134373172575589,4.284866468842719,-64.00051942893373,0.3689179375453877,0.3193189417977098,0.1219090801466359,-0.2280670258355187,0.5259782619628286,0.8212851867279339,0.2524548799190266,4.98523898080915,2.1468009426106813,0.3779213193661512,-0.7095106278307913,False,False,False,False,False,False,False,False,False,False,False,False,False,False,False,False,False,False,False,False,False,False,False,False,False,False,False,False,False,False,False,False,False,False,False,False,False,False,True,True,False,False,False,False,False,False,False,False,False,False,False,False,False,False,5,True,1,Tier 2,32.43032798207519,41.528169397312126,66.39370962626326,75.78533377181239,72.45121562299678,70.8179749755651,84.53505625341954,50.23421557524357,39.72398079292326
3332.0,70933.0,20301010.0,18764.0,4235.0,482.638,69875.0,9947.0,5387.0,DE0005552004,241456,DEUTSCHE POST AG,23793.0,21171.0,1146.0,5322.0,2024.0,,492110.0,45665.0,2030.0,2024-12-31,203010.0,-6347.0,1034.0,9947.0,23793.0,84186.0,4625.0,372.0,DEU,30769.0,12949.0,2132.0,2936.0,4210.0,92.0,616.0,84186.0,20.0,8722.0,20147.0,7.616457960644007,14.004118858487791,6.321716199843204,11.815503765471696,3.957902739172784,11.815503765471696,15.742522509680946,12.50558075052283,0.951631949364697,0.8975012989466723,0.2000377875395588,0.2291341929998583,-1.465474060822898,0.7886353129071576,1.0150464422309082,34.05080500894454,65.35241502683363,5.147001934235977,2.0022117221272744,34.56314847942755,1.204808586762075,174.42886801287924,6.501351455710866,56.14217328296866,36.54883234742118,,61.896160558464224,24.592486583184257,3.487515738958972,0.6348108108108108,5786.0,6.872876725346257,33.662004127493695,163.8857572341225,2.936788130962888,0.1092818283325018,63.98559423769508,36.014405762304925,2.969739964284845,4.58137516089443,-18.801943485487783,-1.5484090522375316,-13.16178645371192,0.403304004284083,0.0645280279571203,0.0761846273154984,0.6939544352493967,1.81894497593214,0.3326216133116856,12.482289803220036,3.202911638225857,0.5407775201877482,0.1862053710526598,True,True,False,False,False,False,False,False,False,False,False,False,False,False,False,False,False,False,False,False,False,False,False,False,False,False,False,False,False,False,False,False,True,False,False,False,False,False,False,False,False,False,False,False,False,False,False,False,False,False,False,False,False,False,11,True,1,Tier 2,39.86951740989218,48.72469502274673,70.26710168498272,81.82276142851128,95.15167499195918,76.13186361158779,74.44989311757415,50.57003441922788,48.14777336015122
178.0,4366.2,20201070.0,317.3,533.5,31.478,3463.5,356.5,59.3,DE0005909006,100102,BILFINGER SE,1300.9,1520.7,115.1,235.7,2024.0,6.6,237.0,2152.2,2020.0,2024-12-31,202010.0,-427.7,45.3,356.5,1300.9,5037.5,120.8,315.2,DEU,470.8,1364.8,90.047,63.2,1600.0,3.2,68.5,5037.5,20.0,241.1,2063.8,6.805254800057744,13.682834960412022,4.678908188585608,7.076923076923077,3.5334987593052114,7.076923076923077,13.326054590570724,14.565566679026077,1.3571381600578682,1.281449332544223,0.3508252778325771,0.3958703228776221,15.680669842644727,0.2439080636482435,0.2894918902298409,37.56027140176123,62.13945430922476,5.2030905077262695,-0.4401122019635343,10.873393965641691,1.4544535874115778,160.0324035834551,3.691016998827667,98.88873449131512,9.34590570719603,9.275455717179154,37.93397046046916,54.80871950339253,1.254590570719603,0.5231788079470199,177.89999999999998,3.53151364764268,26.21318954790544,102.29104794229951,2.6623875778307324,0.0635235732009925,50.588202247191006,49.411797752808994,12.303816657749223,3.1601834753082647,9.870855148342072,106.3805104408352,7.849829351535842,0.4126368727273162,0.0091061602096166,-0.0263555888033327,0.7366047146325976,1.9064345649928285,0.0847178708553942,6.961166450122708,4.226694402859491,0.5153294296066727,-0.7245276623620271,False,False,False,False,False,False,False,False,False,False,False,False,False,False,False,False,False,False,False,False,False,False,False,False,False,False,False,False,False,False,False,False,False,False,False,False,False,False,False,False,False,False,False,False,False,False,False,False,False,False,False,False,False,False,11,True,1,Tier 2,40.02966420178437,53.42357078074718,80.12676257700325,71.98701680438833,74.08757290741333,73.13459382494246,72.86150639645024,51.99869859052553,45.008417453414026
416.096,15509.246,15104025.0,235.406,364.209,6.979,7846.232,679.112,147.816,DE0006766504,220303,AURUBIS AG,4554.9,2207.551,3545.794,477.547,2024.0,,331410.0,3290.333,1510.0,2024-09-30,151040.0,17.205,36.056,679.112,4554.9,17183.261,201.565,633.348,DEU,1926.662,717.167,65.489,846.67,3330.0,13.526,41.839,17183.261,15.0,537.473,4740.018,6.086322708785568,9.135129201519243,2.779140699777534,3.9521718258251446,2.4215194077538604,3.9521718258251446,9.742126363558114,9.96902911839035,2.147183915569788,0.5409723263471603,0.1649832778495264,0.1839359543675321,32.2762186996255,0.0516819249599332,0.0841340095282004,58.0520688146871,41.93519895919468,13.244591746172622,0.0279968547161587,4.88415331078663,2.1900016466502645,2462.137985384725,23.95991589127776,15.233776347807323,11.21243517164757,6.785186539449477,4.373983937025106,13.782105856671077,4.92729523226121,4.20048123434128,-309.197,-1.7994081565774973,157.5279130300499,112.54871248275036,1.7225914948736527,0.0787161412493239,15.738916019380143,84.26108398061986,0.4361597415107221,8.080314274926636,-3.4716459197787097,491.4023947056357,35.47001777636976,0.1421246840263757,-0.0178235605765529,0.2790324510698908,-0.2978989675856014,1.5227710416822389,0.0719072939113469,6.850077846283413,2.6928259874766445,0.0958213953771449,0.3665091022160684,False,False,False,False,False,False,False,False,False,False,False,False,False,False,False,False,False,False,False,False,False,False,False,True,True,False,False,False,False,False,False,True,False,False,False,False,False,False,False,False,False,False,False,True,False,False,False,False,False,False,False,False,False,False,11,True,1,Tier 2,17.5423203834801,57.50664870842104,44.402559696517514,41.73101258571472,35.810172205898546,73.65896874805401,67.67382244773856,53.92664674495491,28.062884984532506
297.0,64380.0,55105010.0,1064.0,6732.0,6.844,38489.0,2885.0,834.0,DE000UNSE026,321632,UNIPER SE,10382.0,17221.0,2604.0,2274.0,2024.0,,2211.0,27945.0,5510.0,2024-12-31,551050.0,1.0,577.0,2885.0,10382.0,69751.0,611.0,1055.0,DEU,6105.0,5320.0,88.2,681.0,4911.0,8.0,1347.0,69751.0,55.0,1665.0,24744.0,5.908181558367326,2.860720477749952,3.260168312999097,4.13614141732735,0.4258003469484309,4.13614141732735,7.70024802511792,19.86720251616285,1.4368503571221185,1.285639626037977,0.3909180651530108,0.4691365193658904,19.545844267193225,0.102485070314005,0.182816413022539,26.973940606407027,72.60515991582011,3.941074523396881,-1.6755632582322355,4.931279066746344,1.8122320663046585,10191.55464640561,13.11109022556391,27.839027397456668,8.7525626872733,9.271700119633126,24.723502304147463,31.31284263036192,0.9763300884575132,1.1145662847790507,984.0,1.4107324626170237,40.9009009009009,73.21899736147758,3.7072818339433633,0.0114693696147725,29.6969696969697,70.3030303030303,-35.418730614323415,-29.97034260657557,8.53155724706629,-83.56164383561644,20.95914742451155,-1.1938703768392598,0.0523256133927567,-0.0752182848570067,0.0462469389006924,17.61291902254827,0.8028855085454072,4.325911299332277,5.669726314129563,0.0505410617284038,0.292820293884823,False,False,False,False,False,False,False,False,False,False,False,False,False,False,False,False,False,False,False,False,False,False,False,True,False,False,False,False,False,False,False,False,False,False,False,False,False,False,False,False,False,False,False,False,False,False,False,False,False,True,False,False,False,False,11,True,1,Tier 2,35.76581400643934,57.5380496898884,70.6702396950648,81.1287587905702,52.216611406364486,71.74983150188817,79.09751340190296,50.66917419219074,41.75930313056511
140.679,3819.492,25504030.0,1301.439,317.385,19.916,4614.193,488.333,391.42,DE0006083405,203162,HORNBACH HOLDING AG & CO,1955.338,1183.935,1266.089,268.392,2024.0,,444110.0,2580.721,2550.0,2025-02-28,255040.0,-199.356,55.568,488.333,1955.338,6199.989,219.941,1907.324,DEU,2706.083,195.558,38.392,165.919,5211.0,84.1,0.138,6199.989,25.0,318.417,1779.927,5.816661765123392,7.194612900685201,4.328910906132253,7.876352683851537,2.2690201547131776,7.876352683851537,38.39518102370826,8.241030933342994,1.5033992575605923,0.4340086237842449,0.2680763724359867,0.2681929328890521,12.916494823688565,0.665582625612554,0.8657628502079948,42.37659759788981,55.93006187647547,4.82997408580478,2.816672229810396,36.688083918466354,1.3436778652301713,311.3069391444065,31.70409290338416,11.512709135451692,43.6465774374761,10.402805742358955,3.016764224315984,11.116635129913291,2.676117651176478,0.7543795836156061,152.49799999999996,2.4596495251846413,52.10745657424071,118.63878207994276,2.359793038339152,1.356454019515196,27.29049822645882,72.70950177354118,0.634697671730966,3.0626922851844984,52.42614419103016,-49.65185036003529,9.14072212757282,0.0479635320535832,0.040024681760198,-0.1143882603081904,0.311570592623169,0.8851541973356237,0.2176466829080169,6.900816675852092,2.148480902247651,0.0381704957554533,-0.0939201318442059,False,False,False,False,False,False,False,False,False,False,False,False,False,False,False,False,False,False,False,False,False,False,False,False,True,False,False,False,False,False,False,False,False,False,False,False,False,False,False,False,False,False,True,False,False,False,False,False,False,False,False,False,False,False,12,True,1,Tier 2,41.1951978664814,55.700570327854194,86.04706062614387,65.43067500982676,83.03109044532788,73.94548781554036,71.14917793974897,51.84340001082507,46.61592427994526
507.1,20445.6,25301020.0,3601.0,2901.6,52.139,17416.7,1727.6,941.2,DE000TUAG505,100676,TUI AG,956.4,10029.3,66.4,872.9,2024.0,,561510.0,15642.4,2530.0,2024-09-30,253010.0,-531.4,492.7,1727.6,956.4,23167.3,854.7,995.0,DEU,6027.8,790.4,88.2,712.5,4700.0,78.5,53.4,23167.3,25.0,1910.8,5268.8,5.011856436638398,53.02174822250105,3.7678106641688935,7.457062324914858,2.1888610239432307,7.457062324914858,11.748024154735342,19.153464694782112,0.5253407515978185,0.5187201499606154,0.2893123149172923,0.2946367144267297,-27.332962042177904,3.7651610204935175,4.74926808866583,5.491281356399318,89.81265107626588,1.7716663283945606,0.9496411206297756,26.079567311832896,1.3301773585122325,444.337252344694,29.31085526315789,12.45272431401156,26.01856927652338,,307.9156626506024,21.1980455539798,3.0754554911448464,0.8336258336258335,1198.3,5.172376582510694,37.28804689135441,218.90250887845116,18.21068590547888,0.3388396576208708,17.393019128377045,82.60698087162295,12.103997406355392,7.827319779104047,-5.11037909258012,23.396148697353517,6.949864905433789,-1.203153195840356,-1.0373654036831224,-0.02992578510301,-0.1176912549925136,15.887563374646732,12.43675751067793,10.971079481187596,8.721879362357937,0.0630841057705388,0.2253039761118564,False,False,False,True,False,False,False,False,False,False,False,False,False,False,False,True,True,False,False,False,False,False,False,False,True,False,False,False,True,False,False,False,False,False,False,False,True,False,False,False,False,False,False,False,False,False,True,False,False,True,True,False,False,False,11,True,1,Tier 2,17.505539244918747,63.431531366414276,30.507393501997893,48.56074168659151,85.89147334439937,79.00206741301939,40.43915453765955,47.40215680383407,37.428317141569416
115.342,3478.644,25504030.0,1549.617,301.138,24.145,4394.077,519.867,382.419,DE0006084403,223089,HORNBACH-BAUMARKT AG,1670.35,1107.509,1199.091,220.139,2024.0,,444110.0,2723.727,2550.0,2025-02-28,255040.0,-223.404,71.261,519.867,1670.35,5847.008,299.728,1866.56,DEU,2552.384,133.852,88.2,102.09,5211.0,84.1,0.0,5847.008,25.0,293.846,1666.76,5.009903103655216,6.905259376777323,3.764985442126982,8.891162796425112,1.9726670461199989,8.891162796425112,40.50557139651597,6.836684972237295,1.5049629393530888,0.422271060551201,0.2719056910598469,0.2719056910598469,12.727382792791294,0.9277199389349536,1.1566653695333315,38.01367158563676,61.98632841436324,3.089193247358303,3.137144692777192,43.96909749191924,1.3306566999167286,242.16226962103957,43.6826345515943,8.35572313224131,43.65282209294053,10.45506936956751,2.901067558675697,9.899462389939911,1.7460212129006836,0.3406088186622538,191.756,3.279557681467171,34.74268834695725,133.48202726459192,2.630632502170204,1.4383424821720785,76.46824227081203,23.531757729187973,1.1598855149173026,3.2473713383834646,2.530893031551229,-40.31331803991024,-11.954946874568783,0.0922619794689531,0.1074227638393112,-0.1100295658151356,0.4920661200644018,1.1044119343611911,0.4925614583297832,6.687320226750691,2.765392281962057,0.0907249435167971,0.032137880620271,False,False,False,False,False,False,False,False,False,False,False,False,False,False,False,False,False,False,False,False,False,False,False,False,True,False,False,False,False,False,False,False,False,False,False,False,False,False,False,False,False,False,False,False,False,False,False,False,False,False,False,False,False,False,12,True,1,Tier 2,45.85063139153082,58.79123952061399,86.48013265299129,74.43585404756924,83.97281730559675,74.67126802634827,72.67989160766336,51.525761300477654,50.13800846133156
251.1,5988.6,25504010.0,1182.6,2676.9,15.309,7983.9,673.8,542.9,DE000ZAL1111,318434,ZALANDO SE,2665.3,3990.2,1549.7,391.9,2024.0,67.9,454110.0,5318.6,2550.0,2024-12-31,255040.0,-325.6,93.4,673.8,2665.3,10572.5,281.9,3910.9,DEU,1596.6,1074.3,88.2,120.6,5960.0,68.0,89.1,10572.5,25.0,654.1,5451.6,4.908628615087864,9.421078302630097,3.706786474343816,6.373137857649562,2.375029557815086,6.373137857649562,43.35682194372192,10.184776111645313,1.3662473058994538,0.9778707834193776,0.6708686281389404,0.6931983359230114,18.30433747917685,0.4437023974787077,0.6473942895734063,33.38343416124952,66.6165658387505,4.195931477516059,-1.4119916889284656,21.61224464234272,1.324227507859567,690.6068325821412,9.84129200409569,37.08862615275479,15.101442421376207,7.234501163268097,3.8643608440343296,46.98455641979484,1.14069519981083,0.427811280595956,533.5,5.046110191534642,18.43754777556948,166.90482265884157,2.9954976925674406,0.6431780562780799,35.12544802867384,64.87455197132616,4.233419763188762,2.4930356753148475,-3.064648895080102,-29.71014492753623,-36.69291338582678,-0.0923177440171789,0.097662229912951,-0.0499654895424779,0.1343995261834829,1.3553190125092662,0.3713752448103862,8.192737884993551,2.080364110223859,0.0510363949769094,-0.1979348437922435,False,False,False,False,False,False,False,False,False,False,False,False,False,False,False,False,False,False,False,False,False,False,False,False,False,False,False,False,False,False,False,False,False,False,False,False,False,False,False,False,False,False,False,False,False,False,False,False,False,False,False,False,False,False,11,True,1,Tier 2,45.23528219478023,57.64651668306621,73.69678087962993,80.37421054679464,84.6813471444972,76.32300869213071,74.79420894412057,51.25264801234104,50.363039340879375
183.012,5106.223,55103010.0,1463.508,796.631,5.447,7876.016,575.97,241.787,DE000A0H52F5,244394,MVV ENERGIE AG,2178.635,3051.368,357.179,372.627,2024.0,,22111.0,5361.493,5510.0,2024-09-30,551030.0,-329.445,60.581,575.97,2178.635,6361.422,203.343,585.169,DEU,2819.963,665.709,82.383,412.129,4931.0,0.304,17.723,6361.422,55.0,498.004,3662.918,4.731161033700287,8.400305695997723,5.857605422183909,9.054107713652703,2.8769039375158574,9.054107713652703,19.73142168527728,10.230982144303503,1.2004183041835663,1.0833629375414568,0.2610733939662473,0.2668816085113299,7.764712514550506,0.6717545619160621,0.7827355201766243,27.661637558887648,68.0736682099173,6.150888892557072,1.5776238345747176,21.651746263593168,0.807695413518713,1167.8762621626583,9.555859992879771,38.19645749016494,44.329129556253314,10.402129016433648,14.295977647062118,18.567001387503527,6.478567213431212,2.02676757990194,85.875,1.3499340241851587,82.75616260110361,133.64678351273523,3.61511496877632,0.0047788057450048,45.0150809782965,54.9849190217035,-4.278055232457534,-17.55867834980779,2.080209895052465,-109.19012400112582,28.519217276058303,0.4304629757397033,-0.0453900198140223,-0.1418118434680071,-0.0285310335025822,3.948103928022732,0.2208531176360416,6.323044544348311,4.467484801843641,0.1307636816719675,0.1652528123788666,False,False,False,False,False,False,False,False,False,False,False,False,False,False,False,False,False,False,False,False,False,False,False,False,False,False,False,False,False,False,False,False,False,False,False,False,False,False,False,False,False,False,False,False,False,False,False,False,False,False,False,False,False,False,11,True,1,Tier 2,48.96494639729488,64.22653017065558,94.79134411328836,88.6451912480259,67.63424746868333,74.69642729842572,78.52663002392775,49.75184309619973,51.44094083815416
-96.4,7350.2,25101010.0,672.4,1063.6,35.528,7583.1,796.1,42.5,DE000VTSC017,350278,VITESCO TECHNOLOGIES GROUP,2851.3,3143.8,825.1,325.4,2023.0,,336350.0,4731.8,2510.0,2023-12-31,251010.0,234.4,57.5,796.1,2851.3,9233.2,470.7,403.2,DEU,1842.7,1828.1,10.005,499.8,3714.0,1020.2,0.0,9233.2,25.0,629.0,3815.2,4.2911210454827176,-3.3809139690667416,3.5242386171641464,8.622146168175714,-1.044058397955205,8.622146168175714,20.393796300307592,9.23461134602832,1.2135632037661428,0.9511101215090018,0.3383166868121381,0.3383166868121381,8.853898801281792,0.2358222565145722,0.2507277382246694,37.60071738471074,62.39928261528927,5.659130434782608,-0.4380103002135409,9.42754282549353,1.2176022998509846,259.8851609997749,5.050708385755703,72.26709049950179,19.95732790365204,13.75215966636879,8.908253545024845,38.13348103018554,5.4130745570333145,1.0618228170809434,129.2,1.3992981848113328,79.45945945945945,193.30055316533495,2.65952372601971,11.049257028982368,,,1.7993384785005562,-0.2709207359574916,-6.610940251820308,-11.202749140893475,11.91222570532915,0.7667813728400232,-0.0110815577569357,-0.4363480435219566,0.3998975218116258,1.8326080543522392,0.0980835005480291,8.2947607179122,3.2373747807147866,0.6127339875537323,0.0864254281707015,False,False,False,False,False,False,False,False,False,False,False,False,False,False,False,False,False,False,False,False,False,False,False,False,False,False,False,False,False,False,False,False,False,False,False,False,False,False,False,False,False,False,False,False,False,False,False,False,False,False,False,False,False,False,6,True,1,Tier 2,52.76577634673806,69.73134727971788,96.20635779106959,71.86923274959396,93.70104135495039,77.72299723678489,72.84510874877982,50.525030119841034,56.29465947284076
353.104,5780.268,25101010.0,1040.789,1401.52,38.485,7483.219,775.765,162.522,DE000A13SX22,318659,HELLA GMBH & CO. KGAA,3200.43,2621.545,1118.106,287.77,2024.0,,3363.0,4235.918,2510.0,2024-12-31,251010.0,-234.472,63.226,775.765,3200.43,8024.792,487.995,641.572,DEU,2323.492,1241.512,106.0,455.751,3714.0,905.935,106.088,8024.792,25.0,854.141,3890.616,3.84553759551872,11.03301743828173,3.5860119489701416,9.667104144256946,4.400163892098387,9.667104144256946,27.969871368628624,6.78507759207907,1.4840927773507606,1.0575862706915198,0.534616037489343,0.5750837769330681,16.958891621373102,0.3252028633652353,0.3759841646278781,42.76809218065113,56.60555971968747,4.551450352703002,-0.2555013438347954,16.080125411270203,1.0723716625158235,208.5173963882032,6.463724877407548,56.46898760740465,28.953921796353104,6.323359370752307,5.169695896453467,35.319452764913066,5.6792873883834,0.9339255525159068,398.39,4.964490045349462,53.357817971505874,296.8137748896688,2.3381917429845367,11.289202262189471,30.019484344555718,69.9805156554443,0.8882291626462369,5.969927116121965,1.8849442723638528,10.262350163709378,-1.8588105077059212,-0.5474795014026841,-0.0352426203764466,-0.2089700490727057,0.2648500465769939,3.509538064600949,0.1973324026154787,11.414085302060515,2.3771550164837705,0.3163582497451873,0.4246387129994087,False,False,False,False,False,False,False,False,False,False,False,False,False,False,False,False,False,False,False,False,False,False,False,False,False,False,False,False,False,False,False,False,False,False,False,False,False,False,False,False,False,False,False,False,False,False,False,False,False,False,False,False,False,False,12,True,1,Tier 2,47.44309935842413,71.15979302877376,76.39926110169841,63.63256415122039,89.40796446847827,83.19693761466318,71.02849029293749,51.584912395913314,52.983649434518185
-632.0,13280.0,25101010.0,5512.0,1281.0,115.055,21370.0,1846.0,1099.0,DE000SHA0100,320124,SCHAEFFLER AG,3814.0,7673.0,3570.0,770.0,2024.0,1242.0,3363.0,17401.0,2510.0,2024-12-31,251010.0,1188.0,275.0,1846.0,3814.0,18188.0,1076.0,2075.0,DEU,7224.0,4609.0,181.0,895.0,3714.0,987.0,0.0,18188.0,25.0,1390.0,9801.0,3.603182030884417,-16.570529627687467,4.2335605893996044,10.149549153287882,-3.474818561689025,10.149549153287882,26.98482515944579,8.256487239974266,1.2773361136452497,0.8120682914114428,0.1669490420956601,0.1669490420956601,9.9578848853533,1.4452018877818562,1.733350812794966,17.847449695835284,81.42723444080487,2.8,2.887323943661972,30.935891436593355,0.8510996724379972,158.08091782191124,3.946192232588414,92.49422696283264,39.7184957114581,8.546992481203008,3.719887955182073,27.562002807674308,4.920826918847592,0.8317843866171004,495.0,2.7215746646140317,64.38848920863309,180.5194805194805,5.6030414263240695,5.426654937321311,,,11.49390057009747,42.40970278555245,38.01852162855979,1.642710472279263,3.948896631823451,-0.8422117865832994,-1.5961540276393669,-0.3702464647338149,0.0412501718813188,2.91794344941175,9.870028829367342,6.504445484323819,3.192472882427832,0.9163925996279358,0.0658763524934664,False,False,False,False,False,False,False,False,False,False,False,False,False,False,False,False,False,False,False,False,False,False,False,False,False,False,False,False,False,False,False,False,False,False,False,False,False,False,False,False,False,False,True,False,False,False,True,False,False,False,True,False,False,False,11,True,1,Tier 2,53.90083452888725,72.01921079098513,95.94959029425245,75.36121155325833,71.00863052236491,77.05201163086053,91.8056774111876,50.55965863625322,54.1515917034325
303.732,3164.856,55103010.0,897.252,53.35,3.416,5260.131,312.781,32.4,DE0006553464,248166,MAINOVA AG,2194.145,1131.172,247.028,187.878,2024.0,,221122.0,3058.171,5510.0,2024-12-31,551030.0,55.926,41.779,312.781,2194.145,3891.921,124.903,330.158,DEU,1762.447,720.41,88.2,480.477,4931.0,84.1,0.0,3891.921,55.0,437.463,1179.599,3.571736141172149,13.842840833217496,4.827384728518385,8.036673920154083,7.804166631337071,8.036673920154083,18.681391528759185,6.077446539541832,1.0428113496444396,0.8244289993033773,0.0471634729289621,0.0471634729289621,0.9206424706913175,0.4089301299595058,0.4236967019043864,41.71274441644134,58.1386851392104,4.496948227578447,2.80164715887474,17.673552236626804,0.7398905084303032,1139.3211358313818,5.402369484043809,67.56294642157432,45.28475783552647,80.36675821339351,12.811729844390111,14.709899810480003,12.345497249301824,3.846801117667309,-43.01399999999995,-1.1052125672643396,109.83260298585252,232.8441861207805,2.397348853425822,2.160886616146628,29.03875785231717,70.96124214768282,-16.006285412637222,-5.475967863348242,18.528799444829968,-80.56848058835755,7.256273285547499,0.0191916126029229,-0.017819915000269,0.3953714123804114,-0.8555199452206084,4.065889595596093,0.1394965347190408,8.316579948294063,2.2775737338710096,0.0002450780740219,-0.7711345820673754,False,False,False,False,False,False,False,False,False,False,False,False,False,False,False,False,False,False,False,False,False,False,False,False,False,False,False,True,False,False,False,True,False,False,False,False,False,False,False,False,False,False,False,False,False,False,False,False,False,False,False,False,False,False,11,True,1,Tier 2,42.52276137585542,72.12570007348191,76.37264296799417,65.72182942319905,63.177079329298756,79.80568289809821,71.35949277452713,49.788691069744814,47.48298940675326
9.098,1160.816,20103010.0,215.315,79.442,11.38,1683.634,165.088,202.562,DE000A40ETC9,269104,BAUER AG,493.922,813.34,494.573,57.696,2024.0,2.7,3331.0,1181.652,2010.0,2024-12-31,201030.0,-102.032,45.495,165.088,493.922,2044.994,107.392,500.441,DEU,497.239,317.872,88.2,181.558,3530.0,6.924,6.498,2044.994,20.0,194.223,968.233,3.4268730614848595,1.8419912455812864,2.8213285711351723,8.072786521623046,0.4448912808546138,8.072786521623046,43.23621487398007,8.13493937851522,1.1904406521258022,0.582364078982959,0.0976737895591019,0.1056630683355054,9.199921122999411,0.4359291548058195,0.846038443316961,29.336661055787665,70.18461257019042,1.2681833168480052,2.050027863927118,24.819943051755907,1.2146309708642138,179.7007029876977,6.433388282075804,56.735266704938994,24.314936865340435,13.20262374671548,2.347107504857726,23.5985968446824,8.878167857705206,1.6906101013110846,12.66500000000002,0.6193172204906234,93.4791451063983,336.6316555740433,3.408704208356785,0.3385829004877276,969.4438338096284,-869.4438338096285,19.572181757266005,-0.913803930292656,-5.434601961110186,27.235282298573548,28.863242767509867,0.0559500212346537,-0.0729523422107589,0.4150177608684703,-0.2629567905354139,2.318868540814901,0.276133658516437,11.535939521297385,2.970828233775301,0.00640384688011,0.259944472374841,False,False,False,False,False,False,False,False,False,False,False,False,False,False,False,False,False,False,False,False,False,False,False,False,False,False,False,False,False,False,False,False,False,False,False,False,False,False,True,True,False,False,False,False,False,False,False,False,False,False,False,False,False,False,11,True,1,Tier 2,56.81748504588544,64.07069905317005,95.18369429832214,85.090365020992,95.7722793704343,85.51259605890196,77.26301973944233,50.370003275499585,58.416012236652534
-78.0,6835.0,30202030.0,1496.0,781.0,12.3985,9496.0,691.0,902.0,DE0007297004,100764,SUEDZUCKER AG,3271.0,2777.0,2843.0,317.0,2024.0,,311314.0,5470.0,3020.0,2025-02-28,302020.0,-118.0,89.0,691.0,3271.0,9694.0,374.0,1304.0,DEU,3397.0,1258.0,40.826,574.0,2060.0,62.0,155.0,9694.0,30.0,906.0,5027.0,3.3382476832350463,-2.3845918679302964,3.2700639570868577,7.128120486899113,-0.8046214153084381,7.128120486899113,29.492469568805447,6.6498846234529045,1.8102268635217864,0.7864602088584803,0.2812387468491177,0.337054375225063,23.69418702611626,0.457352491592785,0.7331091409354937,34.44608256107835,57.60320134793597,3.561797752808989,2.340086830680174,25.25273799494524,1.0208508845829822,781.8687744485221,7.705882352941177,47.36641221374046,35.04229420259954,4.3084444444444445,2.4041505451987337,21.472198820556024,5.921188363936455,1.53475935828877,332.0,3.424798844646173,63.35540838852097,285.80441640378547,2.9030877407520634,0.6395708685785022,,,-5.782874914957725,-7.608484140883442,-24.688695863451397,-37.00189753320683,5.128205128205132,0.0675651049853174,0.0468747747797639,-0.0381167886461783,-0.0701588319323204,2.829981862401547,0.1917582782079355,9.540859309182814,2.6371955641273246,0.0074100469547559,-0.3620852851218758,False,False,False,False,False,False,False,False,False,False,False,False,False,False,False,False,False,False,False,False,False,False,False,False,False,False,False,False,False,False,False,False,False,False,False,False,False,False,False,False,False,False,False,False,False,False,False,False,False,False,False,False,False,False,12,True,1,Tier 2,47.19904596658464,73.82449762474204,59.98693703661521,78.73471800801599,84.53163266042503,82.62896739021683,74.25296590418694,51.846941827451424,54.19773461144762
5.0,1054.0,20106020.0,43.0,171.0,9.722,2174.0,140.0,36.0,DE0007314007,214759,HEIDELBERGER DRUCKMASCHINEN,546.0,853.0,608.0,71.0,2024.0,,333248.0,1628.0,2010.0,2025-03-31,201060.0,-31.0,14.0,140.0,546.0,2314.0,69.0,830.0,DEU,650.0,297.0,88.2,88.0,3555.0,108.0,0.0,2314.0,20.0,113.0,1137.0,3.265869365225391,0.9157509157509158,3.068280034572169,6.050129645635264,0.216076058772688,6.050129645635264,54.451166810717375,12.05432937181664,1.3329425556858148,0.6201641266119577,0.2004689331770222,0.2004689331770222,13.063477460901565,0.0787545787545787,0.1446886446886447,25.114995400183997,74.88500459981601,5.071428571428571,-0.6571428571428571,3.633854645814168,1.0643974241030358,238.01686895700476,7.791245791245791,46.84745030250648,28.08988764044944,8.147887323943662,1.7335526315789471,21.527138914443423,3.802938634399308,1.2753623188405796,25.0,1.08038029386344,77.87610619469027,159.1549295774648,3.9816849816849818,4.66724286949006,1764.0,-1664.0,-4.577319587628869,2.838221381267747,-2.857713828936848,0.0,35.384615384615394,-0.1057188227777901,-0.1697386803511185,0.0444476609897042,0.0323410496343108,1.590876007431103,0.946581864219822,5.197792088316467,2.438037162436402,0.0574083843852668,0.4140666067404296,False,False,False,False,False,False,False,False,False,False,False,False,False,False,False,False,False,False,False,False,False,False,False,False,False,False,False,False,False,False,False,False,False,False,False,False,False,False,True,True,False,False,False,False,False,False,False,False,False,False,False,False,False,False,12,True,1,Tier 2,47.447160806556134,55.30500160737253,87.12950833211731,79.83065615851244,88.66066195095476,75.977743052567,80.82186206010334,50.43644612819097,51.32202955259142
8.836,5839.121,20104020.0,420.969,1154.12,10.006,5631.15,324.33,79.594,DE000A0D6554,245628,NORDEX SE,990.652,3608.714,909.369,178.605,2024.0,13.65,333611.0,4634.533,2010.0,2024-12-31,201040.0,-37.883,110.808,324.33,990.652,7298.825,145.725,758.885,DEU,537.27,1489.367,88.2,164.19,3510.0,35.272,2.682,7298.825,20.0,429.753,3602.275,3.171732239418236,0.8919378348804626,2.447037708124253,4.44359194801903,0.1210605816689672,4.44359194801903,19.99916424904008,12.652475416560108,0.998215707867124,0.7462231698050884,0.319814759496042,0.3205579605366344,-0.1143460927164052,0.4249413517562171,0.5052864174301369,17.592356801008677,82.30171456984809,1.6118421052631575,-2.015098819103999,8.889178942134377,1.2961517629613846,729.4448331001399,4.900622210643851,74.48033827362623,7.361047839892038,,6.421068895025011,46.94399900553174,2.2495401657116045,1.1267112712300569,265.563,3.638434953571294,38.205666976146766,240.6164441085076,5.68428671218551,0.4832558665264614,998.1892258940696,-898.1892258940696,12.47878740059434,3.856838885650049,1.8007935700478097,837.8218031571139,23.56075314941075,-0.9120628997596782,0.0026417477131352,-0.1716171880664878,-0.5519504143481706,5.193389274065121,0.2533428474044351,7.631709331131296,6.545178817911841,0.3392661357393821,-0.1808729623549338,False,False,False,False,False,False,False,False,False,False,False,False,False,False,False,False,False,False,False,False,False,False,False,False,False,False,False,False,False,False,False,False,False,False,False,False,False,False,True,True,False,False,False,True,False,False,False,False,False,False,False,False,False,False,11,True,1,Tier 2,55.51749785113491,78.5597842997869,73.60815052853134,71.86850194609204,84.09411665605427,80.18072270109899,92.39375784643026,48.786852517628425,57.7199236934287
33.453,1057.572,45102010.0,142.2,144.674,5.553,1406.896,108.385,51.783,DE0005419105,233025,CANCOM SE,573.998,620.879,68.049,43.341,2024.0,0.77,541512.0,832.529,4510.0,2024-12-31,451020.0,-227.475,6.933,108.385,573.998,1738.992,65.044,472.186,DEU,178.885,511.463,33.1,22.276,7373.0,1.03,0.0,1738.992,45.0,192.876,771.75,3.0806115022005893,5.828069087348736,2.492305887548649,6.2326336176359645,1.9237006265698755,6.2326336176359645,39.18476910762097,6.051538820270372,1.2429958172204243,1.1333947516343763,0.2330148064276614,0.2330148064276614,10.72367822497185,0.2477360548294593,0.3379506548803305,40.79889345054646,59.17487859799161,6.251406317611424,0.4549430271716566,13.788012760005005,1.236048720019106,313.1626148028093,3.4000348021264486,107.3518423316496,10.286706321823216,11.526350325775,15.541330511837057,46.63720701459099,1.2809719653684433,0.3424758624930816,170.6,9.81028089835951,11.54938924490346,445.0197272790199,2.451046867759121,0.0592297146852889,98.94478821032492,1.05521178967507,13.951338164437963,-9.14312468719224,-1.104185218165632,147.80663529138343,-13.612037539750254,-0.1398458261153746,0.0079525472019844,-0.111058806430082,0.2444340131518313,0.9231519418954548,0.0859446659562236,13.709328905619175,5.771812763363266,0.2524325344007958,0.0228674538735926,False,False,False,False,False,False,False,False,False,False,False,False,False,False,False,False,False,False,False,False,False,False,False,False,False,False,False,False,False,False,False,False,False,False,False,False,False,False,False,False,False,False,False,False,False,False,False,False,False,False,False,False,False,False,11,True,1,Tier 2,51.36480969328772,68.92916590153636,93.35074076851089,66.58050506851208,88.17739720839373,91.27179086701872,71.66128528624711,51.76691422723982,54.216417145732635
61.79,3243.715,20106020.0,1212.048,964.848,17.685,4978.375,295.497,113.163,DE0005565204,222340,DUERR AG,1219.056,2411.012,627.516,151.456,2024.0,,3339.0,3754.654,2010.0,2024-12-31,201060.0,-375.802,74.982,295.497,1219.056,4290.936,144.041,634.568,DEU,680.643,1221.942,48.441,115.432,3560.0,153.689,133.263,4290.936,20.0,384.265,3140.097,3.0422778517086395,5.068676090351879,3.5296727800181595,6.886539440345883,1.4400121558559718,6.886539440345883,24.405421101596477,6.22992681514242,1.3023979142368434,1.0421271233822147,0.4001838232244384,0.4554564639246921,14.645039797122555,0.9942512895223844,1.087079674764736,24.487026389133,75.41926833555127,2.019898108879464,1.2195149189331873,26.619348683054213,0.8619149822984407,242.63138252756573,3.511570925624948,103.94208396489718,15.86234332089782,5.885371390167126,5.169135129622194,43.925778994149695,2.690135672030532,0.8013829395797031,268.833,6.265136557618198,30.03968615408637,253.71394992605116,4.083795166095733,3.5817127079033577,78.39618061174947,21.60381938825053,-7.269801574729639,-3.444734614239564,-2.978933508887438,28.68364367430949,46.889952153110045,-0.4965662083968718,0.0570575702224736,0.0417947654047258,-0.0019644397701197,2.270022492596523,0.2455452133437113,7.718683305295403,1.7130674126114176,0.5263646183349368,-0.5931023291626563,False,False,False,False,False,False,False,False,False,False,False,False,False,False,False,False,False,False,False,False,False,False,False,False,False,False,False,False,False,False,False,False,False,False,False,False,False,False,False,False,False,False,False,False,False,False,False,False,False,False,False,False,False,False,11,True,1,Tier 2,56.9771476366952,77.18481051315102,82.8527046072022,88.72753078217438,71.52177200395488,80.8181270111984,81.47307563424222,50.58743762311837,57.82884003611896
108.453,1404.567,20103010.0,0.0,249.943,11.5,1814.619,136.319,0.0,DE000A0Z23N2,100458,STRABAG AG,987.04,559.094,45.87,53.061,2016.0,7.805,237.0,825.376,2010.0,2016-12-31,201030.0,-35.323,3.78,136.319,987.04,2199.668,83.258,600.73,DEU,417.55,369.809,4.191,108.019,1600.0,84.1,0.0,2199.668,20.0,69.661,673.336,2.924084890547272,10.98770059977306,2.412227663447393,6.197253403695465,4.930425864266789,6.197253403695465,36.14640936723178,5.3757699789268925,1.204334154900607,1.122290706035121,0.4470500488289983,0.4470500488289983,6.295646634362363,0.0,0.0,54.39378734599384,45.48480975896318,14.037301587301588,-1.8335155040750009,0.0,1.212192752307785,191.2754782608696,5.948119164217204,61.36393537570216,18.982410072792803,19.25445983088532,30.62060170045782,34.15328506975845,4.910695614065396,1.2974008503687335,-38.358,-1.7438086111176778,155.0638090179584,131.2847477431635,1.8384452504457771,3.823304244095017,3.864346767724267,96.13565323227571,3.1606632168286186,1.706505874994102,4.545454545454541,-123.0767842424753,42.94088845955353,0.8222092413624992,-0.0119707858147164,0.3588904315474868,-1.3722501148932542,1.3803027422327552,0.0136884432191955,3.8388774723509456,5.008390488140227,0.3548264661944839,,False,False,False,False,False,False,False,False,False,False,False,False,False,False,False,False,False,False,False,False,False,False,False,False,False,False,False,False,False,False,False,False,False,False,False,False,False,False,False,False,False,False,False,False,False,False,False,False,False,False,False,False,False,False,3,True,1,Tier 2,37.6632635182093,72.20099225687264,91.52111321496919,45.9814414205703,93.49290848220468,74.58413788583127,68.29282329189783,50.71971291115476,48.127584273045976
1387.0,30568.0,20302010.0,11413.0,8488.0,66.111,47052.0,3605.0,2819.0,DE0008232125,100103,DEUTSCHE LUFTHANSA AG,11542.0,19581.0,1606.0,1264.0,2024.0,,481111.0,35458.0,2030.0,2024-12-31,203020.0,-1450.0,631.0,3605.0,11542.0,31439.0,2341.0,324.0,DEU,19025.0,4796.0,359.0,3898.0,4512.0,60.0,6698.0,31439.0,20.0,3892.0,16316.0,2.68638952648134,12.016981459019236,4.020484112090079,11.466649702598684,4.411717929959604,11.466649702598684,2.770444352555743,5.50642561533435,0.8332567284612634,0.7512384454317961,0.4334814360860017,0.7755477248352995,-6.939131174020233,0.9888234274822388,1.2330618610292845,24.530306894499702,75.3591770806767,2.0031695721077654,1.5933425797503469,30.247385870951288,0.6681756354671428,475.54869840117374,6.555254378648874,55.68052418970069,60.51401125990012,,19.03362391033624,28.232593726090283,12.398613187442349,1.6651003844510892,-6.0,-0.0190845764814402,100.15416238437822,307.9113924050633,4.076589845780627,0.1908457648144025,25.88320115356885,74.11679884643115,5.055804317316048,3.819421460250205,5.205283259070659,-100.67039106145252,-3.753086419753082,-1.207206223448933,0.1734831766012957,0.1430750796937864,-0.2426599500674155,20.96164871387957,3.129229347576145,8.27169939641248,5.6059201629071325,0.0364841925698212,0.0519767052265873,False,False,False,False,False,False,False,False,False,False,False,False,False,False,False,False,False,False,False,False,False,False,False,False,False,False,False,False,False,False,False,False,False,False,False,False,False,False,False,False,False,False,False,False,False,False,False,False,False,True,True,False,False,False,11,True,1,Tier 2,40.491384276096426,68.74552711356178,58.77106229839188,88.76996075076381,57.45158590454699,83.8964654346275,81.42695171753108,48.104234676485,47.44039309390936
3.599,963.834,20305030.0,626.0,134.96,12.3985,1408.04,112.575,132.628,DE0005261606,210326,BLG-BREMER LAGERHAUS-GESELLS,23.821,373.079,15.628,34.362,2024.0,7.984,488320.0,1051.383,2030.0,2024-12-31,203050.0,-90.467,28.88,112.575,23.821,1220.664,78.213,25.815,DEU,510.229,355.237,1.92,38.921,4400.0,84.1,0.0,1220.664,20.0,169.001,514.068,2.4404136246129373,15.108517694471264,2.815025264937772,9.222439590255796,0.2948395299607427,9.222439590255796,21.04018796327245,5.287917749657214,1.3779065559841213,1.336017304645933,0.3617464397620879,0.3617464397620879,10.013138831283202,26.279333361319843,31.8470257335964,1.6917843243089683,74.6699667623079,1.189819944598338,5.540022207417277,53.87829891196273,0.8669242351069572,98.45255474452556,3.4361961169585373,106.22210944207416,41.79929939770485,8.657866925788538,61.67353468134118,34.81413880287492,3.1885105155882374,0.4976282715149656,130.08,10.656495153457463,23.030041242359516,491.8252721029044,59.10918937072331,6.889692822922605,53.34815226451792,46.651847735482086,0.8784043436760092,6.882814824711092,7.93505702098023,179.41745070241012,-5.828695862569555,0.3192112203150031,3.1751302952972766,0.1774761505445499,0.6248856926695983,1.7478538852135697,13.55182879245385,12.00257094968893,2.765999444181978,0.3668924151571762,-0.1730625141610122,False,False,False,False,False,False,False,False,False,False,False,False,False,False,False,True,True,False,False,False,False,False,False,False,False,False,False,False,False,False,False,False,False,False,False,True,True,False,False,False,False,False,False,False,False,False,True,False,False,False,True,False,False,False,11,True,1,Tier 2,0.34620222660320915,82.65765598348143,95.45280505728138,2.085190746332581,71.92723863576246,93.67645219170163,1.6249518215583343,57.97960586392964,27.6676169573352
-41.285,639.842,20201060.0,76.347,8.131,12.3985,922.733,54.707,45.822,DE0007446007,244398,TAKKT AG,542.572,188.791,112.468,22.025,2024.0,,423420.0,380.161,2020.0,2024-12-31,202010.0,-80.238,7.398,54.707,542.572,1053.715,32.682,203.817,DEU,105.6,122.29,88.2,11.851,5040.0,84.1,0.0,1053.715,20.0,93.863,253.303,2.3869309973741046,-7.609128373745788,2.0902236373212872,5.191821317908543,-3.9180423549062127,5.191821317908543,39.27750862424849,3.558623987953189,1.341711204453602,0.7459836538818058,0.0430687903554724,0.0430687903554724,6.991404880935222,0.1407131219451058,0.2251664295245607,58.80054143506301,41.19945856493699,2.977155988104893,2.084523004368728,13.239907969044134,1.1419500548912849,84.98729685042545,8.616526289966473,42.360457998604936,10.021685180527944,16.333627852182538,5.689102678095102,14.13420783693658,1.12468741547762,0.3626155070069151,82.012,7.783129214256228,12.625848310836007,426.16572077185015,1.7006646122542262,7.981285262143939,,,-15.088379514164496,-8.3519231800656,419.85324947589095,-9.418040844277051,-25.47478304615771,-0.8906813425784554,-0.0354272850895951,-0.0508770749818185,-0.1603591079021246,3.230778385588403,0.1463326801327828,10.172281689286066,2.152571380839757,0.8360323023464974,0.1347765399045956,False,False,False,False,False,False,False,False,False,False,False,False,False,False,False,False,False,False,False,False,False,False,False,False,False,False,False,False,False,False,False,False,False,False,False,False,False,False,False,False,False,False,True,False,False,False,False,False,False,False,False,False,False,False,11,True,1,Tier 2,35.2201630556927,71.45728705928943,94.49191442946152,41.01856581847961,88.57937719871748,90.40112549487729,67.55730118507458,51.064159334203254,45.76828579579055
-47.812,1657.367,25101010.0,588.86,219.846,12.0,1699.792,111.292,107.438,DE0005895403,213034,GRAMMER AG,251.575,667.94,172.314,39.773,2024.0,18.896,336360.0,1432.868,2510.0,2024-12-31,251010.0,159.764,40.938,111.292,251.575,1921.727,71.519,176.161,DEU,445.825,354.442,88.2,62.163,2531.0,74.034,0.0,1921.727,25.0,25.665,772.589,2.3398745258243365,-19.005068071151744,2.069648810679144,5.791249225306196,-2.487970455741112,5.791249225306196,13.756376425995995,4.732430229583491,1.1566742521783393,0.8986959906578436,0.3291403419468814,0.3291403419468814,6.156576804691398,2.34069363013018,2.76775514260161,14.800340276928,84.29666688630138,0.9715423323073916,4.281098371850627,40.96371791372121,1.130565975131075,160.14391666666668,5.421837705463799,67.3203477913356,23.19918489983229,18.36354862444935,9.618295669533524,33.785780848480286,3.234746662767396,0.8691816160740501,-36.498,-1.8992291829172403,242.2092343658679,64.528700374626,6.756601411110007,3.852472281442681,,,-16.62384462932689,10.77742027774644,-14.56642460486971,-164.26835710512412,-17.79773081907382,-0.3147518253336986,0.1471508494461366,0.0965884634130037,-0.1760285452715683,1.9117388748657056,0.5661857006197091,1.5098906219113868,2.880809907428363,0.2981755691073006,-0.2069643148356287,False,False,False,False,False,False,False,False,False,False,False,False,False,False,False,False,False,False,False,False,False,False,False,False,False,False,False,False,False,False,False,False,False,False,True,False,False,False,False,False,False,False,False,False,False,False,False,False,False,False,False,False,False,False,11,True,1,Tier 2,56.67343743038743,81.8912762228278,90.31420983270763,67.53626940971603,93.83965518826069,71.33995491591071,99.48480665097453,48.95061555394034,59.87720543593124
76.0,17833.0,25504020.0,2095.0,1010.0,40.99,10135.0,881.0,535.0,DE0007257503,100746,CECONOMY AG,516.0,7072.0,3114.0,233.0,2024.0,60.0,452311.0,9620.0,2550.0,2024-09-30,255040.0,-585.0,247.0,881.0,516.0,22442.0,648.0,3923.0,DEU,2219.0,2135.0,88.2,193.0,5399.0,84.1,0.0,22442.0,25.0,838.0,6455.0,2.2989639861864823,14.728682170542635,1.038231886641119,3.9256750735228585,0.3386507441404509,3.9256750735228585,20.53738525978077,8.923783990808118,0.9127545248868778,0.4724264705882353,0.1428167420814479,0.1428167420814479,-6.087814504193389,4.060077519379845,5.096899224806202,5.091267883571781,94.9185989146522,0.9433198380566802,1.8388195232690123,25.949679329057723,2.214306857424765,547.4993900951451,10.511475409836066,34.72395508421709,9.887710542732377,,5.726718047527296,31.03108041440553,0.8599946528829873,0.2978395061728395,645.0,2.87407539434988,23.031026252983292,359.656652360515,19.64147286821705,0.3747437839764727,116.05263157894736,-16.05263157894737,0.8991997122560935,5.189413596263615,-0.9065635198839628,-22.10144927536232,9.659090909090915,-0.1293155919597767,0.5199528004209663,-0.0818255358753213,0.1104800583895444,0.5056311095623184,2.111812598476302,8.268376911692156,3.204628345461767,0.7194935357172964,0.1292610913086887,False,False,False,False,False,False,False,False,False,False,False,False,False,False,False,True,True,False,False,False,False,False,False,False,False,False,False,False,False,False,False,False,False,False,False,False,True,False,False,False,False,False,False,False,False,False,True,False,False,False,False,False,False,False,11,True,1,Tier 2,17.700674588323995,87.11430129103822,60.882176401604546,47.00130785882449,34.91864780580286,86.79475888941887,36.13815379392515,49.76451838073386,34.441058050290124
775.625,24525.024,20103010.0,7150.546,6531.545,50.961,24654.931,1157.534,1073.329,DE0006070006,100054,HOCHTIEF AG,1071.799,14896.792,569.897,563.119,2024.0,,2362.0,23459.402,2010.0,2024-12-31,201030.0,346.106,431.762,1157.534,1071.799,33301.27,594.415,6479.288,DEU,1834.406,7248.347,406.43,473.704,1540.0,8.171,810.947,33301.27,20.0,2129.372,16688.667,2.2840015248876586,72.36664710454106,1.690983557083559,3.4759455119879816,2.329115376080252,3.4759455119879816,26.35408799724454,6.8486423277057815,1.120285964924529,1.0820296074483688,0.4384531246727483,0.4928908183721703,7.2678159188521025,6.67153636082885,7.672963867292282,4.347199349290412,95.15095377877958,1.304234740435703,1.4620132108430506,33.355903531021845,1.3506941065866296,653.4657875630384,4.594326127046622,79.44581858289489,5.508516642158092,18.584594349494225,43.03413423829218,55.89101831191496,1.4224802837849728,0.796924707485511,1655.668,4.971786361300936,22.246183381767025,378.1389013689823,23.00331592024251,0.0245366017572302,52.4003223207091,47.5996776792909,19.978436409854616,29.72058092884826,38.66184153243359,47.23920051579626,124.72899439724084,-0.0672083220746791,0.6244574442477412,-0.1150017774436076,0.0763504322865962,1.764917999082016,2.6005175905613784,8.636698273460995,2.502316370518563,0.015951066538431,0.1284283150664063,False,False,False,True,False,False,False,False,False,False,False,False,False,False,False,True,True,False,False,False,False,False,False,False,False,False,False,False,False,False,False,False,False,False,False,False,True,False,False,False,False,False,True,False,False,False,True,False,False,False,True,False,False,False,11,True,1,Tier 2,18.636154844827775,84.06821599545802,91.6465017828673,35.44873554513714,80.18180579292489,87.7914325218686,27.747150873888405,51.0771237372889,39.840249560475165
-48.9,2740.1,20106020.0,104.2,656.0,12.3985,3998.1,239.3,490.7,DE0006204407,100449,KUKA AG,1185.0,2208.3,533.5,87.6,2024.0,,333999.0,2445.5,2010.0,2024-12-31,201060.0,-167.9,27.4,239.3,1185.0,3732.4,151.7,558.7,DEU,524.2,1500.6,88.2,58.1,3569.0,202.3,0.0,3732.4,20.0,272.9,2690.1,2.191040744353568,-4.1265822784810124,2.3470153252598864,6.411424284642589,-1.3101489658128818,6.411424284642589,26.586110813417648,6.7949115730685685,1.2181768781415567,0.9765883258615224,0.2970610877145315,0.2970610877145315,12.050724093944618,0.0879324894514767,0.5020253164556961,29.6390785623171,61.16655411320377,3.197080291970803,-0.255328040117008,14.879567794702483,0.9335434331307372,301.0364156954471,2.487271757963481,146.74713321187437,14.044582574214983,7.746782897467834,5.136082474226804,53.9406217953528,1.5566391597899476,0.3829927488464074,214.8,5.755010181116707,21.28984976181752,311.5296803652968,3.373924050632912,5.420105026256564,,,-7.926092212053182,0.6647027721127019,-15.805378242564185,-8.244340025630093,-29.575757575757574,-0.360944867861146,0.0298609281874391,-0.1587650196071329,0.1834855572703241,2.9295929636206246,0.1471253933313968,6.825742227558091,4.395828412274297,0.1669782325181008,0.3070419392493664,False,False,False,False,False,False,False,False,False,False,False,False,False,False,False,False,False,False,False,False,False,False,False,False,False,False,False,False,False,False,False,False,False,False,False,False,False,False,False,False,False,False,False,False,False,False,False,False,False,False,False,False,False,False,11,True,1,Tier 2,59.8080284307844,83.18481962782025,89.44013266896246,80.63582385667364,76.30425562855507,83.98582527102066,77.0521124776288,50.980211954638726,60.06939602782843
42.0,1329.5,20106010.0,131.7,62.0,12.3985,1683.3,118.5,155.9,DE0006305006,100301,DEUTZ AG,847.9,574.3,431.6,35.1,2024.0,0.8,3336.0,835.4,2010.0,2024-12-31,201060.0,41.3,20.9,118.5,847.9,1813.7,83.4,254.7,DEU,380.8,245.4,23.6,64.2,3510.0,100.4,0.0,1813.7,20.0,101.7,745.8,2.0851898057387275,4.953414317726147,1.9352704416386397,6.533605337156089,2.315708220764184,6.533605337156089,26.69680763080995,3.5830951408738265,1.2986244123280517,0.5471008183876023,0.1079575134946892,0.1079575134946892,10.188320560803184,0.1553249203915556,0.3391909423281047,50.371294481078834,49.628705518921166,1.6794258373205744,1.9037974683544303,17.08548684132359,1.0774668805322878,146.28382465620842,7.39079054604727,49.38578596239731,20.9957545349286,10.575510204081631,3.080398517145505,18.26174775738133,3.539725423168109,0.7697841726618705,37.5,2.067596625682307,63.12684365781711,289.7435897435897,1.985257695482958,5.535645365826763,56.19047619047619,43.80952380952381,-12.092865451725466,5.854609483083872,146.2462760675273,-49.18699186991871,-1.2307692307692242,0.1662702930658463,0.0238718231750555,-0.1503443419477527,-0.0996995849330072,2.922952849647946,0.106272391884557,6.041703796114775,2.1762461491344536,0.0355941306440361,-0.0394732867052111,False,False,False,False,False,False,False,False,False,False,False,False,False,False,False,False,False,False,False,False,False,False,False,False,False,False,False,False,False,False,False,False,False,False,False,False,False,False,False,False,False,False,True,False,False,False,False,False,False,False,False,False,False,False,11,True,1,Tier 2,44.52248976222932,84.42748064118135,95.45697416529633,51.58739778925898,88.9299122650304,82.86889208687501,69.08537500850238,50.41992004652706,53.192718651808455
-102.598,1170.277,20104020.0,870.727,421.822,3.912,2126.193,139.665,5.982,DE0006177033,251958,REPOWER SYSTEMS SE,-69.528,1129.736,416.552,43.332,2015.0,,333611.0,2195.55,2010.0,2015-12-31,201040.0,874.428,41.95,139.665,-69.528,1589.278,96.333,154.67,DEU,176.117,327.039,88.2,16.465,3510.0,25.46,2.421,1589.278,20.0,318.052,1224.75,2.038008779071326,147.5635715107583,2.726521099518146,8.787952768489841,-6.455635829603128,8.787952768489841,26.36423583539192,5.4083941692388535,1.084102834644554,0.7153866035958842,0.3733810376937621,0.3755240162303405,4.468738256592881,-12.523400644344724,-12.609437924289493,-3.270070026568613,103.2620274829237,1.032943980929678,3.256986360219096,41.23374500809662,0.7474758876546014,406.2571574642127,4.859597784973658,75.10909670932335,11.081572890331332,16.72677710653169,2.809437957325856,35.22074430684326,1.0360050286985665,0.1709175464274963,301.58700000000005,18.976352784094416,5.176826430898092,733.9887381150189,,1.6019853040185543,,,-19.12116522502927,38.10223444201306,12.835304297663686,273.6535626231215,-58.093662509544416,-1.575698933847265,-6.328776814451174,-0.6731706042318041,7.65063661931683,1.6410025050674593,7.303401867452708,14.95875492017893,4.279496833992412,0.92199378651658,,False,False,False,True,False,False,False,False,False,False,False,False,False,False,False,True,True,False,False,False,False,False,False,False,False,False,False,False,False,False,False,False,False,False,False,True,False,False,False,False,False,False,False,False,False,False,True,False,True,False,True,False,False,False,3,True,1,Tier 2,9.142390136546855,83.21385560772583,85.07334331529576,9.900193126501426,63.49443496873075,88.10025356630055,73.7886346517981,46.25566054560724,30.813911734123664
20.894,5547.187,25504050.0,925.4,615.792,12.3985,2208.487,86.975,248.153,DE000A2LQ884,346413,AUTO1 GROUP SE,612.875,665.355,696.731,42.05,2024.0,,441120.0,1595.612,2550.0,2024-12-31,255040.0,302.727,24.5,86.975,612.875,6271.911,44.925,445.741,DEU,143.801,414.441,88.2,15.88,5500.0,84.1,2.414,6271.911,25.0,-219.725,1745.496,1.9040184524518369,3.4091780542524983,0.6704495647339384,1.3867384278890438,0.3331361047693438,1.3867384278890438,11.55507468138499,2.733581446750418,2.6234055504204523,1.576248769453901,0.925508938837162,0.9291370771993898,48.90864197978073,1.509932694268815,1.914832551499082,27.75089914498025,72.24910085501975,1.7163265306122448,6.412888761138257,53.13832501617623,2.839913026429406,505.8604669919749,15.13342309279246,24.118799676844905,2.292778070352082,5.806566920429832,7.961734155649741,46.64881432401458,0.2531923683228286,0.3534780189204229,-235.605,-3.756510575484888,,-522.5326991676576,3.603486844788905,1.3408991294678767,422.1307552407391,-322.13075524073906,14.810551664108472,29.553812518075183,131.48805078416729,220.6339053632912,-12.031907821847987,0.5171088323214388,0.0827387103258135,-1.1537009959686164,1.507106752859377,1.8035834866110143,23.12003853184818,-9.949119012246848,13.997927779574384,0.6165278140185146,-0.5298648641179716,False,False,False,False,False,False,False,False,False,False,False,False,False,False,False,False,False,False,False,False,False,False,True,False,False,False,False,False,False,False,False,False,False,False,False,True,False,False,True,True,False,False,True,False,False,False,False,True,False,False,True,True,False,False,9,True,1,Tier 2,9.900574792932987,83.71908618870827,25.402823701735635,99.08536897928288,18.493266869798536,48.24777090217183,78.45489852295088,53.8741358945712,33.38657408331292
35.94,1506.518,55103010.0,256.7,93.088,1.492,1732.074,90.445,10.628,,220307,PFALZWERKE AG,378.966,264.951,19.184,27.879,2024.0,6.113,221122.0,1347.032,5510.0,2024-12-31,551030.0,33.214,3.177,90.445,378.966,1787.197,62.566,146.151,DEU,793.789,270.851,11.062,134.034,4911.0,84.1,0.0,1787.197,55.0,49.506,441.204,1.609573263036106,9.483700384731083,1.5599287599520366,5.060717984642992,2.0109702511810394,5.060717984642992,15.704983837819777,4.385793797371576,1.665228664922948,1.592822823842899,0.3513404365335477,0.3513404365335477,10.175835443520311,0.6773694737786503,0.7054142060237593,21.879319243866025,77.76988742975183,8.7752596789424,1.9264746531040964,15.433982612752107,1.0318248527487854,1197.853217158177,6.598450808747244,55.31601440691765,44.41530508388275,10.1399522277635,78.52992076730608,21.01174661128797,7.499676868302711,2.142281750471502,-84.52799999999999,-4.729640884580714,270.7429402496667,177.5745184547509,4.570526115799306,4.705692769179894,30.77907623817473,69.22092376182526,-9.603162680691558,-2.583562522145544,6.0412224591329,5505.305039787761,0.8714892079833669,-0.0338291273771425,-0.024185162627496,0.4447856134358746,-0.3934115859431578,1.2853282924683085,0.1731064487616404,2.858191971012785,1.5646567341546296,0.0076198450706863,-0.4018040529017558,False,False,False,False,False,False,False,False,False,False,False,False,False,False,False,False,False,False,False,False,False,False,False,False,False,False,False,False,True,False,False,False,False,False,True,False,False,False,False,False,False,False,False,True,False,False,False,False,False,False,False,False,False,False,11,True,1,Tier 2,63.34732258898271,87.53528708259249,87.07506170031945,81.26790746491481,83.68231176305713,76.8957941783675,84.6500808163423,49.82244041840036,63.52512396306164
-54.3,8464.8,35102010.0,160.2,1909.4,6.808,5102.1,142.1,31.7,DE000CLS1001,101768,MCKESSON EUROPE AG,2492.6,2277.8,583.2,69.0,2021.0,,424210.0,2582.3,3510.0,2022-03-31,351020.0,48.5,16.0,142.1,2492.6,9257.1,73.1,447.8,DEU,352.9,978.5,88.2,28.4,5122.0,90.4,0.0,9257.1,35.0,0.9,4150.0,1.3523843123419768,-2.178448206691808,0.745373821175098,1.5350379708548032,-0.5865767897073597,1.5350379708548032,8.558835920536682,2.60102533172497,1.8219334445517603,1.565896918078848,0.8382649925366582,0.8382649925366582,36.69469434154563,0.0642702399101339,0.0769878841370456,48.85439328903784,50.61249289508242,4.3125,-12.08655876143561,3.761196370122106,1.8143705533015817,1359.7385428907169,9.460500766479305,38.58146719815061,3.812209007140465,4.94450379232988,14.514403292181068,56.60218341467239,0.3067915437880113,0.3885088919288645,-27.5,-0.2970692765552926,3155.555555555555,1.3043478260869563,2.046898820508706,0.9765477309308532,,,-44.7274616225124,-27.60206036354348,-67.87466968667421,-110.4881769641495,-71.68494516450647,-0.1918323671877828,-0.0202858681057181,-0.0373850919168356,-0.0029209578354072,0.6099293688920165,0.2438370500113073,0.0176397953783736,1.842429168166284,0.593520782858094,0.7031971053714129,False,False,False,False,False,False,False,False,False,False,False,False,False,False,False,False,False,False,False,False,True,False,False,False,False,False,False,False,False,False,False,False,False,False,True,False,False,False,False,False,True,False,True,False,False,False,False,False,False,False,False,False,False,False,8,True,1,Tier 2,24.53345075629906,81.25778072052073,40.22947304572983,53.473339534982244,51.79286615565298,68.39897643858663,69.42087368822736,51.921525193306735,39.181200323469945
117.2,2615.8,55103010.0,319.5,26.2,1.842,2996.6,103.0,97.5,DE0007760001,101161,GELSENWASSER AG,1046.7,866.7,73.7,40.3,2024.0,21.9,221310.0,1948.7,5510.0,2024-12-31,551030.0,-39.9,24.0,103.0,1046.7,2980.4,62.7,175.4,DEU,1020.8,403.9,88.2,93.7,4941.0,84.1,0.0,2980.4,55.0,127.7,868.8,1.3448575051725289,11.19709563389701,1.3521674942960675,3.4559119581264257,3.9323580727419136,3.4559119581264257,12.23325728090189,2.949787732396428,1.002422983731395,0.9173877927772008,0.030229606553594,0.030229606553594,0.0700794233464563,0.3052450558899398,0.3983949555746632,34.9295868651138,65.0303677501168,1.6791666666666665,3.7941747572815534,13.915771207368351,0.9945938730561305,1618.0238870792616,7.379054221341917,49.4643336464904,34.250436183062675,1419.2380952381568,35.492537313432834,14.35293332443436,3.1438733055965646,1.4944178628389155,34.0,1.1407864716145484,73.37509788566953,316.87344913151367,2.862902455335817,2.821768890081868,75.25597269624573,24.744027303754265,-26.77329795336724,-24.205787130716303,5.61926605504588,-17.07317073170732,14.129110840438509,-0.450266599825841,0.0426313765401112,-0.3535146911828962,-0.848685611359465,1.763618955958961,0.1565532340592288,4.261496362544217,2.509043149246491,0.7170057433575504,0.0483776114748627,False,False,False,False,False,False,False,False,False,False,False,False,False,False,False,False,False,False,False,False,False,False,False,True,False,False,False,True,False,False,False,False,False,False,False,False,False,False,False,False,False,False,False,False,False,False,False,False,False,False,False,False,False,False,11,True,1,Tier 2,55.635919598502845,84.88060802581354,74.05304624601932,76.75178018056094,82.42326225118244,84.39016217277965,74.0188251724348,48.55557631963575,59.26915680029731
-120.0,25222.0,30101020.0,2866.0,816.0,80.951,11736.0,907.0,1153.0,DE000BFB0019,324977,METRO AG,1668.0,6498.0,2258.0,152.0,2024.0,,4244.0,10067.0,3010.0,2024-09-30,301010.0,-625.0,205.0,907.0,1668.0,31029.0,755.0,5347.0,DEU,5404.0,966.0,88.2,378.0,5140.0,43.0,22.0,31029.0,30.0,1079.0,4544.0,1.2951601908657124,-7.194244604316546,0.4898643204743949,2.923071964936028,-0.3867349898482065,2.923071964936028,18.714750717071126,3.352448169386854,0.6992920898738073,0.3518005540166205,0.1255771006463527,0.128962757771622,-16.64962508520791,1.7182254196642686,2.40947242206235,14.212678936605316,85.77880027266531,0.7414634146341463,3.5314222712238146,34.24505794137696,2.6439161554192228,383.3059505132735,32.12111801242236,11.36324083921493,17.415965709497566,,11.17006200177148,15.184049079754605,1.2182152180218504,0.5006622516556292,701.0,2.2591768990299395,35.032437442075995,709.8684210526316,7.035971223021583,0.1385800380289406,,,1.56459690353834,0.7554945054945028,-1.0790136129237404,111.14457831325302,-2.827763496143953,-0.1499686924856836,-0.3275359091005574,-0.0747204332246978,0.114181513204753,0.6057903226135065,2.3519599327908947,9.193933197000682,1.2170855916199268,0.6741386588581022,-0.2815186485960557,False,False,False,False,False,False,False,False,False,False,False,False,False,False,False,False,False,False,False,False,False,False,False,False,True,False,False,False,False,False,False,False,False,False,False,True,False,False,False,False,False,False,False,False,False,False,True,False,False,False,True,False,False,False,11,True,1,Tier 2,17.331510934012552,93.51356835300984,43.10360131673916,67.9038283538836,22.691152555140057,91.14275894160671,97.32428350348358,48.32620804368304,35.82937376286636
120.931,1061.984,55101010.0,0.0,1.247,0.459,1736.552,32.615,0.0,DE0006458003,101148,LECHWERKE AG,553.362,1053.733,3.785,19.4,2024.0,,2211.0,1183.19,5510.0,2024-12-31,551010.0,-165.813,38.363,32.615,553.362,1175.02,13.215,57.081,DEU,168.989,179.089,99.245,151.34750000000005,4911.0,84.1,0.0,1175.02,55.0,110.958,191.879,1.1171562959243373,21.85386781166759,1.6510357270514544,2.775697434937278,10.291824820003065,2.775697434937278,9.619921363040634,3.505842468402239,0.1820945154038072,0.1785025238841338,0.0011834117371288,0.0011834117371288,-49.6301867148234,0.0,0.0,31.86555887759192,68.13444112240809,0.505695592106978,-0.0382339414379886,0.0,0.6766396859984614,2559.9564270152505,6.561095321320684,55.63095521778353,14.38179775663393,,280.5770145310436,10.384716380505738,12.88041905669691,11.452705259175184,-40.38950000000003,-3.4373457473064315,136.40071017862616,571.9484536082475,3.138184407313838,7.157324981702439,82.06745995650412,17.932540043495877,-19.977662229758952,-2.234437781810017,20.15706806282722,-168.9328839015233,0.0,-0.6126584818850448,-0.00188254562099,0.1352476680117348,0.0150127579201238,2.6375583772359263,0.0075210937117771,6.389558158926424,2.7573588633657264,0.5935064248640239,-0.0876015555259898,False,False,False,False,False,False,False,False,False,False,False,False,False,False,False,False,False,False,False,False,False,False,False,True,False,False,False,False,True,False,False,True,False,False,False,True,False,False,False,False,False,False,False,False,False,False,False,False,False,False,False,False,False,False,11,True,1,Tier 2,13.222225442382939,81.51650639263855,14.836865700885824,77.93708129744722,59.41711013746416,99.11898887617316,75.63768088588576,43.92075446029797,38.298466105845236
-137.849,1295.94,25101010.0,320.667,124.399,9.078,1759.303,119.706,44.687,DE0007856023,220295,ELRINGKLINGER AG,636.859,602.484,419.759,11.636,2024.0,0.029,339991.0,1073.971,2510.0,2024-12-31,251010.0,-59.248,26.431,119.706,636.859,1803.136,108.07,263.662,DEU,715.129,233.211,9.504,108.317,3050.0,133.038,12.7,1803.136,25.0,168.022,851.562,0.6613982923919302,-21.64513652158484,0.6453201533328601,6.638767125718747,-7.644958561084687,6.638767125718747,28.128549371761192,1.2152150437690463,1.4134184476268248,0.7167045099952861,0.2064768524973277,0.2275562504564436,14.157765887968129,0.5035133365470221,0.5736811444919518,36.19950628174908,61.0452548537688,0.4402406265370209,2.012889913621706,20.766974193757413,1.024914980534905,198.62701035470369,7.731779375758433,47.20776192145241,39.66029184709306,7.239242325697171,3.0873429753739647,20.326799874723115,6.007145329026762,1.0022855556583696,59.705,3.3111756406616037,64.46596279058696,1443.984187005844,2.7624686155020184,7.378145630723362,,,-2.3812204946078164,-12.393031092378804,-5.200501253132838,2.079023406110569,52.10498230635285,-0.8535960562738824,-0.0118516520726113,-0.841471770727287,0.709805219909235,3.378508538878221,0.1335823210376088,9.550486755266146,2.782741537123024,0.7021783634218506,-0.5065758480843952,False,False,False,False,False,False,False,False,False,False,False,False,False,False,False,False,False,False,False,False,False,False,False,False,False,False,False,False,False,False,False,False,False,False,False,True,False,False,False,False,False,False,False,False,False,False,False,False,False,False,False,False,False,False,11,True,1,Tier 2,46.412501932170635,86.92016323370787,83.8372857962938,75.96470316471881,84.19332334269144,55.91343335528608,73.4368679018427,50.90574880634138,56.17450223748543
-352.2,6847.8,15104050.0,465.4,1002.2,23.868,10465.3,382.6,1290.1,DE0006202005,102259,SALZGITTER AG,4441.4,3531.7,2740.9,63.5,2024.0,,331110.0,6016.5,1510.0,2024-12-31,151040.0,331.9,93.6,382.6,4441.4,10011.7,319.1,2072.8,DEU,1899.3,1730.5,88.2,968.7,3312.0,82.0,0.0,10011.7,15.0,408.4,5473.6,0.6067671256437943,-7.929932003422345,0.6342579182356642,3.82152881129079,-3.5178840756315117,3.82152881129079,31.60202563001289,1.2941224423249371,1.54984851487952,0.7737633434323414,0.2837726873743523,0.2837726873743523,18.55560757933361,0.1047867789435763,0.3952582519025532,42.43929939896611,57.48999073127384,0.6784188034188035,1.9688970203868268,16.774483292404422,0.9566567609146418,419.46120328473273,5.785437734758741,63.08943536062806,18.97080415913381,5.155620783768473,2.4983764456930206,26.112008255855063,9.675679455037606,3.0357254779066123,-560.3000000000001,-5.59645215098335,237.19392752203728,643.1496062992126,2.3563065700004504,0.819041721186212,,,-7.2174598026041314,-0.3494572462388157,-2.7819640747831054,-499.6433666191155,28.85075818036713,0.2299054776241523,0.0123509298166865,0.3592349914175178,-0.3797672340089985,3.2800788438299886,0.0854288424260305,3.902420379731111,2.275773515453363,0.0540409228061145,-0.3859980721716331,False,False,False,False,False,False,False,False,False,False,False,False,False,False,False,False,False,False,False,False,False,False,False,False,False,False,False,False,False,False,False,False,False,False,True,True,False,False,False,False,False,False,False,True,False,False,False,False,False,False,False,False,False,False,11,True,1,Tier 2,48.4340810417035,82.7518066784708,72.27836561250305,63.269387903226296,78.8945695898285,95.08818204497457,71.12968497713179,50.49568896015365,54.08511798117247
-266.0,11045.0,15101050.0,2437.0,509.0,17.503,13631.0,910.0,702.0,DE0006062144,320448,COVESTRO AG,6658.0,3576.0,2851.0,68.0,2024.0,75.0,325211.0,6952.0,1510.0,2024-12-31,151010.0,-565.0,160.0,910.0,6658.0,14179.0,842.0,1870.0,DEU,5898.0,2290.0,88.2,781.0,2821.0,392.0,0.0,14179.0,15.0,870.0,5766.0,0.4988628860685203,-3.9951937518774407,0.4795824811340715,6.417942026941251,-1.8760138232597503,6.417942026941251,22.103110233443825,0.7476635514018692,1.6124161073825505,0.8151565995525727,0.142337807606264,0.142337807606264,16.06631941897146,0.3660258335836587,0.471462901772304,48.84454552123835,51.00139388159343,0.425,2.89010989010989,23.02839116719243,1.0402024796419924,810.0896989087585,6.191703056768559,58.9498554199873,41.596727554834615,6.474429223744292,3.874079270431428,20.534076736849823,5.508145849495733,0.9275534441805224,89.0,0.6276888356019465,89.77011494252874,1279.4117647058824,2.0473115049564434,2.7646519500670004,,,-1.377199693955622,-0.0439979467624862,8.17007601507942,-61.63793103448276,2.091503267973849,-0.7668193612743537,-0.1055812634592256,0.1209633527139021,-0.7485806712997983,6.191469390614984,0.6845625915860161,6.382510454111951,5.464956741910282,0.1687296339289087,0.381439870009742,False,False,False,False,False,False,False,False,False,False,False,False,False,False,False,False,False,False,False,False,False,False,False,False,False,False,False,False,False,False,False,False,False,False,False,True,False,False,False,False,False,False,False,False,False,False,False,False,False,False,False,False,False,False,11,True,1,Tier 2,40.18694269287977,91.26729945214186,77.23398430858092,54.25234082261051,84.99740648681036,62.40017600200284,69.42312531787056,51.71064344058369,52.503082022862884
-177.0,4508.0,15101020.0,2428.0,615.0,12.338,9711.0,583.0,584.0,DE0005470405,271763,LANXESS AG,4586.0,1773.0,1348.0,23.0,2024.0,,325.0,5119.0,1510.0,2024-12-31,151010.0,-97.0,47.0,583.0,4586.0,6366.0,560.0,1177.0,DEU,2140.0,1043.0,88.2,320.0,2800.0,104.0,0.0,6366.0,15.0,508.0,3449.0,0.2368448151580681,-3.8595726122982983,0.3612943763744894,9.158027018535972,-2.780395852968897,9.158027018535972,29.186302230600063,0.3279155973766752,1.945290468133108,1.1849971799210377,0.3468697123519458,0.3468697123519458,17.258778704561838,0.5294374182293938,0.6567815089402529,47.22479662238698,52.71341777365873,0.4893617021276595,4.111492281303602,31.01637318504789,0.6555452579548965,515.9669314313503,6.103547459252157,59.80128809299404,33.61608545397424,3.798329355608592,3.344213649851632,17.073421892699,5.026704366949419,0.5714285714285714,188.0,2.9531888155827835,62.99212598425197,2208.695652173913,2.117531617967728,1.6336789192585612,,,-5.183199285075957,0.4759441282979892,12.35770876969311,-63.28125,-1.8404907975460127,-0.5081288468194866,-0.0223329345061284,-0.1440721425093482,-0.0530169942194592,2.958311804424543,0.1851838475220946,5.231181134795593,2.6774683386281595,0.3245282395020797,0.2648902700877009,False,False,False,False,False,False,False,False,False,False,False,False,False,False,False,False,False,False,False,False,False,False,False,False,False,False,False,False,False,False,False,False,False,False,False,True,False,False,False,False,False,False,False,False,False,False,False,False,False,False,False,False,False,False,11,True,1,Tier 2,23.654507140061963,84.29148783387657,69.81533593716746,57.06260090089679,58.55521318600634,33.59896472851501,69.80731558771966,52.25107180904546,40.80964249079073
-136.4,2601.1,30101030.0,672.8,496.6,21.783,2632.7,266.2,241.5,DE000A161408,325735,HELLOFRESH SE,891.7,976.1,237.2,2.6,2024.0,,454.0,1744.3,3010.0,2024-12-31,301010.0,-26.9,38.6,266.2,891.7,7661.3,263.6,4734.8,DEU,1201.3,50.7,88.2,112.2,5960.0,167.7,9.9,7661.3,30.0,239.3,887.4,0.0987579291221939,-15.296624425255132,0.0339367992377272,3.474606137339616,-1.7803766984715388,3.474606137339616,66.04884288567216,0.16618728028124,0.9091281630980432,0.6661202745620326,0.5087593484274152,0.5189017518696855,-3.369164735822541,0.7545138499495345,1.0253448469216102,33.87017130702321,66.2551752953242,0.0673575129533678,1.569120961682945,34.72860561400844,2.9100543168610176,351.7100491208741,151.11045364891518,2.4154516857452397,15.680106509339144,,10.965851602023609,20.78854408022183,1.4645034132588464,0.4256449165402124,127.1,1.6589873781212066,46.88675302966987,9203.846153846152,2.95245037568689,2.188923550833409,,,0.8516968117315615,1.991244721651864,14.575005259835905,-4.722638680659664,-55.191693290734825,3.4122079361327287,0.0412579131174063,0.1015984710785699,2.427733443519362,14.281215114286391,0.6547261115670869,9.08952786113116,27.8212903455183,0.6279619665767598,0.2684672011111413,False,False,False,False,False,False,False,False,False,False,False,False,False,False,False,False,False,False,False,False,False,False,True,False,True,False,False,False,False,False,False,False,False,False,False,True,False,False,False,False,False,False,False,False,False,True,False,False,False,True,False,True,False,False,11,True,1,Tier 2,0.2288624622116124,48.41926938553746,66.03038266780507,81.95148417652557,17.321236475535766,0.3181827458107769,74.54159265462006,55.12500380810209,20.568732750975062
-39.208,2454.5,20304040.0,1655.982,431.751,0.703,2441.071,10.221,304.6,DE000A0DPRE6,319665,ALLANE SE,194.517,1276.941,36.547,-2.485,2024.0,,532112.0,2252.627,2030.0,2024-12-31,203040.0,-80.6045,47.387,10.221,194.517,3809.562,12.706,575.095,DEU,38.958,670.155,88.2,151.34750000000005,6159.0,84.1,10.4,749.098,20.0,320.288,1855.197,-0.1017995789553028,-20.156592997013117,-0.3317322967088418,1.3644409676704516,-5.234028124491054,1.3644409676704516,-227.66073330859248,-0.1342881028306418,1.4528447281432737,1.4242239852898448,0.3381135072019772,0.346257971198356,23.68861864321029,8.513302179243974,10.079232149375118,7.968510543118164,92.28027369953598,-0.0524405427648933,149.57743860678994,80.31646764883119,0.3068726800654303,1065.5732574679944,1.11779812133014,326.5348125345416,5.200654653997208,1.295443540577184,67.16009521985389,45.14026834942531,20.2039653022702,11.911498504643475,168.9405,22.552523167863217,47.253565541013096,,12.549396710827333,11.22683547413022,,,20.63158233759541,45.88285845590983,-3.698630136986303,0.0,0.0,-0.8366671539152435,-0.589690735495042,-0.2004345604523297,-0.2237335592599598,3.041086649386782,5.672077992094691,13.120798207016511,4.747294082571526,0.8326079153159311,,False,False,False,False,False,False,False,False,True,False,False,False,False,False,False,True,True,False,False,False,True,False,False,False,False,True,False,False,True,False,True,True,False,False,False,False,True,False,False,False,False,True,False,False,False,False,True,False,False,False,True,False,False,False,11,True,1,Tier 2,1.3717379709967399,1.9344001271125764,61.943426170080954,29.617916393861325,40.405366434982874,74.43681107934074,63.10083529655219,49.58205370361317,9.958171818454774
1184.0,28593.0,20104020.0,3287.0,6363.0,98.0,50874.0,1283.0,480.0,DE000ENER6Y0,340153,SIEMENS ENERGY AG,9075.0,33471.0,9792.0,-86.0,2024.0,,333611.0,41510.0,2010.0,2024-09-30,201040.0,-2258.0,332.0,1283.0,9075.0,34465.0,1369.0,3388.0,DEU,5286.0,12551.0,88.2,1514.0,3510.0,1456.0,0.0,34465.0,20.0,2889.0,30079.0,-0.1690450917954161,13.046831955922864,-0.2495285071811983,3.722617147831133,3.4353692151458004,3.722617147831133,17.037574350790656,-0.695680310629348,0.8986585402288548,0.6061067790027188,0.1901048668997042,0.1901048668997042,-6.667452922907575,0.3622038567493112,0.4150964187327823,17.838188465620945,81.59374140032236,-0.2590361445783132,-2.0233826968043647,7.404568148759681,0.6774580335731415,351.68367346938777,2.7459963349533902,132.92078920644133,15.337298708835052,,2.9200367647058822,37.17812635137791,4.39286232409691,1.1059167275383492,1375.0,3.989554620629624,52.40567670474212,,5.60595041322314,4.224575656463078,7.449324324324325,92.55067567567568,10.752273530640457,6.1932494207527,4.255319148936176,248.9847715736041,23.289902280130303,-1.1688684584344808,0.0495080491592968,0.2572684982290206,0.4572455042576099,4.957404049954364,0.1629694089870938,5.678735699964618,1.378252774716857,0.3335599460224706,0.2844420654943981,False,False,False,False,False,False,False,False,False,False,False,False,False,False,False,False,False,False,False,False,False,False,False,False,False,False,False,False,False,False,False,False,False,False,False,False,False,False,False,False,False,False,False,False,False,False,False,False,False,False,False,False,False,False,8,True,1,Tier 2,41.90101425591559,85.646023730827,59.72429906105713,71.9591266501819,59.47178757992827,75.1829910119432,91.8266688732335,47.85324400927862,50.00629125053907
-1506.0,30188.0,15104050.0,650.0,5879.0,98.12,29333.0,631.0,823.0,DE0007500001,103176,THYSSENKRUPP AG,9583.0,11852.0,8434.0,-139.0,2024.0,,331.0,18975.0,1510.0,2024-09-30,151040.0,-1640.0,65.0,631.0,9583.0,35041.0,770.0,4227.0,DEU,4403.0,5222.0,93.0,1525.0,3390.0,689.0,12.0,35041.0,15.0,1353.0,20918.0,-0.4738690212388777,-15.715329228842744,-0.3966781769926657,1.8007476955566335,-4.297822550726292,1.8007476955566335,13.849490596729549,-1.3583504348675852,1.764934188322646,1.053324333445832,0.4960344245696929,0.497046911913601,30.90716939965227,0.0678284462068245,0.1537096942502347,32.669689428288955,64.6882350935806,-2.1384615384615384,-6.98256735340729,5.021647973272423,1.194593120376368,357.12392988177737,6.710264266564535,54.39428098513171,12.565280671213722,3.865100375027576,3.5793217927436567,37.844748235775405,4.352044747581404,1.9805194805194808,-172.0,-0.4908535715304928,112.71249076127124,,3.060941250130439,1.9662680859564512,,,-6.64695225916454,-11.88909915592803,-1.861353657194853,-146.9945355191257,-10.188457008244988,-0.4866538935409118,-0.3269394328331497,0.1787910301487371,-0.2243098503425337,5.490050618634013,1.4504766397896958,4.612552415368357,4.033652808264548,0.0864331602732358,-0.5552316299129579,False,False,False,False,False,False,False,False,False,False,False,False,False,False,False,False,False,False,False,False,False,False,False,False,False,False,False,False,False,False,False,False,False,False,False,False,False,False,False,False,False,False,False,False,False,False,True,False,False,False,False,False,False,False,11,True,1,Tier 2,40.77567901457933,81.41893150233086,48.38654562462158,77.78070572311069,90.54637826634101,75.21620345161479,75.17989501956903,50.58922212987094,53.954085218560124
-1787.0,25325.0,20304010.0,33330.0,4684.0,227.895,83898.0,2563.0,4793.0,,221614,DEUTSCHE BAHN AG,17116.0,25066.0,2185.0,-472.0,2024.0,,482111.0,66695.0,2030.0,2024-12-31,203040.0,5752.0,935.0,2563.0,17116.0,26203.0,3035.0,739.0,DEU,43633.0,3607.0,88.2,17874.0,4011.0,163.0,514.0,26203.0,20.0,4567.0,22598.0,-0.5625879043600562,-10.44052348679598,-1.8013204594893717,9.781322749303516,-6.8198297904820055,9.781322749303516,3.350761363202687,-0.9356539666177696,0.901539934572728,0.8143700630335913,0.186866671985957,0.2073725365036304,-2.941667262628429,1.9473007712082264,2.22733115213835,20.40096307420916,79.49533957901261,-0.5048128342245989,13.046820132657045,45.43970058881023,0.3123197215666642,114.9783891704513,7.26448572220682,50.24443765980995,166.519100866313,,11.590389016018309,9.882237955612768,68.21356333244285,5.889291598023064,-13307.0,-50.78426134412091,391.3728924895993,,4.901729376022435,0.6220661756287448,,,-42.01721581730875,8.2946096654275,-25.145589930727773,1.117021276595742,10.30609725993581,-0.6138444855094198,0.1664278556428696,2.826218004104268,-2.5064489113267965,3.545165686302901,0.9874345302017016,5.443514744094019,1.5074311312744262,0.3297891234176255,-0.3226672179243812,False,False,False,False,False,False,False,False,False,False,False,False,False,False,False,False,False,False,False,False,True,False,False,False,False,False,True,False,False,False,True,True,True,True,True,False,False,False,False,False,False,False,False,False,False,False,False,True,True,False,False,False,False,False,11,True,1,Tier 2,25.191988417685234,71.69322014008948,66.79757875628384,79.93050695165986,30.015633512561152,71.89716600383608,86.88246197841299,47.19113433328523,36.91083511714215
35.098,2445.023,20103010.0,0.0,801.819,13.983,1907.528,45.313,106.455,,220293,ZUBLIN ANLAGEN & PROJEKTE AG,522.571,1185.562,67.732,-16.325,2015.0,,236220.0,1383.882,2010.0,2015-12-31,201030.0,32.892,6.243,45.313,522.571,3270.03,61.638,678.737,DEU,313.786,637.346,88.2,88.395,1540.0,1.749,0.0,3270.03,20.0,63.58,1518.048,-0.8558196786626461,6.716407913948534,-0.4992308939061721,1.3857059415357045,1.0733234863288714,1.3857059415357045,25.229340403604866,-3.123977411681857,1.2804458982322309,1.2233151872276609,0.676319753838264,0.676319753838264,17.430202859407572,0.0,0.2037139450907149,27.395194198984235,72.54845014070567,-2.6149287201665863,-15.34579480502284,5.580783086801347,1.7142762779891043,233.8575413001502,5.130698239260935,71.1404146139332,9.595814105680986,9.83509080081567,36.09849111202977,75.44659894900624,2.703186209300832,1.4340990947142995,-24.815,-0.7588615394965794,139.02956904687008,,3.650275273599185,0.0534857478371758,251.2963701635421,-151.2963701635421,0.2296678934216034,4.082256241024229,12.77977174658227,-172.56484486943296,-5.85159070817668,,,,,,,3.333109658154428,,,,False,False,False,False,False,False,False,False,False,False,False,False,False,False,False,False,False,False,False,False,True,False,False,False,False,False,False,False,False,False,False,False,False,False,False,False,False,False,True,True,False,False,False,False,False,False,False,False,False,False,False,False,False,False,2,True,1,Tier 2,45.560891150705174,80.13068640165918,75.79699839735348,79.96167380875995,57.62158053525357,75.21632733057413,78.74392591716465,49.99341233155716,50.88989820177794
-146.841,5519.483,20107010.0,712.706,120.793,12.3985,3537.881,83.748,183.314,DE000KC01000,278310,KLOCKNER & CO SE,1713.743,983.341,1290.669,-42.043,2024.0,1.208,423510.0,1817.166,2010.0,2024-12-31,201070.0,-142.386,63.505,83.748,1713.743,6632.193,125.791,543.674,DEU,759.316,787.494,19.95,110.252,5051.0,84.1,0.0,6632.193,20.0,114.705,2256.006,-1.1883667087728502,-8.568437624544638,-0.6339230477762031,1.2627497420536464,-2.214064035832492,1.2627497420536464,16.777406809482173,-1.7326966278706044,2.294225502648623,0.9816909902058388,0.1228393812522817,0.1228393812522817,35.97252140476178,0.415876826338605,0.5228438569843903,48.439814680030224,51.36311820550211,-0.6620423588693803,9.256662845679896,25.32645953891609,1.8746229734691475,534.9189821349357,8.421896547783222,43.33940673921884,11.448943056994873,5.211263765405665,4.276451204762801,25.673192512693333,1.6623762306072816,0.876469699740045,4.453000000000003,0.0671421956508202,96.1178675733403,,2.064417476832874,1.2680571871174435,,,-4.66339409427613,-8.516666015901265,60.33234191128927,-98.09181404078625,24.998015940500885,0.1077364024494914,-0.0012993261904905,0.0034286718100002,0.0587752787113187,2.9009785182162453,0.0585173435375437,3.242194974901643,5.13394025479308,0.0151715026850823,0.0410117836765077,False,False,False,False,False,False,False,False,False,False,False,False,False,False,False,False,False,False,False,False,False,False,False,False,False,False,False,False,False,False,False,False,False,False,False,False,False,False,False,False,False,False,True,False,False,False,False,False,False,False,False,False,False,False,11,True,1,Tier 2,24.091408913214455,77.62460824707703,38.99286563823438,54.96286669005587,49.197195942070515,75.2152701823867,69.51652074611275,53.16156065721543,38.03735127501736
-882.4,8569.7,25301040.0,5399.6,3808.7,42.711,12420.4,131.3,267.8,DE000A2E4K43,324859,DELIVERY HERO SE,2592.3,3732.7,174.6,-264.5,2024.0,,454110.0,9707.9,2530.0,2024-12-31,253010.0,1579.6,316.9,131.3,2592.3,12294.7,395.8,3751.2,DEU,710.6,659.6,88.2,139.1,5961.0,415.2,0.0,12294.7,25.0,638.3,5196.3,-2.129561044732859,-34.03927014620221,-2.151333501427444,1.0679398439978205,-7.177076301170422,1.0679398439978205,30.29760791235248,-3.30960097098312,1.39210223162858,1.3453264393066682,1.020360596886972,1.020360596886972,11.783839489871504,2.0829379315665624,2.186243876094588,20.871308492480114,78.16092879456377,-0.8346481539917956,14.15613099771516,45.62977037776562,0.9898795529934624,287.8579288707828,18.63963007883566,19.58193367873962,5.779726223494676,8.400314293522818,49.08190148911799,35.975491932626966,1.1313818149283836,0.3514401212733704,499.19999999999993,4.060286139556068,21.79226069246436,,4.79126644292713,3.377064914149999,,,23.665496534867604,18.42712484982552,-4.261185331300998,-398.56459330143537,-5.822613405551791,8.972026520287347,0.3008027572527716,-0.0801579304416634,6.9184227417801,32.619992422082234,1.266528482981589,5.139125954075554,5.329311162187991,0.832158532973581,0.6939970776631674,False,False,False,True,False,False,False,False,False,False,False,False,False,False,False,False,False,False,False,False,True,False,False,False,True,False,False,False,False,False,False,False,False,False,False,False,False,False,False,False,False,False,False,True,False,True,False,False,True,True,False,False,False,False,11,True,1,Tier 2,54.884527982141805,68.79689094694456,90.40011165012106,80.26685238255635,78.61754312785662,75.18199647982563,86.13145043662159,47.92675163903673,55.532506089679764
-432.0,8325.0,20106010.0,679.0,789.0,36.569,18090.0,648.0,2418.0,DE0005937007,100042,MAN SE,5935.0,7099.0,2219.0,-413.0,2020.0,5.0,336120.0,12155.0,2010.0,2020-12-31,201060.0,-524.0,82.0,648.0,5935.0,10838.0,1061.0,1805.0,DEU,6280.0,1541.0,16.0,362.0,3711.0,566.0,148.0,10838.0,20.0,570.0,4549.0,-2.283029297954671,-7.278854254422915,-3.8106661745709545,5.978962908285661,-3.985975272190441,5.978962908285661,23.186934858830043,-6.2443302086483214,0.6407944780955064,0.3282152415833216,0.1111424144245668,0.1319904211860825,-14.096185737976782,0.1144060657118786,0.5218197135636057,32.808181315644006,67.191818684356,-5.036585365853658,3.561728395061728,17.119955776672192,0.5991155334438917,296.3712434028822,7.033095392602206,51.89749031186566,57.94427016054623,,3.751689950428121,12.880044223327806,3.3400996493818043,0.3411875589066918,208.0,1.919173279202805,63.50877192982456,,3.0480202190395955,5.222365750138402,,,-14.412066650872625,-4.011461318051579,0.6495472435527061,170.12987012987014,-17.35159817351598,-0.6133146416011801,0.0257370724738015,0.0528575838968084,0.657805222079259,2.5504076581144326,0.1011788679758263,3.150912106135987,3.2180062657300605,0.2698697699082267,-0.3905236664983529,False,False,False,False,False,False,False,False,False,False,False,False,False,False,False,False,False,False,False,False,False,False,False,False,False,False,False,False,False,False,False,False,False,False,False,False,False,False,False,False,False,False,False,False,False,False,False,False,False,False,False,False,False,False,7,True,1,Tier 2,31.47684207392732,68.93917464484703,46.27500415933204,78.08190252240671,54.00140906243188,75.20563542076654,75.10358876632196,46.45037216262918,42.28697337014579
-70.1,932.7,20106020.0,266.2,137.7,5.612,1422.7,8.9,116.8,DE0007193500,102365,KOENIG & BAUER AG,330.4,606.5,382.7,-37.8,2024.0,,333248.0,1091.5,2010.0,2024-12-31,201060.0,1.3,26.0,8.9,330.4,1274.4,46.7,278.0,DEU,229.1,359.9,88.2,43.1,3555.0,54.5,4.0,1274.4,20.0,73.4,890.0,-2.656919940957334,-21.21670702179177,-2.966101694915254,0.6983678593848085,-5.500627746390458,0.6983678593848085,26.81261770244821,-6.335903452899766,1.4674361088211048,0.8364385820280297,0.2270403957131079,0.2336356141797196,19.926899557180008,0.8056900726392252,1.1592009685230025,23.223448372812257,76.72032051732621,-1.4538461538461538,27.56179775280899,26.92064384620792,0.8957615800941872,227.0848182466144,3.540983606557377,103.0787037037037,17.977087256748273,4.495238095238095,2.437157042069506,34.97575033387221,3.381983678593848,0.9229122055674518,30.300000000000004,2.3775894538606406,58.71934604904632,,4.305992736077482,4.276522284996861,,,-3.949351823937286,-0.3083175670940963,-2.246995296986576,-136.07142857142858,-17.432950191570885,-0.4195442744605716,0.0878649621611637,0.1466525081213176,-0.0541028431974802,3.9213757803727134,0.3307502124778461,5.159204329795459,3.1307234661994072,0.1259132280354158,0.2009867182997537,False,False,False,False,False,False,False,False,False,False,False,False,False,False,False,False,False,False,False,False,True,False,False,False,False,False,False,False,False,False,False,False,False,False,False,False,False,False,False,False,False,False,False,False,False,False,False,False,False,False,False,False,False,False,11,True,1,Tier 2,48.1910775590019,66.23782871861732,69.71135520432097,84.76188329736296,74.16234019998151,75.20170075755765,82.90834274538291,49.69287168113302,52.12453612705775
-604.904,4357.033,25101010.0,436.392,247.024,95.09,2661.635,98.77,1179.268,DE0005408884,101286,LEONI AG,-377.957,2386.093,511.992,-96.223,2022.0,,335929.0,3039.592,2510.0,2022-12-31,251010.0,-86.763,58.844,98.77,-377.957,5093.363,194.993,530.403,DEU,769.179,674.353,88.2,222.907,3357.0,143.356,36.302,5093.363,25.0,62.796,1527.786,-3.615183900121541,160.04571948660825,-1.889184022422906,1.9391902756587345,-11.876318259664586,1.9391902756587345,14.456656633348144,-164.66672371010526,0.6402877004374935,0.4257143372031183,0.1035265599454841,0.1187405520237476,-32.24735923595834,-1.154607534719558,-4.274719081800311,-14.200181467406312,114.20018146740632,-1.635221942763918,13.856798623063684,60.70178668374889,1.913621890304268,53.56360290251341,7.552962617501517,48.3254079868252,15.101593976317806,,8.5099630462976,34.616955367659344,4.376420844145606,1.1431538568051165,-160.11100000000002,-3.143522266133398,354.970061787375,,,2.8145647580979403,,,-0.4993237835380526,-22.831252120112143,-6.196977469123621,1202.9866536458323,37.09592107852784,-1.0817639148309188,0.2062567569801784,-0.1904853890339378,-0.2958536093885309,4.807328580449961,3.3655803941232927,2.359301707409168,2.9367883662116334,0.3797682293272281,-0.2042292803037124,False,False,False,True,False,False,False,False,False,True,False,False,False,False,False,False,True,False,False,False,True,False,False,False,False,False,False,False,False,False,False,False,False,False,True,False,False,False,False,False,False,False,False,True,False,False,False,False,False,False,True,False,False,False,9,True,1,Tier 2,12.523740543863285,60.31727901726938,26.433063398415,28.672181137923243,47.440637574319226,75.20816226551753,73.7886346517981,42.79788303963136,27.056265770939397
-215.678,264.388,50201030.0,1686.604,57.811,1.393,2145.912,104.97,41.977,DE000TCAG172,104364,TELE COLUMBUS AG,70.747,241.261,24.373,-77.675,2024.0,,516210.0,2066.292,5020.0,2024-12-31,502010.0,62.429,160.295,104.97,70.747,454.165,182.645,24.393,DEU,861.527,59.704,88.2,146.314,4841.0,84.1,0.0,454.165,50.0,182.96,150.013,-3.619673127323022,-304.8581565296055,-17.10281505620204,23.112745367872908,-47.48890821617694,23.112745367872908,41.78591481069656,-4.420004882348489,0.6217871931228006,0.5207638200952496,0.2396201623967404,0.2396201623967404,-4.252178094907899,23.839936675760104,24.433276322670928,3.296826710508167,96.2896894187646,-0.4845753142643251,15.916642850338194,80.55227800580826,0.2116419499028851,326.0337401292175,7.60694425834115,47.98247333017736,189.69471447601643,,10.847577237106632,5.476226424941936,32.2160448295223,0.8010840701908072,36.646000000000015,8.068873647242745,79.9704853519895,,30.33219783171017,18.517499146785852,,,-5.23797700247669,6.968117109469341,-88.76476993184659,1550.7207207207225,13.93130514004499,-3.429749501525803,1.586904963150663,0.9498068934485586,0.2675789831591298,13.429030033806509,7.719910816431554,8.525978698101323,2.3736240840877216,0.7175103964694044,-0.5226286991132053,False,False,False,True,False,False,True,False,False,False,False,False,False,False,False,True,True,False,False,False,True,False,False,False,False,False,True,False,False,False,True,False,False,False,False,False,True,False,False,False,False,False,True,True,False,True,True,False,False,False,True,False,False,False,11,True,1,Tier 2,1.3459098605939765,43.688301240780206,61.3184994322311,3.0341189938428297,25.347304558056404,75.10191472618241,15.597913764133612,53.69550988445141,13.381531775486375
-196.078,580.986,35203010.0,392.743,396.8,4.74,1912.502,22.181,46.677,DE0005664809,232623,EVOTEC SE,952.525,344.585,31.122,-78.919,2024.0,,541714.0,959.977,3520.0,2024-12-31,352030.0,-161.421,14.323,22.181,952.525,796.967,101.1,188.201,DEU,823.937,204.232,88.2,117.468,8731.0,50.451,90.413,796.967,35.0,18.22,681.964,-4.126479344858201,-20.58507650717829,-9.90241754050042,2.783176718734904,-24.60302622316859,2.783176718734904,27.100369275013897,-5.8664147218249445,1.97908788832944,1.8887705500819831,1.1515301014263537,1.4139123873645112,17.640713578338747,0.4123177869347261,0.4613212251646938,49.80517667432505,50.19482332567495,-5.509949033023808,1.921464316306749,22.97618512294366,0.4167143354621329,168.13649789029537,3.9022631125386815,93.5354663367492,103.38407989289394,2.3622306071213672,18.668016194331983,31.42647693963196,14.739380676991646,1.161899109792285,-99.248,-12.453213244714023,644.7200878155872,,2.0078234167082227,6.330375034348975,,,1.9887999631442943,-15.093044607070992,-6.342620035566093,-43.89027713390848,-44.93369147903863,-0.8325694190209383,0.0386309779443166,1.917950891408806,-2.290958640246113,9.297187349360202,0.2626236081321498,0.95267874229674,7.231034069487787,0.0882125607732205,-0.1214903418117103,False,False,False,False,False,False,True,False,False,False,False,False,False,False,False,False,False,False,False,False,False,False,False,False,False,False,False,False,False,False,False,False,False,False,True,False,False,False,False,False,False,False,False,False,False,False,False,True,False,False,False,False,False,False,11,True,1,Tier 2,24.550368193930126,52.74231914358687,68.60466626446366,52.955666661643285,40.907675854524804,75.0179269364148,69.20800656548603,51.43238097775763,31.800329150632475
-1155.2,18989.3,20105010.0,2051.7,355.5,22.111,10852.4,-158.9,3728.7,DE0005194062,100010,BAYWA AG,-263.9,7773.1,2918.4,-461.3,2024.0,,424510.0,10817.1,2010.0,2024-12-31,201050.0,-436.0,546.6,-158.9,-263.9,21181.7,302.4,1709.3,DEU,2728.7,1463.6,88.2,601.2,9997.0,2.1,0.9,21181.7,20.0,941.5,7109.3,-4.250672662268254,437.7415687760516,-2.177823309743788,-0.7501758593502882,-5.4537643343074445,-0.7501758593502882,10.35044401535288,-25.80266249021144,0.9146029254737492,0.5391542627780421,0.0457346489817447,0.0458504329032175,-6.116619365301687,-7.774535809018568,-21.9037514209928,-2.431720172496406,99.6747263278169,-0.8439443834613977,,53.26379418377501,1.951798680476208,957.971145583646,14.472328505056028,25.22054414895877,12.88234655386489,,6.506750274122807,16.76219085179315,2.838299097806125,1.9880952380952384,340.29999999999995,1.606575487331045,63.85554965480617,,,0.0099142184055104,,,-11.710911872220342,-13.31048751068402,-4.463359834082259,-492.95612009237857,11.004431314623345,-0.0393191042204327,-0.8098200228053252,0.1385568362548212,0.1168159615733018,1.031984378037889,8.028889319410508,8.675500350152962,4.881921896458088,0.0159681156400033,0.1816939575119068,False,False,False,True,False,False,False,False,False,True,False,False,False,False,False,True,True,False,False,False,False,False,False,False,False,False,False,False,False,False,False,False,False,False,False,False,False,False,False,False,False,False,False,True,False,False,True,False,False,False,True,False,False,False,11,True,1,Tier 2,13.184043533410833,55.677254185079896,60.84175273200692,19.193776399529128,45.574711407218906,75.20796603427375,73.7886346517981,43.73851176408995,25.164652601416066
-88.0,27270.0,55103010.0,15277.0,1285.0,34.523,48464.0,-1730.0,2623.0,DE000A2AADD2,322597,INNOGY SE,7426.0,17339.0,492.0,-2991.0,2019.0,,22111.0,39640.0,5510.0,2019-12-31,551030.0,-2791.0,511.0,-1730.0,7426.0,33535.0,1261.0,3253.0,DEU,12885.0,5527.0,88.2,1856.0,4931.0,352.0,717.0,33535.0,55.0,1574.0,20119.0,-6.171591284252228,-1.185025585779693,-8.919039809154615,-5.1587893245862535,-0.2624124049500522,-5.1587893245862535,18.68197405695542,-13.174470334317052,1.1603321990887594,1.1319568602572236,0.074110386988869,0.1154622527250706,5.736216573126445,2.057231349313224,2.4104497710746027,15.322713766919776,81.79267084846484,-5.853228962818004,,36.93463189171344,0.6919569164740839,971.3813979086406,6.067486882576443,60.15670195318325,38.42254361115253,12.06294964028777,55.426829268292686,14.05579399141631,5.534516177128373,1.471847739888977,-282.0,-0.8409124794990308,117.91613722998729,,6.526259089684891,1.0496496198002088,,,-4.357870119499186,-2.8271243533704915,-19.53430915532352,129.2682926829268,-30.952380952380956,-2.607379585532984,0.3078057027016783,0.3334368728758708,-0.5562945140016146,5.898614840057967,0.6047896808554947,3.2477715417629582,0.9119385548062038,0.6838746222982153,0.5242867155408714,False,True,False,False,False,False,False,False,False,False,False,False,False,False,False,False,False,False,False,False,False,False,False,False,False,False,False,False,False,False,False,False,False,False,False,False,False,False,False,False,False,False,False,False,False,False,False,False,False,False,False,False,False,False,6,True,1,Tier 2,34.49489078471133,44.525020589920615,89.3800925641306,69.38300369891513,60.61118896855795,75.21632316799386,98.71453807190915,46.49046847263161,38.732939147043865
-117.728,1238.436,45301010.0,41.058,208.957,3.771,1541.226,-59.294,155.171,DE000A0DJ6J9,289333,SMA SOLAR TECHNOLOGY AG,553.316,699.393,563.565,-98.052,2024.0,,335999.0,987.91,4530.0,2024-12-31,453010.0,117.227,9.39,-59.294,553.316,1529.999,38.758,235.42,DEU,233.285,241.575,88.2,46.823,3620.0,134.969,13.125,1529.999,45.0,-112.823,1062.46,-6.361948215252014,-21.276811080829034,-6.408631639628523,-3.875427369560372,-7.694645552055916,-3.875427369560372,19.05641768393313,-16.496683906092795,1.5191172917086673,0.7133256981411022,0.2987690754697287,0.3175353485093502,23.557025381092718,0.0742035292671818,0.3546418321537782,35.901029440198904,64.09897055980109,-10.44217252396166,,12.732006856878872,0.9927155394471672,405.7276584460356,6.333432681361896,57.63067492200975,15.247395586533065,4.214095469982125,2.197503393574831,29.23205292410068,3.0603287976005213,1.2080860725527631,-159.646,-10.434385904827389,,,2.78543544737546,8.821509033666034,,,-19.64539964360348,-4.974921620430162,-69.58503044723152,-265.6697521896144,5.426339134937974,0.631703926132041,0.0101288988112108,0.0156746926683547,-0.6755921728203186,8.866138806401356,0.0891388503083084,-7.320341079114938,6.925471752266059,0.0558406911377593,0.867733769754151,False,False,False,False,False,False,False,False,False,False,False,False,False,False,False,False,False,False,False,False,False,False,False,False,False,False,False,False,False,False,False,False,False,False,False,False,False,False,False,False,False,False,True,False,False,False,False,False,False,False,False,False,False,False,11,True,1,Tier 2,33.657531581574084,44.88655560960529,61.9966792893618,73.44534426204712,81.08832715151033,75.08037624695768,73.56954286900606,47.899225055765534,41.94810725348196
-123.9,551.0,20106020.0,63.3,206.4,6.276,1171.6,-28.9,15.5,DE000A0V9A22,241840,SCHULER AG,369.3,486.2,157.4,-132.3,2019.0,0.4,333517.0,756.6,2010.0,2019-12-31,201060.0,-21.2,10.0,-28.9,369.3,1136.3,103.4,445.6,DEU,286.4,319.4,88.2,22.9,3540.0,84.1,12.1,1136.3,20.0,108.3,745.3,-11.29224991464664,-33.54995938261576,-11.643052010912612,-2.5433424271759217,-10.90381061339435,-2.5433424271759217,51.50928451993312,-30.58252427184466,1.5329082682023858,1.2091731797614151,0.4245166598107774,0.4494035376388318,22.115056333219528,0.1714053614947197,0.2133766585431898,31.520996927278937,64.57835438716286,-13.23,,6.725844998292933,0.969870262888358,181.05481198215423,3.557608015028178,102.59702543342426,25.20461145824166,4.385565418757237,3.5006353240152475,44.878798224650055,2.015312857520021,0.2214700193423597,85.4,7.515620874768988,21.1449676823638,,3.172488491741132,7.401214468010209,,,-6.253609438165164,-5.0490315260556144,-4.547528517110266,3184.6153846153834,-24.67105263157895,-3.157324460998459,-0.0257328787692315,-0.1351628198685601,0.45670439716668,7.146851054548595,0.1052148275437987,9.243769204506656,7.354999848113174,0.6830885575182309,-0.7216541018234701,False,False,False,True,False,False,False,False,False,True,False,False,False,False,False,False,False,False,False,False,False,False,False,False,False,False,False,False,False,False,False,False,False,False,False,False,False,False,False,False,False,False,False,True,False,False,False,False,False,False,False,False,False,False,6,True,1,Tier 2,20.744402561099857,24.047029106057643,64.80931128462693,80.13275295092095,80.43388834748491,75.11572873588375,75.84187882043715,48.9154515809694,33.1855253928663
-189.734,47.819,35201010.0,252.818,679.345,0.524,2026.311,-230.737,5.267,DE0006632003,231016,MORPHOSYS AG,49.049,264.31,62.068,-241.272,2023.0,,325414.0,1977.262,3520.0,2023-12-31,352010.0,42.999,109.858,-230.737,49.048,238.278,10.535,147.167,DEU,14.99,42.655,88.2,0.349,2836.0,283.614,520.845,238.278,35.0,-295.837,814.022,-11.906958013848811,-386.8254194784808,-101.2565154987032,-96.83520929334642,-79.62715819337078,-96.83520929334642,79.93142463844754,-79.92659018706914,3.0798002345730398,2.8449699216828725,2.570258408686769,4.540842192879573,27.12870827824554,5.154396623784379,5.261779037289243,2.420605721431705,97.5793942785683,-2.1962169345882865,,12.736692442571751,0.1175920182045105,454.7290076335877,5.586168092837885,65.33996004666818,6.290971050621544,0.4334597025351456,0.7704292066765484,35.63125305049423,0.1464675714921226,0.0331276696725201,-296.186,-124.30270524345512,,,41.31197374054517,119.02651524689648,,,-14.370730269848742,-15.46230764994584,-16.693163751987285,-19.653751522500464,-81.93581780538302,-9.350024856455684,0.4286895903698116,-0.3526939580860116,-14.312630135462468,59.69286138078496,1.6865268725124851,-14.599782560525012,6.565925530537057,0.2249014084921499,0.1686616481941946,False,False,False,True,True,True,True,True,False,True,False,False,True,True,False,True,True,False,False,False,False,False,False,False,False,False,False,False,False,False,False,False,False,True,False,False,True,True,False,False,False,False,False,False,False,True,True,False,True,True,False,False,False,False,10,True,1,Tier 2,0.6047490049554995,1.9160909379741025,41.3585034163911,40.13477277710698,33.67387260680113,60.627685950471935,6.581139297873427,41.19958890375214,9.689675958307888
