cluster,roa,roe,ebit_margin,roa_trend,roa_volatility,roe_trend,revt_cagr,cluster_name
0,12.015530224609837,38.306372939990794,29.2517914924351,1.9437656780030204,6.225859221448225,-46.3928279410233,19.18758811225899,Top Tier
1,7.0276386128146795,4.755547003415777,9.571198603305128,-0.11629844637767589,2.459006014358634,-0.356073630592723,5.568974678714925,Upper-Mid
2,7.504732212448502,3.7720218699950294,21.893779438038006,0.4451246533098013,1.6132228689557409,-121.33209341493641,6.773296615536628,Strong Performers
3,0.09875792912219394,-15.296624425255132,0.03393679923772728,8.347219078789843,31.993012204905707,22.99446475115067,60.01266183192724,Lower-Mid
4,0.8930074012657712,10.127585918965298,0.6464262389495976,-0.4928546502445713,4.043751923843812,-1.139069341598374,2.1965922186741196,Mid
5,-3.619673127323022,-304.8581565296055,-17.10281505620204,-0.8304749008107997,3.097682749679196,-18.20612123177637,7.530053359801503,Challenged
