,algorithm,chi2,p_value,dof
0,kmeans,58.94679088523243,0.0005541900685365539,28
1,hierarchical,79.56969337319194,7.735018206026611e-07,28
