,algorithm,rand_index
0,kmeans,0.05000679841553363
1,hierarchical,0.10584644502553693
