cluster,roa,roe,ebit_margin,net_profit_margin,current_ratio,debt_to_equity,equity_ratio,cluster_name
0,7.728810168180492,10.817330482356809,12.894618318085863,7.5948579542009735,1.2697103602634225,0.6884110854105504,35.55437765177084,Upper-Mid
1,5.615984050365985,73.37413846102814,8.078144149919869,1.365950160213134,0.754059919717208,2.6331848976808336,4.285490799336093,High Performers
2,1.318419860198901,4.261395535712397,1.6110105447109868,-1.6605568356353018,1.5411285352552677,0.9306743397788613,34.66699594821908,Lower-Mid
3,-3.619673127323022,-304.8581565296055,-17.10281505620204,-47.48890821617694,0.6217871931228006,23.839936675760104,3.296826710508167,Low Performers
4,5.4954316321847685,5.1588630326249625,7.5178635629250286,3.6342390373856066,2.5947745182353503,0.41341232308993714,54.16072830549031,Mid
