cluster,roa,ebit_margin,gross_margin,current_ratio,working_capital_ratio,debt_to_equity,equity_ratio,asset_turnover,capital_intensity,days_sales_outstanding,fcf_margin,cash_conversion,financial_leverage,cluster_name
0,9.18927578961141,20.32003927846949,68.31999052519224,0.8524525294665776,-6.93995593997442,1.4388770392288803,29.480349556318288,0.513146792241283,122.92677235044732,61.74576850269525,20.410407884191095,178.992295925792,4.353013940264096,High Performers
1,6.640527278518814,9.065679196906101,44.09164241010867,2.5157355995724573,28.470429954508603,0.2994824404431045,55.9322122225443,0.758637287751141,36.33797601498113,77.70106681593916,5.132504268430877,127.38762268646087,1.8752131479384417,Mid
2,0.9750880328536773,0.4543194388523938,23.491066672914016,1.3753964573240383,10.129806653728846,0.6337021214894046,32.10259485504069,1.1427592216691829,34.41022632326402,380.2330039192555,-0.6333472654707162,383.9041565986436,4.538705921655832,Lower-Mid
3,6.43759236520083,9.509628050490313,36.559253598867286,1.2909822378664508,8.668309822474825,0.6957861639650599,35.07972634606602,0.7910547586258366,35.75384235918252,87.33729481421717,6.416708493875907,290.8519216381368,3.1220302068789887,Upper-Mid
4,-1.0056014620690996,-18.69900612395342,36.07136737218095,1.251993733821013,-0.6552860888363099,8.667401729915111,4.769281927386591,0.921880828449409,40.43352277367484,47.98898627159382,-20.643118651610173,318.8993542026495,24.174840496170187,Low Performers
