gvkey,company_name,years_available,roa_trend,roa_trend_r2,roa_volatility,roe_trend,roe_trend_r2,roe_volatility,ebit_margin_trend,ebit_margin_trend_r2,ebit_margin_volatility,revt_trend,revt_trend_r2,revt_volatility,revt_cagr,debt_to_equity_trend,debt_to_equity_trend_r2,debt_to_equity_volatility,fcf_trend,fcf_trend_r2,fcf_volatility,PC1,PC2,PC3,PC4,PC5,PC6,PC7,PC8,PC9,PC10,cluster,cluster_name,proximity_score,trends_score,relative_score,overall_score
17436,BASF SE,11,-0.5203910451744728,0.4618113988120526,2.421572580770398,-1.7381982240373897,0.5355901335056996,7.510745009251506,-0.5584299133540365,0.5278355347349147,2.430632843352111,568.4818181818182,0.042123343710344194,8759.012785423172,-1.292391284636929,0.009783718602490584,0.23775978726264552,0.06345045655132885,-116.9909090909091,0.11235853006194121,1103.695041123975,0.4307799557612902,-0.20548029464028272,0.27646873904244057,0.3069086099669485,-1.822719847418315,1.150330660076703,-0.07629054631485939,-0.4979915499783136,0.05603324943419942,0.5575083082889264,1,Growing,29.75934471927712,82.69703210077294,51.04638736689931,11.903737887710848
17828,MERCEDES BENZ GROUP AG,11,0.0712214336077651,0.017552498218325815,1.6999699420134697,-0.24603295279874668,0.03395305185716316,4.2223465039431725,0.3217632319941527,0.12006513144456506,2.9364862071335196,90.5,0.0005314302406127889,12414.391787540197,1.14927981301447,-0.048266734018703114,0.29235502880583786,0.28228813787041723,2624.2636363636366,0.6589083787831028,10223.390447788535,1.910488826351551,6.882057737486787,0.6952482952329075,1.6265374030193174,-1.2061015097472074,-3.1331496176262355,-2.1970867534485143,-2.9899687250708897,-0.3642806207521559,3.0131851210620595,4,Growing,4.364163905531017,18.343530188408415,48.01411992399051,1.7456655622124069
19349,SIEMENS AG,11,0.053867822909594944,0.03957489262524719,0.8562873951571512,-0.2601259080517099,0.08604901865672822,2.8042107404142556,0.4274657300079713,0.5980832047422889,1.7479157657238142,-562.6545454545455,0.0435183113190721,8529.1512187554,0.5440493330430618,0.024189964481627198,0.30192877867166107,0.1392140203350838,538.9454545454546,0.8694510628374966,1827.7729347012573,0.4965688374217589,1.180138163191458,-0.12844004749405438,0.9198543466316452,-0.5148292358325126,-1.3258994327531144,-0.821243704750048,-2.3162871158893257,1.250375502014025,-0.3152058696011,1,Growing,17.07684236321203,47.33550119124835,52.02712442989698,6.830736945284812
100004,ALTANA AG,11,-0.4294549207168277,0.7007472582499219,1.6223213352994572,-0.5452305191279143,0.5225549415582613,2.385141658824102,-0.6327483285192008,0.7372969057825468,2.33028908492473,112.35146363636363,0.8245511120904775,391.2640478104163,4.962984628067524,-0.004314428789918088,0.04802237947000939,0.06225890350962744,-6.00260909090909,0.058063456261246434,78.77503769868822,-0.2736595830470548,-1.2506666771896953,1.408159424118949,-0.4926434617579051,-0.9797993826431721,0.6533946165285495,-1.1332549702174444,1.1047228984709228,-0.23628210828441043,-0.0021466363451114346,0,Growing,49.52092431813874,90.41670961709077,48.95615694221188,19.808369727255496
100010,BAYWA AG,11,-0.11533689911326939,0.03532613484965294,1.9405293236001875,19.327966136148117,0.240182522094857,124.71407087885252,-0.03931910422043276,0.015968115640003326,0.9839584971450079,993.285990909091,0.6815896952618818,3804.6332794286823,3.369252419736979,-0.15649838428529866,0.024611136032805365,3.154598029706818,9.983099999999997,0.0067979889256451365,382.8910324843854,0.5621413914601705,0.3339462249053463,-1.500606475402487,-0.40582998317026825,0.13682413740284347,0.3085343135984543,-0.6014421025568731,1.3352528065701685,-0.12156481749439227,0.4194871134732463,2,Growing,30.23282227070422,95.7413458282276,49.75336881649334,12.093128908281688
100022,BAYERISCHE MOTOREN WERKE AKT,11,-0.10730136513996358,0.06792746527834241,1.3019147361570051,-0.3146579923066314,0.05804011733372972,4.130233704730176,-0.32164706862213477,0.21494507685424238,2.193895041339535,6683.054545454545,0.810457656858978,23475.229185724984,5.881175402100247,-0.0543750060409246,0.6511705363045724,0.2130845429629302,1102.4545454545455,0.29544514992115367,6413.901114308845,1.79572811601052,6.293359723202567,1.352862992308155,0.22317631248391853,-0.49764300213929596,-1.6671510020501221,0.791595597399779,0.863650100079406,-1.3709407007975374,-0.04934533990259975,4,Growing,18.51320997772403,61.87350093893315,49.441090428810845,7.405283991089613
100042,MAN SE,7,-0.4479385377431797,0.347393494414941,1.5199789832710475,-0.16028040694243867,0.003480138817942163,5.433906335897462,-0.6133146416011801,0.26986976990822675,2.3612186724961832,-495.7857142857143,0.7008141040379622,1184.4659693942504,-4.499330360890596,-0.01768489174889099,0.255924466004098,0.06991598790538837,88.10714285714285,0.1154336387291758,518.6506433003996,0.3306015310677217,-0.3917801602191195,-1.077503110407807,0.022640171292210052,-0.5818236864587137,-0.31331341543063457,-0.5346635165062639,0.3972488606304399,-0.47861022089795563,-0.5334128388068637,2,Growing,35.53801056223843,93.40863712453577,46.64472952994015,14.215204224895373
100054,HOCHTIEF AG,11,-0.14084986850625408,0.030115899190355712,2.5666020009856867,6.083255581648264,0.5480483281186025,25.985234156541445,-0.06720832207467914,0.015951066538431043,1.6827832852108888,892.2464909090907,0.5967033578690626,3652.6293771794976,4.185843296378322,0.5610995548342448,0.6963027607723041,2.1263799353333384,57.22258181818182,0.19735381212053,407.32839778632365,0.7328467780359286,-0.12436936337039466,-0.40903093608551766,-0.19694399314158054,0.26901194422730734,-0.6624543777431686,1.4033009624967758,0.3035978775083101,-0.3087512193279543,1.1448932710789541,2,Growing,30.089711351677845,97.62604996577954,51.33107978439621,12.03588454067114
100080,BAYER AG,11,-0.4288697186165794,0.476740795898359,1.9641932955671328,-2.7608516899841353,0.22424349667620563,18.436698304190028,-0.24551522162971406,0.06171449807406264,3.125250421271386,535.8454545454546,0.1672992559745073,4142.786442013664,0.9887089806627225,0.05305825952896785,0.4464733623542867,0.2511049206481051,-170.84545454545454,0.1538049135320641,1377.5847411351012,0.4854139170101027,-0.09276408128894906,-0.8830748818781065,0.2842603129017325,-0.8308706679257618,0.3392489405064083,0.4356051264141128,-0.4741048069098873,-0.3194047132029271,0.36154861915472036,1,Growing,43.98644009039503,76.5680082034483,49.59791366575262,17.594576036158013
100083,BEIERSDORF AG,11,-0.5141279617984581,0.7410026651051637,1.8886928639604164,-0.6823819037512364,0.7678657660515293,2.4625488150890216,-0.15217338384611181,0.2707791238919422,0.924764412760078,326.76363636363635,0.8449818090711269,1124.1131821489294,4.595522763056659,0.0,0.0,0.005544862366089686,11.918181818181818,0.031801371066971354,211.3426187008641,-0.13132007155713976,-1.1092800650419499,1.0618438336233444,-0.6141939115852516,-0.8963000040291845,0.6454106121007943,-0.7609584369154551,1.7070492134043358,0.22698614341136245,1.209017229721806,0,Growing,33.64946026212587,92.76350374596409,48.41892927040483,13.45978410485035
100102,BILFINGER SE,11,0.5695337436079179,0.5407423370573197,2.449200127145734,2.2161037252089764,0.564608423035581,9.326450882408352,0.4126368727273162,0.5153294296066727,1.8177140365653566,-203.60272727272726,0.2851087648468285,1205.8084050760576,-4.150858180766304,-0.00039443784884686355,0.00011585635504330369,0.11588271217694304,33.99909090909091,0.49024155259863134,153.5543928718678,-0.12424291207949258,-0.8485782332467844,0.5985000215929491,0.15930602600662697,-0.8494490685871461,0.4141341808420168,-1.3401273311305533,-0.7230088535973467,1.196682702566569,0.48486773039020503,1,Growing,25.696700986582993,97.4424887488415,51.15005030942472,10.278680394633199
100103,DEUTSCHE LUFTHANSA AG,11,-0.5617290508643753,0.08446491297315478,6.112075571426645,-6.387833899167408,0.018611724777764963,148.06769098685936,-1.207206223448933,0.03648419256982127,19.98614785759215,46.86363636363636,0.0004661649346416676,6863.824700606882,2.5721015688386695,0.14158429666347322,0.035236317412633236,2.385172706027584,13.236363636363645,0.0007369246689316394,1541.9033156170149,0.5920073338536631,0.9571320310537272,-2.2946079302862983,0.27665419523997337,-0.6207224391513502,1.4487051495521348,-0.2760459752236382,-0.3912021586240653,0.08705035552409905,0.5980776966203041,1,Growing,29.430209389380884,99.62272168231266,47.92007280335405,11.772083755752355
100301,DEUTZ AG,11,0.21197415125334534,0.036479633601421764,3.509600402398492,0.20929750663291274,0.004556116621216391,9.80542988594786,0.16627029306584631,0.03559413064403613,2.7869261922681132,59.57727272727273,0.4760333806359714,273.06240742201663,1.7142322953800138,0.00116008590090516,0.009036280568642592,0.03859182308139651,-0.15818181818181756,0.00025168571905502437,31.530239977803074,0.586373842496832,-0.036845853796408326,-2.212451314424827,-0.22144772053567285,0.33764230629963304,0.5672829870594407,-0.8908201505505785,0.49727290026818216,-0.19630219643675934,0.23441522407755466,2,Growing,27.445572437802433,94.36305635999884,44.78602487118076,10.978228975120974
100312,RHEINMETALL AG,11,0.5783965084088859,0.7175370644572374,2.1592528069765526,1.1620389357177765,0.32815794115655794,6.414742398592563,1.0327341372410506,0.8918064260790117,3.4582249060277586,317.83636363636367,0.6255426776159074,1270.7938691429226,7.598484724871546,-0.009712289647486825,0.043351069805412853,0.14751008597108753,60.39090909090909,0.37170725005807737,313.2355541708096,-0.40924733755361087,-0.6871811055633241,1.6950194461940435,-0.26732604381146724,-0.3237572333167216,0.5360450872035205,-1.647873433447322,-0.19858066448566172,0.18644600166638323,-0.714824370167289,0,Growing,33.89450807210166,99.4209064452775,52.25794539077466,13.557803228840664
100368,GEA GROUP AG,11,0.3449355390204477,0.2593886434230235,2.1417188718681035,0.8172597569698119,0.1320900259650116,7.110908680532153,0.2639485037882495,0.1260541894012099,2.350934679794573,87.73794545454541,0.7485932492329053,320.67455977361215,1.846141977168525,0.0018460692198529823,0.005350550787981418,0.07980842419687104,26.384145454545454,0.24668232586212144,167.98635828188526,0.20607792599620012,-0.21417147119811022,-1.0574528057037653,-0.3176229326143377,0.394693110814921,-0.07765601326918674,-1.0847500929940217,0.7219959370712511,0.3424638888522836,-0.06888138212210683,2,Growing,42.66960358325767,98.01312643038733,47.144210346540184,17.06784143330307
100373,HEIDELBERG MATERIALS AG,11,0.29976659766120317,0.6970450987441217,1.1354102219757254,0.4437188060540137,0.03856572739990489,7.145079612124688,0.19303997330217662,0.2133822877909015,1.3215027318979156,855.3354545454547,0.9045646146825234,2843.9154262628026,5.321263252377473,-0.00956857183135427,0.07139085233289547,0.11324677363892495,128.66363636363636,0.599318553274637,525.5656348439513,-0.19231417322019592,0.23127346206290056,0.3207680133592909,-0.25231553312932975,0.4229503557349707,-0.7107610975071522,-1.1868825446054823,0.5123727424522967,0.8089753875232267,-1.0267729787285154,2,Growing,30.204109419190793,88.1459333428717,51.05857798019055,12.081643767676319
100431,HAPAG-LLOYD AG,11,2.515379552410443,0.3051790405628194,14.398795860909525,4.526882045332824,0.39938513651476437,22.651826648539384,3.2416051113864066,0.3898563721220257,16.417528918537297,1855.9572727272728,0.5687827111004542,7782.063680738829,10.874428478067655,-0.06938069097005194,0.6334430626153152,0.2756670308819258,885.729090909091,0.28338444250350053,5261.540367752357,0.830546816889289,3.4735667073597702,1.9978681954313975,-0.37000605098500056,1.4837802815364012,0.8492552417841244,0.41811043801329273,-1.6861921090822969,-0.683172704132779,1.3972303620938233,1,Growing,6.129166539508217,28.82978596501249,60.49262634322221,2.451666615803287
100449,KUKA AG,11,-0.4631867169898604,0.258991599243745,2.878148896773809,-1.2210333941050815,0.29397707669412526,7.121489005938096,-0.36094486786114605,0.16697823251810087,2.7932572925293893,130.22363636363636,0.5638096764752917,548.4329706589358,5.941448534420446,-0.013629318274044441,0.15818439525793723,0.10836581812182922,9.960909090909091,0.03771622486076117,162.19403133794071,0.3496705414948586,-0.4882674785425472,-0.8481635001633187,-0.2995133262677363,-0.14587154237947159,0.37678673088851694,-0.3387353504754992,0.7497181884068693,-0.1574001783831878,0.6265115776112844,2,Growing,40.56006041230242,95.7383080172308,46.600024511442406,16.22402416492097
100590,E.ON SE,11,0.03402854240760464,0.0022315220865026454,2.2779424713954035,16.28362400704672,0.10827437131745137,156.4905909234999,0.09306907973327724,0.007391161642140398,3.4233323923833345,974.1454545454546,0.009276371911631612,31984.144017190716,-3.0948670455667293,0.4619599543941336,0.15185723191699302,3.7487509618182164,-76.46363636363637,0.007721965738015083,2751.6361894349816,1.4504455857894576,2.8404068229013837,-1.9202056059183399,0.4478106240482202,-1.417545881344288,1.5523468459144405,0.48464633542243646,-0.2657932903179224,-0.054672410528115716,-0.3891487132304295,1,Growing,8.836298576629245,87.6307508459148,51.35486810187857,3.5345194306516983
100609,CONTINENTAL AG,11,-0.938632263498655,0.7222590861166054,3.4926009763149723,-1.9999289570596204,0.3588278342991959,10.557753224576512,-0.7538652456830097,0.7364185025449634,2.7779944665033045,38.436363636363765,0.0012213128285132322,3477.994044662922,1.4169969075610744,0.004158316593092613,0.013238943149874364,0.11428543682602121,-198.93818181818187,0.6929302661759232,755.7416872524897,-0.22295248335732284,-0.7274000813051565,0.8853401751680605,0.5110289527241206,-1.6517410611156191,0.7373906184840291,-0.8971759083103229,-1.2889978421569164,1.8527568029527324,-0.5193539843493923,1,Growing,18.016701916225376,73.55332998963186,51.053121323714336,7.206680766490151
100676,TUI AG,11,-0.6537878863754827,0.0770570550665644,7.447845619031899,17.26145511043128,0.07547133086007227,198.694753131569,-1.203153195840356,0.06308410577053884,15.148197311994114,-147.5081818181817,0.007755851818688177,5296.6510066220535,2.1572645288610914,-0.8554466557067671,0.07900796887971322,9.62404143682412,52.75090909090909,0.018258690673963168,1234.5114801189395,0.46007559859525643,0.7547018969578378,-2.167154718887997,0.22031573369565155,-0.5817607250919785,1.5278702057317286,-0.15134881971318673,-0.546502386817343,0.15707779632139282,0.6078698496125289,1,Growing,29.239231579253445,94.86453257779398,48.35203369239957,11.695692631701379
100736,K&S AG,11,-0.0731814294916662,0.0016178148930955634,5.753557715786718,-0.3968782796131675,0.0017869634139065674,29.689268749862986,-0.31333950646612385,0.009517320711997845,10.156821098713303,19.732727272727296,0.006932182733449592,749.4663050993947,-0.45017593280665125,-0.04146740723369156,0.19829467122244812,0.2944769863945724,111.17,0.5506862073236133,473.73503718275424,0.5844180984845359,0.4414152872359368,-2.083284034353936,0.48845004173293877,0.21065402264232946,-0.031070672564899936,-0.20205143689197738,-1.3821524074487725,1.251744198430724,0.31777061097014664,1,Growing,31.655163804431602,87.26233057971254,48.01955406980224,12.662065521772641
100737,VOLKSWAGEN AG,11,0.1759738510613116,0.40197492609232893,0.8777051696596321,0.1936288876674181,0.02709842207470783,3.719616359472993,0.42298112486831807,0.6087469152289839,1.7143622738765163,11444.763636363637,0.8164301856440268,40054.12982308188,4.835615451471287,-0.0014811092179576406,0.003270337588635249,0.08190129934863843,1683.2545454545457,0.22947784958896217,11111.671922311732,2.385779361158668,10.808224345039033,3.6097765252969882,0.3503386963179074,-2.1394240584680237,-0.6229104859076939,-1.281866966468397,1.8660705944813771,-1.4131687977921013,-0.5399338235247327,0,Growing,0.18754154268636739,9.880003077211086,59.31134533706134,0.07501661707454696
100746,CECONOMY AG,11,-0.3118494264262327,0.6535841014263725,1.2198156751662448,0.5906903639120662,0.008673802168773228,20.056499168889847,-0.1293155919597767,0.7194935357172964,0.4821003469264099,-4209.045454545454,0.5994903095030376,17190.659260720102,-9.812161164028998,0.4261993072051868,0.7054665713415734,1.6046285672638447,-40.06363636363636,0.11607259120516987,371.8651892934649,0.1211587230409446,-1.2782198733918355,-0.05711048350562796,0.4232065589746153,-1.7070696744903675,0.14642620987464128,0.5992043284312427,-1.309422130573864,-1.0701580920270757,-1.9173043656801052,1,Growing,9.748196510796797,92.31243143556874,49.56493631111098,3.899278604318719
100764,SUEDZUCKER AG,12,0.16065444511932503,0.04656169261071453,2.5701339738968767,0.2952630618997704,0.009693729123219823,10.352400734362153,0.06756510498531743,0.007410046954755941,2.709501349522008,278.12972027972023,0.5158186354006954,1336.830300327981,2.0732520626496553,0.03513257208794161,0.7795310772053456,0.13736327128119744,2.797202797202799,0.00226102805059413,203.07121835016952,0.7395071702034268,-0.168422531530444,-1.7079869258541278,-0.041821183492196434,0.5352293453634165,-0.48033666019225174,1.1475623154730024,-0.22444561353801418,-1.459785370093563,0.05700138376745055,2,Growing,27.403504849418788,94.76265772654142,46.723872956871105,10.961401939767516
100953,RWE AKTIENGESELLSCHAFT,11,0.24802652368191275,0.08041591029768799,2.7658405214599946,5.284303510812511,0.1270851613799514,46.87489755067454,1.6612269284570662,0.22018780595825974,11.19521221450407,-2108.8818181818183,0.2676152840860625,12891.302098125074,-6.241995317139281,-0.25492870272791274,0.4153687044273384,1.2508402566732175,-254.14545454545456,0.07590540373486147,2917.064280493134,0.7691575983961799,0.3369677782441687,-1.674882356055196,0.43097047810216543,-0.8695094614162935,0.578467053480971,0.4150938551697082,-1.0228425060217792,-0.3780416404960385,-0.18833371887634134,1,Growing,23.022512041683,67.97038808501351,48.75852527254681,9.2090048166732
101059,AXEL SPRINGER SE,6,-0.08820577785865774,0.027366493116438104,0.9106067374242528,-0.7843262341505066,0.06884000374334924,5.105281551929277,0.05111189900903693,0.002646521889421396,1.6967883393440708,8.597142857142808,0.0076021389213806086,168.39517428424784,0.48379155526803164,0.06581861481809068,0.43503504324194564,0.1704237103777891,4.368571428571427,0.025475634271199362,46.743404169287174,0.797598157370594,-0.35064417774907475,-2.3215998017543016,0.37141730647206056,-0.24183685444572015,0.01829633758178207,0.06922641440689548,-0.7736571622062122,-0.8120281699789594,0.706913984058288,1,Growing,33.35593175040599,98.36751142815669,46.51795874632469,13.342372700162398
101120,AUDI AG,10,-0.17659246329481892,0.05911142312035663,2.086235980605714,0.3360099725213977,0.03895066348074544,4.890144715201467,0.022936803339705384,0.0011104428507367288,1.9770231696722917,622.7575757575758,0.1165194377230684,5240.187218983689,2.948556180753359,-0.001606969621326186,0.2753350218604021,0.008796378595312598,556.4303030303031,0.5470839993800347,2160.7809444735485,0.8766864126471346,1.6933390518338631,-1.2760348769900507,0.6076229049209234,-0.08099732060338913,-1.00863727819358,-0.46441205307781736,-1.1823665672845771,0.6354502600133719,0.681592734100466,1,Growing,25.20648652817527,46.16674395130146,50.92852576148267,10.082594611270109
101148,LECHWERKE AG,11,-0.5832397455941732,0.7030878006977734,2.1995930084700666,-0.43642453454299757,0.0366753096649419,7.206464683998575,-0.6126584818850448,0.5935064248640239,2.514813239645769,-6.372154545454549,0.0032850618714805324,351.5721974912265,-5.704406556061259,-0.0011097331706411463,0.5734104517223269,0.004634317296851969,2.0985409090909077,0.024665504640221315,42.25444844545663,0.2584214972907115,-1.0167052909493928,-0.28528189076172894,0.5838752926768528,-1.725901381405583,0.634749761000622,-0.03348165437650376,-1.377919526211545,-1.3262662179061975,-0.5830424228959564,1,Growing,26.18182657320391,98.04874559348421,48.88300329328667,10.472730629281564
101161,GELSENWASSER AG,11,-0.22518690042393547,0.5627124993858175,0.9492920461609282,-0.16560992262302696,0.09021678878685692,1.7435831846248302,-0.45026659982584105,0.7170057433575504,1.6815446961912393,634.6327272727274,0.31955646934434084,3550.165974562619,12.617147819605234,0.025536537839014918,0.8287809000643339,0.08870378462007979,-3.434545454545456,0.18926771440543586,24.96496718958107,0.12407363362225474,-0.6698695083124371,0.8493945864144239,0.09465450886525695,-0.26406316686084225,-0.10479209064018478,0.6909946334799373,-1.0959405528452542,-1.5251671786338634,-0.9028344206804779,1,Growing,22.67938712053583,97.27609049585104,51.94073688785225,9.071754848214331
101286,LEONI AG,9,-1.609428521142559,0.4392066925078742,6.270347201124659,2.825916086743666,0.010245574288206554,72.08509561390623,-1.0817639148309188,0.3797682293272281,4.532392851504088,85.58336666666666,0.3256418439590064,387.23413571171005,2.738246026454627,0.28609229806830583,0.12307600525387834,2.1055901529007994,-14.822900000000006,0.18517120465670062,88.94075734810401,0.24084931268703733,-0.40674522624360043,-0.9022187611774972,0.0769420764425376,-0.9711874925664675,0.89005525302081,-0.2384381040111669,0.022194271758837987,0.3935574762499476,-0.46159502371050365,1,Growing,32.40484297243029,95.70489966743,48.720180462894675,12.961937188972115
101390,KSB SE & CO KGAA,11,0.49095135967911474,0.6693411049499705,1.897643901016072,0.9089021466721219,0.3375409282403176,4.9471366766516445,0.4410495948978004,0.635168979838396,1.7500190953048023,66.11860909090912,0.6611164574392494,257.14893188835595,3.1047074705184308,-0.016148784720528896,0.6537568565391048,0.06315848684764931,7.9535,0.12771531561191266,70.3779795860294,-0.11867789178191465,-1.1600298463852403,1.1593200300379303,-0.20037020039263095,-0.27557476861971597,0.0005758934832995943,0.14587674843348933,-0.3806622969018275,-1.2496660537863937,-0.3703697945997413,0,Growing,36.48616075213521,92.23912136760485,50.2103214811919,14.594464300854085
101768,MCKESSON EUROPE AG,8,-0.6210729632826416,0.7340577515866491,1.660952302316648,0.1484828140766207,0.00042731390085411485,16.45819982702202,-0.19183236718778285,0.593520782858094,0.5705366821312955,-1491.709523809524,0.7100768386679761,4056.124161607359,-11.817815281051235,-0.013002417770400131,0.038117339513185126,0.1525957638036961,-3.5202380952380956,0.007806100332609985,91.29240025188297,-0.04346286759094893,-1.0892448983531968,-0.4318933107214116,0.08722114875657266,-1.7766223689989178,0.6206387985366382,-1.3247315223485088,0.4213547053929598,-0.4837791764097693,-1.3223100604960951,0,Growing,19.638434969604468,90.73820843703156,45.18645295591848,7.855373987841787
101937,DMG MORI AG,11,0.00159940605292435,7.268328986588069e-06,1.8760372052470016,0.09001494588263412,0.008502481121148263,3.0870366572228707,0.16743301524572757,0.08957054621112989,1.7691248671833462,-3.5553454545454564,0.002219358197169932,238.65366294484514,-0.04180399465473217,-0.000630535842515135,0.03436320745582994,0.010756300629053535,11.037563636363638,0.2908646714921436,64.71839420849085,0.626815600836798,-0.04550813246229288,-2.344409652400841,0.38870172754693166,-0.14728477675659973,0.18127057092198237,-0.9962192038843406,-0.7847639635113147,0.5281036537053792,0.32732599008739777,1,Growing,33.057148163723944,99.31000242767976,46.39134235102735,13.222859265489578
101942,HENKEL AG & CO KGAA,11,-0.5473890250484145,0.7328551278800158,2.022027325018474,-0.8900168753756615,0.7182492289534603,3.3209371542503607,-0.48889910488203714,0.4629066347167239,2.2723359500604876,454.2181818181818,0.7859325624624647,1620.2121073264675,2.768199524629389,0.0002776439271286149,0.0002703952541836833,0.05339353146889914,33.654545454545456,0.033629058984863444,580.3451666006139,-0.11117544257378903,-0.9301369018956497,1.2954750843153742,-0.48445844503092833,-1.2139343279943007,0.7370230514546038,-0.9098474349376787,1.4344590711255383,0.0996029827968251,0.8918750206018461,0,Growing,43.53396117084731,95.69185690328813,48.7909271904759,17.413584468338925
102175,PUMA SE,11,0.4544062830161389,0.3369182892151099,2.4756088939468284,0.9549101070945898,0.4782553307889233,4.3664911104027375,0.391754667762913,0.44903293123096777,1.8487367888979098,641.1227272727273,0.9443535478418251,2086.286099292035,11.48801643807753,0.06960959742550267,0.8188454574312806,0.24325857036152929,41.093636363636364,0.71798175385511,153.36203749772807,-0.1440875849243109,-0.5255386078863746,1.5826041773094435,-0.36684911247222585,1.135509067299486,-1.5342662794275694,1.190465128226818,-0.30700829805477037,0.4122389773231094,-0.2869354600546408,2,Growing,26.20058799763222,99.90367488582828,53.58714272120887,10.480235199052888
102187,PORSCHE AUTOMOBIL HOLDING SE,11,0.043469324947350514,0.4613738140388521,0.20237479646791012,-2.5967060005961065,0.1840660401081278,19.139736166389206,943.7404556838312,0.5175385742396469,1855.2233760041122,-0.6090909090909093,0.001632957439068754,47.66446083243029,,0.014792882609628261,0.5067588575558716,0.06571312742756447,129.72095454545456,0.6552399620234542,506.7688915793082,0.02750792383642541,-1.2876456201498834,1.9454756514982081,15.849142976512297,4.013812450943252,1.7381438762341404,-0.1244747589463885,1.870709023641249,0.044963233979022806,-0.16580880630658257,2,Growing,0.02368306320266021,88.01277365954351,57.5238896259252,0.009473225281064084
102218,DRAEGERWERK AG,11,-0.11521955217883877,0.009666230777484151,3.705933339365996,-0.117216317887084,0.002854383784733833,6.937961603359535,-0.09834571863561763,0.007438239047710455,3.6059557450761877,105.70195454545456,0.7865650653614819,376.8909343290901,3.307194713782824,0.001464221535601337,0.024980732571879546,0.029295721952316743,5.44390909090909,0.012915876081299774,151.47777921775787,0.5508763850594456,0.028728358163188132,-2.0352014187829393,-0.4583161415902474,0.5716235150615834,0.21037701787641827,-0.6419968511703181,1.2238433882865736,-0.12230737386309072,0.04242309063713609,2,Growing,30.32762876817831,95.1219584028873,45.620230734895884,12.131051507271325
102250,HUGO BOSS AG,11,-2.0756674726259097,0.5312332720385037,9.0056516880906,-2.35840137876336,0.20058344252166438,16.652144841586715,-1.0818589936119924,0.30161916401188277,6.229327927340647,148.7824272727273,0.47256702212423907,684.4156536318029,5.293216867008144,0.08041346341102293,0.49521971772900647,0.36135145141688957,10.670572727272724,0.052596247602940224,147.13308786934005,0.3564662618966565,-0.6246036148410242,-0.23076885245460935,-0.13877001065502276,-0.9475856066733396,0.9293317876299519,1.259966421522606,0.27477819209337945,-0.11962158589368493,0.10892661984423838,0,Growing,23.67791633003475,92.59817004787762,48.35278030805981,9.471166532013902
102259,SALZGITTER AG,11,0.24256310963249345,0.06247491873413418,3.0688234326870543,0.4396216932471752,0.0198004414604333,9.879652699773864,0.2299054776241523,0.05404092280611452,3.12743246736783,248.74272727272722,0.31282445209969933,1406.3714629270378,1.0259583404228723,-0.0008074071351662808,0.0016087280574587437,0.06365774714916231,-34.14181818181818,0.2006926252854632,241.00216178173815,0.5543540339266628,0.12661893454995635,-2.0663142175359455,0.013877536635824115,0.20292493437827197,0.40502269063585233,-0.9183567277455633,-0.033473391502554524,0.3620731116816772,0.1307562121550858,1,Growing,36.92501790132934,93.09739272208756,47.411852870646605,14.770007160531737
102365,KOENIG & BAUER AG,11,-0.43667841443837235,0.16550441298464322,3.3943524551366657,-2.6122885609215176,0.28413518169323426,15.497392872288643,-0.4195442744605716,0.1259132280354158,3.7388851049591225,15.75545454545456,0.2958830221485857,91.59482012854313,1.4816126053164735,0.07231416540318983,0.7636331928667426,0.26168629561872564,-1.029090909090909,0.004963034720762294,46.19341658220563,0.5972425307269617,-0.7298010781179207,-1.081609762590353,0.10396154144043673,-0.2655679967201049,-0.07643434563166718,1.296635037901565,-0.48399782398358987,-1.0837889733128456,0.7859060770224129,1,Growing,33.05324174468647,97.61124369064157,49.04597806905993,13.221296697874587
102529,PAUL HARTMANN AG,11,-0.7493667234037724,0.49777036739214153,3.358767051074761,-0.5853710514848982,0.38751757542323073,2.9736204803347777,-0.4151692876159462,0.36410468546596986,2.1757654946076697,57.14657272727273,0.8851123522633045,192.08391048340062,2.658418145785313,0.014693717699693399,0.364868213665138,0.07692432190008747,-6.489263636363636,0.0730807730989833,75.90910167425073,0.0804436829124692,-0.9765435141202893,0.3290327316293474,-0.4322229880838839,-0.47585681907153443,0.058974862084275194,0.2070908966290561,1.0589153617965361,-0.3676353019123312,0.1033313299334646,0,Growing,42.081934230057904,90.35381529973728,47.67943676383819,16.832773692023164
102926,KWS SAAT SE & CO KGAA,12,-0.05421685983395518,0.009523920562164822,1.9178024705822898,-0.1752032661968561,0.21527829967771092,1.3035253054290594,0.34305048544131467,0.2601714579267073,2.321697365742639,71.37131818181818,0.7811680406986012,278.75898861565133,3.2607676748961367,0.020606586659252375,0.22809564923315392,0.14894466596003836,5.342615384615385,0.1759031008261628,43.97385686752477,0.37156828935129643,-0.4046817961466292,-0.9841095580440059,-0.3277841014968004,0.36850425003511256,-0.39183791472763596,-0.30085682413454445,0.7802997311586711,-0.058494189102317816,0.07239205172651757,2,Growing,49.78797808088751,95.10818234964653,46.819773525296156,19.915191232355006
103176,THYSSENKRUPP AG,11,-0.5167523754261212,0.12985215980716344,4.5347974411111105,-2.5063520221716793,0.17213652527848078,19.103174922436263,-0.4866538935409118,0.08643316027323589,5.234557877932152,-612.6727272727273,0.21605157194023542,4168.2123226800895,-1.6309588910294104,-0.2776121662434845,0.5372776795967791,1.1976753069035546,-68.73636363636363,0.02595919015032256,1349.0901862286719,0.6977395966487218,-0.06803466166519129,-1.6283646382607966,0.2586161705641534,-0.6266320571309668,0.3921069521746341,0.9005971791828395,-0.623700805532359,-0.5602146292616211,0.5565959672526897,1,Growing,40.70234393772715,88.60434339034047,48.43588911661243,16.28093757509086
103200,FUCHS SE,11,-0.8044010982653264,0.7060891564649158,3.0272123316818718,-0.967140459100639,0.7334047185175948,3.5712290192972875,-0.500585552284974,0.8460569672791028,1.7209906382783415,165.3190909090909,0.8894279618296317,554.3290249787434,6.568063890012454,0.0023160555473562094,0.7798908507793662,0.008293389420420282,8.988181818181818,0.07344925955550805,104.87648855315317,-0.22691358454177432,-1.6639551305246183,2.5318389215511976,-0.45251558291641897,-0.9547149748721913,-0.03020398268822642,1.0927320485318985,0.49845511144147897,-1.070681038941802,0.2288757009398457,0,Growing,32.05551946254736,92.37568538693074,51.495520742645596,12.822207785018945
103255,BERTELSMANN SE & CO KGAA,11,-0.24899129881294219,0.6123139128183631,1.0062296421159105,0.12754413986492835,0.014294889046661492,3.3734176660099298,-0.12080893838745095,0.0868021911186794,1.2966827217756014,326.03636363636366,0.7409880899708078,1197.7341348777031,1.2952964931802757,0.001965894725280636,0.0030580597272114787,0.11241836785850907,31.172727272727276,0.050178123609309504,440.065772694856,0.18416179476844977,-0.23120337333856877,-0.9315482741554878,-0.2588461149481333,-0.35522589526627163,0.23461931705958283,-1.2102116788916466,1.083778322081482,-0.36282471910353936,-0.3656796740388873,2,Growing,27.859186168035315,98.68652443719537,46.94830016298384,11.143674467214126
103269,KRONES AG,11,-0.23560343091336272,0.1161914861272069,2.18571965270438,-0.29883637611074504,0.021366875267375258,6.464917004407088,-0.12255632355370764,0.044072518531728284,1.846085409978013,180.38554545454548,0.7335807769984016,666.0054188774163,5.998638804630629,0.007353998565416302,0.7656866843959332,0.026576512708869782,16.73073636363636,0.13849697968623273,142.1657251401039,0.5308411446837282,-0.3088691917990542,-1.2201269668849932,-0.18994068623278082,0.7238870734280193,-0.9269130751724025,1.173806143369133,0.1695665783515472,-1.0778570349612442,-0.1916838373348132,2,Growing,36.35537561300086,96.66954456366273,47.297691596163254,14.542150245200345
103487,SAP SE,11,-0.34827578780375784,0.4290588683780327,1.681375991415174,-0.846378100394438,0.5137349003268631,3.734176852727252,-0.4645395458999519,0.31471603455531205,2.6185643794031623,1477.7727272727275,0.9724345946140972,4738.898937569345,6.885716278324261,-0.019698545520434443,0.31817300321781034,0.110433922149667,261.4727272727273,0.4554578179633773,1225.1868199591656,0.13139659024425773,0.4612707638325028,1.2410552343802377,-0.36495063817814277,-0.03972500283058878,-0.9328925940005653,0.013576028173085126,1.0424433412251575,0.519867229218687,0.3219468130165871,2,Growing,34.4388616833745,72.9005064398391,53.89599451762362,13.775544673349799
103533,SIXT SE,11,0.27199129950962936,0.09985534715819479,2.7218823476183367,-0.2381992465502712,0.006428182015628147,9.39498953578782,0.591288928605766,0.12946156599137126,5.196720019806499,151.9771818181818,0.436843922834247,727.135315111964,8.341544994393256,-0.039317129220512434,0.145132127600938,0.3263623253891561,77.67415454545456,0.3214316251727943,433.2436766677178,0.3870044357111303,0.19436143072370898,-1.4043007373137844,-0.07917466147410579,0.7339902184246776,-0.12794701900185043,-0.7202657781093937,-0.19625140543601707,0.26218368333479286,0.012109509741944021,2,Growing,43.20955487146063,94.81252407582343,47.01250705496002,17.283821948584254
104357,KABEL DEUTSCHLAND HOLDING AG,8,0.48104554114919346,0.2590012466878821,2.1657828876247094,-14.10844208902471,0.9060577399511475,33.96102380630971,1.0855360562517546,0.5146961303863442,3.4669569849098005,104.99522619047619,0.9618456152186774,245.29941949250383,4.761510509880074,-0.4984373454168558,0.7976576398854591,1.2787391491593278,62.58258333333333,0.7643523557899471,164.01604442739549,-0.5918307999043138,-1.0528509873633358,2.0847837339119293,-0.2857900588161761,0.569796800062332,-1.7385089194286063,1.3136197253056372,-0.200519986052153,0.9387410062319856,0.8430109937990286,2,Growing,14.345035686545673,96.88069957250006,51.791294074875665,5.738014274618269
104364,TELE COLUMBUS AG,11,-0.8304749008107997,0.7187521359781405,3.097682749679196,-18.20612123177637,0.40793839934205056,90.1405360801887,-3.429749501525803,0.7175103964694044,12.804077747089977,16.125654545454548,0.28985127236835123,94.71739522773666,7.530053359801503,1.4792986190844468,0.4195337285263485,7.222248226951827,1.5406090909090913,0.010199361208914712,48.23985236175891,-0.3072223187374169,-1.2363837903717596,0.9898335300828124,-0.009712103897320728,-1.27141322518247,0.9533976685117183,-0.04414684803593091,-0.339716305313335,-0.8891817421887098,0.2518648550092995,0,Growing,41.47064020477347,91.39719829485912,53.17211552015952,16.58825608190939
132740,INFINEON TECHNOLOGIES AG,11,0.2870969951901389,0.12255804615684959,2.593329693631996,-0.08819421800622716,0.004720830705690277,4.059110747218444,1.045090374696417,0.5495697063287116,4.458024544544818,1158.4363636363637,0.9049568169853967,3850.864644777416,13.221855279125116,0.015434620869160027,0.09341334312242103,0.15969506979403705,93.02727272727273,0.26497648989840955,571.4873446752491,0.22306559486267627,0.5694845688937581,-0.043536504166964266,-0.553292915844289,0.8886039135386905,-0.08599415374420902,-0.9313320627962695,0.8512505940773496,-0.12293057187899972,-0.9595616969015865,2,Growing,37.48571107161657,92.75380516832303,50.903981845761564,14.99428442864663
200759,BIOTEST AG,11,0.37201881382980895,0.057678592365631075,4.898437567891242,0.946401299659958,0.06210373462182141,12.00926613767979,0.7673929856368608,0.06577858263679129,9.461839340286271,12.262727272727274,0.13356300613510172,106.10698561684906,2.2382309038040837,0.05754168951143498,0.41143423308325283,0.2836824031380585,7.3527272727272734,0.3612723933594455,38.68397280613918,0.5532723833485637,-0.10061290294494343,-1.7121175445095629,0.2434177319879053,0.5280691396730256,0.05320350306465575,0.20074423889707807,-1.2014625770642118,0.2828209730916697,0.28185884644655346,1,Growing,45.03310666816584,98.78813449096425,48.3601043741818,18.013242667266336
202305,FRESENIUS SE & CO KGAA,11,-0.6014501900591713,0.8343323599606017,2.082236822640107,-0.9208599646824854,0.6849594788227638,3.5185291385387285,-0.8000602505664848,0.7836426553184878,2.858009447736218,154.43636363636364,0.006010686667819464,6299.230824093256,-0.6187280154999142,-0.05328287744908674,0.4034613332050313,0.2652691284320109,115.86363636363637,0.189287157272427,842.1444292218655,0.04366673056971792,-0.8088967979408607,1.7848589971914712,0.434773514339218,-2.300845793055064,0.9292996759504183,-0.1666439831704068,-1.129671517434117,-0.21850336004632215,0.6809529521617859,1,Growing,16.83558453347926,86.6786533457454,53.02189288945428,6.734233813391704
202807,JUNGHEINRICH AG,11,-0.028349497693075276,0.0414597768357183,0.4402829708504577,-0.1395266150838681,0.10321758855304575,1.3733467500239507,0.044525976935936726,0.11129985755028808,0.42205218478075507,293.59217272727267,0.9498013587460152,952.6383915262056,7.998774371287021,-0.007560643428052483,0.03693819558410059,0.12440015408181919,28.565509090909092,0.20361999214072887,200.18510502862674,0.3208713913377919,-0.04651171448165866,-1.2315150013249976,-0.5227306151896826,0.7926740871199046,-0.5988559817963913,-0.866503558797619,1.4224433812115818,0.11951526870550142,-0.11156631524241829,2,Growing,40.20409921790742,98.31931064480794,46.778702501828874,16.08163968716297
203162,HORNBACH HOLDING AG & CO,12,0.009996170332922731,0.0010304542306551145,1.0749708563585976,0.11754853553780156,0.04550854592700076,1.9021647923815408,0.04796353205358323,0.0381704957554533,0.8474706230734292,300.62554195804194,0.9537209001713012,1062.6558132060334,5.700666311818847,0.023610915095712722,0.2367144168117237,0.1675243188341291,22.399314685314685,0.425605852748122,118.52455435642392,0.32918641381314434,0.03715544800587287,-1.2992399906743388,-0.35906147525086224,1.064631335172918,-1.194285130454207,-0.23088398551997374,0.9169953145289379,0.4822274837071166,-0.4098155543261563,2,Growing,45.358625489343815,97.4562607148534,47.27775815032119,18.143450195737525
203586,VTG AG,7,-0.056498343292906164,0.10241788690640474,0.3530838091486561,0.16714835387497548,0.013506473935709864,2.8764783335066513,0.9468156020376334,0.6162528051180126,2.41221462878196,59.71764285714284,0.8505228401791497,129.5059322275333,6.857933676874439,0.173805411212427,0.19775834739388995,0.7816743786980388,23.475964285714284,0.35616374789177363,78.67351958179927,0.09503382421610207,-0.4073931923280224,-0.2982091863023807,-0.24617747042896135,0.43056832492609665,-0.7607943780878533,-0.8955843277528337,0.43549134935364303,-0.03910089865627902,-1.0928985216361342,2,Growing,39.15704790409511,97.60640592315286,48.04030987282382,15.662819161638044
204820,FIELMANN GROUP AG,11,-2.24750460233874,0.8072379246432582,7.910424888222839,-1.2587550865180135,0.7382161692609649,4.632863043734173,-1.0244609249876622,0.7953593973621308,3.632567472860279,88.3304,0.8497379344422685,303.0174881301312,6.322115167616538,0.06622835213453186,0.8183868314165408,0.2315072696227746,14.120827272727274,0.5239982861139755,61.687221240546776,-0.33440933558272745,-1.5803389547354487,2.882874213066513,-0.24537026339669887,-1.22869195357954,-0.2585183905173401,2.0401204090643037,0.12391640610111411,0.7638263433675482,-0.03518577629354721,0,Growing,20.157968025145863,93.05612026336252,53.392259787486836,8.063187210058345
205865,PROSIEBENSAT.1 MEDIA SE,11,-1.1919391867484306,0.766312665456209,4.30577266473192,-5.218874886824196,0.8045603525250226,18.39914202737504,-1.8838439217292735,0.8372530217792904,6.510533177665406,86.72,0.41222448837739845,427.122426756096,3.141536230661135,-0.16483070309245945,0.3925831917575184,0.8319021761290799,-40.05181818181818,0.6942554174473502,152.00665329066388,-0.5600535815627024,-1.4728828362548518,2.4873057097935405,0.14160255558167228,-1.4732098185081584,-0.013563199324234136,0.32468669296381847,-0.6663081569352705,1.5612361529907317,0.32198729555347194,0,Growing,27.653358140198094,86.12016126764979,51.48362585541477,11.061343256079239
205934,FREENET AG,11,-0.21041472686603363,0.06671429264635152,2.5761235621638434,-0.6994767420708168,0.2461055157784995,4.458744687650865,0.23416359208551413,0.09669018461985812,2.381377121033285,-84.33715454545451,0.6427063409780962,332.66924449445634,-1.9724543225140723,-0.04080540758760023,0.0695104632349897,0.4894323018709062,4.9441181818181805,0.5429819831493334,21.217593940597943,0.24420174022441798,-0.28756277763583726,-1.208116773728598,-0.021790384348208354,0.18098140401826426,-0.7028336536045259,-0.5149099816878706,0.32692902970073595,1.4391995804372582,0.12525930475764632,2,Growing,36.59257183101986,95.05400566144667,46.28061644258312,14.637028732407945
206703,SGL CARBON SE,11,0.6382247124150813,0.8481775939166228,2.191443199140694,3.8087258676189144,0.18076641014855444,28.32832190361377,0.8376659291904817,0.8439679569270401,2.883419774475507,-11.06545454545454,0.04488008428142285,165.17428161122763,-2.598863738336077,-0.13135378086276403,0.3216184148532689,0.7324401187896499,20.57,0.8037025318850123,72.55822056735424,-0.48118472891203035,-0.8914765615163438,1.292828124233125,0.6458328494421759,-0.8695706546174385,-0.022496738481539116,-1.145157801725757,-2.4269213785317323,0.92252779617511,-1.169323084452119,1,Growing,16.027039766210905,99.33162928385649,52.08789551749817,6.410815906484363
207096,RHOEN-KLINIKUM AG,11,-0.06951198967793153,0.029558440366151,1.2785536671514979,-4.694095891820661,0.28654340670587036,27.73043914745606,-0.1400670073171272,0.06173187836728122,1.7827116544014205,28.7908,0.38841364973721837,146.08529128192757,0.5495892142410641,0.008026575199839648,0.230887739844668,0.052823824655506925,8.383636363636365,0.30775696960726867,47.78905957304489,0.36691031993714873,-0.37367923751126947,-1.4679479928704968,0.08026539333370405,0.036902477370551065,-0.44157733236809676,-0.23462661905175836,-0.015415864554109919,0.45354277286921746,0.7190028149399861,1,Growing,40.2712933230703,98.93386091148047,48.38813514558936,16.10851732922812
208821,SARTORIUS AG,11,-0.4363405997698414,0.13153351940768196,3.8045859868338976,-0.013280480212993176,2.9066692539388865e-05,7.78961459495541,0.2536720501323209,0.03209389115285712,4.477766378827056,318.66903636363634,0.8501790332243552,1092.910684936089,14.262758642857554,0.09825268843331127,0.4263671726770279,0.4758308139564675,50.37557272727273,0.7286756403319826,186.61771654493654,0.17659454507060776,0.1746403572067378,-0.6917208809390695,-0.284657775590261,1.5196028975121814,-1.3680447735993002,0.5461196303296838,0.14750099075032772,1.167122167091787,-0.6089172453331276,2,Growing,36.52821565737522,98.58652769840018,49.42847873317768,14.611286262950088
209440,VOSSLOH AG,11,0.6731608866907794,0.4399015798368597,3.2095275871686733,3.800381788775559,0.32825727493087176,20.97587316955589,0.7992154785469279,0.3953218819008001,4.0196520322030755,-1.0900000000000174,0.0004726299359424624,158.54986805783543,-0.8988578956176108,-0.012455630341486725,0.031648222720312105,0.2214068471758131,9.419090909090908,0.35168829862653606,50.226166174565236,0.12457637884892005,-0.5900080980653248,-0.40955411209113274,0.2795007177995061,-0.5440687510847839,0.8571038982295884,-1.3140186292696483,-1.213013842014054,0.6576032888214953,0.4656248283121344,1,Growing,37.944012397458145,99.08044625602042,49.37943837775262,15.17760495898326
210326,BLG-BREMER LAGERHAUS-GESELLS,11,0.39019727367443435,0.5057277912962818,1.735105236913207,0.0061815069955004475,4.169273647262105e-05,3.027360671714621,0.31921122031500315,0.36689241515717624,1.6665132910186984,25.858309090909096,0.6732903366553641,99.65496287973815,3.294060292787404,2.9388598697592587,0.645589324056979,11.566466614368233,7.620745454545455,0.3070494924701828,43.490386151462324,0.31045443493139674,-0.7277314415453016,-0.025909389100528035,-0.07769583762671191,0.392003566221166,-0.6217925836394242,0.16233177950655955,-0.5541371532837732,-0.8469689598214323,-1.0649549263627016,2,Growing,35.181996567228154,95.41849318761463,54.656588285244105,14.072798626891263
210332,CLAAS KG,11,0.1934319176060208,0.1205894406094031,1.7614628857705363,0.49938004411982995,0.1610737943777335,3.9347644477142314,0.23266940049949655,0.24449476424472993,1.48800533797342,192.7722818181818,0.671875058853844,743.7043611889213,2.715186522068702,-0.011886970836305504,0.14022392988354546,0.10038299060319104,24.884027272727277,0.2238836404961182,166.30660141407742,0.3203003736490811,-0.2276679201291955,-0.981954493700654,-0.23206905363137428,0.30001864279194634,-0.21682282633246713,-0.7080686557361239,0.4934078985747455,0.07673305126146956,-0.0366105683918623,2,Growing,51.42429748748892,97.80311784625945,47.06619955693814,20.56971899499557
210334,COMPUGROUP MEDICAL SE & CO,11,-0.44867869769793467,0.1786045359189555,3.3572927185241266,-1.4124767186466198,0.3026729379334409,8.118849708591778,-0.41721603985407274,0.146413020556825,3.4480308774242645,80.72827272727271,0.9423419614925508,262.9791971915662,8.502414372921185,-0.07299000410492404,0.4742028087777693,0.33518249318920196,10.477045454545454,0.664939909259246,40.63007539225303,0.012955161601041473,-0.4389546498086722,-0.03711055271633367,-0.33194251344608666,0.9479914680246009,-1.3653910129737323,0.7283800471914772,0.417278670512951,1.1356600600547602,-0.11797704775492855,2,Growing,43.87713776124048,95.80898914790771,49.29540359404657,17.550855104496193
210340,DILLINGER HUTTENWERKE,11,0.6106776189746222,0.183512455349322,4.507951455225867,0.9708180844730856,0.1446451927189379,8.072087400559989,0.7012634716984315,0.124007997077796,6.297328819573614,68.99414545454543,0.3438124122843323,372.0929693833416,2.0257883377342134,-0.0029109899799555647,0.10075493762998164,0.029000637265984973,9.961636363636366,0.09993456618963555,99.64897103066883,0.4442029672086381,-0.17113892220560817,-1.4597644046276947,-0.13537881779799937,0.3049193897087392,0.7668330189955547,-0.7498451050897882,-0.16298687693787717,-0.03818523891306144,0.4412387332953237,1,Growing,45.17944152228212,99.15733903670565,48.378119882859025,18.07177660891285
210359,EWE-ENERGIEVERSORGUNG WESER,11,0.13089763562477957,0.02425102583658624,2.658072026129497,0.049768038969027505,0.0002433618718375425,10.08844567750631,0.646014588903901,0.16969972165354902,4.959087380645866,105.59,0.0528152422457522,1452.9248502575306,0.7579557136619064,-0.029821998139550276,0.2199630313481707,0.201076765552558,-35.28181818181818,0.07819852952575351,398.98049456248145,0.7065890160264648,-0.002266592524496459,-2.1201291072399844,0.28091343086077947,-0.1758672154148113,0.5311980568830509,-0.48582189845117246,-0.7370831260623089,-0.37983628926561197,0.23528276084040584,1,Growing,41.20689828577714,92.94576399921853,47.02109551663292,16.482759314310858
212782,FRESENIUS MEDICAL CARE AG,11,-0.5856538257175631,0.854743764494326,2.003194015091229,-0.9202199467205865,0.5543745161155664,3.9083190883658587,-0.6851539358300058,0.8139810324935125,2.401491281790881,267.15880909090896,0.618203871681743,1074.4931187480488,1.826673001114032,-0.001137819285671499,0.0005530160315018531,0.15300457961309594,104.41930909090907,0.2917255854864119,611.3551221486075,-0.3536712632863567,-0.9364239804317994,1.9069608978754164,-0.13603730429335253,-1.5211480879936503,0.5471267946941505,-1.3729627016517298,0.3843997727887988,0.45452843961061173,-0.020459048389372375,0,Growing,47.338746303962,94.44555948449201,49.96352164675945,18.9354985215848
213034,GRAMMER AG,11,-0.5374664283495462,0.3978342586011958,2.6946369011698192,-3.4429085568095323,0.5481767764358131,14.705004837831858,-0.3147518253336986,0.29817556910730064,1.822771497590911,70.62177272727274,0.6817354742023467,270.47720397655553,3.473071830262109,0.07565873681573036,0.25611230736114476,0.47276341566520097,-2.2409090909090907,0.04240609855026965,34.412013080193454,0.11549118041678583,-0.9816664252643963,0.1189834410155159,-0.3705577191859869,-0.5508542478055234,0.30048296262148366,-0.04453415820286668,0.9279742430468794,-0.1632000590751082,0.882255961848611,0,Growing,40.59131034981501,90.9043440518861,46.98757172219972,16.236524139926004
213037,INDUS HOLDING AG,11,-0.21267294207758364,0.2033350313669673,1.4914411984012756,-0.49621131119024076,0.11774645826381812,4.572910836298246,-0.18783225252815888,0.1684947986518433,1.447027941400604,46.25387272727272,0.6932065988607389,175.67774852701368,3.170805248292652,0.02016997839150484,0.476789879400195,0.0923723343406531,5.332727272727272,0.14235123744372202,44.696009442299385,0.36793525948551176,-0.5349673735786311,-0.9821577305173407,-0.17095825665755768,0.2232563394842994,-0.5551181658858362,0.2570513475462379,0.36551224750120764,-0.6366129246663564,-0.10159732735825978,2,Growing,52.19333222251168,95.10683766266203,46.68750664382868,20.877332889004673
214700,STADA ARZNEIMITTEL AG,10,0.2313476955203697,0.23057310783828008,1.383846199607189,2.3697537627162335,0.6116287680777603,8.703345888815559,0.31611864846724946,0.23187704907908258,1.8855940902193786,210.5816060606061,0.9107708324264112,633.7863055518083,6.821598959572661,0.10788337895532858,0.16796739931094237,0.7560822030369645,41.41537575757577,0.6989049939724864,142.29168047363135,-0.11152202625601826,-0.5570050187846016,0.6223614026088478,-0.3990403436831015,0.6957926307492152,-1.1245108820284637,-0.3757427716692604,0.6310403394133984,1.6456111230059858,0.5463210356575364,2,Growing,30.33501731430957,99.85772559342865,50.713927696824676,12.13400692572383
214759,HEIDELBERGER DRUCKMASCHINEN,12,-0.11931265478385034,0.061301601434197675,1.6635198780818377,0.6516020899782956,0.0020245210303735323,49.991793539038056,-0.10571882277779014,0.057408384385266825,1.5231478145937116,-17.231793706293693,0.12405525741447668,168.88858433025123,-0.5132466537298819,-0.17644394618293588,0.638469821957225,0.7622790264463757,0.8601013986013981,0.0026813199251706048,57.33934555946293,0.6650067767448516,-0.37213890681171796,-2.1422299176776614,0.3382811231016327,-0.16542554699453946,-0.1403871158205072,0.6134392204251677,-0.8532736474130458,-1.2491472823678778,0.3168660497653287,1,Growing,32.72439140663324,97.87527518849068,47.152283442885484,13.089756562653296
216524,ENBW ENERGIE BADEN,11,0.5360248860854715,0.3785240173930115,2.7551054941503157,5.008379504867177,0.11672565276258512,46.35686670731816,0.9007487912192431,0.34690540748176457,4.836132077681602,2668.6018181818176,0.5051905947970615,11872.881937834305,5.18167856347973,-0.11361024967402167,0.14022682028814357,0.959404985907236,-138.39090909090908,0.037537879833245434,2258.7735438317072,0.6109647108634613,1.584671200543454,-0.12290832808445352,-0.22587125845678888,-0.3303499420725691,1.1059575235288006,-0.44745568590151946,0.5848789943564069,-0.6211768517921064,-0.6322750672803805,2,Growing,21.130863898352132,77.4394564759885,53.86465670380415,8.452345559340854
218000,JENOPTIK AG,11,-0.017698382597963393,0.0013249483160829262,1.537567216498217,-0.3517575874763533,0.20842888080922123,2.4364893968856007,0.4407378857090055,0.7604788523854166,1.5982209276385975,45.849636363636364,0.8202155557987849,160.0928347786717,6.575469028870784,0.028890056649850653,0.34251147176486274,0.15610285012342226,3.434872727272728,0.3293767484344913,18.926232930132187,0.10540096982137712,-0.6250244057899653,0.1887288058366629,-0.29025710997211956,0.3388887072061007,-0.6368422941330535,-0.34693803252901473,0.23776440444291444,-0.12115472957479168,-0.7207593985692703,2,Growing,34.4727169065248,94.84909960444061,48.610477227451916,13.789086762609921
220295,ELRINGKLINGER AG,11,-0.7067721228011384,0.6742063849059816,2.7219677838786738,-2.5441567390617603,0.6266399665985186,10.163301711433084,-0.8535960562738824,0.7021783634218506,3.221281499267172,37.91884545454545,0.6200430827834476,152.28045722605117,3.122618759436069,0.0046671922870923045,0.021955709863165602,0.09960518639504437,11.949009090909092,0.22084143125556457,80.40658457145337,-0.2855363849074394,-1.2447580752871936,1.3912330439011418,-0.2649836848663966,-1.2526545597653715,0.6602703999444011,-0.974917381272401,0.6341282678661845,0.5242497548956807,0.3931676775436644,0,Growing,54.46732428609445,92.76759272456513,48.88143177135216,21.786929714437782
220301,MERCK KGAA,11,0.2786517320756374,0.38023810431164645,1.4290055939949222,0.04844080520098303,0.002162296192311033,3.2942288155025676,0.48009625781099513,0.36475132640648655,2.5137951319353737,1035.5563636363636,0.9237310564652931,3407.2262206731994,6.2846509783476945,-0.025990304827163264,0.30254286549125586,0.14942315950289126,105.08000000000001,0.29912152446375884,607.5698738171998,0.15512485599824177,0.3214947903978284,-0.00024754086508767823,-0.34568874910301756,0.507106606377853,-0.5658396500603282,-0.5025578402721654,0.6388326127243259,-0.3865794912967504,-1.005666467646825,2,Growing,50.75059340497384,91.16900974614965,50.76035411883443,20.300237361989538
220303,AURUBIS AG,11,0.2859327553053923,0.06510734362771393,3.5436344978865946,0.5238737575587227,0.11384886795548596,4.909782861151627,0.14212468402637574,0.09582139537714494,1.4519052202305553,849.1473999999998,0.719363051470998,3165.986221399531,4.242675624576964,-0.014520584317332908,0.526338239938119,0.06329240975801607,-35.57706363636363,0.2562794393160577,222.2353891968403,0.5142236952905215,0.15302737009257358,-1.0038853864059014,-0.2812579414857112,0.8183160350616651,-0.46147028742229335,0.7040540312862922,0.2594612810344842,-0.2738891641594377,-0.2202645078887035,2,Growing,52.48810310058689,89.7031297995953,48.81509878095119,20.99524124023476
220307,PFALZWERKE AG,11,-0.07745550362245222,0.03075959522047472,1.3965676378133292,0.3607986239466655,0.04156325233704814,5.596417559391391,-0.03382912737714257,0.007619845070686371,1.225512441767449,34.54193636363637,0.3041164696476165,198.07365226868978,1.2538322785128786,-0.02173204403788105,0.17485733980970702,0.16434581254399383,-6.531827272727273,0.41817509295592864,31.94152232770959,0.4874037932140142,-0.12515750486104735,-1.9882617588710922,0.21213372067794656,0.2656345367915668,-0.5241125453146462,-0.49200345396427386,-0.3637555907829314,0.6856557472815837,0.11338489805254659,1,Growing,36.33702084204353,96.84623891391774,47.497319714208324,14.534808336817413
221244,ADIDAS AG,11,-0.6670031971329508,0.2454458209630325,4.25745527728072,-0.8723561161327835,0.094552242454708,8.971351930735883,-0.4227210971496479,0.1864242996914177,3.096012197051385,649.2181818181818,0.5925597016611504,2667.0098370786673,5.003833801553181,0.08734234290673008,0.7674267402347825,0.31528722463135306,137.36363636363637,0.1560547987287546,1099.5961617831633,0.6211137163655159,0.2505556697376468,-0.5025341280074981,-0.02268312232298059,0.031157173971608516,-0.5239926079036338,1.3087699473323973,-0.1442916016331737,-0.9240363459961816,-0.04449429705593245,2,Growing,35.767114189270366,87.05621041148753,50.35338062457873,14.306845675708146
221614,DEUTSCHE BAHN AG,11,-0.38680008908863217,0.31946989334603904,2.16407145753886,-2.25310111369618,0.09119916651063428,23.593112991801913,-0.6138444855094198,0.32978912341762556,3.3801828545669914,30.4,0.0001982273714374829,6827.972645396362,-4.076408381482732,0.13941800405606022,0.3403636220673618,0.7556962944094434,-816.5,0.8271899993295919,2838.9225956570617,0.263244929157908,-0.04458949141090847,-0.9455366089797332,0.7607637669303522,-0.9287311449985094,0.006294915332306882,0.507409345812153,-1.7260013962150769,1.8747065823074678,-1.2817184583076064,1,Growing,15.195099482597973,30.416486948852977,49.31017335908248,6.078039793039189
221616,DEUTSCHE TELEKOM,11,0.1997966084309837,0.3032959421310017,1.1472414027601525,0.3315887760773951,0.11792272352278449,3.053522125648733,0.9083638954089496,0.7156791433631443,3.3954761441662975,6187.3,0.9318484713631499,20268.822775243134,6.570356105505981,0.10848021780064185,0.34908139299261504,0.5806135919814464,2211.6818181818185,0.8787628174253993,7460.824279234825,1.3289917271508902,7.422673427948292,3.762726726495564,0.5857669094008009,-0.6417007968575883,-3.134282650572611,-1.4329705350950392,-0.20497258483925046,-0.18831175686494706,0.1581032213848203,4,Growing,10.387400155098808,33.08931743618654,56.20262896518801,4.154960062039524
222247,SOFTWARE GMBH,10,-0.8619096095947552,0.6941800037474286,2.9713420381565805,-1.3892216143052738,0.7173041687699736,4.711365837929367,-1.5867969667914168,0.5962530846146866,5.90245950924875,9.717224242424246,0.3065766910196961,50.408019316771416,1.7289352587090967,0.008397098534218064,0.06264417783092882,0.09636423249665105,-18.820393939393938,0.6256653160755737,68.34152155468884,-0.3256107710120384,-1.2568760051141947,1.4351453149800328,0.15996541328507752,-1.35066889405943,0.2261524422966379,-0.6943796418171772,-0.39135839733898065,1.8109525691747088,0.630208284520429,0,Growing,30.70096112717964,88.77468002142331,49.23823956727387,12.280384450871857
222340,DUERR AG,11,-0.5956246158064404,0.5985592575887407,2.434552037050489,-2.0730843309799867,0.6583738423704887,8.079429305380526,-0.4965662083968718,0.5263646183349368,2.1643815234368144,121.27493636363633,0.5291198748869977,527.2225993414266,5.239566119119732,0.033873974169254,0.5920533514574466,0.13921490330453046,8.575618181818182,0.185071974457314,63.03693770446836,-0.04743948454059036,-1.3302231294764122,1.3132437568089885,-0.14255513481352544,-0.8427498015873683,0.03249581727791123,0.6433762102300018,-0.03192716541316899,-0.38585241854299146,0.7328324532670868,0,Growing,49.242770092760814,92.32120834129633,49.22735435106739,19.69710803710433
223089,HORNBACH-BAUMARKT AG,12,-0.0895250074624538,0.05966971717529756,1.2651580171623054,0.1334574340211646,0.029901166439373614,2.6642569106673317,0.0922619794689531,0.09072494351679716,1.057393924087018,281.65947552447557,0.9578091174515195,993.4872056943327,5.778005934884556,0.08345462568290385,0.5015203959092611,0.4068024027811465,29.578569930069936,0.48294920689078047,146.92775403207432,0.30296089658902864,-0.08172406583447835,-0.9322923696455023,-0.26255019521549694,1.072783159180566,-1.5377380973009815,0.4399317241372116,0.5084863380080487,0.19397480616533228,-0.634545302173665,2,Growing,47.8636093624325,98.46183265958247,48.28869176886889,19.145443744973
225236,UNITED INTERNET AG,11,-0.9241277544835859,0.7953563685074027,3.276809033662655,-3.0075028769669503,0.7208390404054851,11.201776454537438,-0.5468603182232925,0.7909672587684747,1.9444516897148991,321.14391818181815,0.9609932286482499,1035.9517729102392,7.520747855315246,-0.07502848812717285,0.4159993702358101,0.36785770636100146,-22.533545454545454,0.08582332675574371,243.23544225035806,-0.3834074616786848,-1.4465647525906147,2.4205163883908436,-0.6035140678359996,-1.0486936495023558,0.408814602901588,0.24394498810823614,1.1378450903105388,-0.4346333535647472,0.206844024120858,0,Growing,45.338714157814195,88.304599323761,51.321058079493696,18.135485663125678
231016,MORPHOSYS AG,10,-0.9455334954508355,0.13540145366615214,7.380609520658562,-30.671941598838558,0.5206298775676342,122.09663619345456,-9.350024856455683,0.22490140849214998,56.62962060479523,25.456854545454544,0.5666396203920352,97.13555959220082,15.731175721539948,0.4196535355252443,0.5921190584879537,1.566438470993749,-42.02949090909091,0.509862984203589,169.06525428851427,-0.3638110379838525,-0.4938898726442857,0.19235681992159484,-0.20008966935961672,0.7215522546240528,-0.20871835984376655,1.6987816550833184,-0.08926953408918752,1.0144248588780902,1.0722126415836768,2,Growing,26.138550122863606,88.87932966341154,48.45918092081427,10.455420049145443
232623,EVOTEC SE,11,-0.39850016268828614,0.1097507912248428,3.8038613017311773,-2.10914761907579,0.2949572047381384,12.280823015622524,-0.8325694190209383,0.08821256077322058,8.864520322822344,79.63182727272728,0.9828204358759806,254.00928514911996,24.44105128233558,0.05000908351475212,0.3328063473411117,0.2741278091982958,-13.159590909090912,0.3008159049250082,75.87382721225227,0.10896206757894533,-0.3598405720401001,-0.22377596496830113,-0.8700395373424378,1.7056857021965621,-0.4492534616863631,0.4477035738828157,1.1923365788719296,0.3052659220478878,0.4637857052659235,2,Growing,36.472623881073176,92.6250358822227,49.19539848329487,14.589049552429271
233025,CANCOM SE,11,-0.6418355590449585,0.7577490761358737,2.331637687773682,-0.8519607255095094,0.6811276790656257,3.2644145894349665,-0.13984582611537466,0.2524325344007958,0.8801908407867368,75.38130909090911,0.701718535486915,284.56547045630214,7.67117572703675,-0.00041281875932762564,0.00035775783938583975,0.06901839326466137,6.114218181818183,0.10169112228678519,60.63165348136481,-0.16544173793036648,-1.1794525337186803,0.8612538113679624,-0.51788502194058,-0.7581856742940024,0.7004975189372455,-0.7810732983257535,1.2812062568163622,0.40476784462329235,1.1366727773669056,0,Growing,36.75541189980846,91.99685925521453,48.333672804108694,14.702164759923384
234919,CTS EVENTIM AG & CO KGAA,11,-0.6272602618112316,0.09681408994698189,6.374975077491899,-0.31823666137110984,0.005502141413249834,13.56701594768126,-1.5039697320762582,0.055340053068831774,20.217121000577198,161.26562727272727,0.4363227505731509,772.0365849512295,15.065433264830318,-0.024288041123909112,0.6557574015826418,0.09484640819851362,22.027981818181818,0.15652620427205255,176.06830463945397,0.5871297568961904,-0.057026551653928025,-1.2751597142289783,-0.18481617677981207,0.9592327182281652,0.0662880822357566,1.2963415681005823,-0.3123048246331478,-0.5465025892248615,0.1877359482754773,2,Growing,30.75514781714507,97.40452971618723,47.732500992880624,12.302059126858028
238136,BECHTLE AG,11,-0.17461064268961451,0.4474067836309833,0.8255044686329427,0.06005961561861763,0.02303985469746469,1.25124593757306,0.17938117558220817,0.7035909137046608,0.6762647564059999,425.1161181818182,0.9303443099284037,1393.7526898812337,9.346338804160403,0.0283339809504346,0.3739290250108514,0.1465254315031585,35.88783636363636,0.5882370509504037,147.96911903887408,-0.22823058692917686,-0.4119515128399569,0.8902784768413657,-0.2290583976144108,0.40104492372183864,-1.054340996449496,-0.4718862786101239,0.09582294290562726,0.22131421895935552,-1.644078737843762,2,Growing,32.352428956958,99.35411076359986,50.58747447226739,12.9409715827832
238442,CARL ZEISS MEDITEC AG,11,-0.1532711850686681,0.037122881056531186,2.5155889500353683,0.21833650051664172,0.10230236557178352,2.158656336660061,0.2882926311304993,0.06030468679328077,3.7124277361912834,121.75544545454548,0.9412316828709778,396.86255601354395,8.554325076170311,0.015331259911448042,0.4918009639113656,0.06913264266012527,16.639818181818182,0.4030009678357002,82.88873887007254,0.3232047112907898,-0.20442315312008744,-0.932974816593875,-0.3864786038496941,1.1981758517175478,-1.1985044091375805,0.5865637989462017,0.6148175868567359,0.16313617561343904,-0.2548006378968843,2,Growing,51.71584819804582,96.65697832790264,48.0993080949257,20.68633927921833
241456,DEUTSCHE POST AG,11,0.36101905440355436,0.2925483737823698,2.11072318295321,-0.1502493011525537,0.01342423558343372,4.100791400859825,0.40330400428408303,0.5407775201877482,1.7342959864475196,3518.727272727273,0.7798401790904813,12600.35565220218,4.044548838423956,0.04621224616472467,0.33224585311311466,0.2535287957561383,657.4909090909091,0.8143823321969096,2303.96342659218,0.5118848958822186,2.941299638876455,1.3158004964354773,0.1643402414805417,0.1748913412738914,-1.4951600339121942,-0.4738427102146487,-0.188696671102302,0.682883147306407,-1.2698927357226488,2,Growing,13.223110065645704,41.38198659369215,59.47597708009903,5.289244026258282
241840,SCHULER AG,6,-3.182648742413301,0.722452376790569,6.3948078113945215,-8.577301653007174,0.6325881709479972,18.4176217649379,-3.157324460998459,0.6830885575182309,6.524152562843083,-4.098000000000002,0.05112106343127986,30.953902724678976,-0.7755347828418246,-0.012565888439748167,0.07239735981623764,0.0797581798684431,5.087285714285719,0.011754557449585527,80.13576497367868,0.08355992089670358,-1.4117603719939655,0.6717936324411999,0.28481149284031143,-3.175154553462549,1.661030158982651,0.06815461999844019,0.316682139961326,0.6705145218541817,1.0416857904851486,0,Growing,19.462596386460138,91.86187314268,45.13844531227671,7.785038554584055
242158,WIRECARD AG,5,0.4743069988058551,0.670750265629043,0.81901924025978,2.0760726076709384,0.7380440357505806,3.4175619725188886,0.4879204244472153,0.3993138869511902,1.0919601487477524,360.6206,0.9543379624258828,522.0528001125557,34.70694381508854,0.1443349514801143,0.9654407470976678,0.20774170711368747,172.7212,0.9669785079650037,248.40036730681376,-0.624632110794933,-0.9055562082474122,3.3242108901055096,-0.6740748463246962,2.1659832144994406,-2.052949585698527,1.3425260643466015,-0.6315223312075935,0.6872659930520258,0.5443403857265694,2,Growing,8.223166829331714,82.76437365249035,56.86812796644325,3.2892667317326856
244394,MVV ENERGIE AG,11,0.15791899676886145,0.046594834743869565,2.313478610019975,0.8953705036963454,0.038354381116573445,14.457569661762577,0.4304629757397033,0.13076368167196753,3.7643693938232476,283.3309818181818,0.6165290740192781,1141.0831326306372,5.261102877855728,-0.02988526913777958,0.272079994359093,0.18117942054758868,-6.3088090909090875,0.0020638965128946776,439.1404341539003,0.5607866313766873,-0.004209546924076933,-1.574558473177268,-0.2768803265100553,0.4886206127322736,0.0630772275050074,-0.2649346830350354,0.5256906322835718,-0.7490379971842666,0.04329807261645388,2,Growing,40.25231465611598,93.53681654537606,46.66113724389818,16.100925862446392
244398,TAKKT AG,11,-0.986252473466895,0.775598849725832,3.5413555124289635,-2.0674870618472774,0.8015393323277147,7.30264823210421,-0.8906813425784554,0.8360323023464974,3.0804263248018136,15.588,0.2603762351905001,96.60280245648303,0.7199931344494592,-0.022175441433017633,0.6714274914751726,0.08558008512514086,-0.7558181818181815,0.015968934664517837,18.913824851478264,-0.08444513553977126,-1.8356774432447953,2.014189840400854,0.08806693210170086,-2.0062501028815447,0.8091095074596287,0.7703101058990363,-0.5639848535592286,-0.8615817362092346,0.9097513203155461,0,Growing,30.504976813415595,91.09758176171941,49.49534668332775,12.201990725366239
245628,NORDEX SE,11,-1.1913708350315675,0.385968713177046,6.064163656629951,-4.212349460583024,0.4555298328607753,19.736311057320208,-0.9120628997596782,0.33926613573938214,4.951702384210416,526.1531454545454,0.9008013469815774,1753.063540620809,15.453496090404851,-0.0056918740839585966,0.006637911834938267,0.22092229397614713,-14.624363636363636,0.03737551326291227,239.21223822461457,0.0520426712023998,-0.4264211199703782,0.3658875831383513,-0.8530039589680833,-0.008180049230168794,0.9518960356674004,-0.17037192702461745,1.8383393666417989,0.3877939229355355,0.5922934412255904,0,Growing,27.77833237477214,89.30890504287356,49.17195140371504,11.111332949908856
245839,FRAPORT AG,11,-0.4597979145912121,0.19159566513254703,3.3218051780818656,-0.4331716411685516,0.029799947280559767,7.935097523425299,-1.4119148056778545,0.059681037092877774,18.276385572154954,131.65,0.2684371151796101,803.5253487698459,6.361465798711019,0.1834327946311321,0.7370705566060857,0.6756510424478923,-70.43636363636364,0.2580214521543584,438.4994160215492,0.5889025097336742,-0.3030304241891789,-1.322995470622053,0.2431508037162602,0.2839685693221608,-0.40259133593675966,1.19806540195293,-0.867510986915203,-0.545433344432683,0.020702933131554548,1,Growing,36.41046882326096,88.3892291184686,49.04060577403894,14.564187529304386
248166,MAINOVA AG,11,-0.041379652716437204,0.0020392469500787377,2.89769005823037,-0.13566963962656672,0.00287080644121686,8.007200722176337,0.01919161260292293,0.0002450780740219781,3.8766736214037643,356.9149090909091,0.515112173463409,1572.5837475254348,6.610541075495391,-0.020472950632767925,0.249921807165251,0.12950256277628164,-25.07055454545455,0.5255913475651054,109.35530012209462,0.4234179020071444,0.18968682528275138,-1.6492593075923432,-0.032164131014884675,0.9235622353142413,-0.6858805498409275,-0.046608713891014654,-0.12140121131693396,0.903832944313241,-0.22676779859825566,2,Growing,40.05802288333012,91.0608969655163,46.50273517588422,16.023209153332047
269104,BAUER AG,11,0.09769851549425758,0.01927040919433372,2.225576343615636,-1.1191741664373573,0.17287613240921648,8.511971443276249,0.05595002123465378,0.006403846880110084,2.2109544030455233,40.83320909090908,0.43908506127523733,194.867396003895,3.933609182123421,-0.047606853411346475,0.39773763263721096,0.23871028724469795,-3.906427272727272,0.07056371862765276,46.50386118137783,0.5776309795842608,-0.3377898026746705,-1.7198574407785645,-0.10959965630473206,0.4098923707150531,-0.1353951199800259,0.19638557243339236,0.081872772644376,-0.5256620794298121,0.6389626715234249,2,Growing,36.91653724035571,93.85867414164186,45.36079112895332,14.766614896142285
269835,BRENNTAG SE,11,0.043212285047499945,0.01198644935566682,1.2481361296448836,0.10974626759587733,0.026657201370044112,2.125604607232001,0.029577388059669456,0.02884681176873489,0.5506947155619119,802.5627272727272,0.7650157118251909,2901.6418669663954,4.950364629999826,-0.02187584988361415,0.5308173548464231,0.09494943345960116,59.56636363636365,0.29193390776415995,348.62523343617823,0.5723620751261226,0.30440763997758213,-1.2848746771237434,-0.1783439513972023,0.8314567356408862,-1.0989473129120313,0.5411153738733735,0.4067335704606804,-0.3785793765945204,-0.29045863787303217,2,Growing,46.49833375027591,97.29942573557065,48.08985724031204,18.599333500110365
270249,DIEBOLD NIXDORF AG,5,0.26288981204928535,0.16535546144001034,0.9142805522848934,0.2294556168636877,0.0009305194716366671,10.637778872932982,0.31931894179770987,0.3779213193661512,0.7345798025749074,-20.440599999999996,0.15079785144614305,74.44080494083867,-0.7119020541527799,-0.05300662014668132,0.9020653587259502,0.07892709318942952,12.206400000000002,0.23345595818140208,35.72729321177299,0.4902150561885345,-0.624955795902576,-1.0040343399168623,0.4919409600866323,-0.08815313344664123,-0.7422825874936527,0.8883421649423318,-1.7046219922180408,-1.3327140088673108,-0.4018673179098385,1,Growing,28.89021502018027,99.47611507015496,49.03038152458797,11.556086008072109
271763,LANXESS AG,11,-0.5666661696352858,0.5712001354570813,2.371008630691028,-1.0586689888421472,0.09502889613038598,10.86006311975729,-0.5081288468194866,0.3245282395020797,2.820639632842425,-155.38181818181818,0.26809622214134143,948.9751758067861,-2.2661280105879755,-0.02194098463110027,0.14849891310828872,0.18005055969493203,-10.9,0.033024748788335306,189.67353422862362,0.24515256074846678,-0.6832303722289771,-0.8755803487175905,0.18309594236436388,-1.1766248247994495,0.7646565824012361,-0.7951951128179772,-0.14748539921042983,-0.4208209274191651,-0.12768990873386935,1,Growing,39.536675358561965,96.24323516415764,48.21349880386131,15.814670143424786
273099,MTU AERO ENGINES AG,11,-0.618520755882957,0.3841377291216979,3.1558096193406655,-1.2485900100871896,0.27001691486280865,7.59843880937968,-0.522577306925928,0.13181529255894736,4.5516372973744925,188.19545454545454,0.41124027872837504,928.0284864002009,6.592514876846045,-0.008140845187085514,0.09579061604096734,0.08317791173967012,21.117272727272727,0.28051418075365675,126.08412775891847,0.2254001149774237,-0.3919163128541333,-0.6972690048720903,-0.08954507580622031,-0.22616007419392964,0.2732689599351846,-0.4785937044544683,0.2567426459219399,0.6331501995243481,0.4937962868817138,1,Growing,42.50925620925924,99.25393045527319,49.40326962897506,17.003702483703698
276585,WACKER CHEMIE AG,11,0.3933971874323351,0.082293026052425,4.336603684458979,0.5418511226563771,0.013737870955641277,14.619087355886197,0.455456032142309,0.08132090122133334,5.050627822832769,178.14818181818185,0.32676181753669276,985.5206820309473,1.7163894862379792,-0.017979845055792337,0.09719062332595661,0.18237855107247486,26.32181818181818,0.0652126893255881,325.9491325725433,0.5945662115610904,0.15222362321515684,-1.958323598517071,-0.06946345847613955,0.2899222869356372,0.671323672204937,-0.7104556966631814,-0.10342646076705805,-0.17523280916921005,0.25667179319198935,1,Growing,39.7058057321857,98.51804777548648,47.7485800275177,15.882322292874282
278310,KLOCKNER & CO SE,11,0.23953398480837254,0.01954631221993238,5.417946640684794,1.2600084801584597,0.06602248867543242,15.506990565291947,0.10773640244949141,0.015171502685082359,2.765974489324303,129.8494090909091,0.15956566340309372,1027.9458949297423,0.19547990490367262,-0.002111796234426858,0.007653731376685505,0.07633353997482782,6.021045454545454,0.011464995829037716,177.82178084575867,0.7325585564956109,0.13466997170614659,-2.359319789371644,-0.014338243259690565,0.05817310483225845,1.100877369194379,-0.7337536518415476,-0.17998531557855135,0.05880668913558968,0.6565336551667728,1,Growing,32.07595123327487,98.60020935886318,46.8526501690875,12.83038049330995
281772,SYMRISE AG,11,-0.0907094473532792,0.21633441987740318,0.6167223809782121,-0.5611867652408582,0.54104482685747,2.4126304001785486,-0.16395144603314366,0.311270883538305,0.9292787415987407,273.42670909090907,0.9615624264749846,881.7636533192585,8.955285892690812,-0.03433158853801905,0.4117535173827013,0.16919021409922327,30.022963636363635,0.37464552450041394,155.11124573779483,0.026643530092964357,-0.7134109686822651,0.5724108409585722,-0.48902583971387886,0.4946418521663762,-1.0142928619997205,0.22272255308920996,0.9093350163161539,0.25592756953209506,0.4625732038510469,2,Growing,42.84765731333556,98.52441716424802,49.77132333374239,17.139062925334226
284636,WACKER NEUSON SE,11,-0.05769676592304125,0.01035735338250023,1.7927803079776339,0.11777028404726456,0.013078667294186101,3.2565217004971485,-0.0979512458514454,0.029934964477456884,1.7902784773923703,119.25409090909093,0.8270514945914421,414.67419539953045,5.696461024081589,0.0114325361710308,0.12340109587129759,0.10291604207754845,11.639945454545455,0.06533619984600114,144.00381896979084,0.4998613653250561,-0.06499233412241391,-1.8089292393668872,-0.44257072228554983,0.7159730275872501,-0.26275202720374086,-0.5557417962107144,1.1704655907538477,-0.29935673425319037,-0.038695845581279406,2,Growing,36.58184808815875,95.96843115945664,45.79408123040327,14.6327392352635
284944,GERRESHEIMER GROUP,11,-0.21083019389821542,0.3680200359091014,1.098998441355147,-0.6760562702513361,0.47839091881334767,3.090945742391676,-0.14623513953854378,0.1484072624515376,1.2003949696552079,71.43557272727273,0.752106280485361,260.48032396464663,4.668547765455555,-0.04350359907457425,0.4212484680945679,0.21196102966974964,-18.55734545454546,0.540891547739806,79.79225796813179,-0.02216953862590635,-0.8184472496526957,0.2175152900093214,-0.1756834714739384,0.23731293478568308,-1.0583698402953485,0.30376827056492267,0.28550822814893906,0.8131834622921852,0.4013635923568807,2,Growing,42.87392587809147,91.91290524740808,48.62207603936522,17.149570351236587
285715,SAF HOLLAND SE,11,0.027706179173058558,0.005355024902626517,1.1972804498084122,-0.17044732491907197,0.01376413068148008,4.594262397514538,0.10359047867956825,0.10551823707414434,1.0084539619556658,92.82481818181819,0.6617870293366936,360.8319470169133,6.93694991173659,0.013460141312926863,0.02760057204163135,0.2562067561064704,12.115954545454542,0.53948679378189,52.163560408069166,0.2565537814501791,0.024053450414028222,-1.4854501505583884,-0.1484192616755003,0.8994479460198627,-0.8369190550912713,-0.9122331381146714,0.3240906481736166,1.0899852977430748,-0.34786351071872834,2,Growing,37.341203628430506,96.03377196198822,46.08016979155376,14.936481451372202
287162,HAMBURGER HAFEN UND LOGISTIK,11,-0.43585226781631253,0.5399881126905464,1.875630172139036,-0.7731492718634156,0.2507646840486371,4.882364109997078,-0.3414374050639267,0.1945873352782075,2.4476753360491768,44.51954545454544,0.8675672001661874,151.14687042740908,2.903564198583508,0.11796347086028325,0.6585450151908451,0.4596791536347295,-11.791454545454545,0.29530449101064676,68.61709936673317,0.04884867671014196,-0.9081833224281404,0.1676465126474273,-0.21732890103091312,0.04343335589492482,-0.8752633433583011,0.802508572859225,0.37625107572362454,-0.42272545798399463,-0.28218344135103396,2,Growing,40.37958935761971,92.8064101426864,49.07125231075669,16.151835743047883
289333,SMA SOLAR TECHNOLOGY AG,11,0.5545861986652604,0.05483660817971441,7.489171318133768,2.0471705270884226,0.10396243194571567,20.077785276766996,0.631703926132041,0.055840691137759385,8.453531662962261,73.17388181818183,0.5086286520725669,324.4559060705315,6.626789889001095,0.00035131811974505376,0.003995823417529162,0.01757508385703162,-8.045854545454548,0.08305813168761923,88.28381623992189,0.48405263471299315,0.09487541266668865,-1.6887935718447964,-0.4691264804750905,0.9433054608789938,1.11311588397875,-0.6132734888433736,0.30098585553615725,0.2898581026566674,0.45049477706296626,2,Growing,28.75510272767817,93.30478471688745,47.33912617168538,11.50204109107127
295079,STROEER SE & CO KGAA,11,0.35148593194559535,0.46775079180997525,1.6251770530377652,2.074326303655007,0.6690671911582307,8.019406116831778,0.48529252216321134,0.4958153482817816,2.179433469713086,121.72341818181818,0.911103377001629,403.2647964577974,10.996514932841194,0.29221729519578743,0.8490007960483138,1.0028866906725453,23.986363636363638,0.6155608114777795,96.67828363304453,-0.2481294578061655,-1.1725744797310678,2.0215087549646102,-0.3727077969251219,0.7274953210833696,-1.390350965090464,1.155912282499499,-0.2853642543874892,0.16033604431404572,0.21795944227231348,2,Growing,21.010271022578134,97.67766495797275,53.644776433905314,8.404108409031254
295421,EVONIK INDUSTRIES AG,11,-0.4331087574281221,0.5877928288171036,1.786425147115358,-1.1903385759514047,0.5917471046481592,4.893306703751752,-0.5681103448253229,0.6121628501700321,2.2961444835108265,306.8636363636364,0.3342305161829696,1678.5039875924144,1.6120373324505888,0.013326028371808202,0.13226551677762396,0.1158717102167621,39.58181818181818,0.19642204308261318,282.4233677967989,-0.006625595153330139,-0.9184821524761669,0.9261188660138574,0.021250090074792505,-1.3525303385783793,0.6314136015961284,-0.7928316486440878,-0.02004793189350858,0.21427053756980272,0.6355040958641935,0,Growing,51.77728237941347,96.50630716626611,47.81289693645891,20.71091295176539
297185,KION GROUP AG,11,-0.19468305256867802,0.2383386350733533,1.2610459836753443,-0.788090191797211,0.45087869596251423,3.7114709430908843,-0.21706214395776283,0.15254195766071404,1.757476111040506,743.1109090909092,0.9571552828616157,2401.9415594558754,9.41497707835055,-0.024802590907167694,0.11050786558927708,0.2359393913316825,6.960909090909098,0.003436083507777501,375.52089464375956,0.2731920256484106,-0.2731735381454455,-0.21211632993663232,-0.7196355771541171,0.2550097061561565,0.043281100372141744,-0.40220142790168145,1.85594373727887,-0.25171711836495353,0.7127428575665027,2,Growing,34.210405862920055,95.32851091425002,48.80215953904871,13.684162345168023
297222,NORMA GROUP SE,11,-0.7668518742448992,0.6495234255484015,3.008943784220557,-1.727616214310864,0.6658608264425429,6.6950764215898495,-1.180630036173918,0.7462286605808969,4.3219313605803205,42.79493636363635,0.754113023135207,155.83828654953257,5.220209381883323,-0.05842582088528607,0.8765763510349114,0.19733764818374278,-2.683854545454545,0.15268683295078145,21.719918011960385,-0.17122794620240064,-1.639388463800024,2.089006939044499,-0.25514456426582116,-0.8532929802712713,-0.25821187762810316,1.365800409591551,0.014832960381616854,-0.9791326468738153,0.23474853369552723,0,Growing,31.86265157045985,90.84678808134863,50.8614907418138,12.745060628183941
313972,TELEFONICA DEUTSCHLAND,11,0.4534819410585637,0.8151594004406132,1.5883226396456596,1.2692428672351024,0.8170860015160922,4.440285001814141,0.927919209194586,0.8723950224718997,3.1416194411796874,191.55454545454546,0.5878548827274721,790.0551293663099,4.39780277612829,0.06450120677513548,0.7177305339289933,0.24076154900472568,63.763636363636365,0.7891074857123611,226.989095744216,-0.5979611915456572,-1.4288135195009386,3.2600823095310605,0.05794562901322945,-0.47060286004701757,-0.9003658914731284,0.38856721174468617,-1.277123533689817,0.7091349893421642,0.04741304015272038,0,Growing,18.638254961045988,99.90152394382105,55.1330015811873,7.455301984418395
315541,OSRAM LICHT AG,11,-1.0006406952328004,0.4465898859543452,4.735040736485526,-1.37300640483454,0.2197343515270423,9.262401124677654,-50.84636638748465,0.11841268884961108,439.313756498958,-624.0351363636364,0.8702939556562349,2115.3199226912766,-47.062739090662085,0.02892560498377842,0.7187699007230106,0.10789156927601294,6.8424272727272735,0.020539655186329376,150.9779818528363,0.6418308457674313,-1.11176567997674,-1.3803921581406378,1.9086008781784949,-2.3851465638154785,-0.39685519016010895,1.5430339291758655,0.7168470529623124,-0.7120336166957585,-0.46331057633353756,1,Growing,4.50122078507567,98.71607935583185,48.86390866282376,1.800488314030268
315582,STABILUS SE,11,0.026571218762340643,0.001259724570862591,2.367411074241953,-0.7937278145671246,0.23058721742678295,5.2270178747544875,0.2725675188843278,0.14292261055205147,2.2799411169467994,67.82086363636364,0.8631271783292508,230.84789556465117,9.9164125894601,-0.24386971145630937,0.5399066621950803,1.0495388548370381,7.308463636363636,0.7510675924830749,26.66776250999053,0.05770410928382291,-0.2722225598654703,-0.36835020830441434,-0.23853436131435296,1.421515093379249,-1.7190537962818637,0.7179274186466406,-0.042955591770297924,1.09547802297677,-0.21842718504968603,2,Growing,37.60346104520637,95.37589655048504,48.837639084837654,15.04138441808255
317079,SCOUT24 SE,11,0.8312858632112388,0.5785258954382702,3.4561214337508757,0.7009024795322588,0.26162759795483287,4.333270690942434,2.7933164819655585,0.6553504498423376,10.911472011048378,17.429545454545455,0.3674892479016539,90.92090351736076,8.398685822106833,-0.08391741777741828,0.7084302784583238,0.3152851779334086,10.256245454545454,0.3471449060732975,55.04691787650312,-0.12899618063926832,-0.9231889073088873,1.063785460096696,0.026831949994112814,0.2925281493792877,0.0755012975976448,0.26931100041170447,-1.4800858361408105,-0.7504476308211665,-0.3867308113419719,1,Growing,29.07667541347532,99.19911779244059,52.50647757823526,11.630670165390129
318434,ZALANDO SE,11,-0.1491270322903741,0.06904016832295297,1.7947561677506294,-0.0590406441354568,0.003413011547954002,3.1958192481998107,-0.09231774401717892,0.05103639497690944,1.2922459749208641,954.3054545454546,0.952115189110332,3092.734645119747,16.923015563863064,0.08236639515506933,0.7249435377415645,0.3059130243835585,52.94545454545455,0.5416368479287914,227.49642699946006,0.3439485350564841,0.32638358121378147,-0.4833231941696616,-0.41012953544013014,1.7425741632083651,-1.6845439344722761,1.2007231150593998,0.3523781549402685,-0.04427262601455685,-0.667174847889298,2,Growing,33.77725335485454,98.2249296629186,50.409207175477974,13.510901341941816
318452,ROCKET INTERNET SE,8,3.645697494075319,0.6210577408546093,10.5997175265025,3.6718727162360225,0.5842242560079726,11.007215717390606,-122.01437830990707,0.14775142725213203,727.3188121081633,146.16241666666667,0.598398173690245,432.9325476566579,32.93661949310789,-0.030512838647034125,0.6576914264467902,0.08620871544435028,0.0,,0.0,-0.3023824508546185,-0.5558785791880653,1.9348916175089013,0.39498544471915253,4.271869637805559,2.099193552535642,0.7629488333998304,-0.9653423037436267,-0.9784006862867869,1.743978585169869,1,Growing,2.9654654636542825,97.75497989326617,55.54701126060739,1.186186185461713
318659,HELLA GMBH & CO. KGAA,12,-0.633549608953168,0.4224391734141711,3.3649291996997417,-0.7857432715739437,0.07160244825288602,10.136642509737325,-0.5474795014026841,0.31635824974518734,3.360126878751663,106.58287062937063,0.14008371334685704,983.0395389501656,3.766351841879678,-0.03150973277803297,0.49932294095012125,0.15393286619642463,19.090643356643355,0.19827354992015817,148.0013132303787,0.36269055971091946,-0.49831098939216234,-0.7388316402542493,0.29489118570436484,-0.5871643623468953,0.2528160126760448,0.28536024140257754,-0.9401894703971938,-0.4582886031948943,-0.09625447087215047,1,Growing,50.98979895935622,99.54196492475602,49.120326537604825,20.39591958374249
319665,ALLANE SE,11,-0.5019966193768127,0.9017074241762841,1.671737058049805,-8.75597329758977,0.39238732576010354,44.20251120619222,-0.8366671539152435,0.8326079153159311,2.899562350844524,5.636345454545452,0.0626283477347839,71.22166565329505,2.6457089742244255,-0.06355223808152899,0.008618809004286677,2.164747372074472,0.0,0.0,2.842170943040401e-14,-0.4071378085988134,-1.2978307344599362,0.9482258927506684,0.17480816988154824,-1.988761691964969,1.6021023645844017,-1.5859757316234977,-0.5090137519561261,-0.4960085207961409,0.15741220041853585,0,Growing,27.66616241870013,91.19608531482754,48.0437718038751,11.066464967480051
319865,SILTRONIC AG,11,0.16368925996573366,0.00408437497848146,8.099484558667934,0.9828845054566342,0.04836412553488974,14.13321022274425,1.3043987376036914,0.15517386689275128,10.47131148277711,72.60181818181817,0.6903255408075827,276.3252210142879,5.261858180318435,0.05212925314878458,0.5456639051440725,0.22316130349209995,-55.632727272727266,0.3951830313651796,279.85379890280313,0.4302692637856207,-0.0025063914283363006,-1.0668540795059878,-0.27719416887820336,1.2215089875313248,-0.15936258316900456,1.0085786137482011,-0.31741406740314254,0.3583208527677534,-0.33911417308347447,2,Growing,39.10903487205402,87.16726875023338,49.27769115046329,15.643613948821608
320124,SCHAEFFLER AG,11,-1.0002891525808892,0.8638052218581179,3.403436457262079,-19.430015699564734,0.3944686936709847,97.82883473778635,-0.8422117865832994,0.9163925996279358,2.782149916548342,437.2909090909091,0.670235355023658,1689.1055239606494,4.139119596877849,-1.6224118145125104,0.2954132367505356,9.439437704284508,16.42727272727273,0.09609852099026026,167.57418487946322,-1.095736292948771,-0.9285194781476046,1.7190692380032584,-0.19228370759105035,-1.5766877080888921,0.7962663427950505,-0.3031636447259733,0.44154017666374173,-0.5886948850879501,-0.5153551514475333,0,Growing,44.77834471975046,93.36351573991425,50.60731418148191,17.911337887900185
320448,COVESTRO AG,11,-0.9886377981013741,0.17401282633911633,7.4945675810803545,-2.4972005127683614,0.3381169172941523,13.580631498099924,-0.7668193612743537,0.16872963392890875,5.903334436410591,355.2909090909091,0.30873731095755486,2022.039041239689,1.8873191453820493,0.012392870895831359,0.12747855781140754,0.10976233937470287,-88.2,0.20064270428449343,622.6685041944088,0.5165540680917566,-0.09601970976352067,-1.0266247380274123,-0.06443469405496373,-0.5635569842228625,0.9783490627174963,0.2702730757818172,0.17316715145556583,0.9143348900103877,0.7338563589438191,1,Growing,37.853796885879746,86.17245988986659,49.29135427656352,15.1415187543519
321632,UNIPER SE,11,-2.762015132827845,0.05398074374777512,37.59296857959033,-5.524695808860061,0.031303949066960456,98.7435658516444,-1.1938703768392598,0.05054106172840381,16.793259375411818,6794.709090909091,0.12265223729958821,61352.62236078792,-2.331161608460286,0.007690861494536615,0.025127978858117215,0.15342502798774738,-185.57272727272732,0.012869818615984834,5172.826800448476,2.6314995106926298,8.296908691923955,-0.47063899061248154,-0.47693855691145187,-2.1753379138108184,7.16901648461552,5.223814107181435,1.0980906422948453,3.1620417538169927,-1.5832610673845846,4,Growing,0.7287322080791918,9.809932913018422,46.342160682010636,0.2914928832316767
322597,INNOGY SE,6,-1.8923674878347554,0.6418805135675534,4.03386891663271,-3.1941014281707623,0.4464101813604421,8.164414711291847,-2.6073795855329838,0.6838746222982153,5.3846740098907935,-2156.1142857142854,0.8697816690756468,3948.2991556139996,-5.072983595302249,0.28415223774364834,0.8213388805773257,0.5354677121599888,-227.45714285714286,0.8708024178330126,416.277718463154,-0.3862744866660525,-1.8791127218714536,1.5198675473082965,0.2882705802330251,-1.2661111464296368,-1.4237694639795513,1.8227787721737687,-0.7214565076007694,1.5586556078038953,-1.2601352485115385,2,Growing,9.870804587252694,68.17952676532938,50.350438182184526,3.948321834901078
324859,DELIVERY HERO SE,11,0.8593399137390071,0.25232977092086983,5.409794116232072,-6.575013832462224,0.2545108824936987,41.213879066079855,8.972026520287347,0.832158532973581,31.101942435930127,1247.9495818181817,0.8369219599328002,4313.745886197892,63.87759373234276,0.2855594186364047,0.6202221011572173,1.1466288642893645,-17.715736363636363,0.017000162631807137,429.66766397388676,-0.28308374162865696,0.13806797665264556,2.3989051185557,-1.5151694626565366,3.5257075549695274,1.150484196228913,0.5801608032703243,0.3804496477560724,-1.811268781102013,0.015030209394487385,2,Growing,4.637307228909279,92.02357814145446,56.61708924910377,1.8549228915637117
324977,METRO AG,11,-0.3112482730414712,0.6531190960010653,1.2178975574419497,-1.422246879880825,0.1578353886036702,11.320687385347028,-0.14996869248568365,0.6741386588581022,0.5775984095389967,-1058.7636363636364,0.4811238790243343,4826.925109894385,-2.2529324272819395,-0.14178946621592964,0.14685402612196785,1.1700408880184576,15.918181818181818,0.06840930348374154,192.45795934619716,-0.07137423705670233,-0.9413733474356879,0.1251842553689183,0.08487573216992027,-1.3799835500840574,0.6806195733082766,-1.0812370353477143,-0.15590109139343003,-0.5322079584744075,-0.7497773789443734,0,Growing,32.28953205167752,93.29557856256001,46.5797516242827,12.915812820671007
325735,HELLOFRESH SE,11,8.347219078789843,0.6807276020445041,31.993012204905707,22.99446475115067,0.29183444952959087,134.60308894896207,3.4122079361327287,0.6279619665767598,13.61660434044079,916.3936,0.9047704300306826,3046.581834602551,60.01266183192724,0.02110568780500882,0.0120127159033558,0.608946174679435,25.577009090909094,0.20378962437096193,179.16728943482258,-0.9028186257206161,1.6213338772378247,3.366248539817307,-3.2612992933884266,8.097824850863272,6.327979200859896,-1.198582905127209,-2.2928313232728206,0.044401742258856944,0.21251435025751195,1,Growing,0.2478596834178893,98.62302257647625,61.4453586590341,0.09914387336715573
326410,1&1 AG,9,-0.8882759190176527,0.4237279881553789,3.523373499866804,3.0028294083096903,0.2263436222065826,16.296746127959764,0.17617649291895807,0.032467408723126624,2.52451826241659,187.1203833333333,0.7712310696358127,550.1526514820149,6.640095494614773,0.1666397423993723,0.31927154288223714,0.761470092332138,-37.314016666666674,0.32818055903014903,168.17829544604083,0.20829148378107692,-0.5138700065591978,-0.509152352735428,-0.3007026859741025,0.15259615930071438,-0.3498756959785071,0.33125076425904887,0.7779201160593082,0.4889109729403146,0.03861241159574771,2,Growing,47.93920513571189,89.4806198200251,48.51608388716899,19.175682054284756
326577,DERMAPHARM HOLDING,11,-1.0308591948829207,0.32716761805480155,5.699203873613509,-1.1360628395964751,0.019614401116342058,25.651621799453476,0.6342065967192626,0.18083648887113943,4.716151219706286,90.5095181818182,0.9678133638109763,290.9366579171487,11.568429234949207,-0.3074614084466046,0.5045382406825027,1.3688112567116837,16.75398181818182,0.6444811553555956,65.99528797141318,-0.08804157910695581,-0.22150089162262315,-0.1673522823192266,-0.34015760330079986,0.9638709483206201,-1.043794463076873,0.9245133322255937,0.36453458069735023,0.9661395031412893,-0.907808001469615,2,Growing,35.47106740544355,96.6727576910992,49.56720839411496,14.18842696217742
326765,SIEMENS HEALTHINEE,10,-0.6954263309959278,0.751583398802196,2.3040373515877604,-4.422751911156605,0.6358074251301022,15.931503210132156,-0.4776451175456497,0.5622366133614215,1.8296699488524975,1181.878787878788,0.8431213530150107,3697.046118186788,6.270922552780589,-0.05286747723292222,0.05557859997009526,0.6441125481758476,53.86060606060607,0.16352961841793764,382.5603873900172,-0.24485982827867284,-0.5543796594985202,1.6926928252268347,-0.5124493713886974,-1.0286859350548083,0.557653963218047,-0.6761937519643094,1.4399807988337525,0.2570246818542204,0.33700639665360765,0,Growing,50.778770659357434,98.49689349948395,50.079895801977216,20.311508263742976
327148,SPRINGER NATURE AG,9,0.4451246533098013,0.9211187310988426,1.6132228689557409,-121.33209341493641,0.06498702733292837,1655.5140975808793,0.8104904438494789,0.7392075753636814,3.2789532340686405,61.52061224489796,0.6729537350414165,260.8546442601679,6.773296615536628,-24.673713079843104,0.08044419209953999,302.5921738645716,22.7865306122449,0.6663658021326136,97.0939979836264,-14.583464937200295,2.6428828364539765,-1.0370912144348141,0.5848849793501826,-1.308606796054259,0.30200171648288054,-0.5050826298474443,-0.7312629628076123,-0.6272274872861903,-1.6695257612840055,3,Declining (Volatile),99.99999157063066,100.0,50.0,39.99999662825226
328745,KNORR-BREMSE AKTIE,11,-1.5942353292564566,0.8812355575387688,5.370397387512169,-2.4569860742236935,0.8494624952707274,8.430058539998923,-0.6583842840662589,0.818630594329998,2.3010998804773934,261.19381818181824,0.865103227191626,888.032638439406,4.383334176161902,0.05847959633644602,0.4412967083821765,0.27838063563889004,12.610190909090907,0.0674781196799685,153.51123846914462,-0.3160534172517254,-1.639627801737109,2.6919469868018457,-0.5030778385686098,-1.7036781952276505,0.7440824844236797,0.638789672643405,1.0859658492797617,-0.15571353257428835,0.5466501503688782,0,Growing,35.590650549476166,92.85533633759803,51.72939289958715,14.236260219790466
329260,ENCAVIS AG,9,0.07629032489807079,0.040196654640045515,0.9824916761787892,-1.2840893282679282,0.1422300129932951,8.791317850916496,-1.7933585055783152,0.45993679648027314,6.827668224842451,39.35418333333334,0.8539881270782808,109.95610784207386,14.222408316544687,-0.08259383275485127,0.36926916337432847,0.3509380585779057,5.008133333333335,0.023857187797128396,83.71834389512975,0.22640728493806592,-0.5212609713404261,-0.4357828171071226,-0.5753131009013771,0.8440666044756522,-0.2907931585314737,-0.22209741770364397,0.7961973309791546,-1.0561165707000089,-0.18824068521492188,2,Growing,39.52967177424273,95.0627065998617,47.61714437222639,15.811868709697093
332311,TRATON SE,9,0.41013160674206717,0.3316625271817298,1.8387784576104345,1.2134221993369807,0.3486944189281816,5.305713662199139,0.33803306441861164,0.15058866623312134,2.2491447656780656,3371.4166666666665,0.808562767286259,9680.770630481853,10.144584834482684,0.08378300236652064,0.7777014104880039,0.24530355741038887,75.73333333333333,0.05001045682300919,874.4017778663322,0.678140446244941,1.0908492233066625,0.6285394380099811,-0.4938702472024498,0.489350437040293,-0.2905617163812221,1.4052971500307427,0.9483110131765502,-1.4549387328960806,0.06929377812458845,2,Growing,21.24029200610314,95.07600367904232,54.770364139491406,8.496116802441255
333885,TEAMVIEWER SE,9,1.8197907598372827,0.5591127255592879,6.2838547445964785,10.446607178572615,0.35333237263391803,45.377223583697344,2.123393221414488,0.14944096730055284,14.182407577683357,75.16689999999998,0.9728207126063874,196.77259169036526,28.26141948574381,1.0797271360491758,0.5744134129852624,3.678375832755143,21.517133333333334,0.9144973014020836,58.096178692038634,-0.417389701023722,-0.34426138752526864,1.6470461024512315,-0.8784058138516074,3.2066559562359234,-0.7384008281840388,0.407464382001344,-0.7423020606826742,1.205420794812427,-0.21258545172389745,2,Growing,14.663687352686534,97.33340743504584,58.34038490455245,5.865474941074614
340115,HENSOLDT AG,7,0.5474023516947875,0.6628522592998444,1.3447089148325406,-0.6275866192287742,0.007958858127689759,14.06948787395821,0.9894429023506705,0.7323852915410274,2.3123359234956053,191.26503571428572,0.9374761203648355,395.0803906500601,12.412138766324166,0.3452746781577392,0.035306429296505695,3.675088704671423,24.374607142857144,0.29094533337667283,90.37783269097775,-0.44465325254066834,-0.556557090801257,0.922647023909175,-0.56153650571506,0.49560620298785285,0.1729584448354527,-1.7256855872887558,0.5167721331034172,-0.2991407653130141,-1.463388115705502,2,Growing,23.827102941798252,97.73190412841345,51.392566974663,9.530841176719301
340153,SIEMENS ENERGY AG,8,-0.7482810710884006,0.3295723108124757,2.986544927679433,-3.216834754307935,0.14231280456422957,19.53828387239282,-1.1688684584344808,0.33355994602247063,4.637226870683699,568.547619047619,0.3824267799825198,2106.5527972258374,1.9601691725105619,0.04675740874359775,0.7691878315196028,0.12215574144151785,153.35714285714286,0.5411402639884981,477.6708463994846,0.2973486681367617,-0.07992422253542722,-0.03564379890960891,0.38878662903790057,-0.29815850538615857,-1.0788794423491137,1.1164861331222842,-1.047313299839602,0.06460768207340377,-0.33815075018852625,1,Growing,32.53913338331405,82.15413985537535,51.6540456698622,13.015653353325622
346413,AUTO1 GROUP SE,9,2.552316322036775,0.758972768724007,7.564422386471623,7.472876245285749,0.000373705158677015,998.1081784015447,0.5171088323214388,0.6165278140185146,1.700434818424967,628.8852333333334,0.8784031052547543,1732.522313107627,19.918353139460265,0.08606562927517494,0.00011493644337117929,20.727897000381432,0.3232750000000038,2.8608019911719667e-05,156.05676185588513,-2.702864044795229,0.6285147886445704,0.6168939081139683,-1.1655907629502378,1.8513480524334505,2.4071542404413293,-1.7203116019601532,0.06495074847455082,-1.3735439589084748,-1.113257395545646,2,Growing,4.986428262257422,94.42803967375943,62.68796471785933,1.994571304902969
347562,SYNLAB AG,9,0.8135569851044366,0.22982175248107956,4.38174180113802,-0.6609160713495793,0.004957725909768638,24.235915333774663,0.507736975074965,0.061791265355221774,5.273872393536314,302.1730166666667,0.7399756274863971,906.9875860702726,23.317058599625963,0.44029635741544104,0.0837317044899053,3.928750931485965,61.4028,0.4223883409269595,243.94200280895546,0.03254371984499128,0.3297057159071584,-0.6702514256058026,-0.7049858407756827,2.1438061303762166,0.043471303696706015,-0.8038306122891411,0.2662947036173876,0.5304793940927175,-0.13849401196031502,2,Growing,33.12617638389076,97.04426778311208,50.972316694704226,13.250470553556305
350278,VITESCO TECHNOLOGIES GROUP,6,0.908511592624763,0.6334689675230227,1.9494459575933032,1.4267862081020402,0.08747820053667968,8.238580343622925,0.7667813728400232,0.6127339875537323,1.672934617390625,20.108571428571484,0.005607441002341315,458.6086700251342,0.19631619914226572,0.03962676142766393,0.8528050487801904,0.0732836510325841,35.02571428571428,0.09132821337346628,197.93742627967612,0.20504196986837792,-0.8823234323656478,0.225467342199137,0.43949271890909064,-0.5416429767175129,0.3459429836009826,0.2772511301942235,-2.203702733825238,-1.900700471248794,-0.4369007764943292,1,Growing,23.77536816355724,97.29955531831926,50.583190850343485,9.510147265422896
351590,DAIMLER TRUCK HOLDING AG,7,0.44865471366063026,0.19637312212555466,2.024888939090993,-0.2410038578404329,0.0052132169303869885,6.675765790895131,0.7266982425643214,0.3204495168611029,2.5674635991655896,2334.1071428571427,0.46449158503864635,6849.547126397094,3.6148157159391348,-0.07288185377287071,0.5694562511354373,0.19316090158741184,-175.2142857142857,0.05805463205553709,1454.3906361253084,0.7063958659541781,0.8862375322152943,-0.6522475061999135,-0.05206634606505605,0.05438867483946754,0.21129272375251756,0.5610084811442588,-0.019007665391014533,-1.275550550371029,-0.7504567849098309,2,Growing,27.36941074462525,73.46757934374111,50.42574681226092,10.9477642978501
354519,DR ING  H C F PORSCHE AG,7,0.4610142394229677,0.18893163196042836,2.1212506939929945,0.6792254781142937,0.08252897400883644,4.728688878693293,0.11399933371381193,0.014689455986969963,1.881176100319631,2709.142857142857,0.9453378642455721,5572.7347955955,7.630408277833656,0.011715028328342373,0.4001820969538273,0.03703774275506183,699.5,0.7136617470911779,1656.0426027251883,0.5354185497005665,2.28006620869803,0.2746736466040521,-0.145663670060978,1.2006710224820802,-2.0111264273760523,-0.15262580446802043,0.3774264040301844,0.5539718493955426,-0.09102788569025796,2,Growing,20.392752272736377,38.969474325733096,56.330845544034425,8.15710090909455
355804,IONOS GROUP SE,7,1.0697218581778403,0.7549887052103655,2.4622414522199536,-413.79490678680384,0.1570021207155362,2088.6341621481665,-0.3682413121916899,0.14808946354942037,1.9138170756370716,119.79846428571427,0.9667475939261269,243.68269918297858,10.080663906279241,-29.554761855459333,0.1561182536172921,149.59966385429036,39.94610714285713,0.7793515217474459,90.4977463805546,-17.300283125442483,3.6811982290163336,-2.36420727631373,0.3873890490469364,-0.21412211557705296,-0.7088280649491369,1.433663048259294,0.6857618980783932,0.21099613690863714,1.829051951101463,1,Growing,0.010010403674460367,96.61741013580803,52.782149068607495,0.004004161469784147
358679,SCHOTT PHARMA AG & CO KGAA,5,-0.591496557288598,0.8773030349061104,0.8930841939903222,-1.3506627926575883,0.48447193938123456,2.744274943095908,0.9721526029538595,0.6358118199172683,1.724190081729318,99.5658,0.9654989324891768,143.3010215837975,13.133840565512633,0.027805812450124548,0.7412409341909099,0.045674193724030164,9.409799999999999,0.2814242001090615,25.08503264179659,-0.43942964198937323,-1.5110045493147974,2.278487125780838,-0.45136982463115505,-0.19835032456155216,-0.649329626992785,0.6938340411137416,0.4191004931096661,-0.8292932847381399,-0.35847465104167786,0,Growing,30.75571332062305,92.43139125382895,52.68607354211771,12.302285328249221
360887,DOUGLAS AG,5,2.64162657546941,0.7826942755456759,4.22270112687506,13.757069985987025,0.22758784376493232,40.78180219934398,2.7505162680335276,0.6899824917532128,4.682849284563041,341.0900000000001,0.9133619250728053,504.7339679474724,8.32359075821767,-0.33821184055338294,0.018479054135484944,3.518551700667748,49.03,0.6326511218043359,87.17556079544312,-0.7571327579644868,-0.34787568619051107,1.7895641730991743,-0.6470441309273205,1.4720169354876942,0.38995617984156666,-2.0624019313138833,-0.5570578565971644,0.6428104301095746,-1.2354076607919688,2,Growing,14.157433881408696,98.77638863456043,55.76500389860631,5.662973552563479
