cluster,roa_trend,roa_trend_r2,roa_volatility,roe_trend,roe_trend_r2,roe_volatility,ebit_margin_trend,ebit_margin_trend_r2,ebit_margin_volatility,revt_trend,revt_trend_r2,revt_volatility,revt_cagr,debt_to_equity_trend,debt_to_equity_trend_r2,debt_to_equity_volatility,fcf_trend,fcf_trend_r2,fcf_volatility,cluster_name
0,-0.029605287381573142,0.26397913948915236,2.9467074455250777,-4.009653206060387,0.17378202816729826,46.92798849526302,0.07265158221830238,0.2514137509082433,4.655193331813735,144.930352737877,0.6040392072357392,1512.362265834699,6.230802233411199,-0.23502310482137231,0.36009476347195013,2.3864283176895915,15.83377331072096,0.28441028911611366,276.56298768965127,Growing
1,3.6640919592107877,0.5827917429511529,15.775923489297911,8.431110354184051,0.3652643523548686,51.62423526367678,-56.48284558708633,0.298042027559501,393.4163909825207,146.17362676767675,0.7911541864590541,1864.9447683168285,15.295514078124349,0.011408223185511065,0.4975888252925275,0.2510177959525288,-10.545424025974025,0.25772859873446213,173.17705635605512,Growing
2,0.12229355071940896,0.19722253464345554,5.016925317572346,1.3055262624171926,0.10391754123660621,26.097799800324132,0.3861070987978692,0.2939745466763243,4.483178311473589,3248.1952525252523,0.4615758687526693,17633.666990396934,3.594470663907032,0.03478977771804876,0.3495830282440025,0.5285248846404932,642.889471861472,0.41892950214154134,4251.389305550156,Growing
3,0.4451246533098013,0.9211187310988426,1.6132228689557409,-121.33209341493641,0.06498702733292837,1655.5140975808793,0.8104904438494789,0.7392075753636814,3.2789532340686405,61.52061224489796,0.6729537350414165,260.8546442601679,6.773296615536628,-24.673713079843104,0.08044419209953999,302.5921738645716,22.7865306122449,0.6663658021326136,97.0939979836264,Declining (Volatile)
4,-0.7563156158816373,0.7203165834743409,2.931056230780182,-2.9719461223090042,0.5794422626441782,16.006955491701834,30.70031523386736,0.666548680335145,65.06215381176371,93.93368966810968,0.48970073091095223,1338.4012294298436,3.004556462533692,-0.008921737891682692,0.3061002021181176,0.8168342992578287,1.964655814300639,0.28748573075656897,244.61703965992055,Growing
