dltt,xint,seq,invt,dlc,emp,gsector,naics,ebitda,fincf,ivst,che,at,lt,revt,ivch,oancf,loc,oibdp,ggroup,gind,sale,sic,rect,gsubind,ebit,xsga,act,fyear,ib,isin,dp,xrd,datadate,capx,lct,dvt,cogs,gvkey,conm,ppent,ceq,roa,roe,ebit_margin,ebitda_margin,net_profit_margin,operating_margin,gross_margin,roc,current_ratio,quick_ratio,cash_ratio,cash_ratio_enhanced,working_capital_ratio,debt_to_equity,total_debt_to_equity,equity_ratio,debt_ratio,interest_coverage,net_debt_to_ebitda,debt_to_assets,asset_turnover,revenue_per_employee,receivables_turnover,days_sales_outstanding,capital_intensity,working_capital_turnover,inventory_turnover,asset_quality,capex_to_revenue,capex_to_depreciation,fcf,fcf_margin,reinvestment_rate,cash_conversion,financial_leverage,rnd_intensity,dividend_payout_ratio,retention_ratio,revenue_growth,asset_growth,employee_growth,fcf_growth,capex_growth,margin_trend,leverage_trend,capex_trend,fcf_trend,margin_volatility,leverage_volatility,cf_to_assets,cashflow_volatility,margin_consistency,growth_quality,ebitda_outlier,ebit_outlier,roa_outlier,roe_outlier,ebit_margin_outlier,ebitda_margin_outlier,net_profit_margin_outlier,operating_margin_outlier,gross_margin_outlier,roc_outlier,current_ratio_outlier,quick_ratio_outlier,cash_ratio_outlier,cash_ratio_enhanced_outlier,working_capital_ratio_outlier,debt_to_equity_outlier,total_debt_to_equity_outlier,equity_ratio_outlier,debt_ratio_outlier,interest_coverage_outlier,net_debt_to_ebitda_outlier,debt_to_assets_outlier,asset_turnover_outlier,revenue_per_employee_outlier,receivables_turnover_outlier,days_sales_outstanding_outlier,capital_intensity_outlier,working_capital_turnover_outlier,inventory_turnover_outlier,asset_quality_outlier,capex_to_revenue_outlier,capex_to_depreciation_outlier,fcf_outlier,fcf_margin_outlier,reinvestment_rate_outlier,cash_conversion_outlier,financial_leverage_outlier,rnd_intensity_outlier,dividend_payout_ratio_outlier,retention_ratio_outlier,revenue_growth_outlier,asset_growth_outlier,employee_growth_outlier,fcf_growth_outlier,capex_growth_outlier,margin_trend_outlier,leverage_trend_outlier,capex_trend_outlier,fcf_trend_outlier,margin_volatility_outlier,leverage_volatility_outlier,cashflow_volatility_outlier,margin_consistency_outlier,growth_quality_outlier,years_available,latest_year,PC1,PC2,PC3,PC4,PC5,PC6,PC7,PC8,cluster,cluster_name
2589.29,73.101,-525.588,33.858,155.399,3.021,50.0,515210.0,1429.175,-774.186,0.0,1.933,4153.164,4678.726,2631.54,,1267.322,DEU,1429.175,5020.0,502010.0,2631.54,4841.0,177.121,50201030.0,858.442,734.662,229.793,2020.0,534.523,DE000KD88880,570.733,20.234,2021-03-31,417.469,1763.21,88.2,512.873,104357,KABEL DEUTSCHLAND HOLDING AG,3231.179,-525.588,20.669590702413874,-101.7000007610524,32.62127879492617,54.30945377991594,20.312174620184383,54.30945377991594,80.51053755595584,41.597187966091994,0.13032650676890445,0.11112402946897987,0.001096295960208937,0.001096295960208937,-36.921657801136675,-4.926463313469866,-5.222130261725915,-12.655122696816209,112.65449666808244,11.743231966730962,1.919118372487624,66.08669920089841,0.6336229438567801,871.082423038729,14.857300941164514,24.567046292285127,122.78661924196479,,15.147764191623844,4.3112672651501365,15.864056788040463,0.7314611210495977,849.8529999999998,32.29489196440107,32.94103629543242,147.63047474377998,,0.7689033797700207,16.50069314136155,83.49930685863845,3.383981481917986,-1.4404597396735608,-5.059710873664358,35.373472404521245,-2.201622519426427,1.0855360562517546,-0.5214025199937786,-1.3064711510114162,1.6733753246814624,3.7063329177757907,1.418678577261145,30.514614881569806,3.6471205110281133,0.5146961303863442,0.3530826581344067,False,False,False,True,False,False,False,False,False,False,False,False,False,False,False,True,True,False,False,False,False,False,False,False,False,False,False,False,False,False,False,False,False,False,False,False,False,False,False,False,False,False,False,False,False,False,True,True,False,False,False,False,False,False,8,True,-1.2322042917810951,-1.6568013892404527,-4.401501712146823,2.2844831924813795,0.04096258793200357,-0.4085385909149561,1.1682185114807486,-1.361739085173779,0,Upper-Mid
1070.865,24.012,158.616,0.054,14.368,4.182,45.0,518210.0,433.317,-279.366,0.993,31.173,1643.586,1484.826,1560.301,,386.803,DEU,433.317,4510.0,451020.0,1560.301,7370.0,202.642,45102030.0,321.934,425.527,269.639,2024.0,169.666,DE000A3E00M1,111.383,84.1,2024-12-31,76.872,360.112,88.2,689.849,355804,IONOS GROUP SE,309.976,158.616,19.58729266372432,106.96651031421797,20.632813796825104,27.771372318546234,10.873927530649535,27.771372318546234,55.78744101298403,26.18454453545846,0.748764273337184,0.7486143199893367,0.08656473541564845,0.08932221086773003,-5.5046100417015,6.751305038583749,6.841888586271246,9.650605444436739,90.34063322515524,13.407213060136598,2.4325378418109604,66.02836724089886,0.9493272636783229,373.09923481587754,7.699790764007461,47.4038855323428,19.866423209367937,,12774.981481481482,14.225906037165077,4.926741699197783,0.6901591804853524,309.931,19.863539150458788,19.873682468853655,120.14978225350536,10.36204418217582,5.389985650204672,51.98448716890833,48.01551283109167,9.592171009472272,2.9644827143362695,-4.170485792850586,33.133588491260646,-5.908273051077739,-0.3682413121916899,-29.924378341048133,-0.552064089903569,2.1330384601756167,2.0671587018981805,163.58876286179517,23.534089484821603,5.675463328849005,0.14808946354942037,-0.6071737893549983,False,False,False,True,False,False,False,False,False,False,False,False,False,False,False,True,True,False,False,False,False,False,False,False,False,False,False,False,True,False,False,False,False,False,False,False,True,False,False,False,False,False,False,False,False,False,True,False,False,False,True,False,False,False,7,True,0.5611262929044539,-1.104517356555049,-2.5087317871017634,0.31945637688910283,-2.0460716956675498,1.6243706945641505,1.0989808037943505,-0.2247780823042965,0,Upper-Mid
329.143,14.724,100.485,0.237,115.49,12.398499999999999,45.0,511210.0,252.54,-254.393,0.0,55.265,1070.341,969.856,671.422,7.45,249.178,DEU,252.54,4510.0,451030.0,671.422,7372.0,36.257,45103010.0,206.371,284.278,134.323,2024.0,123.081,DE000A2YN900,46.169,79.95,2024-12-31,3.201,547.954,88.2,34.665,333885,TEAMVIEWER SE,41.457,100.485,19.280864696391152,122.48693834900732,30.73640720738969,37.612708549913464,18.331392179583034,37.612708549913464,94.83707712883998,48.034811511354015,0.24513554057457382,0.24470302251648865,0.10085700624504977,0.10085700624504977,-38.64478703515982,3.275543613474648,4.424869383490073,9.388129577396363,90.61187042260364,14.015960336864984,1.541807238457274,41.541247135258764,0.6272972818942749,54.15348630882769,18.518410238023005,19.710115247936468,6.174507239858093,,146.26582278481013,8.550732897272924,0.4767493469085017,0.0693322359158743,245.977,36.63523089800454,1.2846238431964299,120.74274001676591,10.651749017266258,11.907563350620027,71.66012625831769,28.33987374168231,7.13799029502673,-3.70587288006744,748.6310746064339,8.585693600791068,-4.075516931375489,2.123393221414488,1.4774174578854269,-0.08060112468838011,-5.029500080864851,15.042714857597067,4.9609845578420115,23.280244333347973,5.376025306526689,0.14944096730055284,0.2325696354778396,False,False,False,True,False,False,False,False,False,True,False,False,False,False,False,False,True,False,False,False,False,False,False,False,False,False,False,False,True,False,False,False,False,True,False,False,True,False,False,False,False,False,True,False,False,False,True,False,True,True,True,False,False,False,9,True,-0.033066598315123354,-1.3761488330151195,-4.161475754797603,1.1474394245157358,-1.1502746893716764,1.3633557021130875,1.7012544871509392,-1.634306666611005,0,Upper-Mid
80.874,12.779,790.406,140.445,205.465,4.517,35.0,327213.0,253.817,-78.156,3.249,26.431,1442.269,650.0,957.091,2.142,225.326,DEU,253.817,3520.0,352030.0,957.091,3221.0,411.446,35203010.0,188.839,125.184,588.601,2024.0,149.685,DE000A3ENQ51,64.978,24.254,2024-09-30,145.075,435.48,24.098,569.503,358679,SCHOTT PHARMA AG & CO KGAA,723.49,790.406,13.093188579938971,18.937735796540007,19.730516742922042,26.51963083970072,15.639578681650962,26.51963083970072,40.49646271880103,21.67374437609035,1.3516143106457241,1.0291081105906126,0.06069394690915771,0.0681546798934509,10.616674143311682,0.1023195674121907,0.362268252012257,54.802952847215046,45.06787568754511,14.777290867830034,1.0239976045733739,19.853369933070738,0.6636008955333575,211.88642904582687,2.3261643083174945,156.91066993629659,75.59260300222236,6.25055348384611,4.054989497668127,30.360286465284908,15.15791079427139,2.232678752808643,80.251,8.384887121496284,64.38449180298767,119.32175027404297,1.8247191949453827,2.5341372972893907,16.09914153054748,83.90085846945252,6.508888250860778,17.083635052945702,0.8484036615316048,1197.5101050929725,-17.320635789065765,0.9721526029538595,0.020794380238289993,0.556610173744923,0.5613837376784517,1.9277031144388368,0.044542066407044036,15.62302178026429,1.4071708079860712,0.6358118199172683,-0.5066219254178034,False,False,False,False,False,False,False,False,False,False,False,False,False,False,False,False,False,False,False,False,False,False,False,False,False,False,False,False,False,False,False,False,False,False,False,False,False,False,False,False,False,False,False,True,False,False,False,False,False,False,False,False,False,False,5,True,-1.7812162883958493,-0.40081756725392365,-0.7686018846882642,-0.2630322349851403,-0.5080869149657581,0.5808114432136294,0.008627306463417956,0.28407629254646094,0,Upper-Mid
41.794,5.073,1432.336,0.0,162.761,1.066,50.0,519130.0,301.86,-171.725,1.649,57.125,2072.493,640.157,588.798,1.759,257.017,DEU,301.86,5020.0,502030.0,588.798,7370.0,52.84,50203010.0,254.787,65.891,119.003,2024.0,162.104,DE000A12DM80,47.073,43.059,2024-12-31,0.884,261.963,95.6,142.932,317079,SCOUT24 SE,54.2,1432.336,12.293744779837617,11.31745623931815,43.27239562634384,51.267157836813304,27.53134351679184,51.267157836813304,75.7247816738508,17.28388948057498,0.45427407687345156,0.45427407687345156,0.21806514660467316,0.22435992869221988,-6.897972634889481,0.029178907742317444,0.14281216139229902,69.11174127005496,30.88825872994505,50.224127735068,0.4884052209633605,9.8699971483619,0.28410132145199046,552.343339587242,11.143035579106737,32.75588571972052,9.20519431112198,,,5.305928656936357,0.15013637953933268,0.018779342723004695,256.133,43.500996946321145,0.34394612029554467,100.8752408874864,1.4469321444130427,7.313034351339508,58.97448551547154,41.02551448452846,10.702118538907568,2.628435773942339,1.0426540284360408,27.904700553799433,20.108695652173925,2.7933164819655585,-0.07479711518675228,-0.08761913702092726,0.9961506824352137,11.444048391748495,0.30555334563971004,12.401344660753981,2.909322990334067,0.6553504498423376,0.5786809364117763,False,False,False,False,True,False,True,False,False,False,False,False,False,False,False,False,False,False,False,True,False,False,False,False,False,False,False,False,False,False,False,False,False,True,False,False,False,False,False,False,False,False,False,False,False,False,False,False,False,False,False,False,False,False,11,True,-2.8239811298226956,-0.6073433842685619,-2.112579749189297,0.0064108387423639605,-0.558171179232283,1.0948266893882015,0.3489713720029384,-0.37320626785660954,0,Upper-Mid
1198.796,205.643,1087.889,1098.103,25.363,11.667,35.0,325412.0,811.538,-275.677,116.314,308.001,5237.176,4078.689,3734.843,,543.299,DEU,811.538,3520.0,352020.0,3734.843,2834.0,782.005,35202010.0,597.696,1058.977,2245.783,2023.0,342.446,DE0007251803,213.842,114.627,2023-12-31,97.426,2607.51,88.2,1771.527,214700,STADA ARZNEIMITTEL AG,448.143,1087.889,11.412562801021007,31.478027629657074,16.00324297433654,21.728838400971608,9.168953018908695,21.728838400971608,52.5675644197092,26.13809947587884,0.8612749327902864,0.4401440454686654,0.11812073587445492,0.16272804322898088,-6.906909372532072,1.1019469817233194,1.1252609411438117,20.772435373567735,77.87954806177984,2.906473840587815,1.12891571312742,23.374410178309837,0.7131406315159161,320.1202537070369,4.775983529517075,76.42404915012492,11.998978270304802,,1.6132612332358622,20.812857921902943,2.6085701594417756,0.45559805837955125,445.873,11.938199276381898,17.932298789432707,90.89888505193274,4.814072023892145,3.069124994009119,25.755885599481378,74.24411440051863,-1.6423650330361195,-9.002933631538369,-11.499658651293332,-32.92691915993365,31.96169526879682,0.31611864846724946,0.05140329990559522,0.028396379328935132,0.5169261219865164,1.9875906892154203,0.6409153663650177,10.373892341979722,1.8116481283432762,0.23187704907908258,0.16562072164804803,False,False,False,False,False,False,False,False,False,False,False,False,False,False,False,False,False,False,False,False,False,False,False,False,False,False,False,False,False,False,False,False,False,False,False,False,False,False,False,False,False,False,False,False,False,False,False,False,False,False,False,False,False,False,10,True,-0.199666180912905,-0.6042378377737478,-1.529862219964152,0.6424972705102306,-0.6582012243804684,0.17420195892789495,0.7647193678275004,-0.6496575825578833,0,Upper-Mid
424.0,29.026,1489.2,46.7,273.1,3.196,50.0,517312.0,524.471,-306.6,0.0,181.6,3342.0,1857.8,2502.3,,370.7,DEU,524.471,5010.0,501020.0,2502.3,4812.0,426.55,50102010.0,379.455,115.0,818.1,2024.0,297.6,DE000A0Z2ZZ5,145.016,23.308,2024-12-31,43.7,1149.5,88.2,1736.329,205934,FREENET AG,330.81,1489.2,11.354129263913823,19.983883964544724,15.16424889102026,20.95955720736922,11.893058386284618,20.95955720736922,30.610678176078014,19.833524984319464,0.7117007394519357,0.6710743801652892,0.1579817311874728,0.1579817311874728,-9.916217833632555,0.284716626376578,0.46810367982809564,44.56014362657092,55.58946738479952,13.072934610349341,0.9828951457754576,20.858767205266307,0.7487432675044884,782.9474342928661,5.866369710467707,62.21905846621108,13.220237381608918,,37.180492505353314,18.197187312986234,1.7463933181473046,0.30134605836597345,327.0,13.067977460736122,11.788508227677369,97.69274354007722,2.244157937147462,0.9314630539903288,29.63709677419355,70.36290322580645,-5.6376800663700095,-2.134762364930165,-13.387533875338754,-4.497663551401865,-21.402877697841728,0.23416359208551413,-0.032451088795577857,0.0942780207374616,0.4941639748726735,2.497609395369671,0.4815695622178052,11.092160383004188,1.64079002328772,0.09669018461985812,0.7530993208542217,False,False,False,False,False,False,False,False,False,False,False,False,False,False,False,False,False,False,False,False,False,False,False,False,False,False,False,False,False,False,False,False,False,False,False,False,False,False,False,False,False,False,False,False,False,False,False,False,False,False,False,False,False,False,11,True,-0.9570141463663708,-0.3661614673278577,-1.114180087716026,0.7076164402894156,-0.8043569100863188,0.06363519247749094,0.10831566644549863,-0.5862575250362047,0,Upper-Mid
6720.0,545.0,45440.0,0.0,3433.0,109.121,45.0,513210.0,9422.0,-3412.0,1478.0,11087.0,74122.0,28314.0,34176.0,,5220.0,DEU,9422.0,4510.0,451030.0,34176.0,7372.0,7828.0,45103010.0,8142.0,10276.0,21401.0,2024.0,3124.0,DE0007164600,1280.0,6603.0,2024-12-31,797.0,19079.0,2741.0,7884.0,103487,SAP SE,4337.0,45440.0,10.984592968349478,6.875000000000001,23.82373595505618,27.569054307116104,9.140917602996254,27.569054307116104,76.9311797752809,15.609662576687116,1.1217044918496777,1.1217044918496777,0.5811101210755281,0.658577493579328,3.132673160465179,0.14788732394366197,0.2234375,61.30433609454683,38.199185127222684,14.939449541284404,-0.09912969645510507,13.697687596125308,0.4610776827392677,313.19361076236476,4.365866121614716,83.60311329588015,12.690191947565543,14.718346253229974,,25.518739375623973,2.3320458801498125,0.62265625,4423.0,12.941830524344569,15.268199233716476,64.1120117907148,1.631205985915493,19.32057584269663,87.74007682458387,12.259923175416134,9.513891114173113,8.468573937221047,1.411683797698915,-20.263205336217773,1.5286624203821653,-0.4645395458999519,-0.018145112819190283,-0.2241374508052263,0.1373582371713566,2.746373490621218,0.12476026092883238,7.042443539030248,1.930148409512513,0.31471603455531205,-0.4500436442306867,True,True,False,False,False,False,False,False,False,False,False,False,False,False,False,False,False,False,False,False,False,False,False,False,False,False,False,False,False,False,False,False,True,False,False,False,False,False,False,False,False,False,False,False,False,False,False,False,False,False,False,False,False,False,11,True,-2.0274418193561,-0.43943576129124845,-1.0529333721996745,-0.24788961378053495,-0.12484914249856083,0.8517844219458804,0.8273605222005433,-0.24504715928344797,0,Upper-Mid
889.677,58.408,604.422,343.381,89.935,3.61,35.0,325412.0,294.305,-209.169,0.587,121.896,2080.019,1471.724,1194.707,,201.378,DEU,294.305,3520.0,352020.0,1194.707,2834.0,113.432,35202010.0,222.074,287.427,593.498,2024.0,113.787,DE000A2GS5D8,72.231,23.098,2024-12-31,38.237,326.915,48.456,455.543,326577,DERMAPHARM HOLDING,315.028,604.422,10.676537089324666,18.82575419160785,18.58815592442331,24.634073459015475,9.524259923144335,24.634073459015475,61.8698978075796,14.863405972428867,1.8154504993652785,0.7650826667482374,0.37286756496336965,0.37466313873636875,12.816373311974557,1.4719467524345573,1.6207417996035882,29.058484561919872,70.75531521587062,3.802116148472812,2.914377941251423,47.0963005626391,0.5743731187070888,330.9437673130194,10.532363001622118,34.65509116461191,26.368641014072907,4.481557338614991,1.326640087832466,11.313742807157052,3.200533687339239,0.5293710456729106,163.141,13.65531465037034,18.987674919802565,90.68058394949429,3.4413356893031684,1.93336106677202,42.58482954994859,57.41517045005141,3.8589362758265855,-3.7328184320348345,3.2313411495567657,-8.286438686537634,-7.953588021472746,0.6342065967192626,-0.4287600068167555,0.35205452462828,0.4545569899003441,4.946341128536405,1.8607090101973809,9.68154617818395,5.595114278957773,0.18083648887113943,0.3398187220747304,False,False,False,False,False,False,False,False,False,False,False,False,False,False,False,False,False,False,False,False,False,False,False,False,False,False,False,False,False,False,False,False,False,False,False,False,False,False,False,False,False,False,False,False,False,False,True,False,False,False,False,False,False,False,11,True,-0.7969292235790981,-0.5081714900305072,-0.7847053289772702,-0.36589684712435677,-0.3943268876299173,0.544889355536457,0.7511090739317638,-0.19772118053102888,0,Upper-Mid
7160.0,316.0,23043.0,6130.0,4175.0,39.463,25.0,336110.0,8647.0,-1679.0,2767.0,9151.0,53527.0,30471.0,40083.0,343.0,6353.0,DEU,8647.0,2510.0,251020.0,40083.0,3711.0,4573.0,25102010.0,5712.0,4958.0,20288.0,2024.0,3592.0,DE000PAG9113,2935.0,2033.0,2024-12-31,2174.0,14343.0,2100.0,26614.0,354519,DR ING  H C F PORSCHE AG,14330.0,23043.0,10.6712500233527,15.588248057978562,14.250430357009206,21.572736571613902,8.961405084449767,21.572736571613902,33.60277424344485,18.912028606429825,1.414487903506937,0.9871017220944015,0.6380115735899045,0.830927978804992,11.106544360789881,0.3107234301089268,0.49190643579395044,43.04930222130887,56.92641097016459,18.075949367088608,0.2525731467561004,21.17622881910064,0.748837035514787,1015.7109190887667,8.765143232013996,41.64221739889729,35.75081705461168,6.742304457527334,4.3415986949429035,25.639396939862124,5.423745727615199,0.7407155025553662,4179.0,10.425866327370706,34.22005351802298,111.22198879551821,2.322918022826889,5.07197565052516,58.463251670378625,41.536748329621375,-1.1028867505551432,6.105417566951443,0.5503605371111275,-16.536848412222895,7.837301587301582,0.11399933371381193,0.022737221280166326,-1.1226496373351766,1.4970888140968681,2.0319024190356036,0.06482625871648164,11.868776505315076,2.0989337188704567,0.014689455986969963,0.6251670892980747,True,True,False,False,False,False,False,False,False,False,False,False,False,False,False,False,False,False,False,False,False,False,False,False,False,False,False,False,False,False,False,False,True,False,False,False,False,False,False,False,False,False,False,False,False,False,False,False,False,False,False,False,False,False,7,True,-1.0604442572841646,-0.3109373402602926,-0.3354883659372876,-0.00440200401726526,-0.6166976824754934,0.22708895517029112,0.13675225471522448,0.03897651284547146,0,Upper-Mid
467.188,41.865,899.131,259.32,406.664,20.221,25.0,456130.0,462.931,-44.269,7.394,101.683,2368.947,1455.804,2264.116,,410.093,DEU,462.931,2550.0,255040.0,2264.116,3851.0,151.336,25504040.0,251.093,1035.488,545.615,2024.0,152.108,DE0005772206,211.838,84.1,2024-12-31,79.716,846.714,96.6,455.587,204820,FIELMANN GROUP AG,1001.027,899.131,10.599350681969668,16.917223407934994,11.090111990728388,20.446434723309228,6.71820701766164,20.446434723309228,79.87793028272404,18.37733355094967,0.6443911403378236,0.3381247977475275,0.12009131772948127,0.1288239003961196,-12.710246366845693,0.5195994799422998,0.9718850757008711,37.954880375120254,61.453633196521494,5.997683028782992,1.6680001987337205,36.887781786591255,0.9557478491498543,111.96854754957717,14.960855315324839,24.397000860379947,44.21270818279629,,1.7568525374055222,10.680652627517627,3.520844338364289,0.37630642283254184,330.377,14.591876034620135,19.438517604543357,163.32315118302782,2.634707289594064,3.714473993381964,63.50750782338864,36.49249217661136,14.983444044934702,19.249541666792513,23.389065169636304,66.18895752429626,-5.087570991439372,-1.0244609249876622,0.10100085972834867,0.11005620800271869,0.2189692028739411,3.8098689071109475,0.3591593367234257,17.31119353873261,4.742164496181577,0.7953593973621308,0.38282161701463385,False,False,False,False,False,False,False,False,False,False,False,False,False,False,False,False,False,False,False,False,False,False,False,False,False,False,False,False,False,False,False,False,False,False,False,False,False,False,False,False,False,False,False,False,False,False,False,False,False,False,False,False,False,False,11,True,-0.60664577400829,-0.6395846745421713,-1.4486137680629063,0.8584059507650625,0.28036979623758346,0.4905093674433085,1.140180363000141,-0.386655552258665,0,Upper-Mid
4595.0,157.0,17219.0,3990.0,573.0,58.065,45.0,334413.0,4828.0,-615.0,395.0,2201.0,28639.0,11420.0,14955.0,10.0,2780.0,DEU,4828.0,4530.0,453010.0,14955.0,3674.0,2770.0,45301020.0,2963.0,1412.0,9793.0,2024.0,1780.0,DE0006231004,1865.0,2558.0,2024-09-30,2432.0,5146.0,455.0,6760.0,132740,INFINEON TECHNOLOGIES AG,6476.0,17219.0,10.346031635182792,10.337417968523143,19.81277164827817,32.283517218321634,11.90237378803076,32.283517218321634,54.79772651287195,13.583020078848445,1.9030314807617568,1.1276719782355227,0.42771084337349397,0.5044694908666926,16.2261252138692,0.26685637958069575,0.300133573378245,60.124306016271525,39.87569398372848,18.872611464968152,0.6145401822700911,18.045322811550683,0.522190020601278,257.55618703177475,5.398916967509026,67.60615178869942,43.3032430625209,3.2182052937378955,1.694235588972431,17.357449631621215,16.262119692410565,1.3040214477211796,348.0,2.3269809428284853,87.4820143884892,93.82382720215998,1.663220860677159,17.10464727515881,25.56179775280899,74.43820224719101,-8.302164449077198,0.70325960828439,-0.8960573476702649,-71.49877149877149,-11.208470244614821,1.045090374696417,0.019441579304853733,0.3902246472647871,0.0763927750024315,4.675615587678315,0.1857166236036557,9.70704284367471,2.8184744444689387,0.5495697063287116,0.034623261573779957,True,True,False,False,False,False,False,False,False,False,False,False,False,False,False,False,False,False,False,False,False,False,False,False,False,False,False,False,False,False,False,False,False,False,False,False,False,False,False,False,False,False,False,False,False,False,False,False,False,False,False,False,False,False,11,True,-1.8917268099982483,-0.30509077681850455,-0.25811170352659285,-0.7600286368155486,-0.2045917548654662,0.7050779146496764,0.2784250716336344,0.08208859311377252,0,Upper-Mid
96.723,12.323,1026.957,15.555,24.575,4.434,50.0,561599.0,496.411,-193.853,229.785,1748.388,4067.28,2884.745,2808.579,,506.419,DEU,496.411,5020.0,502020.0,2808.579,7990.0,353.584,50202010.0,418.33,309.873,2406.091,2024.0,318.867,DE0005470306,78.081,15.39,2024-12-31,142.276,2497.395,159.346,1989.932,234919,CTS EVENTIM AG & CO KGAA,217.881,1026.957,10.285252060344996,31.04969341462203,14.894720782288836,17.67480993057343,11.353321377109207,17.67480993057343,29.148085206077525,37.22857041150505,0.963440304797599,0.9572118147109289,0.7000846882451515,0.7920945625341606,-2.244841761570388,0.09418407976185954,0.11811400087832304,25.249232902578626,70.92565547491198,33.94709080581027,-3.277707383599477,2.982287917232155,0.6905300348144214,633.4188092016238,7.9431733336350065,45.951408167617856,7.757695261553973,,127.92876888460303,51.680041698629054,5.06576457347292,1.822159039971312,364.143,12.965382138084774,28.094522519889658,121.05729926134869,3.960516360470789,0.5479639347869509,49.97255909203523,50.02744090796477,19.08064778728644,27.287902785901608,25.43140028288544,-25.79035857304437,2.04555887078266,-1.5039697320762582,-0.034587777432309216,0.3551110241865341,0.3248755201716945,21.20389538993195,0.2043468968732351,12.451048366475876,8.660978644354024,0.055340053068831774,-0.03791956543392789,False,False,False,False,False,False,False,False,False,False,False,False,False,False,False,False,False,False,False,False,False,False,False,False,False,False,False,False,True,False,False,False,False,False,False,False,False,False,False,False,False,False,False,False,False,False,False,False,False,True,False,False,False,False,11,True,-0.36783591935564014,-0.4030745883905269,-0.9933976835088976,0.6359592321740385,-0.8348619864279307,-0.18340362493495677,0.22536167679403668,-0.5931057742538398,0,Upper-Mid
2631.7,136.5,3931.6,538.7,485.4,10.899,55.0,221122.0,2114.5,-4.0,295.9,751.9,14577.8,9869.5,8857.5,,931.2,DEU,2114.5,5510.0,551010.0,8857.5,4931.0,2066.8,55101010.0,1484.9,1113.1,4318.1,2024.0,902.5,,629.6,0.3,2024-12-31,1049.5,3532.2,176.166,5286.4,210359,EWE-ENERGIEVERSORGUNG WESER,7364.7,3931.6,10.186036301773932,22.955031030623665,16.764324019192774,23.872424499012137,10.189105278012983,23.872424499012137,40.317245272368055,22.624289610409402,1.2224958949096882,1.069984712077459,0.21287016590227054,0.29664231923447143,5.391074098972414,0.669371248346729,0.7928324346322108,26.969775960707377,67.70225960021403,10.878388278388279,1.1185623078742017,21.382513136412904,0.607601970118948,812.6892375447289,4.28561060576737,85.16872706745696,83.14648602878916,11.270517877592562,9.813254130313716,19.335565037248422,11.848715777589614,1.6669313850063532,-118.29999999999995,-1.3355913068021446,112.70403780068727,62.711293689810766,3.7078543086784004,0.003386960203217612,19.5197783933518,80.4802216066482,-13.854308500291769,-7.67174823137482,0.49792531120329553,-83.30981941309255,7.596883329915927,0.646014588903901,-0.03518143254923762,0.660044803088862,-0.34235377948553125,5.201134723670325,0.21397399401655762,6.3877951405561895,1.870457939381924,0.16969972165354902,0.25798570313552566,False,False,False,False,False,False,False,False,False,False,False,False,False,False,False,False,False,False,False,False,False,False,False,False,False,False,False,False,False,False,False,False,False,False,False,False,False,False,False,False,False,False,False,False,False,False,False,False,False,False,False,False,False,False,11,True,-0.5288540148551298,-0.5282602187123131,-1.1800859916159139,-0.049292388137614246,-0.3108358237904688,-0.05900739335010184,0.10204868512534655,-0.006804060431209691,0,Upper-Mid
1871.0,135.0,4050.0,3989.0,552.0,28.539,20.0,332994.0,1806.0,-234.0,69.0,1253.0,14344.0,9880.0,9751.0,,1720.0,DEU,1806.0,2010.0,201010.0,9751.0,3480.0,2848.0,20101010.0,1420.0,2383.0,8231.0,2024.0,804.0,DE0007030009,386.0,330.0,2024-12-31,732.0,6782.0,352.0,4692.0,100312,RHEINMETALL AG,1661.0,4050.0,9.899609592861127,19.85185185185185,14.562608963183262,18.521177315147163,8.245308173520664,18.521177315147163,51.881858270946566,23.98243539942577,1.2136537894426422,0.6254792096726629,0.1847537599528163,0.19492774992627543,10.101784718349135,0.46197530864197534,0.5982716049382716,28.234802007808142,68.87897378694925,10.518518518518519,0.6478405315614618,16.89208031232571,0.6797964305633017,341.67279862644097,3.423806179775281,106.60650189724132,17.034150343554508,6.729468599033816,1.176234645274505,28.590351366424986,7.506922366936725,1.8963730569948187,988.0,10.132294123679623,42.55813953488372,121.12676056338027,3.541728395061728,3.3842682801763924,43.78109452736319,56.21890547263681,35.883500557413605,22.52498505167848,15.295115743546251,186.3768115942029,83.91959798994975,1.0327341372410506,-0.006713441454578873,0.060298832520116065,0.7267969321845053,3.6270168804043044,0.11842220708244544,11.991076408254322,3.0547837780097273,0.8918064260790117,0.22344346082793115,False,False,False,False,False,False,False,False,False,False,False,False,False,False,False,False,False,False,False,False,False,False,False,False,False,False,False,False,False,False,False,False,False,False,False,False,False,False,False,False,False,False,False,False,False,False,False,False,False,False,False,False,False,False,11,True,-0.580279774771542,-0.4045749853851669,-0.674151365740623,0.16279643721432022,-0.4329536176736835,0.19903943879495092,0.68886634155044,-0.11636042679507638,0,Upper-Mid
1436.188,74.509,465.5,40.586,363.131,11.858,50.0,5418.0,566.727,-252.922,0.0,75.491,2886.43,2409.816,2046.841,,454.493,DEU,566.727,5020.0,502010.0,2046.841,7310.0,259.608,50201010.0,278.147,629.284,425.443,2024.0,130.797,DE0007493991,288.58,48.07,2024-12-31,95.536,856.623,88.2,860.222,295079,STROEER SE & CO KGAA,1147.243,465.5,9.636367415804298,28.098174006444683,13.589086792769933,27.68788586900497,6.390188588170748,27.68788586900497,57.973188928695485,14.626321457568222,0.49665138573211315,0.4492723169935899,0.08812628192331982,0.08812628192331982,-14.938176224609641,3.085258861439313,3.86534693877551,16.127188256773938,83.48776862768194,3.7330658041310443,3.0417255574553534,62.337177759377504,0.7091254594776246,172.61266655422497,7.884352562324735,46.294226078136994,56.049443996871275,,21.195042625535898,11.609462207640581,4.6674851637230255,0.33105551320257814,358.957,17.53712183799328,21.02034574789931,163.40028833674282,6.200708915145005,2.348497025416239,67.43273928301107,32.567260716988926,6.922056280787525,5.303192261696732,3.0771905424200385,32.91454681448241,-27.107923549383894,0.48529252216321134,0.3778397427159388,-0.11288322520050043,0.45127996823427174,2.2858091070332587,1.342797646479037,15.745852142612154,1.1303645716434663,0.4958153482817816,0.34752059293587245,False,False,False,False,False,False,False,False,False,False,False,False,False,False,False,False,False,False,False,False,False,False,False,False,False,False,False,False,False,False,False,False,False,False,False,False,False,False,False,False,False,False,False,False,False,False,True,False,False,False,False,False,False,False,11,True,0.5771715394109107,-0.6351528669706428,-2.1127293934286886,0.5796761127179809,-0.28873828888240155,0.21732997649374952,0.5921592725690301,-0.5467760505027124,0,Upper-Mid
18526.4,889.0,10232.9,3014.3,4278.5,28.597,55.0,2211.0,7773.0,2380.3,3926.1,8757.7,64277.7,46509.9,34936.7,1248.6,2620.2,DEU,7773.0,5510.0,551010.0,34936.7,4911.0,5242.4,55101010.0,6067.8,3666.6,21484.3,2024.0,1243.7,DE0005220008,1705.2,44.8,2024-12-31,5483.5,13964.3,433.4,25943.1,216524,ENBW ENERGIE BADEN,29670.5,10232.9,9.439976850447357,12.153934857176363,17.36798266579271,22.24880999064022,3.559866844893765,22.24880999064022,25.742557253547126,21.09856637678942,1.538516073129337,1.3226584934439964,0.6271492305378716,0.9083018840901442,11.699236282567673,1.8104740591621145,2.228586226778333,15.919829116474299,72.35775393332369,6.825421822272216,1.8071786954843692,35.4787119016393,0.543527537544125,1221.6910864776023,6.664256828933313,54.7697979488618,84.926452698738,4.645837765957446,8.606674849882227,21.78064865419889,15.695529343069037,3.2157518179685667,-2863.3,-8.19567961484628,209.27791771620488,43.18204291505982,6.281474459830546,0.12823191658055855,34.847632065610675,65.15236793438933,-21.991568756168256,-0.6817173963092782,130.648868814776,-18.287149339345344,24.51746219174349,0.9007487912192431,-0.12818660308997296,0.4843372271521028,-0.1773859004519628,5.072178113991962,1.2103639397944819,4.07637485473189,3.599864914724167,0.34690540748176457,-0.47936871698007827,True,True,False,False,False,False,False,False,False,False,False,False,False,False,False,False,False,False,False,False,False,False,False,False,False,False,False,False,False,False,False,False,True,False,False,False,False,False,False,False,False,False,True,False,False,False,False,False,False,False,False,False,False,False,11,True,0.08551086223264807,-0.5241807544832897,-1.0590268442660014,-0.41658875864179423,-0.6891427479719364,-0.15097807579377298,-0.18025355793729972,0.03168231193107331,0,Upper-Mid
124.639,49.717,2423.749,775.678,170.137,18.347,20.0,3332.0,732.31,-483.943,0.0,638.313,6032.165,3608.021,5422.129,5.804,710.118,DEU,732.31,2010.0,201060.0,5422.129,3550.0,1264.576,20106020.0,562.352,1280.105,2776.052,2024.0,398.162,DE0006602006,169.958,153.85,2024-12-31,237.105,2620.045,189.733,3288.165,100368,GEA GROUP AG,925.441,2423.749,9.322556660834046,16.42752611759716,10.371424213625312,13.505949415810653,7.3432778895522395,13.505949415810653,39.356570085293065,22.06696939398553,1.0595436337925495,0.7634884133669461,0.24362673160193812,0.24362673160193812,2.58625219966629,0.0514240542234365,0.12161985420107446,40.18041615240962,59.81303561822331,11.311060603013054,-0.469114172959539,4.886736354194555,0.8988694772109185,295.5321850983812,4.287705128042917,85.12712257491478,17.06785286738844,34.75567762984993,4.23908503270687,31.54570539764745,4.3729132966036035,1.3950799609315243,473.01300000000003,8.723750393987308,33.389521178170384,126.27642473041799,2.4887746214645166,2.8374463241284005,47.652211913743656,52.347788086256344,0.9051471380523424,1.3086461843609065,-2.269216427848497,54.981553442592876,3.828570427654343,0.2639485037882495,-0.00017460257538194458,0.23724610233001303,0.4389229556919149,2.46568109363861,0.07253192133962512,11.77219124476867,3.321121910068246,0.1260541894012099,-0.30475443608528524,False,False,False,False,False,False,False,False,False,False,False,False,False,False,False,False,False,False,False,False,False,False,False,False,False,False,False,True,False,False,False,False,False,False,False,False,False,False,False,False,False,False,False,False,False,False,False,False,False,False,False,False,False,False,11,True,-0.6776429052106596,-0.2838584457402561,-0.39624456177861317,0.5252289984847439,-0.43593414978227096,0.07494748376975907,0.3924265493243142,-0.1845643923880028,0,Upper-Mid
4.677,6.265,359.841,211.075,344.565,8.786,45.0,334111.0,205.53,-16.119,0.0,130.356,1638.437,1249.278,2399.846,3.817,81.68,DEU,205.53,4520.0,452020.0,2399.846,7372.0,555.913,45202030.0,152.23,276.755,1031.011,2018.0,37.414,DE000A0CAYB2,53.3,87.872,2018-12-31,34.552,1086.104,88.2,1813.551,270249,DIEBOLD NIXDORF AG,100.102,359.841,9.291172013327335,10.397369949505476,6.343323696603866,8.56429954255398,1.5590167035718128,8.56429954255398,24.430525958749023,41.76199803576229,0.949274655097486,0.7549332292303499,0.12002165538475136,0.12002165538475136,-3.362533927151308,0.012997407188174775,0.9705453241848483,21.962455681848006,76.24815601698448,24.29848363926576,1.0649832141293243,21.315558669634537,1.4647166781511893,273.1443205099021,4.316945277408515,84.55052740884207,4.1711843176603836,,8.591974416676537,41.88558974193088,1.4397590512057856,0.6482551594746717,47.12800000000001,1.9637926766967548,42.30166503428011,53.65565263088749,4.553224896551532,3.6615682839648875,235.74063184904048,-135.74063184904048,1.613772598341967,3.1343731725755886,4.2848664688427185,-64.00051942893373,0.3689179375453877,0.31931894179770987,0.12190908014663596,-0.22806702583551877,0.5259782619628286,0.8212851867279339,0.2524548799190266,4.98523898080915,2.1468009426106813,0.3779213193661512,-0.7095106278307913,False,False,False,False,False,False,False,False,False,False,False,False,False,False,False,False,False,False,False,False,False,False,False,False,False,False,False,False,False,False,False,False,False,False,False,False,False,False,True,True,False,False,False,False,False,False,False,False,False,False,False,False,False,False,5,True,0.3010424857696796,-0.4315779125471227,-0.22019226667809425,1.4364832008693809,-0.8853645500884452,-0.23776570304933517,0.4714173112608494,-0.23973148700648467,0,Upper-Mid
2108.1,280.3,762.6,793.5,296.1,19.02,25.0,4561.0,702.7,-689.3,0.0,98.9,4481.3,3718.7,4451.0,9.7,683.6,DEU,702.7,2550.0,255040.0,4451.0,5990.0,114.0,25504040.0,386.3,937.1,1245.1,2024.0,84.0,DE000BEAU1Y4,316.4,84.1,2024-09-30,151.3,1424.4,88.2,2443.7,360887,DOUGLAS AG,1280.1,762.6,8.620266440541807,11.014948859166012,8.67894855088744,15.787463491350259,1.887216355875084,15.787463491350259,45.097730847000676,13.456648204270735,0.8741224375175511,0.31704577365908443,0.06943274361134513,0.06943274361134513,-4.0010711177560125,2.764358772619984,3.152635719905586,17.017383348581884,82.98261665141811,1.3781662504459506,3.2806318485840325,53.64961060406578,0.9932385691651976,234.0168243953733,39.04385964912281,9.348461019995506,28.759829251853514,,3.0796471329552615,4.750853546961819,3.3992361267130984,0.47819216182048047,532.3,11.959110312289372,22.13282621416033,176.960911208905,5.876344086021505,1.8894630420130307,105.0,-5.0,8.722733823493488,-0.3358242149274826,4.224889035015611,12.015993265993252,38.17351598173517,2.7505162680335276,-0.386332071580355,-0.015487685059056356,0.2748948067127794,5.235584664334608,4.392062608346757,15.254502041818222,2.993392295349665,0.6899824917532128,0.9939962230801268,False,False,False,False,False,False,False,False,False,False,False,False,False,False,False,False,False,False,False,False,False,False,False,False,True,False,False,False,False,False,False,False,False,False,False,False,False,False,False,False,False,False,False,False,False,False,True,False,False,False,True,False,False,False,5,True,0.7007024187175971,-0.49876709267700864,-1.0473207845724102,0.6579980011371922,-0.5258377276378322,0.17071262646279173,0.5607467230356613,-0.2926403168047041,0,Upper-Mid
2642.0,113.0,21732.0,2568.0,1647.0,47.15,30.0,3256.0,3673.0,171.0,599.0,3488.0,35267.0,13445.0,21586.0,473.0,3120.0,DEU,3673.0,3030.0,303010.0,21586.0,2840.0,4144.0,30301010.0,3018.0,7259.0,11031.0,2024.0,2007.0,DE0006048432,655.0,634.0,2024-12-31,626.0,9089.0,850.368,10009.0,101942,HENKEL AG & CO KGAA,3802.0,21732.0,8.55757507017892,9.235229155162894,13.98128416566293,17.015658297044382,9.297692949133697,17.015658297044382,53.631983693134444,12.382046442930992,1.2136648696226207,0.9311255363626362,0.383760589723842,0.44966442953020136,5.506564210168146,0.12157187557518866,0.197358733664642,61.62134573397226,38.123458190376276,26.707964601769913,0.21807786550503674,12.161510760767856,0.6120736098902657,457.81548250265115,5.208976833976834,70.07134253682942,17.613267858797368,11.115345005149331,3.8975856697819315,21.64062721524371,2.90002779579357,0.9557251908396946,2494.0,11.553784860557768,20.064102564102566,103.37972166998013,1.6228142830848518,2.9370888538867783,42.37010463378177,57.62989536621823,0.3346657990145996,11.154185577407972,-1.2565445026178068,-5.780128447298827,2.960526315789469,-0.48889910488203714,0.0008631799503090962,-0.03402060392359553,-0.03899096897869586,2.383246050438567,0.0606688304581914,8.846797289250574,2.0605702008432156,0.4629066347167239,-0.49276762579012523,False,True,False,False,False,False,False,False,False,False,False,False,False,False,False,False,False,False,False,False,False,False,False,False,False,False,False,False,False,False,False,False,True,False,False,False,False,False,False,False,False,False,False,False,False,False,False,False,False,False,False,False,False,False,11,True,-1.4814929941507278,-0.15199500565715812,-0.3320741651878077,-0.1664342191813814,-0.10815503220460096,0.4333997095045428,0.40309904874531266,-0.139070385683316,0,Upper-Mid
1648.716,79.893,3981.18,1283.31,897.068,12.956,15.0,325620.0,1005.062,-281.876,0.0,709.492,8324.708,4305.061,4998.513,,894.914,DEU,1005.062,1510.0,151010.0,4998.513,2844.0,1070.501,15101050.0,709.061,998.114,3106.288,2024.0,478.224,DE000SYM9999,296.001,275.649,2024-12-31,227.423,1925.204,167.7,2739.073,281772,SYMRISE AG,1749.839,3981.18,8.517548002884906,12.012117010534565,14.185438749484097,20.107219887194454,9.567325322550927,20.107219887194454,45.20224314711195,12.594566578139277,1.6134851163824717,0.9469012115079753,0.3685282183082936,0.3685282183082936,14.187692829586334,0.4141274697451509,0.6394546340532203,47.82365940042581,51.71425832593767,8.875132990374626,1.8270435057737728,30.58106062098514,0.6004430425667783,385.80680765668416,4.669321186995622,78.16982070467758,35.007191138644636,4.232140135671975,2.134381404337222,21.3820472742107,4.549813114420228,0.7683183502758437,667.491,13.353791417567585,25.41283296495529,126.21114403415221,2.091015226641348,5.514620048002276,35.06724882063635,64.93275117936365,5.672629855859812,6.106533676845904,2.370417193426033,41.82653796221734,-8.617017856855835,-0.16395144603314366,-0.03824117939882956,-0.01516358334860434,0.06055689941465871,0.9746357666051831,0.15240703317274348,10.750094778099124,1.6883816613494942,0.311270883538305,-0.530394311251048,False,False,False,False,False,False,False,False,False,False,False,False,False,False,False,False,False,False,False,False,False,False,False,False,False,False,False,False,False,False,False,False,False,False,False,False,False,False,False,False,False,False,False,False,False,False,False,False,False,False,False,False,False,False,11,True,-1.144018368116947,-0.16909666875640253,-0.17759065716000816,-0.3791825324139321,-0.2109944066815563,0.2915894684917556,0.23429301006677083,0.03329896234171928,0,Upper-Mid
463.899,22.468,960.337,267.009,17.217,4.071,45.0,333310.0,220.135,-62.385,0.676,85.573,1740.009,772.813,1115.787,,167.12,DEU,220.135,4520.0,452030.0,1115.787,3827.0,232.805,45203010.0,147.082,165.76,588.719,2024.0,91.0,DE000A2NB601,73.053,99.441,2024-12-31,83.235,260.817,21.75,669.586,218000,JENOPTIK AG,419.917,960.337,8.452944783618936,9.475840251911569,13.181906582528743,19.729123927774744,8.15567845834375,19.729123927774744,39.989800920785065,10.32708062427856,2.257210994682095,1.233470210914166,0.3280959446661835,0.3306878002584187,18.84484505539914,0.4830585513210467,0.500986632817438,55.19149613593952,44.414310500692814,6.546288054121417,1.7968201331001432,27.650201809300984,0.6412535797228636,274.0817980840089,4.792796546465927,76.15595539291996,37.634154188926736,3.402806326280413,2.50772820391822,18.297491564698802,7.459757104178485,1.1393782596197282,83.885,7.518011950309512,49.80552896122546,113.62369290599803,1.8118733319657578,8.912184852485286,23.9010989010989,76.0989010989011,4.665737377679058,4.3851745023132604,-11.806759098786824,-5.059136438232148,5.848466351289483,0.4407378857090055,0.03502205472110263,0.383648736051978,0.007218571883573462,1.6762282502380685,0.18782838723287446,9.604548022452757,2.5902597818907727,0.7604788523854166,0.32283116788596705,False,False,False,False,False,False,False,False,False,False,False,False,False,False,False,False,False,False,False,False,False,False,False,False,False,False,False,False,False,False,False,False,False,False,False,False,False,False,False,False,False,False,False,False,False,False,False,False,False,False,False,False,False,False,11,True,-1.3772327433063918,-0.08224700906665908,0.31328459567509775,-0.7465676036606201,-0.23062375157666884,0.4295185191593409,0.06600792978422204,0.022250676678180956,0,Upper-Mid
1375.9,29.4,1922.7,10.6,133.9,5.369,45.0,518210.0,583.6,303.4,139.6,2859.4,5854.9,3932.2,2061.3,113.0,749.6,DEU,583.6,4510.0,451020.0,2061.3,7374.0,1055.4,45102020.0,486.6,234.7,3925.5,2018.0,347.4,DE0007472060,97.0,82.9,2018-12-31,23.5,2339.6,24.713,1102.5,242158,WIRECARD AG,81.5,1922.7,8.310987378093564,18.0683413949134,23.606461941493233,28.312230146024355,16.853442002619705,28.312230146024355,46.51433561344783,14.751712847874854,1.6778509146862712,1.6733202256796034,1.2221747307232007,1.2818430500940332,27.08671369280432,0.7156082592188069,0.7852499089821606,32.83916036140669,67.16083963859332,16.551020408163268,-2.312542837559972,25.78694768484518,0.3520640830757144,383.9262432482772,1.9530983513359863,186.8825498471838,3.953815553291612,1.299766693990794,104.00943396226415,66.86365266699688,1.1400572454276428,0.2422680412371134,726.1,35.22534323000048,3.135005336179295,154.0484997944924,3.0451448483902843,4.021733857274536,7.113701784686241,92.88629821531376,34.26399063610766,29.318008685106033,14.428815004262564,32.386939620907704,56.478891996271145,0.4879204244472153,0.17433069286363506,-2.233302976072102,6.82208304997171,1.220848560660378,0.2773352738296344,12.80295137406275,3.2125722627169773,0.3993138869511902,-0.36875584684393276,False,False,False,False,False,False,False,False,False,False,False,False,False,False,False,False,False,False,False,False,False,False,False,False,False,False,False,False,True,False,False,False,False,False,False,False,False,False,False,False,False,False,False,False,False,False,False,True,True,False,False,False,False,False,5,True,-1.1095179095519663,-0.1155579708479811,-0.265515445191491,-0.6371109062429141,-0.6181188956340322,0.344055638304969,0.316945561641481,0.1621921299480804,0,Upper-Mid
1987.0,81.0,1318.0,65.0,263.0,12.398499999999999,50.0,515210.0,641.0,-72.0,0.0,608.0,5608.0,4139.0,3918.0,6.0,1203.0,DEU,641.0,5020.0,502010.0,3918.0,4841.0,565.0,50201020.0,454.0,1064.0,1510.0,2024.0,51.0,DE000PSM7770,187.0,84.1,2024-12-31,209.0,1685.0,11.344,2245.0,205865,PROSIEBENSAT.1 MEDIA SE,410.0,1318.0,8.095577746077034,3.8694992412746583,11.587544665645739,16.360387953037264,1.3016845329249618,16.360387953037264,42.700357325165896,13.73676248108926,0.8961424332344213,0.857566765578635,0.3608308605341246,0.3608308605341246,-3.120542082738944,1.507587253414264,1.7071320182094083,23.502139800285306,73.8052781740371,5.604938271604938,2.561622464898596,40.121255349500714,0.698644793152639,316.0059684639271,6.934513274336283,52.635273098519654,10.464522715671261,,34.53846153846154,20.91654778887304,5.334354262378764,1.1176470588235294,994.0,25.370086778968865,17.373233582709894,264.9779735682819,4.254931714719271,2.1465033180193975,22.24313725490196,77.75686274509803,1.7133956386292892,-5.0135501355013545,107.3327759197324,-2.6444662095984284,-4.5662100456621,-1.8838439217292735,-0.1508001627890378,0.21779228615245366,-1.9649167767436926,6.828304803040811,0.8583932037399492,21.451497860199716,4.628110177557051,0.8372530217792904,0.8081290542589302,False,False,False,False,False,False,False,False,False,False,False,False,False,False,False,False,False,False,False,False,False,False,False,False,False,False,False,False,False,False,False,False,False,False,False,False,False,False,False,False,False,False,True,False,False,False,False,False,False,False,False,False,False,False,11,True,0.1221474010219523,-0.3031385305161968,-1.0067998398353362,0.5588945708849047,-0.42201562961542893,0.04329020522649269,0.3812595003128476,-0.5423885203198915,0,Upper-Mid
134361.0,6713.0,63296.0,2451.0,15391.0,198.194,50.0,517111.0,46037.0,-20282.0,6.0,8478.0,304934.0,206294.0,118397.0,,39874.0,DEU,46037.0,5010.0,501010.0,118397.0,4813.0,22303.0,50101020.0,24399.0,0.0,37161.0,2024.0,11209.0,DE0005557508,21638.0,21.0,2024-12-31,11198.0,35182.0,4400.0,67748.0,221616,DEUTSCHE TELEKOM,92727.0,63296.0,8.001403582414556,17.708859959555106,20.607785670245025,38.8835865773626,9.467300691740501,38.8835865773626,42.778955547860164,12.344111263451332,1.0562503552953215,0.9865840486612473,0.24097549883463135,0.24114604058893752,0.648992896823575,2.1227407735085944,2.3658998988877653,20.75727862422688,67.65201650193157,3.6345896022642634,3.0687056063601017,49.10964339824355,0.3882709045236018,597.3793353986498,5.30856835403309,68.75676748566264,78.31870739968073,59.826680141485596,27.64096287229702,10.094315491221051,9.458009915791784,0.5175154820223681,28676.0,24.22020828230445,28.083462908160705,163.4247305217427,4.817587209302325,0.017736935902092115,39.25417075564279,60.74582924435721,3.2312910341700807,5.039182928299546,-0.7302706709674811,14.740717029449414,-9.003738013976925,0.9083638954089496,0.09609006619788991,-0.022447142565844867,1.3659145704370923,3.561205423752282,0.641028743180756,13.076272242518053,1.4031013189131987,0.7156791433631443,-0.37895880169637797,True,True,False,False,False,False,False,False,False,False,False,False,False,False,False,False,False,False,False,False,False,False,False,False,False,False,False,True,False,False,False,False,True,False,False,False,False,False,False,False,False,False,False,False,False,False,False,False,False,False,False,False,False,False,11,True,-0.06715842123700512,-0.4219070828920802,-1.6626200542502616,-0.1836914585721382,-0.25509817161702264,-0.029694023563367415,-0.09006816822045384,-0.24442867071073227,0,Upper-Mid
6997.0,267.0,29912.0,4484.0,3273.0,59.02,35.0,325412.0,5892.0,-985.0,558.0,3075.0,51567.0,21580.0,21156.0,,4586.0,DEU,5892.0,3520.0,352020.0,21156.0,2834.0,4900.0,35202010.0,4086.0,5895.0,13450.0,2024.0,2777.0,DE0006599905,1806.0,2279.0,2024-12-31,1702.0,11294.0,284.0,6826.0,220301,MERCK KGAA,10025.0,29912.0,7.923672115888068,9.2838994383525,19.313669880884856,27.850255246738513,13.126299867649841,27.850255246738513,67.73492153526186,11.070470616922702,1.190897821852311,0.7938728528422171,0.27226846112980346,0.3216752257836019,4.180968448814164,0.2339194971917625,0.3433404653650709,58.006089165551614,41.848468982100954,15.303370786516854,1.2211473183978276,19.915837648108287,0.41026237710163477,358.4547610979329,4.317551020408163,84.53866515409341,47.38608432595954,9.812615955473099,1.5223015165031222,15.465316966276882,8.044999054641709,0.9424141749723145,2884.0,13.632066553223671,37.112952464020935,112.23690651003426,1.7239569403583845,10.772357723577237,10.2268635217861,89.7731364782139,0.7764492926213507,6.334673677698732,-6.180453996312075,45.877592311583214,-5.810736026563368,0.48009625781099513,-0.04695215369896828,0.40790498000839015,-0.24171394464961865,2.6364905768608735,0.2329913084873707,8.893284464870945,1.5872687760401074,0.36475132640648655,0.2689354965133424,True,True,False,False,False,False,False,False,False,False,False,False,False,False,False,False,False,False,False,False,False,False,False,False,False,False,False,False,False,False,False,False,True,False,False,False,False,False,False,False,False,False,False,False,False,False,False,False,False,False,False,False,False,False,11,True,-1.556407876036423,-0.26183719596950544,-0.8824591221241489,-0.4217957776633258,0.2806818575276202,0.4595780373806029,0.41818133503398086,-0.1298467050011568,0,Upper-Mid
34100.0,1975.0,17841.0,1243.0,4964.0,69.668,55.0,2211.0,12321.0,1106.0,1528.0,7280.0,111361.0,87195.0,81715.0,,5673.0,DEU,12321.0,5510.0,551030.0,81715.0,9997.0,11493.0,55103010.0,8812.0,7055.0,26054.0,2024.0,4531.0,DE000ENAG999,3509.0,333.0,2024-12-31,6971.0,29977.0,1437.0,59248.0,100590,E.ON SE,42320.0,17841.0,7.913003654780399,25.396558488873943,10.783821819739337,15.078015052315976,5.544881600685309,15.078015052315976,27.494340084439823,16.96540305346451,0.8691330019681756,0.8276678787070088,0.24285285385462188,0.29382526603729525,-3.5227772739109744,1.9113278403676923,2.1895633652822153,16.020869065471754,78.29940463896696,4.461772151898734,2.579660741822904,35.078707985740074,0.7337847181688383,1172.920135499799,7.109979987818672,51.3362907666891,51.789757082542984,,47.66532582461786,16.85778683740268,8.530869485406596,1.9866058706184098,-1298.0,-1.5884476534296028,122.8803102414948,64.3781207444394,6.241858640210751,0.4075139203328642,31.714853233281836,68.28514676671816,-14.00231530204168,-1.8897679417828162,6.339006334427233,264.60674157303373,15.990016638935112,0.09306907973327724,0.5796916694177284,0.18289414595984638,-0.018829282884115207,3.5904213033591343,5.118408011569669,5.094243047386428,3.5495132304792825,0.007391161642140398,-0.5871554937245439,True,True,False,False,False,False,False,False,False,False,False,False,False,False,False,False,False,False,False,False,False,False,False,False,False,False,False,False,False,False,False,False,False,False,False,False,False,False,False,False,False,False,False,False,False,False,True,False,False,False,True,False,False,False,11,True,0.6148693115423921,-0.4322406515587847,-1.2033836437171406,0.37374921996905675,-0.6044668132506869,-0.35246022108074554,0.05396704483656488,-0.34967415912106514,0,Upper-Mid
6713.2,272.2,18795.6,2857.3,1605.2,50.692,15.0,327310.0,4170.2,-1450.1,12.9,3233.0,37301.7,17326.8,21201.9,,3231.7,DEU,4170.2,1510.0,151020.0,21201.9,3241.0,2674.3,15102010.0,2864.9,3621.3,9201.2,2024.0,1745.7,DE0006047004,1305.3,182.8,2024-12-31,1323.1,7258.7,546.2,7667.1,100373,HEIDELBERG MATERIALS AG,13372.7,18795.6,7.680347008313294,9.287812041116007,13.512468222187636,19.668991929968538,8.233696036675958,19.668991929968538,63.83767492536047,11.23102615567961,1.2676099025996392,0.8739719233471559,0.4453965586124237,0.44717373634397345,5.2075374580783205,0.3571686990572262,0.44257166570899575,50.38805201907688,46.45042987316932,10.524981631153564,1.2194618963119275,22.300324113914378,0.5683896444397978,418.24942791762015,7.928018546909471,46.03924648262656,63.073120805210856,10.91474903474903,2.683337416442096,15.836543642783038,6.240478447686291,1.0136367118670038,1908.6,9.002023403562887,40.94130024445338,112.8032392055569,1.9845974589797613,0.8621868794777826,31.28830841496248,68.71169158503753,-0.02122000905386834,5.159635200090196,-0.5980743965331325,-1.272501551831151,4.025473700762627,0.19303997330217662,-0.01748493157396788,-0.06011296676448384,0.4297125882430861,1.3860037580955615,0.12919145131074974,8.663680207604479,1.6178022369055896,0.2133822877909015,-0.14491067451900302,False,True,False,False,False,False,False,False,False,False,False,False,False,False,False,False,False,False,False,False,False,False,False,False,False,False,False,False,False,False,False,False,True,False,False,False,False,False,False,False,False,False,False,False,False,False,False,False,False,False,False,False,False,False,11,True,-1.0970568419414075,-0.2900466450410538,-0.7010432003609217,-0.29131607416003413,0.37678669861222397,0.2910389669751354,0.45286905486978024,-0.014609390982138414,0,Upper-Mid
18764.0,1034.0,23793.0,1146.0,5387.0,482.638,20.0,492110.0,9947.0,-6347.0,616.0,4235.0,69875.0,45665.0,84186.0,,8722.0,DEU,9947.0,2030.0,203010.0,84186.0,4210.0,12949.0,20301010.0,5322.0,372.0,20147.0,2024.0,3332.0,DE0005552004,4625.0,92.0,2024-12-31,2936.0,21171.0,2132.0,70933.0,241456,DEUTSCHE POST AG,30769.0,23793.0,7.6164579606440075,14.004118858487791,6.321716199843204,11.815503765471695,3.957902739172784,11.815503765471695,15.742522509680946,12.50558075052283,0.951631949364697,0.8975012989466723,0.20003778753955884,0.2291341929998583,-1.465474060822898,0.7886353129071576,1.0150464422309082,34.05080500894454,65.35241502683363,5.147001934235977,2.0022117221272744,34.56314847942755,1.204808586762075,174.42886801287924,6.501351455710866,56.14217328296866,36.54883234742118,,61.896160558464224,24.592486583184257,3.487515738958972,0.6348108108108108,5786.0,6.872876725346257,33.662004127493695,163.8857572341225,2.936788130962888,0.10928182833250183,63.985594237695075,36.014405762304925,2.9697399642848454,4.58137516089443,-18.801943485487783,-1.5484090522375316,-13.16178645371192,0.40330400428408303,0.06452802795712036,0.07618462731549844,0.6939544352493967,1.8189449759321399,0.3326216133116856,12.482289803220036,3.202911638225857,0.5407775201877482,0.18620537105265988,True,True,False,False,False,False,False,False,False,False,False,False,False,False,False,False,False,False,False,False,False,False,False,False,False,False,False,False,False,False,False,False,True,False,False,False,False,False,False,False,False,False,False,False,False,False,False,False,False,False,False,False,False,False,11,True,0.054199244431302036,-0.22487552943997113,-0.18436147619725765,0.9112737296141113,-0.6062265229428057,-0.2532642234995427,-0.16498123372351456,-0.06516590438806434,0,Upper-Mid
1873.2,156.4,1810.7,35.6,20.6,9.136,50.0,511130.0,684.5,-369.1,0.0,300.1,5388.6,3574.6,1847.1,,531.2,DEU,684.5,5020.0,502010.0,1847.1,2731.0,461.7,50201040.0,404.4,671.9,852.9,2024.0,68.3,DE000SPG1003,280.1,84.1,2024-12-31,11.0,819.4,25.9,237.6,327148,SPRINGER NATURE AG,186.5,1810.7,7.504732212448502,3.7720218699950294,21.893779438038006,37.058091061664236,3.697688268095934,37.058091061664236,87.13659249634563,10.977496674719726,1.040883573346351,0.9974371491335123,0.3662435928728338,0.3662435928728338,0.6216828118620792,1.034517037609764,1.0458938532059423,33.60241992354229,66.33633968006532,2.5856777493606136,2.3282688093498902,35.14456445087777,0.3427792005344616,202.17819614711033,4.000649772579597,91.23517947052136,10.096908667641168,55.13731343283582,6.674157303370786,14.137252718702445,0.5955281251691842,0.03927168868261335,520.2,28.16306642845542,2.0707831325301203,131.35509396636996,2.975976141823604,4.553083211520762,37.920937042459734,62.079062957540266,-0.31840259039396246,-0.41765227675930605,-0.10933741526352181,8.533277696640962,-12.698412698412698,0.8104904438494789,-26.07405839138555,-0.05004242365600309,0.2953670217378043,3.477855100505245,340.8222605351467,9.857848049586163,1.8199733616180795,0.7392075753636814,-0.12390943393823423,False,False,False,False,False,False,False,False,False,False,False,False,False,False,False,False,False,False,False,False,False,False,False,False,False,False,False,True,False,False,False,False,False,False,False,False,False,False,False,False,False,False,False,False,False,False,True,False,False,False,True,False,False,False,9,True,-0.8441179966735581,-0.4212461452208991,-1.4439783660626466,-0.09540387122861489,0.25562409075604425,0.4539771516670818,1.0689152368632484,-0.513831398970743,0,Upper-Mid
527.164,41.779,440.914,391.239,6.386,3.674,20.0,336992.0,191.585,-88.973,1.218,165.524,1589.227,1142.56,1140.504,,168.63,DEU,191.585,2010.0,201060.0,1140.504,3790.0,301.796,20106010.0,114.552,158.711,871.984,2024.0,53.323,DE000RENK730,77.033,28.985,2024-12-31,30.883,478.633,42.0,783.756,358690,RENK GROUP AG,298.561,440.914,7.208032584394804,12.093741636691057,10.043980555964731,16.798275148530827,4.675389126210868,16.798275148530827,31.279855221901894,11.83293081755809,1.8218217298013302,1.0044125666220258,0.345826551867506,0.3483712990955492,24.75108968070641,1.195616378704237,1.210099928784298,27.743928337487343,71.89407177199983,2.741855956341703,1.9209541456794632,33.5729257053901,0.7176470070040339,310.42569406641263,3.7790560511073705,96.58496594488051,26.17798797724515,2.8994562108651047,2.003266545513101,29.405490845549437,2.7078379383149906,0.4009061051757039,137.74699999999999,12.077730547196678,18.31406036885489,147.2082547663943,3.604392239756506,2.5414202843655085,78.76526076927405,21.23473923072595,23.231118314424613,7.921267435385526,12.907191149354635,186.31677405944708,10.099821746880554,1.7279547518703875,-0.2873390024284759,-0.6892361893888411,0.4808650000345789,2.7494610030633466,0.4455832759485087,10.610818970480617,2.752971813336129,0.9216083237639261,,False,False,False,False,False,False,False,False,False,False,False,False,False,False,False,False,False,False,False,False,False,False,False,False,False,False,False,False,False,False,False,False,False,False,False,False,False,False,False,False,False,False,False,False,False,False,False,False,False,False,False,False,False,False,3,True,-0.23409852105733547,-0.10665140450044593,0.28719109091448675,-0.3721425897138349,-0.5059158664805372,0.025488424864345594,0.18631407826420932,0.2589777067477328,0,Upper-Mid
14772.0,1082.0,31549.0,2560.0,3898.0,20.985,55.0,221122.0,8686.0,1116.0,6851.0,11941.0,98440.0,64817.0,24224.0,1863.0,6620.0,DEU,8686.0,5510.0,551050.0,24224.0,4911.0,7911.0,55105010.0,6791.0,2983.0,35022.0,2024.0,5135.0,DE0007037129,1895.0,26.0,2024-12-31,9377.0,27575.0,813.332,15916.0,100953,RWE AKTIENGESELLSCHAFT,37447.0,31549.0,6.898618447785452,16.276268661447272,28.03418097754293,35.85700132100396,21.197985468956407,35.85700132100396,34.29656538969617,14.660737030720409,1.2700634632819583,1.1772257479601087,0.4330371713508613,0.6814868540344515,7.565014221861032,0.46822403245744715,0.5917778693460966,32.04896383583909,65.84416903697684,6.27634011090573,0.7746949113516003,18.96586753352296,0.2460788297440065,1154.3483440552777,3.062065478447731,119.20058619550859,154.5863606340819,3.2528534980529074,6.2171875,20.166598943518895,38.709544253632764,4.948284960422163,-2757.0,-11.381274768824307,141.6465256797583,97.48196141952585,3.120225680687185,0.10733157199471599,15.838987341772151,84.16101265822785,-15.199887978715953,-7.562867391590133,4.221504842314361,202.63446761800222,82.21919937815781,1.6612269284570662,-0.27183617371685476,2.3173572420120676,-0.9512590599829768,11.741637627714423,1.4377917055857417,6.7249085737505085,3.678125398525585,0.22018780595825974,0.06741778818363019,True,True,False,False,False,False,False,False,False,False,False,False,False,False,False,False,False,False,False,False,False,False,False,False,False,False,True,False,False,False,True,True,True,False,False,False,False,False,False,False,False,False,False,False,False,False,False,True,False,False,False,False,False,False,11,True,-0.8891892721070059,-0.5150085197943045,-1.6133114252942315,-0.7130727701314589,0.19014879444598184,-0.3454190530857993,-0.8471671446076612,0.2629566164869867,0,Upper-Mid
16011.0,878.0,17838.0,7532.0,8517.0,105.541,20.0,336120.0,6961.0,1392.0,46.0,2588.0,65547.0,47703.0,47473.0,33.0,2340.0,DEU,6961.0,2010.0,201060.0,47473.0,3713.0,11859.0,20106010.0,4520.0,5233.0,22804.0,2024.0,2804.0,DE000TRAT0N7,2441.0,2022.0,2024-12-31,1763.0,23260.0,850.0,33615.0,332311,TRATON SE,12934.0,17838.0,6.895815216562161,15.719251037111784,9.521201525077412,14.663071640722094,5.906515282371032,14.663071640722094,29.191329808522738,13.353422553103488,0.9803955288048152,0.6565778159931213,0.1112639724849527,0.11324161650902838,-0.6956840129983066,0.8975782038345106,1.3750420450723175,27.214060140052176,72.7767861229347,5.148063781321184,3.1518459991380547,37.42047690969839,0.7242589287076449,449.8062364389195,4.003119993254068,91.17888062688266,27.244960293219307,,4.4629580456718,22.040673104795033,3.7136898868830706,0.7222449815649324,577.0,1.2154277168074485,75.34188034188034,51.76991150442478,3.674571140262361,4.259263160112064,30.313837375178316,69.68616262482169,1.2822153951186133,6.23672993079305,1.8529062641742478,-45.61734213006597,15.834428383705657,0.33803306441861164,0.09947383621153878,-0.09839830422023664,0.23541133556566574,2.3855782735217828,0.3122638010993772,3.5699574351228893,1.783993709808947,0.15058866623312134,-0.7725188022961524,True,True,False,False,False,False,False,False,False,False,False,False,False,False,False,False,False,False,False,False,False,False,False,False,False,False,False,False,False,False,False,False,False,False,False,False,False,False,False,False,False,False,False,False,False,False,False,False,False,False,False,False,False,False,9,True,0.06107154986705795,-0.23607837393853678,-0.6847623581626762,0.3889426997556867,-0.4392579666092945,-0.418880892956138,0.11117830487428053,-0.37395957862888013,0,Upper-Mid
451.004,14.129,522.579,0.0,32.191,13.069,25.0,5418.0,159.909,-32.096,5.357,179.047,1720.885,1182.716,1483.814,,146.203,DEU,159.909,2540.0,254010.0,1483.814,7310.0,450.346,25401010.0,117.575,288.739,655.424,2016.0,-140.555,DE0005875306,42.334,21.287,2016-12-31,17.913,516.885,88.2,1003.599,231081,GFK SE,92.489,522.579,6.832240387939927,-26.89641183438294,7.923836815126424,10.776889825813745,-9.47254844609904,10.776889825813745,32.36355769658461,12.076525576145023,1.2680267370885205,1.2680267370885205,0.3463962003153506,0.3567602077831626,8.050450785496995,0.8630350626412467,0.9246353182963726,30.36687518340853,68.7271955999384,8.321537263783707,1.9020067663483609,28.07828530087717,0.8622389061442224,113.53691942765322,3.29483108543209,110.77957884209206,6.233193648260496,10.710442546864062,,36.573797784279606,1.2072267817934053,0.42313506873907497,128.29,8.645962364555125,12.252142568893936,124.3487135870721,3.293061910256631,1.4346137723461294,,,-3.8623166902721495,-6.590454002901803,-3.084909158324056,-11.261594648995999,-32.052497818912876,-1.6594393656980002,0.1378205823171777,-0.6735361896385356,-1.1768285116979618,1.842533514258373,0.156250906889541,8.495803031579682,1.3594207806928698,0.8111328393416563,,False,False,False,False,False,False,False,False,False,False,False,False,False,False,False,False,False,False,False,False,False,False,False,False,False,False,False,False,False,False,False,False,False,False,False,False,False,False,False,False,False,False,False,False,False,False,False,False,False,False,False,False,False,False,3,True,-0.06777622770048759,-0.13511236943628396,-0.07487385746626732,0.33830466030871154,-0.4775064236969158,-0.14945194463260641,0.2940101617991259,-0.17230488104939848,0,Upper-Mid
2112.0,66.0,3363.0,1753.0,722.0,12.892,20.0,336412.0,1178.0,736.0,858.0,2605.0,12484.0,9047.0,7411.0,,714.0,DEU,1178.0,2010.0,201010.0,7411.0,3724.0,3079.0,20101010.0,832.0,293.0,7519.0,2024.0,633.0,DE000A0D9PT0,346.0,339.0,2024-12-31,459.0,6049.0,118.0,5813.0,273099,MTU AERO ENGINES AG,1537.0,3363.0,6.664530599166933,18.822479928635147,11.226555120766427,15.895290783969775,8.541357441640804,15.895290783969775,21.56254216704898,15.19634703196347,1.2430153744420565,0.9532154075053728,0.4306496941643247,0.5724913208794842,11.775072092278116,0.6280107047279215,0.8426999702646447,26.93848125600769,72.4687600128164,12.606060606060606,0.19439728353140917,22.701057353412367,0.593639859019545,574.8526217809494,2.4069503085417345,151.64417757387665,20.739441370935097,5.041496598639456,3.316029663434113,45.53027875680872,6.193496154365133,1.3265895953757225,255.0,3.440831196869518,64.28571428571429,85.8173076923077,3.712161760333036,4.574281473485359,18.64139020537125,81.35860979462875,38.18758157747531,22.344178753430022,5.9326211996713285,-42.69662921348315,38.25301204819278,-0.522577306925928,-0.011729329632645275,0.40419579056910093,0.2879084999951017,4.773797471147643,0.14849214132229066,5.7193207305350855,1.8780075002062253,0.13181529255894736,-0.008116966790129935,False,False,False,False,False,False,False,False,False,False,False,False,False,False,False,False,False,False,False,False,False,False,False,False,False,False,False,False,False,False,False,False,False,False,False,False,False,False,False,False,False,False,False,False,False,False,False,False,False,False,False,False,False,False,11,True,-0.12769364366670952,-0.09821105851913285,-0.2653523096644242,0.01507201130233448,-0.6046915908612959,-0.41787915944280535,-0.050147850082913066,-0.13031006306097642,0,Upper-Mid
790.796,32.651,649.869,223.59,30.171,7.984,20.0,3363.0,204.891,440.69,0.0,109.426,1910.888,1233.16,1305.926,,196.976,DEU,204.891,2010.0,201060.0,1305.926,3714.0,209.011,20106020.0,126.513,189.683,571.867,2024.0,70.178,DE000STAB1L8,78.378,34.378,2024-09-30,53.548,290.691,28.405,883.474,315582,STABILUS SE,300.311,649.869,6.6206392002043035,10.798791756492461,9.68760863938692,15.689326960333128,5.3738113798178455,15.689326960333128,32.34884671872678,8.781569622361896,1.9672676484652087,1.1981003883849173,0.376434082926544,0.376434082926544,14.714415496878939,1.2168544737477862,1.2632807535057067,34.00874357890154,64.5333478466556,3.874705215766745,3.472778208901319,42.9625912141371,0.6834131566057247,163.56788577154308,6.248120912296482,58.41756347603157,22.996019682585384,4.644514467806641,3.951312670512993,16.664346628373824,4.100385473602639,0.6832019189058154,143.428,10.982858140507195,27.18503777109902,155.69625255902554,2.9404203000912488,2.632461563672061,40.47564763886118,59.52435236113882,7.4611562685660715,43.21223408441097,6.995443580809435,9.91746304229537,12.45799731182795,0.2725675188843278,-0.24692377243173472,-0.18834501152958566,-0.0028283717082525136,2.3912224167607414,1.1208187859020873,10.308087130171941,2.3470718783997153,0.14292261055205147,0.38633353248229296,False,False,False,False,False,False,False,False,False,False,False,False,False,False,False,False,False,False,False,False,False,False,False,False,False,False,False,False,False,False,False,False,False,False,False,False,False,False,False,False,False,False,False,False,False,False,False,False,False,False,False,False,False,False,11,True,-0.3369955226995398,-0.08284892642273599,0.13200845760215385,-0.31849972198249954,-0.3406742949626951,0.00840025618224837,0.07343087859679831,-0.18585257832134006,0,Upper-Mid
41321.0,1785.0,51264.0,10923.0,6598.0,327.0,20.0,999977.0,12658.0,-8880.0,1060.0,10216.0,147812.0,91581.0,75930.0,,11665.0,DEU,12658.0,2010.0,201050.0,75930.0,9997.0,34677.0,20105010.0,9659.0,13984.0,61353.0,2024.0,8216.0,DE0007236101,2999.0,6435.0,2024-09-30,2088.0,43913.0,4160.0,43108.0,19349,SIEMENS AG,12078.0,51264.0,6.534652125673153,16.026841448189764,12.720927169761623,16.67061767417358,10.820492558935863,16.67061767417358,43.226656130646646,10.432575471188638,1.3971489080682258,1.14840707763077,0.23264181449684604,0.25678045225787355,11.798771412334586,0.80604322721598,0.934749531835206,34.68189321570644,61.95775715097557,5.411204481792717,2.9785906146310634,32.4188834465402,0.5136930695748654,232.2018348623853,2.1896357816420107,166.69438956934016,15.906756222836824,4.353784403669724,3.9465348347523572,30.371688360890865,2.7499012248123273,0.6962320773591197,9577.0,12.612932964572632,17.899699957136733,120.76819546536908,2.883348938826467,8.474911102331093,50.63291139240506,49.36708860759494,-2.3646954442001267,1.8922291079294329,2.187500000000009,-4.430695539367324,-5.86113615870153,0.4274657300079713,0.03051371519563571,0.02171972230745273,0.7932198642492456,1.833229520947242,0.17366750546714438,7.891781452114849,0.9997692922485408,0.5980832047422889,-0.397258245788941,True,True,False,False,False,False,False,False,False,False,False,False,False,False,False,False,False,False,False,False,False,False,False,False,False,False,False,False,False,False,False,False,True,False,False,False,False,False,False,False,False,False,False,False,False,False,False,False,False,False,False,False,False,False,11,True,-0.503341269755387,-0.08300791368601046,-0.32619151563055715,-0.20988257432730092,-0.22870798918256324,-0.04311324822792223,0.2994773013519445,-0.1801882835060522,0,Upper-Mid
170.5,18.8,726.1,246.9,61.1,4.321,20.0,336510.0,150.3,-83.9,0.3,95.0,1490.8,738.9,1209.6,,136.4,DEU,150.3,2010.0,201060.0,1209.6,3490.0,307.1,20106010.0,96.0,230.0,666.9,2024.0,69.2,DE0007667107,54.3,15.2,2024-12-31,55.7,513.5,21.253,826.1,209440,VOSSLOH AG,307.2,726.1,6.439495572846794,9.530367717945188,7.936507936507938,12.425595238095239,5.720899470899472,12.425595238095239,31.704695767195762,10.70711577068927,1.29873417721519,0.8179162609542356,0.18500486854917234,0.18558909444985394,10.289777300778105,0.2348161410274067,0.3189643299820961,48.70539307754226,49.56399248725516,5.106382978723404,0.9088489687292082,15.53528306949289,0.811376442178696,279.9352001851423,3.938782155649625,92.66823743386244,25.396825396825395,7.885267275097784,3.3458890238963144,26.97209551918433,4.604828042328043,1.0257826887661143,80.7,6.671626984126985,40.83577712609971,142.08333333333334,2.0531607216636827,1.2566137566137567,30.71242774566474,69.28757225433526,-0.38705426994977143,7.043871616284902,7.567836694050278,15.450643776824036,-17.35905044510386,0.7992154785469279,-0.0334285483156408,0.1003992410371543,0.7631793406940446,4.215846617939716,0.253157852186241,9.149449959753152,3.7116133384116874,0.3953218819008001,0.5125365818492017,False,False,False,False,False,False,False,False,False,False,False,False,False,False,False,False,False,False,False,False,False,False,False,False,False,False,False,False,False,False,False,False,False,False,False,False,False,False,False,False,False,False,False,False,False,False,False,False,False,False,False,False,False,False,11,True,-0.6958571100215744,-0.019734688306559896,0.19147102845527988,0.05526386291413865,-0.21810850567286025,-0.04156912453810529,0.04309961752526149,0.04946536718967067,0,Upper-Mid
18373.0,154.0,22205.0,9012.0,10293.0,104.919,20.0,333924.0,5623.0,403.0,2205.0,8758.0,73854.0,51004.0,54077.0,632.0,1555.0,DEU,5623.0,2010.0,201060.0,54077.0,3537.0,20151.0,20106010.0,4549.0,5512.0,38455.0,2024.0,2900.0,DE000DTR0CK8,1074.0,1750.0,2024-12-31,1417.0,23603.0,1486.0,38745.0,351590,DAIMLER TRUCK HOLDING AG,12794.0,22205.0,6.1594497251333715,13.060121594235532,8.412079072433752,10.398135991271705,5.36272352386412,10.398135991271705,28.35216450616713,11.210508157129478,1.6292420455026904,1.247426174638817,0.371054526966911,0.4644748548913274,20.109946651501613,0.8274262553478946,1.2909705021391578,30.066076312725105,69.06057898015003,29.538961038961038,3.5404588298061532,38.81441763479297,0.7322149104990928,515.4166547527141,2.6835889037764877,136.0118904525029,23.65885681528191,3.6410584433072986,4.299267643142477,39.14344517561676,2.6203376666605025,1.319366852886406,138.0,0.2551916711356029,91.12540192926045,34.18333699714223,3.3260076559333482,3.236126264400762,51.241379310344826,48.758620689655174,-3.243871891214889,3.710048868168281,0.48172693840025094,-121.5625,38.109161793372316,0.7266982425643214,-0.23033827316018007,-0.07801387965298195,-0.4257079427443689,2.7731776397988606,0.6562814513663305,2.105505456711891,2.9284351018323878,0.3204495168611029,-0.806866012852634,True,True,False,False,False,False,False,False,False,False,False,False,False,False,False,False,False,False,False,False,False,False,False,False,False,False,False,False,False,False,False,False,False,False,False,False,False,False,False,False,False,False,False,False,False,False,False,False,False,False,False,False,False,False,7,True,-0.18118695331603724,-0.06407620269553461,0.27378065846686483,-0.2437925061901525,-0.4493451050062915,-0.2587051140322882,0.16294219308364422,0.1642629294903302,0,Upper-Mid
13455.0,476.0,18199.0,4179.0,2754.0,72.0,35.0,334510.0,3944.0,-1657.0,0.0,2683.0,46055.0,27807.0,22363.0,,2826.0,DEU,3944.0,3510.0,351010.0,22363.0,3845.0,7205.0,35101010.0,2809.0,3681.0,14443.0,2024.0,1942.0,DE000SHL1006,1135.0,2006.0,2024-09-30,696.0,11573.0,1063.0,12760.0,326765,SIEMENS HEALTHINEE,3868.0,18199.0,6.099229182499186,10.670915984394746,12.560926530429729,17.636274202924472,8.683986942717882,17.636274202924472,42.94146581406788,8.87407594616794,1.247991013566059,0.8868919035686512,0.23183271407586625,0.23183271407586625,6.231679513625013,0.7393263366119017,0.8906533326006923,39.51579633047444,60.377809141244164,5.901260504201681,3.4295131845841786,35.19487569210726,0.48557159917489956,310.59722222222223,3.1038167938931296,117.59714707329071,17.296427134105443,7.79198606271777,3.053362048336923,21.46998154380632,3.1122836828690246,0.613215859030837,2130.0,9.52466127084917,24.628450106157114,100.60519757920969,2.5306335512940272,8.970173948039172,54.73738414006179,45.26261585993821,3.1503690036900345,-1.347356696084312,1.4084507042253502,66.27634660421546,-16.945107398568016,-0.4776451175456497,-0.2652137876545959,0.06290598133090063,-0.3302687012248217,1.9286414682458912,1.2275754620331256,6.136141569862121,1.8083818439305444,0.5622366133614215,0.25521289966323085,False,True,False,False,False,False,False,False,False,False,False,False,False,False,False,False,False,False,False,False,False,False,False,False,False,False,False,False,False,False,False,False,True,False,False,False,False,False,False,False,False,False,False,False,False,False,False,False,False,False,False,False,False,False,10,True,-0.5729059114795235,-0.08965535902738447,-0.4609442237120591,-0.14544443443488034,-0.14474511339872018,-0.11450345339206815,0.21719938534073532,-0.3156495591736918,0,Upper-Mid
4112.0,449.0,14351.0,6113.0,2768.0,168.761,25.0,3363.0,4364.0,-1072.0,0.0,2966.0,36966.0,22168.0,39719.0,,2934.0,DEU,4364.0,2510.0,251010.0,39719.0,3714.0,8142.0,25101020.0,2242.0,3850.0,17950.0,2024.0,1168.0,DE0005439004,2122.0,4151.0,2024-12-31,1938.0,14269.0,500.015,28796.0,100609,CONTINENTAL AG,9942.0,14351.0,6.065032732781475,8.138805658142289,5.644653692187617,10.98718497444548,2.9406581233162967,10.98718497444548,27.50069236385609,12.143205329578075,1.257971827037634,0.829560585885486,0.2078631999439344,0.2078631999439344,9.957799058594384,0.2865305553619957,0.47940910041112117,38.822160904615046,59.96861981280095,4.993318485523385,0.8968835930339139,18.6116972352973,1.0744738408267056,235.35651009415682,4.878285433554409,74.82137012512904,25.03084166268033,10.790274381961424,4.710616718468837,30.04923443163989,4.879276920365569,0.9132893496701225,996.0,2.507616002416979,66.05316973415133,130.86529884032115,2.575848372935684,10.450917696820161,42.809503424657535,57.190496575342465,-4.1078692917758115,-2.0840838295437814,-16.76933168280209,-17.220744680851052,-8.77424213895689,-0.7538652456830097,0.012807662542078485,-0.12643942471127861,-0.5167188587038252,2.9135851766363854,0.12619547902306635,7.937023210517773,3.213632306621219,0.7364185025449634,0.07969566452998116,False,False,False,False,False,False,False,False,False,False,False,False,False,False,False,False,False,False,False,False,False,False,False,False,False,False,False,False,False,False,False,False,False,False,False,False,False,False,False,False,False,False,False,False,False,False,False,False,False,False,False,False,False,False,11,True,-0.21640436138997793,-0.1033146318818569,0.3359990214215051,0.43672915884744307,-0.30860468177264533,-0.18910238919322905,0.1074251534665649,0.13849202599348528,0,Upper-Mid
2156.389,31.382,2436.302,880.842,857.891,20.922,20.0,333924.0,586.483,-386.486,169.617,703.391,7128.36,4692.058,5391.884,0.375,577.958,DEU,586.483,2010.0,201060.0,5391.884,3537.0,1484.87,20106010.0,421.588,1174.82,3073.923,2024.0,288.993,DE0006219934,164.895,135.742,2024-12-31,138.426,2150.206,80.52,3499.164,202807,JUNGHEINRICH AG,1830.59,2436.302,5.914235532436634,11.86195307478301,7.81893675754152,10.877144241233676,5.359777769699793,10.877144241233676,35.10312907325157,9.179542015781161,1.4295946527914067,1.01993994993968,0.3271272612949643,0.4060113310073546,12.958338243298595,0.885107429210336,1.2372357778304988,34.17759484650046,65.82240515349955,13.434070486266013,3.9402489074704645,42.28574314428565,0.7563989473034471,257.7136029060319,3.6312162007448467,100.5172867220437,33.950841672409865,5.837160082579407,3.9725217462382587,30.697958576727324,2.5673030057768305,0.8394796688801963,439.532,8.151733234617065,23.950875323120364,137.09071415694942,2.9258934237216896,2.517524486802757,27.862266560089687,72.1377334399103,-2.776886727046546,3.1621927921229087,68.74621930072189,30.135692481694964,2.857779759250989,0.044525976935936726,-0.0073325371480288835,-0.1342829649973476,0.48601784612682586,0.4426520657875997,0.15472288353991218,8.107867728341441,3.2945715511874747,0.11129985755028808,-0.5606546666031959,False,False,False,False,False,False,False,False,False,False,False,False,False,False,False,False,False,False,False,False,False,False,False,False,False,False,False,False,False,False,False,False,False,False,False,False,False,False,False,False,False,False,True,False,False,False,False,False,False,False,False,False,False,False,11,True,-0.19917914517658655,-0.08123791532846959,0.021174358769214974,-0.053692348114218004,-0.16678929369427065,-0.14555721001417157,0.15203299712984575,0.05582767338850737,0,Upper-Mid
916.087,61.661,1511.562,355.088,453.861,12.142,35.0,327212.0,411.602,168.269,0.0,186.378,3809.164,2270.023,2035.903,,240.332,DEU,411.602,3520.0,352030.0,2035.903,3220.0,387.886,35203010.0,217.047,387.458,992.301,2024.0,109.72,DE000A0LD6E6,194.555,65.519,2024-11-30,369.846,985.503,88.2,1233.583,284944,GERRESHEIMER GROUP,1018.153,1511.562,5.698021928171116,7.2587164800385295,10.66096960415108,20.21717144677325,5.389254792590806,20.21717144677325,39.408557283917744,8.940625271610516,1.0068980003105013,0.6465865654391716,0.18911966782445105,0.18911966782445105,0.1784643559584203,0.6060532085352768,0.9063128075461013,39.68225048855864,59.5937323780231,3.520004540957818,2.8755205271111413,35.96453185003323,0.534475018665513,167.67443584253007,5.248714828583656,69.54083274104906,50.00989732811436,299.48558399529264,3.474020524489704,15.075853914402215,18.166189646559783,1.9009842974994218,-129.514,-6.361501505720067,153.8896193598855,110.72809115076458,2.5200183651084114,3.218178862156007,80.38643820634343,19.613561793656572,2.2817040662431065,11.082227929518162,4.133790737564325,193.01147032872547,9.248001701433806,-0.14623513953854378,-0.03884029189784664,1.1288886323723293,-1.17232334025491,1.2589848654733227,0.2271157408050461,6.3093109144158666,1.109079302886883,0.1484072624515376,-0.825851216049157,False,False,False,False,False,False,False,False,False,False,False,False,False,False,False,False,False,False,False,False,False,False,False,False,False,False,False,True,False,False,False,False,False,False,False,False,False,False,False,False,False,False,False,False,False,False,False,False,False,False,False,False,False,False,11,True,-0.3974482844819621,-0.1982590542154083,-0.6985310723648729,0.004717898130617426,0.08068320392588214,-0.31155701566526867,-0.0016714478195274081,-0.2773531276472376,0,Upper-Mid
6129.0,267.0,14182.0,1211.0,1944.0,55.646,15.0,325120.0,3686.0,-1623.0,623.0,2055.0,33513.0,18454.0,17113.0,,3508.0,DEU,3686.0,1510.0,151010.0,17113.0,2810.0,3559.0,15101040.0,1808.0,4032.0,7841.0,2017.0,1404.0,DE0006483001,1878.0,112.0,2017-12-31,1660.0,8787.0,88.2,9315.0,100037,LINDE AG,11756.0,14182.0,5.394921373795244,9.899873078550275,10.565067492549524,21.539180739788467,8.204289136913458,21.539180739788467,45.567697072401096,8.90158042440057,0.8923409582337544,0.7545237282348924,0.23386821440764766,0.30476840787527026,-2.8227851878375554,0.432167536313637,0.5692427020166408,42.317906484050965,55.06519857965566,6.771535580524344,1.6326641345632122,24.089159430668698,0.5106376629964492,307.53333572943245,4.8083731385220565,75.90925027756677,68.69631274469702,,7.691990090834022,16.751708292304478,9.70022789692047,0.8839190628328009,1848.0,10.79880792380062,47.32041049030787,194.02654867256638,2.363065858130024,0.6544732075030678,6.282051282051282,93.71794871794872,0.9735662025017744,-4.762852027622266,4.585948953125585,10.065515187611673,-5.73537762634867,-0.2953852357194847,-0.05801548133815478,-0.5503847368221055,1.4462117261353595,0.43516469845615735,0.0772141148975456,10.467579745173515,0.763730659095466,0.7679253485577232,0.8884089183899395,False,False,False,False,False,False,False,False,False,False,False,False,False,False,False,False,False,False,False,False,False,False,False,False,False,False,False,False,False,False,False,False,False,False,False,False,False,False,False,False,False,False,False,False,False,False,False,False,False,False,False,False,False,False,4,True,-0.4549659461552068,-0.1460400596743168,-0.9025958732669609,0.04450797894054553,0.3889683180956867,-0.23859643787488974,-0.0296571597395134,-0.2579455936817439,0,Upper-Mid
3397.504,148.024,4781.247,119.667,497.345,10.972,50.0,517.0,1295.975,-101.754,17.99,132.847,11935.709,6390.975,6329.186,,954.121,DEU,1295.975,5010.0,501010.0,6329.186,7370.0,1292.487,50101020.0,640.725,1255.137,1989.27,2024.0,-47.583,DE0005089031,655.25,6.535,2024-12-31,774.598,1881.568,69.1,3684.958,225236,UNITED INTERNET AG,2759.136,4781.247,5.368135231849235,-0.9952006244396074,10.123339715407322,20.476171817355343,-0.7518028384692755,20.476171817355343,41.77832662841635,7.834020133392006,1.0572405568121908,0.9936409420228236,0.07060441078929915,0.08016558529906972,0.9023510878155625,0.7105895177555144,0.8146094523039701,40.05834089956449,53.54499678234448,4.328521050640437,2.902835317039295,32.631903140399956,0.5302731492532199,576.8488880787459,4.896904959198816,74.53687646405083,43.59385235320941,58.76572394198808,30.793435115779623,11.941762320110183,12.238509027859191,1.182141167493323,179.52300000000002,2.836431098722648,81.18446192883292,148.91271606383393,2.4963590042514014,0.10325182416822638,,,1.866505204390112,6.13645696557934,0.09122422915526229,486.5422942464148,-2.9194427315977767,-0.5468603182232925,-0.0728668106173555,0.9960844831622925,-0.778187920511514,2.039358137012388,0.4132467835297932,7.993835975726284,4.339954980035436,0.7909672587684747,0.4524402035389427,False,False,False,False,False,False,False,False,False,False,False,False,False,False,False,False,False,False,False,False,False,False,False,False,False,False,False,True,False,False,False,False,False,False,False,False,False,False,False,False,False,False,False,True,False,False,False,False,False,False,False,False,False,False,11,True,-0.37530302912426433,-0.1334351309092502,-0.6245046359416541,-0.01026075173495353,0.1291678319879179,-0.24243619263461966,0.05099472243894956,-0.3004771575287828,0,Upper-Mid
137061.0,14474.0,182294.0,56720.0,117020.0,679.472,25.0,336110.0,45843.0,11140.0,27326.0,67622.0,632905.0,436174.0,324656.0,2069.0,17151.0,DEU,45843.0,2510.0,251020.0,324656.0,3711.0,111640.0,25102010.0,33403.0,31349.0,245231.0,2024.0,11351.0,DE0007664039,12440.0,17963.0,2024-12-31,17202.0,217039.0,3170.532,189658.0,100737,VOLKSWAGEN AG,144645.0,182294.0,5.277727305045781,6.2267545832556195,10.288736385589669,14.120484451234539,3.496316100734316,14.120484451234539,41.581858952244836,10.459519969939409,1.1298937057395215,0.8685581853952515,0.3115661240606527,0.437469763498726,4.4543809892479915,0.7518678618056546,1.393797930815057,28.802742907703365,68.91618805349934,2.307793284510156,4.067338524965644,40.14520346655501,0.5129616609127752,477.80629665387244,2.908061626657112,125.5131585431965,44.553311813119116,11.51589103291714,3.343758815232722,28.323682069188898,5.298531368587058,1.382797427652733,-51.0,-0.015708934995810952,100.29735875459156,51.34568751309763,3.471891559788035,5.532933320191217,27.931741696766803,72.0682583032332,0.735996822678131,5.424777375411849,-0.6656189466759277,-101.08441420369975,17.39575513546714,0.42298112486831807,-0.029085346462473488,-0.1597886534865612,0.6665555175325564,1.798038321810791,0.1461485333306627,2.7098853698422354,1.983443747234279,0.6087469152289839,-0.05496050692312293,True,True,False,False,False,False,False,False,False,False,False,False,False,False,False,False,False,False,False,False,False,False,False,False,False,False,False,False,False,False,False,False,False,False,False,False,False,False,False,False,False,False,False,False,False,False,False,False,False,False,False,False,False,False,11,True,-0.061362611374672735,-0.16977726605706467,-0.6797058803852121,-0.06837161957066513,0.02925744620161157,-0.427316437866174,0.19391095410339307,-0.24984142749314042,0,Upper-Mid
5832.0,286.0,13532.0,883.0,1125.0,74.607,50.0,515120.0,2462.0,-1629.0,208.0,2450.0,32951.0,17301.0,18988.0,133.0,2172.0,DEU,2462.0,5020.0,502010.0,18988.0,4833.0,5548.0,50201020.0,1681.0,479.0,12565.0,2024.0,784.0,DE0005229900,781.0,84.1,2024-12-31,396.0,9357.0,220.0,13852.0,103255,BERTELSMANN SE & CO KGAA,2915.0,13532.0,5.101514369821857,5.793674253621046,8.852959764061513,12.966083842426796,4.128923530650938,12.966083842426796,27.048662313039816,8.681057632720513,1.3428449289302127,1.248477075985893,0.26183605856577963,0.2840654055787111,9.73566811325908,0.4309784215193615,0.5141146911025717,41.067038936602835,52.50523504597736,5.8776223776223775,1.830625507717303,21.11316803738885,0.5762495827137264,254.50694975002347,3.4224945926459984,106.64735622498421,15.351801137560564,5.918952618453865,15.687429218573046,24.27240447937847,2.085527701706341,0.5070422535211268,1776.0,9.353275753107225,18.23204419889503,129.2088042831648,2.435042861365652,0.4429113124078365,28.061224489795915,71.93877551020408,-5.855520848827411,1.0085218564159115,-7.22599418040738,20.48846675712348,-10.204081632653061,-0.12080893838745095,0.0006866197300966331,0.02415900386240769,0.04408664795454003,1.3599723118676057,0.12457961648497791,6.5916057175806495,1.5427911953834248,0.0868021911186794,-0.6956676548323845,False,False,False,False,False,False,False,False,False,False,False,False,False,False,False,False,False,False,False,False,False,False,False,False,False,False,False,False,False,False,False,False,False,False,False,False,False,False,False,False,False,False,False,False,False,False,False,False,False,False,False,False,False,False,11,True,-0.4353462227339901,0.06652861790886934,0.033023170014341366,-0.10224553151442048,-0.25102130881236556,-0.3187475489422953,-0.0799305848721987,-0.21384590945127305,0,Upper-Mid
3601.0,492.7,956.4,66.4,941.2,52.139,25.0,561510.0,1727.6,-531.4,53.4,2901.6,17416.7,15642.4,23167.3,,1910.8,DEU,1727.6,2530.0,253010.0,23167.3,4700.0,790.4,25301020.0,872.9,995.0,5268.8,2024.0,507.1,DE000TUAG505,854.7,78.5,2024-09-30,712.5,10029.3,88.2,20445.6,100676,TUI AG,6027.8,956.4,5.011856436638398,53.02174822250105,3.7678106641688935,7.457062324914858,2.1888610239432307,7.457062324914858,11.748024154735342,19.153464694782112,0.5253407515978185,0.5187201499606154,0.28931231491729237,0.29463671442672973,-27.332962042177904,3.7651610204935175,4.74926808866583,5.491281356399318,89.81265107626588,1.7716663283945606,0.9496411206297755,26.079567311832896,1.3301773585122325,444.337252344694,29.310855263157894,12.45272431401156,26.01856927652338,,307.91566265060237,21.1980455539798,3.0754554911448464,0.8336258336258335,1198.3,5.172376582510694,37.28804689135441,218.90250887845113,18.21068590547888,0.3388396576208708,17.393019128377045,82.60698087162295,12.103997406355393,7.827319779104047,-5.11037909258012,23.396148697353514,6.949864905433789,-1.203153195840356,-1.0373654036831224,-0.02992578510301001,-0.11769125499251369,15.887563374646732,12.43675751067793,10.971079481187596,8.721879362357937,0.06308410577053884,0.22530397611185643,False,False,False,True,False,False,False,False,False,False,False,False,False,False,False,True,True,False,False,False,False,False,False,False,True,False,False,False,True,False,False,False,False,False,False,False,True,False,False,False,False,False,False,False,False,False,True,False,False,True,True,False,False,False,11,True,2.940404136461165,-0.41090731071408465,-1.4703027985293446,1.2020554968237442,-1.1318058411839818,-0.09680620665081856,-0.044145049894909805,-1.0463316635884183,0,Upper-Mid
826.439,34.029,647.914,14.707,53.553,8.815,35.0,513210.0,207.697,18.813,0.079,107.407,1965.666,1317.356,1185.711,,128.882,DEU,207.697,3510.0,351030.0,1185.711,7372.0,243.967,35103010.0,97.916,12.012,394.6,2024.0,34.6,DE000A288904,109.781,19.739,2024-12-31,24.805,331.249,2.587,784.283,210334,COMPUGROUP MEDICAL SE & CO,166.775,647.914,4.981314221235958,5.3402149050645615,8.257998787225555,17.516662997981804,2.91808037540345,17.516662997981804,33.8554673103311,6.641286042080831,1.1912488792418996,1.146850254642278,0.3242485260332861,0.3244870173192975,3.2228771317202414,1.2755381115394944,1.3581925996351367,32.96155094507409,67.01830321122713,2.877428076052778,3.719769664463136,44.76813456609617,0.6032108201495066,134.5106069200227,4.86012862395324,75.10089305066748,14.06540042219394,18.71653170431406,53.32719113347385,17.8755699086213,2.09199374889834,0.22594984560169792,104.077,8.777602636730197,19.24628730156267,131.6250663834307,3.033837824155675,1.664739552892737,7.476878612716763,92.52312138728324,-3.4281586118934393,3.4592090394290675,-4.174366778997718,-35.176730715331196,30.738417751541668,-0.41721603985407274,-0.08442639433084351,-0.021828022100526076,0.3129744991489905,3.6163252930064598,0.39576297979062464,6.5566581504691035,2.908911442206919,0.146413020556825,0.22650180346359378,False,False,False,False,False,False,False,False,False,False,False,False,False,False,False,False,False,False,False,False,False,False,False,False,False,False,False,False,False,False,False,False,False,False,False,False,False,False,False,False,False,False,False,False,False,False,False,False,False,False,False,False,False,False,11,True,-0.0019625306774244938,-0.05200647638418973,-0.35155605395896783,0.0808542025741295,-0.2056263243913812,-0.30992519730127294,0.09675950227359259,-0.4020017820511619,0,Upper-Mid
73487.0,249.0,92625.0,26234.0,39311.0,163.132,25.0,336110.0,17353.0,-10752.0,7230.0,21741.0,265010.0,171380.0,145594.0,272.0,17735.0,DEU,17353.0,2510.0,251020.0,145594.0,3711.0,49973.0,25102010.0,12586.0,11167.0,101767.0,2024.0,10207.0,DE0007100000,4767.0,7585.0,2024-12-31,4039.0,74826.0,4140.0,89497.0,17828,MERCEDES BENZ GROUP AG,71757.0,92625.0,4.749254745103959,11.019703103913631,8.64458700221163,11.918760388477548,7.010591095786914,11.918760388477548,38.52974710496312,7.576815642458101,1.3600486461924999,1.0094485873894101,0.2905540854783097,0.3871782535482319,10.166031470510546,0.7933819163292848,1.217792172739541,34.9515112637259,64.66925776385797,50.54618473895582,5.247334754797441,42.56367684238331,0.5493905890343761,892.4919696932545,2.913453264762972,125.28088382763026,49.285684849650394,5.404179503359193,3.4114889075245864,27.06086562771216,2.7741527810211957,0.8472834067547724,13696.0,9.406981056911686,22.7741753594587,140.91053551565233,2.86110661268556,5.209692707117052,40.56039972567845,59.43960027432155,-4.9759166677544435,0.7558303107724873,-1.760851760851767,27.70163170163171,7.8504672897196315,0.3217632319941527,-0.08301194676700893,-0.13907701533467834,1.7978061353709127,3.0798127165712437,0.47833504736836124,6.692200294328515,3.73365028935714,0.12006513144456506,-0.46502827748152836,True,True,False,False,False,False,False,False,False,False,False,False,False,False,False,False,False,False,False,True,False,False,False,False,False,False,False,False,False,False,False,False,True,False,False,False,False,False,False,False,False,False,False,False,False,False,False,False,False,False,False,False,False,False,11,True,-0.2090633369849358,-0.02343042753617936,-0.2590947694808036,-0.24729018988925566,0.12384257223784702,-0.2889504505794179,0.039818693226198174,-0.05762154944968747,0,Upper-Mid
1463.508,60.581,2178.635,357.179,241.787,5.447,55.0,22111.0,575.97,-329.445,17.723,796.631,7876.016,5361.493,6361.422,,498.004,DEU,575.97,5510.0,551030.0,6361.422,4931.0,665.709,55103010.0,372.627,585.169,3662.918,2024.0,183.012,DE000A0H52F5,203.343,0.304,2024-09-30,412.129,3051.368,82.383,5106.223,244394,MVV ENERGIE AG,2819.963,2178.635,4.731161033700287,8.400305695997723,5.857605422183909,9.054107713652703,2.8769039375158574,9.054107713652703,19.73142168527728,10.230982144303505,1.2004183041835663,1.0833629375414568,0.2610733939662473,0.26688160851132997,7.7647125145505065,0.6717545619160621,0.7827355201766243,27.661637558887648,68.0736682099173,6.150888892557072,1.5776238345747176,21.651746263593168,0.807695413518713,1167.8762621626583,9.555859992879771,38.19645749016494,44.329129556253314,10.402129016433648,14.295977647062118,18.567001387503527,6.478567213431212,2.0267675799019393,85.875,1.3499340241851587,82.75616260110361,133.64678351273525,3.61511496877632,0.004778805745004812,45.0150809782965,54.9849190217035,-4.278055232457534,-17.55867834980779,2.080209895052465,-109.19012400112582,28.519217276058306,0.4304629757397033,-0.04539001981402237,-0.14181184346800718,-0.02853103350258227,3.948103928022732,0.22085311763604165,6.323044544348311,4.467484801843641,0.13076368167196753,0.16525281237886663,False,False,False,False,False,False,False,False,False,False,False,False,False,False,False,False,False,False,False,False,False,False,False,False,False,False,False,False,False,False,False,False,False,False,False,False,False,False,False,False,False,False,False,False,False,False,False,False,False,False,False,False,False,False,11,True,0.2658854860008971,-0.09474728315513298,-0.06658408237343671,0.22918575148860296,-0.23611636346074502,-0.5732295552958694,-0.18936034876573682,-0.04401413365327803,0,Upper-Mid
9760.642,409.193,14576.563,2067.922,1243.582,111.513,35.0,621492.0,3022.214,-2569.3,163.093,1343.28,33566.579,17798.066,19335.909,,2386.144,DEU,3022.214,3510.0,351020.0,19335.909,8090.0,3876.019,35102015.0,1539.374,3142.819,7922.744,2024.0,537.913,DE0005785802,1482.84,183.493,2024-12-31,699.358,5660.06,422.515,13096.417,212782,FRESENIUS MEDICAL CARE AG,7258.582,14576.563,4.5860318383949705,3.6902594939561544,7.9612186838487915,15.630059078163846,2.7819379993979076,15.630059078163846,32.26893548164713,6.325188122465172,1.3997632533930735,1.03440988258075,0.23732610608368107,0.2661408182952124,6.740883543717695,0.6696120340576855,0.7549258353975488,43.425822452743844,53.02317522438018,3.761975400361199,3.1966445791065756,32.78327529296328,0.5760464597837033,173.3960076403648,4.988600159080748,73.16681801719278,37.539388502500714,8.545563145361882,6.333129102548355,15.549094234476502,3.6168871088501704,0.4716341614739284,1686.7859999999998,8.723592979259468,29.30912803250768,155.00742509617544,2.3027773419563995,0.9489752977219742,78.54708846969677,21.452911530303226,-0.6050699980368668,-1.0705306673117643,-6.952313404814547,-13.240321879637184,2.1563082460312355,-0.6851539358300058,0.002466702715357161,-0.23648107977793162,0.47027849379236697,2.5187053051457546,0.1616243129603466,7.108689866786841,1.8884406427325797,0.8139810324935125,0.1963698941668408,False,False,False,False,False,False,False,False,False,False,False,False,False,False,False,False,False,False,False,False,False,False,False,False,False,False,False,False,False,False,False,False,False,False,False,False,False,False,False,False,False,False,False,False,False,False,False,False,False,False,False,False,False,False,11,True,-0.399138528812887,0.03947651934988279,-0.09426978252649876,-0.1915665603892362,0.04478570529366448,-0.2716364461265139,-0.12880856114129238,-0.21744633703428437,0,Upper-Mid
4166.7,199.5,2764.8,788.5,393.1,12.826,35.0,334516.0,768.8,-128.3,15.3,828.7,10103.0,6205.2,3380.7,15.9,976.2,DEU,768.8,3520.0,352030.0,3380.7,3826.0,391.2,35203010.0,434.7,886.5,2113.7,2024.0,84.0,DE0007165631,334.1,216.1,2024-12-31,409.9,1444.6,50.746,1522.2,208821,SARTORIUS AG,1622.2,2764.8,4.3026823715728,3.038194444444444,12.85828378738131,22.740852486171505,2.4846925193007365,22.740852486171505,54.973821989528794,6.2713698333694,1.4631731967326596,0.9173473625917208,0.5736536065346809,0.5842447736397619,6.622785311293675,1.5070529513888886,1.6492332175925926,27.3661288726121,61.41938038206474,2.1789473684210527,4.853147762747139,45.1331287736316,0.3346233791942987,263.58178699516606,8.641871165644172,42.23622326737066,47.98414529535304,5.052607980869825,1.9305009511731135,12.074631297634367,12.124707900730618,1.226878180185573,566.3000000000001,16.750968734285802,41.98934644540053,224.56866804692893,3.654152199074074,6.392167302629632,60.411904761904765,39.588095238095235,-0.4417351356126864,3.5642163746886446,-12.234843300944299,92.68458659407966,-26.76433803823478,0.2536720501323209,0.11240636595759079,0.2946165627775791,1.3110071000045926,4.696320998152635,0.5126758031717229,9.66247649213105,2.0642773834259933,0.03209389115285712,0.022778873856991098,False,False,False,False,False,False,False,False,False,False,False,False,False,False,False,False,False,False,False,False,False,False,False,False,False,False,False,False,False,False,False,False,False,False,False,False,False,False,False,False,False,False,False,False,False,False,False,False,False,False,False,False,False,False,11,True,-0.038497813235913385,-0.16351414425180205,-0.7902273297058802,-0.4268459391591963,0.357847167637401,-0.10724314580569617,0.2286858105502886,-0.37026796222756364,0,Upper-Mid
672.4,57.5,2851.3,825.1,42.5,35.528,25.0,336350.0,796.1,234.4,0.0,1063.6,7583.1,4731.8,9233.2,,629.0,DEU,796.1,2510.0,251010.0,9233.2,3714.0,1828.1,25101010.0,325.4,403.2,3815.2,2023.0,-96.4,DE000VTSC017,470.7,1020.2,2023-12-31,499.8,3143.8,10.005,7350.2,350278,VITESCO TECHNOLOGIES GROUP,1842.7,2851.3,4.2911210454827176,-3.3809139690667416,3.5242386171641464,8.622146168175714,-1.044058397955205,8.622146168175714,20.393796300307592,9.23461134602832,1.2135632037661428,0.9511101215090018,0.3383166868121381,0.3383166868121381,8.853898801281792,0.23582225651457228,0.2507277382246694,37.60071738471074,62.399282615289266,5.659130434782608,-0.4380103002135409,9.42754282549353,1.2176022998509846,259.8851609997749,5.050708385755703,72.26709049950179,19.957327903652036,13.75215966636879,8.908253545024845,38.13348103018554,5.4130745570333145,1.0618228170809434,129.2,1.3992981848113328,79.45945945945945,193.30055316533497,2.65952372601971,11.049257028982368,,,1.7993384785005562,-0.27092073595749167,-6.610940251820308,-11.202749140893475,11.91222570532915,0.7667813728400232,-0.011081557756935747,-0.43634804352195666,0.3998975218116258,1.8326080543522392,0.0980835005480291,8.2947607179122,3.2373747807147866,0.6127339875537323,0.08642542817070153,False,False,False,False,False,False,False,False,False,False,False,False,False,False,False,False,False,False,False,False,False,False,False,False,False,False,False,False,False,False,False,False,False,False,False,False,False,False,False,False,False,False,False,False,False,False,False,False,False,False,False,False,False,False,6,True,0.0869390151027087,-0.021962984086536932,0.609957850938074,0.6736707295933065,-0.26477741998319526,-0.33500030787665447,-0.06470188082798525,0.14061985462071802,0,Upper-Mid
66770.0,562.0,92315.0,24387.0,44491.0,159.104,25.0,336111.0,17900.0,5766.0,0.0,19287.0,267732.0,172729.0,142380.0,,7566.0,DEU,17900.0,2510.0,251020.0,142380.0,3711.0,45130.0,25102010.0,11339.0,9632.0,96387.0,2024.0,7290.0,DE0005190003,6561.0,7642.0,2024-12-31,12205.0,87689.0,2677.0,78741.0,100022,BAYERISCHE MOTOREN WERKE AKT,88419.0,92315.0,4.23520535460834,7.896874830742566,7.9638994240764145,12.571990448096642,5.120101137800253,12.571990448096642,44.69658659924146,7.127636169343433,1.0991914607305364,0.8210836022762262,0.2199477699597441,0.2199477699597441,3.2487711592189203,0.7232844066511401,1.205232085793208,34.48037589828635,64.5156350380231,20.176156583629894,5.138212290502794,41.55685536282551,0.5318004571735915,894.8863636363635,3.154885885220474,115.6935665121506,62.100716392751785,16.369280294320532,3.2288104317874278,24.06025428413488,8.57213091726366,1.8602347203170249,-4639.0,-3.2581823289787892,161.31377213851442,66.72546079901225,2.9002004008016034,5.367326871751651,36.72153635116598,63.27846364883402,-8.436121364905013,6.712902068635662,2.680864795095217,-169.64419756793274,12.167999264773455,-0.32164706862213477,-0.10796044267586966,0.03249832394869877,1.0003772041760857,2.300976531313524,0.39060408703112054,2.8259602886468556,2.9111938621377833,0.21494507685424238,0.5827736771714417,True,True,False,False,False,False,False,False,False,False,False,False,False,False,False,False,False,False,False,False,False,False,False,False,False,False,False,False,False,False,False,False,True,False,False,False,False,False,False,False,False,False,False,False,False,False,False,False,False,False,False,False,False,False,11,True,-0.09171567967606283,-0.12204851846954202,-0.6029929710893754,-0.13551672109800605,0.3493636256961336,-0.44843410961783703,0.12984951339467432,-0.15456345912998015,0,Upper-Mid
2944.0,222.0,9020.0,2662.0,837.0,30.669,15.0,325.0,1870.0,-1330.0,157.0,618.0,19750.0,10650.0,15157.0,,1713.0,DEU,1870.0,1510.0,151010.0,15157.0,2800.0,2056.0,15101050.0,834.0,2624.0,5508.0,2024.0,222.0,DE000EVNK013,1036.0,461.0,2024-12-31,840.0,4059.0,545.22,10212.0,295421,EVONIK INDUSTRIES AG,6461.0,9020.0,4.222784810126582,2.46119733924612,5.502408128257571,12.33753381275978,1.4646697895361878,12.33753381275978,32.62518968133536,6.970912738214643,1.3569844789356984,0.7011579206701158,0.15225424981522542,0.19093372751909338,7.336708860759495,0.3263858093126386,0.41917960088691797,45.67088607594937,53.92405063291139,3.7567567567567566,1.6914438502673796,19.144303797468353,0.7674430379746835,494.21239688284584,7.372081712062257,49.511116975654815,42.62716896483473,10.46031746031746,3.836213373403456,13.539240506329115,5.541993798245035,0.8108108108108109,873.0,5.7597149831760905,49.036777583187394,205.3956834532374,2.1895787139689578,3.0414989773701917,245.59459459459464,-145.59459459459464,-0.7205082858452894,-0.9528585757271779,-4.9288570631451645,8.98876404494382,5.9268600252206705,-0.5681103448253229,0.01769660600533515,-0.2812362605535861,0.18636498081170066,2.4082166509832375,0.1270454139143703,8.673417721518987,1.4060616756414321,0.6121628501700321,-0.054724814041009096,False,False,False,False,False,False,False,False,False,False,False,False,False,False,False,False,False,False,False,False,False,False,False,False,False,False,False,False,False,False,False,False,False,False,False,False,False,False,True,True,False,False,False,False,False,False,False,False,False,False,False,False,False,False,11,True,-0.34780525743767277,0.027917218515618354,0.16490745717883676,0.015012376425535502,0.17035633325183,-0.23648005924014667,-0.10526751469606059,-0.05714111316109253,0,Upper-Mid
5433.9,296.7,6189.4,1748.6,3185.2,42.719,20.0,333924.0,1881.7,-224.7,0.0,787.0,18805.4,12598.3,11503.2,,1170.6,DEU,1881.7,2010.0,201060.0,11503.2,3537.0,2884.9,20106010.0,771.0,2062.9,5569.0,2024.0,360.3,DE000KGX8881,1110.7,375.8,2024-12-31,462.9,5510.2,107.5,7299.0,297185,KION GROUP AG,4204.4,6189.4,4.0998862028991665,5.821242769896921,6.702482787398288,16.35805688851798,3.1321719173795115,16.35805688851798,36.548090965992074,6.633228084967264,1.0106711190156437,0.6933323654313819,0.14282603172298647,0.14282603172298647,0.3126761462133227,0.8779364720328303,1.3925582447410088,32.91288672402607,66.99299137481786,2.5985844287158746,4.162246904394961,45.833111765769395,0.6116966403267147,269.2759661977106,3.987382578252279,91.53874574031573,36.54982961262952,195.6326530612239,4.174196500057189,19.52577451157646,4.0240976423951595,0.4167642027550193,707.6999999999999,6.152201126643019,39.54382368016402,151.82879377431905,3.0383235854848616,3.2669170317824605,29.83624757146822,70.16375242853178,0.6078522263134323,8.149110901520551,0.9308919078558686,0.9269823160296564,4.539295392953924,-0.21706214395776283,-0.016866020357349208,-0.22351805946635564,-0.3274421490359033,1.8432564957069506,0.24983558455479307,6.224807767981536,3.32442837821426,0.15254195766071404,0.4892741503059048,False,False,False,False,False,False,False,False,False,False,False,False,False,False,False,False,False,False,False,False,False,False,False,False,False,False,False,True,False,False,False,False,False,False,False,False,False,False,False,False,False,False,False,False,False,False,False,False,False,False,False,False,False,False,11,True,0.103150199873384,-0.05200436258640031,-0.48662459729053065,0.1701597478981491,0.11439398313987738,-0.4548052879701482,0.04887866537487879,-0.3426509255228284,0,Upper-Mid
10805.0,547.0,19542.0,2573.0,2772.0,176.486,35.0,6214.0,2921.0,-2183.0,8.0,2290.0,43550.0,23260.0,21833.0,,2447.0,DEU,2921.0,3510.0,351020.0,21833.0,8090.0,5513.0,35102015.0,1785.0,2919.0,11446.0,2024.0,1042.0,DE0005785604,1136.0,641.0,2024-12-31,923.0,9009.0,563.237,15319.0,202305,FRESENIUS SE & CO KGAA,9890.0,19542.0,4.09873708381171,5.332105209292806,8.17569733889067,13.378830211148262,4.772591947968671,13.378830211148262,29.835570008702422,5.881965268395558,1.2705072705072704,0.9849039849039849,0.2541902541902542,0.2550782550782551,5.595866819747417,0.552911677412752,0.6947600040937468,44.87256027554535,53.40987370838117,3.263254113345521,3.864087641218761,31.175660160734786,0.5013318025258324,123.70952936776855,3.9602757119535643,92.16530023359135,45.29840150231301,8.958965941731638,5.953750485814225,17.917336394948336,4.227545458709294,0.8125,1524.0,6.980259240599093,37.71965672251737,137.08683473389357,2.228533415208269,2.935922685842532,54.053454894433784,45.946545105566216,-2.0897798107538446,-3.8291670347142426,-8.964485595646465,-54.12402167369055,-18.606701940035276,-0.8000602505664848,-0.05429001725900349,-0.10331682891980257,0.43837682591134286,2.9975055969396336,0.30308138292904646,5.618828932261768,1.4614247120074504,0.7836426553184878,-0.10907964411568895,False,False,False,False,False,False,False,False,False,False,False,False,False,False,False,False,False,False,False,False,False,False,False,False,False,False,False,False,False,False,False,False,False,False,False,False,False,False,False,False,False,False,False,False,False,False,False,False,False,False,False,False,False,False,11,True,-0.417668590895275,0.07752591516297559,-0.19168140118646076,-0.2382108750064289,0.10344696802328619,-0.39451717897783156,-0.250671728818412,-0.20723350934176332,0,Upper-Mid
1403.823,59.252,761.385,37.978,103.051,6.549,20.0,541614.0,309.174,146.229,20.0,250.786,3283.977,2460.212,1607.62,,195.947,DEU,309.174,2030.0,203050.0,1607.62,4731.0,342.308,20305030.0,134.417,19.623,655.799,2024.0,32.522,DE000A0S8488,174.757,5.146,2024-12-31,244.716,520.437,15.659,1205.899,287162,HAMBURGER HAFEN UND LOGISTIK,1894.585,761.385,4.093116364700484,4.2714264137066005,8.361242084572226,19.231783630459933,2.0229905077070454,19.231783630459933,24.988554509150173,6.208040982667716,1.2600929603390996,1.187119670584528,0.4818758082150193,0.5203050513318614,4.121892449307653,1.8437754880907822,1.9791222574650145,23.184845691672017,74.91562821542294,2.2685647741848376,4.0627219623901105,45.885644144279944,0.4895344882135289,245.47564513666205,4.6964137560325785,77.71887635137658,117.85030044413483,11.876449816048819,31.752567275791243,18.06023611005802,15.222254015252362,1.4003215894070051,-48.769000000000005,-3.0336149089959075,124.88887301157968,145.77545994926237,4.313162197836837,0.32010052126746374,48.148945329315545,51.851054670684455,9.598996468551002,9.09599185694372,1.3777089783281848,43.240226745381285,-5.303728010773079,-0.3414374050639267,0.11896882947712337,0.6026365660125278,-1.015141000523657,2.5671435498962256,0.5012200989362704,5.966759206900658,2.5549524225864833,0.1945873352782075,0.5593401818185055,False,False,False,False,False,False,False,False,False,False,False,False,False,False,False,False,False,False,False,False,False,False,False,False,False,False,False,False,False,False,False,False,False,False,False,False,False,False,False,False,False,False,False,False,False,False,False,False,False,False,False,False,False,False,11,True,0.49550439691851317,-0.1721909726915632,-0.887444176190467,-0.37623939553266467,0.25094190433206415,-0.6356282647118106,-0.5596421246783001,0.012011621739275677,0,Upper-Mid
1328.0,100.0,872.0,719.0,48.0,8.986,20.0,334511.0,298.0,367.0,1.0,734.0,4696.0,3810.0,2240.0,4.0,311.0,DEU,298.0,2010.0,201010.0,2240.0,3812.0,860.0,20101010.0,184.0,290.0,2407.0,2024.0,108.0,DE000HAG0005,114.0,80.0,2024-12-31,199.0,1883.0,57.75,1618.0,340115,HENSOLDT AG,451.0,872.0,3.9182282793867125,12.385321100917432,8.214285714285714,13.303571428571429,4.821428571428572,13.303571428571429,27.767857142857146,8.363636363636363,1.2782793414763676,0.8964418481147106,0.3898035050451407,0.3903345724907063,11.158432708688245,1.5229357798165137,1.5779816513761469,18.56899488926746,81.1328790459966,1.84,2.1543624161073827,29.3015332197615,0.47700170357751276,249.27665257066545,2.604651162790698,140.13392857142856,20.133928571428573,4.2748091603053435,2.2503477051460363,33.94378194207837,8.883928571428571,1.7456140350877194,112.0,5.0,63.9871382636656,169.02173913043478,5.385321100917431,3.571428571428571,53.47222222222222,46.52777777777778,21.277747698971304,31.910112359550567,30.099898653539903,-49.54954954954955,342.22222222222223,0.9894429023506705,0.29635478218950073,0.39134878118786237,0.8893397521947942,2.4976082546314156,4.115527831311952,6.622657580919931,2.559832346577172,0.7323852915410274,-0.23781128686064526,False,False,False,False,False,False,False,False,False,False,False,False,False,False,False,False,False,False,False,False,False,False,False,False,False,False,False,False,False,False,False,False,False,False,False,False,False,False,False,False,False,False,False,False,True,False,False,False,False,False,True,False,False,False,7,True,0.5792751849597819,-0.01549604223277001,-0.31986315117653275,-0.15812011661752104,-0.2952785602431779,-0.4920611958332556,0.014916486457865984,-0.27507681651240695,0,Upper-Mid
5512.0,275.0,3814.0,3570.0,1099.0,115.055,25.0,3363.0,1846.0,1188.0,0.0,1281.0,21370.0,17401.0,18188.0,1242.0,1390.0,DEU,1846.0,2510.0,251010.0,18188.0,3714.0,4609.0,25101010.0,770.0,2075.0,9801.0,2024.0,-632.0,DE000SHA0100,1076.0,987.0,2024-12-31,895.0,7673.0,181.0,13280.0,320124,SCHAEFFLER AG,7224.0,3814.0,3.603182030884417,-16.570529627687467,4.2335605893996044,10.149549153287882,-3.4748185616890255,10.149549153287882,26.98482515944579,8.256487239974266,1.2773361136452497,0.8120682914114428,0.1669490420956601,0.1669490420956601,9.9578848853533,1.4452018877818562,1.733350812794966,17.847449695835284,81.42723444080487,2.8,2.887323943661972,30.935891436593355,0.8510996724379972,158.08091782191124,3.946192232588414,92.49422696283264,39.718495711458104,8.546992481203008,3.719887955182073,27.562002807674308,4.920826918847592,0.8317843866171004,495.0,2.7215746646140313,64.38848920863309,180.5194805194805,5.6030414263240695,5.426654937321311,,,11.49390057009747,42.40970278555245,38.01852162855979,1.642710472279263,3.948896631823451,-0.8422117865832994,-1.5961540276393669,-0.37024646473381495,0.04125017188131884,2.91794344941175,9.870028829367342,6.504445484323819,3.192472882427832,0.9163925996279358,0.06587635249346642,False,False,False,False,False,False,False,False,False,False,False,False,False,False,False,False,False,False,False,False,False,False,False,False,False,False,False,False,False,False,False,False,False,False,False,False,False,False,False,False,False,False,True,False,False,False,True,False,False,False,True,False,False,False,11,True,0.8665658681564207,-0.08685726562818252,-0.05617913343813338,0.18669990421767688,-0.15694190212415707,-0.479463675149072,0.04059553392214938,-0.02729872167809578,0,Upper-Mid
897.252,41.779,2194.145,247.028,32.4,3.416,55.0,221122.0,312.781,55.926,0.0,53.35,5260.131,3058.171,3891.921,,437.463,DEU,312.781,5510.0,551030.0,3891.921,4931.0,720.41,55103010.0,187.878,330.158,1179.599,2024.0,303.732,DE0006553464,124.903,84.1,2024-12-31,480.477,1131.172,88.2,3164.856,248166,MAINOVA AG,1762.447,2194.145,3.571736141172149,13.842840833217496,4.827384728518385,8.036673920154083,7.804166631337071,8.036673920154083,18.681391528759182,6.077446539541832,1.0428113496444396,0.8244289993033773,0.047163472928962176,0.047163472928962176,0.9206424706913175,0.40893012995950584,0.4236967019043864,41.71274441644134,58.1386851392104,4.496948227578447,2.8016471588747396,17.673552236626804,0.7398905084303032,1139.3211358313818,5.402369484043809,67.56294642157432,45.28475783552647,80.36675821339351,12.811729844390111,14.709899810480003,12.345497249301824,3.8468011176673094,-43.01399999999995,-1.1052125672643396,109.83260298585252,232.84418612078053,2.397348853425822,2.160886616146628,29.038757852317172,70.96124214768282,-16.006285412637222,-5.475967863348242,18.528799444829968,-80.56848058835755,7.256273285547499,0.01919161260292293,-0.017819915000269092,0.3953714123804114,-0.8555199452206084,4.065889595596093,0.13949653471904083,8.316579948294063,2.2775737338710096,0.0002450780740219781,-0.7711345820673754,False,False,False,False,False,False,False,False,False,False,False,False,False,False,False,False,False,False,False,False,False,False,False,False,False,False,False,True,False,False,False,True,False,False,False,False,False,False,False,False,False,False,False,False,False,False,False,False,False,False,False,False,False,False,11,True,-0.03375002566249695,0.04851726422987973,-0.05806231708973662,0.2732647771594607,0.0350635836155912,-0.5490364183447264,-0.4483713462987257,-0.22034392784878837,0,Upper-Mid
2875.0,180.0,5354.0,147.0,1377.0,7.428,50.0,517.0,2719.0,-1578.0,0.0,402.0,14705.0,9351.0,8492.0,,2513.0,DEU,2719.0,5010.0,501010.0,8492.0,4812.0,1614.0,50101020.0,505.0,250.0,2687.0,2024.0,336.0,DE000A1J5RX9,2214.0,84.1,2024-12-31,1155.0,4924.0,88.2,3289.0,313972,TELEFONICA DEUTSCHLAND,6488.0,5354.0,3.4342060523631415,6.275681733283527,5.9467734338200655,32.018370230805466,3.9566650965614696,32.018370230805466,61.269430051813465,6.13683315105116,0.5456945572705117,0.5158407798537774,0.08164094232331438,0.08164094232331438,-15.212512750765045,0.5369816959282779,0.7941725812476653,36.40938456307378,63.590615436926214,2.8055555555555554,1.415961750643619,28.915334920095205,0.5774906494389663,1143.2417878298331,5.261462205700124,69.37235044747997,76.40131888836552,,22.374149659863946,13.70962257735464,13.601036269430052,0.521680216802168,1358.0,15.99152143193594,45.96100278551532,497.6237623762376,2.746544639521853,0.9903438530381534,26.25,73.75,-1.416299048061298,-4.803521719427717,2.3845623707787755,8.640000000000004,-1.7857142857142905,0.927919209194586,0.0826689326352544,0.145049803776207,0.4885491923084618,3.2949582674926226,0.3085636146362646,17.089425365521933,2.5271750049076416,0.8723950224718997,0.0025306783683457317,False,False,False,False,False,False,False,False,False,False,False,False,False,False,False,False,False,False,False,False,False,False,False,False,False,False,False,False,False,False,False,False,False,False,False,True,False,False,False,False,False,False,False,False,False,False,False,False,False,False,False,False,False,False,11,True,0.15306550531188517,-0.17639667706548234,-1.280502944548272,0.5856815398686346,1.0794506282380631,-0.17358726578856415,0.13100284789992042,-0.5913751030598023,0,Upper-Mid
2102.9,20.9,2127.6,26.5,136.2,16.12,50.0,511110.0,516.9,65.1,0.0,286.1,6851.5,4368.5,3112.1,,465.5,DEU,516.9,5020.0,502010.0,3112.1,2711.0,897.1,50201040.0,225.6,290.5,1300.6,2019.0,99.6,DE0005501357,291.3,76.1,2019-12-31,249.2,1487.6,125.2,1830.3,101059,AXEL SPRINGER SE,548.6,2127.6,3.2927096256294237,4.681331077270164,7.249124385463192,16.609363452331223,3.200411297837473,16.609363452331223,41.187622505703544,5.332702990190285,0.8742941650981446,0.8564802366227481,0.19232320516267817,0.19232320516267817,-2.7293293439392836,0.9883906749388984,1.0524064673810867,31.053054075749838,63.759760636357,10.794258373205743,3.7782936738247246,32.680434941253736,0.45422170327665473,193.05831265508684,3.469066993646193,105.21561003823786,17.627968252948172,,69.06792452830189,17.269211121652194,8.0074547733042,0.8554754548575351,216.3,6.950290800424151,53.53383458646617,206.3386524822695,3.2202951682647116,2.445294174351724,125.70281124497993,-25.702811244979927,-2.1567579463640074,5.749344034573234,-1.4067278287461793,-36.457109283196246,10.608078118064789,0.05111189900903693,0.07672026316716773,0.9818107690589879,0.10327274170328994,1.8587384975409562,0.1992840052609719,6.794132671677734,1.2081166088195963,0.002646521889421396,0.17050204325944684,False,False,False,False,False,False,False,False,False,False,False,False,False,False,False,False,False,False,False,False,False,False,False,False,False,False,False,False,True,False,False,False,False,False,False,False,False,False,False,False,False,False,False,False,False,False,False,False,False,False,False,False,False,False,6,True,0.2023313592878753,-0.015023262530350833,-0.6670005613466604,0.19042729916896053,0.18237688460561818,-0.48064955241071505,0.13428573975837482,-0.6007170478866948,0,Upper-Mid
420.969,110.808,990.652,909.369,79.594,10.006,20.0,333611.0,324.33,-37.883,2.682,1154.12,5631.15,4634.533,7298.825,13.65,429.753,DEU,324.33,2010.0,201040.0,7298.825,3510.0,1489.367,20104020.0,178.605,758.885,3602.275,2024.0,8.836,DE000A0D6554,145.725,35.272,2024-12-31,164.19,3608.714,88.2,5839.121,245628,NORDEX SE,537.27,990.652,3.171732239418236,0.8919378348804626,2.447037708124253,4.44359194801903,0.12106058166896727,4.44359194801903,19.99916424904008,12.652475416560108,0.9982157078671239,0.7462231698050884,0.31981475949604204,0.3205579605366344,-0.1143460927164052,0.4249413517562171,0.5052864174301369,17.592356801008677,82.30171456984809,1.6118421052631577,-2.015098819103999,8.889178942134377,1.2961517629613846,729.4448331001399,4.900622210643851,74.48033827362623,7.361047839892038,,6.421068895025011,46.94399900553174,2.2495401657116045,1.1267112712300567,265.563,3.638434953571294,38.205666976146766,240.6164441085076,5.68428671218551,0.4832558665264614,998.1892258940696,-898.1892258940696,12.478787400594339,3.856838885650049,1.8007935700478095,837.8218031571139,23.56075314941075,-0.9120628997596782,0.0026417477131352573,-0.17161718806648782,-0.5519504143481706,5.193389274065121,0.25334284740443513,7.6317093311312965,6.545178817911841,0.33926613573938214,-0.18087296235493386,False,False,False,False,False,False,False,False,False,False,False,False,False,False,False,False,False,False,False,False,False,False,False,False,False,False,False,False,False,False,False,False,False,False,False,False,False,False,True,True,False,False,False,True,False,False,False,False,False,False,False,False,False,False,11,True,1.080226080084821,-0.12182362381497022,0.1787454884195812,1.1736863147087004,-0.33205800016899845,-0.5862383630032337,0.08539267945115757,-0.2730192586144079,0,Upper-Mid
1404.09,91.512,2340.398,65.037,157.269,23.538,35.0,621511.0,436.607,-825.196,44.651,265.589,4663.266,2325.035,2635.163,,363.127,DEU,436.607,3510.0,351020.0,2635.163,8071.0,435.598,35102015.0,142.529,1162.838,789.148,2023.0,92.274,DE000A2TSL71,294.078,84.1,2023-12-31,126.232,682.853,88.2,615.77,347562,SYNLAB AG,953.096,2340.398,3.0564201141431777,3.942662743687184,5.408735626600707,16.56850069616187,3.50164297237021,16.56850069616187,76.63256504436347,3.806368187052542,1.1556630782906425,1.0604200318370134,0.38894022578798076,0.4543291162226717,2.2794110393874183,0.5999364210702623,0.6671339661032012,50.18795839654011,49.85851118079046,1.5574897281230877,2.9678177399812644,33.48209173570626,0.5650895745599758,111.95356444897612,6.049529612165345,60.33526958294421,36.16838882452433,24.79103438543674,9.4679951412273,15.036392948632999,4.790291909836317,0.4292466624500983,236.895,8.98976647744371,34.76249356285817,254.7741161447846,1.9925098209791665,3.1914534319129406,95.58488848429677,4.415111515703231,-18.931057513549366,-13.340137376758786,-5.496446782029151,-49.741595488740955,-20.24312729432428,0.507736975074965,0.4475833608695324,-0.046924804180004956,1.752197078782582,5.593786398873084,4.219750721598487,7.786967331479698,5.117901303114474,0.061791265355221774,-0.91115572778417,False,False,False,False,False,False,False,False,False,False,False,False,False,False,False,False,False,False,False,False,False,False,False,False,False,False,False,False,False,False,False,False,False,False,False,False,False,False,False,False,False,False,False,False,False,False,True,False,False,False,True,False,False,False,9,True,-0.4808291027213426,-0.0453898120759529,-0.311480182023559,-0.1589249664014656,1.0185415840099543,0.16820801370684987,0.725126489829683,-0.24035055704843308,0,Upper-Mid
1212.048,74.982,1219.056,627.516,113.163,17.685,20.0,3339.0,295.497,-375.802,133.263,964.848,4978.375,3754.654,4290.936,,384.265,DEU,295.497,2010.0,201060.0,4290.936,3560.0,1221.942,20106020.0,151.456,634.568,3140.097,2024.0,61.79,DE0005565204,144.041,153.689,2024-12-31,115.432,2411.012,48.441,3243.715,222340,DUERR AG,680.643,1219.056,3.0422778517086395,5.068676090351879,3.5296727800181595,6.886539440345883,1.4400121558559718,6.886539440345883,24.405421101596474,6.22992681514242,1.3023979142368434,1.0421271233822147,0.40018382322443846,0.45545646392469213,14.645039797122555,0.9942512895223845,1.087079674764736,24.487026389133,75.41926833555127,2.019898108879464,1.2195149189331873,26.619348683054213,0.8619149822984407,242.63138252756573,3.5115709256249477,103.94208396489718,15.862343320897821,5.885371390167126,5.169135129622194,43.925778994149695,2.690135672030532,0.8013829395797031,268.83299999999997,6.265136557618198,30.039686154086375,253.71394992605113,4.083795166095733,3.5817127079033577,78.39618061174947,21.60381938825053,-7.269801574729639,-3.444734614239564,-2.978933508887438,28.68364367430949,46.889952153110045,-0.4965662083968718,0.05705757022247362,0.04179476540472589,-0.001964439770119759,2.270022492596523,0.24554521334371138,7.718683305295403,1.7130674126114176,0.5263646183349368,-0.5931023291626563,False,False,False,False,False,False,False,False,False,False,False,False,False,False,False,False,False,False,False,False,False,False,False,False,False,False,False,False,False,False,False,False,False,False,False,False,False,False,False,False,False,False,False,False,False,False,False,False,False,False,False,False,False,False,11,True,0.5576290668166358,0.054535068160987264,0.40847348682224593,0.2296454537266236,-0.17664981663925886,-0.435671445359728,0.009625387717811447,0.04304248601490751,0,Upper-Mid
35498.0,2007.0,31908.0,13467.0,5246.0,91.864,35.0,325.0,7216.0,-7178.0,1896.0,8087.0,110850.0,78805.0,46606.0,216.0,7368.0,DEU,7216.0,3520.0,352020.0,46606.0,2800.0,12188.0,35202010.0,3167.0,16764.0,34444.0,2024.0,-2552.0,DE000BAY0017,4049.0,6387.0,2024-12-31,2778.0,28952.0,108.067,16782.0,100080,BAYER AG,13456.0,31908.0,2.85701398285972,-7.997994233421085,6.795262412564906,15.482985023387547,-5.475689825344377,15.482985023387547,63.991760717504185,4.698394801649704,1.1896932854379663,0.7245440729483282,0.2793243990052501,0.3448121027908262,4.954442940911141,1.1125109690359785,1.2769211483013665,28.78484438430311,71.0915651781687,1.5779770802192328,4.5256374722838135,36.75597654488047,0.4204420387911592,507.33693285726724,3.8239251723006236,95.45165858473158,28.871819079088528,8.486161689730517,1.2461572733348185,18.290482634190347,5.96060593056688,0.6860953321807853,4590.0,9.84851735828005,37.70358306188925,232.64919482159772,3.474050394885295,13.70424408874394,,,-2.164284064907529,-4.652543028926792,-5.2274298212130255,93.99830938292477,0.9814612868048078,-0.24551522162971406,0.06261178343288537,0.014768311871572262,-0.5070196153752454,3.2777902945769233,0.31696844832194065,6.646820027063599,2.5113358628213223,0.06171449807406264,0.3274444893955998,True,True,False,False,False,False,False,False,False,False,False,False,False,False,False,False,False,False,False,False,False,False,False,False,False,False,False,False,False,False,False,False,True,False,False,False,False,False,False,False,False,False,False,False,False,False,False,False,False,False,False,False,False,False,11,True,0.1778440373776042,-0.07081747182311962,-0.5524985452894956,-0.16562223135067258,0.6437354674935712,-0.19644782935115546,0.595386816691566,-0.38651653253801876,0,Upper-Mid
11413.0,631.0,11542.0,1606.0,2819.0,66.111,20.0,481111.0,3605.0,-1450.0,6698.0,8488.0,47052.0,35458.0,31439.0,,3892.0,DEU,3605.0,2030.0,203020.0,31439.0,4512.0,4796.0,20302010.0,1264.0,324.0,16316.0,2024.0,1387.0,DE0008232125,2341.0,60.0,2024-12-31,3898.0,19581.0,359.0,30568.0,100103,DEUTSCHE LUFTHANSA AG,19025.0,11542.0,2.68638952648134,12.016981459019235,4.020484112090079,11.466649702598684,4.411717929959604,11.466649702598684,2.770444352555743,5.50642561533435,0.8332567284612634,0.7512384454317961,0.43348143608600176,0.7755477248352995,-6.939131174020233,0.9888234274822387,1.2330618610292843,24.530306894499702,75.3591770806767,2.0031695721077654,1.5933425797503467,30.247385870951288,0.6681756354671428,475.54869840117374,6.555254378648874,55.68052418970069,60.51401125990012,,19.03362391033624,28.232593726090283,12.398613187442349,1.6651003844510892,-6.0,-0.019084576481440248,100.15416238437822,307.9113924050633,4.076589845780627,0.1908457648144025,25.88320115356885,74.11679884643115,5.055804317316048,3.8194214602502052,5.205283259070659,-100.67039106145252,-3.753086419753082,-1.207206223448933,0.17348317660129575,0.14307507969378644,-0.24265995006741553,20.961648713879566,3.129229347576145,8.27169939641248,5.6059201629071325,0.03648419256982127,0.051976705226587344,False,False,False,False,False,False,False,False,False,False,False,False,False,False,False,False,False,False,False,False,False,False,False,False,False,False,False,False,False,False,False,False,False,False,False,False,False,False,False,False,False,False,False,False,False,False,False,False,False,True,True,False,False,False,11,True,0.8132122074946712,0.014675438124854815,-0.562981307370691,0.5282623694343913,-0.09880821470538176,-0.9649969205585495,-0.8477977894914702,-0.5179052512125568,0,Upper-Mid
588.86,40.938,251.575,172.314,107.438,12.0,25.0,336360.0,111.292,159.764,0.0,219.846,1699.792,1432.868,1921.727,18.896,25.665,DEU,111.292,2510.0,251010.0,1921.727,2531.0,354.442,25101010.0,39.773,176.161,772.589,2024.0,-47.812,DE0005895403,71.519,74.034,2024-12-31,62.163,667.94,88.2,1657.367,213034,GRAMMER AG,445.825,251.575,2.3398745258243365,-19.005068071151744,2.069648810679144,5.791249225306196,-2.4879704557411118,5.791249225306196,13.756376425995997,4.732430229583491,1.1566742521783393,0.8986959906578436,0.3291403419468814,0.3291403419468814,6.156576804691398,2.34069363013018,2.76775514260161,14.800340276928,84.29666688630138,0.9715423323073917,4.281098371850627,40.96371791372121,1.130565975131075,160.14391666666668,5.421837705463799,67.3203477913356,23.199184899832286,18.36354862444935,9.618295669533525,33.785780848480286,3.234746662767396,0.8691816160740501,-36.498,-1.8992291829172403,242.2092343658679,64.528700374626,6.756601411110007,3.8524722814426813,,,-16.62384462932689,10.77742027774644,-14.56642460486971,-164.26835710512412,-17.79773081907382,-0.3147518253336986,0.14715084944613663,0.09658846341300374,-0.17602854527156836,1.9117388748657056,0.5661857006197091,1.5098906219113868,2.880809907428363,0.29817556910730064,-0.20696431483562872,False,False,False,False,False,False,False,False,False,False,False,False,False,False,False,False,False,False,False,False,False,False,False,False,False,False,False,False,False,False,False,False,False,False,True,False,False,False,False,False,False,False,False,False,False,False,False,False,False,False,False,False,False,False,11,True,1.4435763705765665,-0.05959928772808171,0.16111960265661576,0.48683727200330656,-0.5360618948686707,-0.6476346502905055,-0.07975207485473554,-0.03160425745819886,0,Upper-Mid
2095.0,247.0,516.0,3114.0,535.0,40.99,25.0,452311.0,881.0,-585.0,0.0,1010.0,10135.0,9620.0,22442.0,60.0,838.0,DEU,881.0,2550.0,255040.0,22442.0,5399.0,2135.0,25504020.0,233.0,3923.0,6455.0,2024.0,76.0,DE0007257503,648.0,84.1,2024-09-30,193.0,7072.0,88.2,17833.0,100746,CECONOMY AG,2219.0,516.0,2.2989639861864823,14.728682170542637,1.0382318866411193,3.9256750735228585,0.33865074414045093,3.9256750735228585,20.53738525978077,8.923783990808118,0.9127545248868778,0.4724264705882353,0.14281674208144796,0.14281674208144796,-6.087814504193389,4.060077519379845,5.096899224806202,5.091267883571781,94.9185989146522,0.9433198380566802,1.8388195232690125,25.949679329057723,2.2143068574247655,547.4993900951451,10.511475409836066,34.72395508421709,9.887710542732377,,5.726718047527296,31.031080414405526,0.8599946528829873,0.2978395061728395,645.0,2.87407539434988,23.031026252983295,359.656652360515,19.641472868217054,0.3747437839764727,116.05263157894737,-16.05263157894737,0.8991997122560935,5.1894135962636145,-0.9065635198839628,-22.101449275362317,9.659090909090917,-0.1293155919597767,0.5199528004209663,-0.08182553587532133,0.11048005838954444,0.5056311095623184,2.111812598476302,8.268376911692156,3.204628345461767,0.7194935357172964,0.12926109130868874,False,False,False,False,False,False,False,False,False,False,False,False,False,False,False,True,True,False,False,False,False,False,False,False,False,False,False,False,False,False,False,False,False,False,False,False,True,False,False,False,False,False,False,False,False,False,True,False,False,False,False,False,False,False,11,True,3.4117984650878554,-0.4038721615914016,0.14804733432818137,1.5504259920757808,-1.0805120567160515,0.4932689710778626,0.33653441595632033,0.03624929967580593,0,Upper-Mid
7150.546,431.762,1071.799,569.897,1073.329,50.961,20.0,2362.0,1157.534,346.106,810.947,6531.545,24654.931,23459.402,33301.27,,2129.372,DEU,1157.534,2010.0,201030.0,33301.27,1540.0,7248.347,20103010.0,563.119,6479.288,16688.667,2024.0,775.625,DE0006070006,594.415,8.171,2024-12-31,473.704,14896.792,406.43,24525.024,100054,HOCHTIEF AG,1834.406,1071.799,2.2840015248876586,72.36664710454106,1.690983557083559,3.4759455119879816,2.3291153760802517,3.4759455119879816,26.35408799724454,6.8486423277057815,1.120285964924529,1.0820296074483688,0.43845312467274833,0.49289081837217036,7.2678159188521025,6.67153636082885,7.672963867292282,4.3471993492904115,95.15095377877958,1.304234740435703,1.4620132108430506,33.355903531021845,1.3506941065866296,653.4657875630384,4.594326127046622,79.44581858289489,5.508516642158092,18.584594349494225,43.03413423829218,55.89101831191496,1.4224802837849728,0.796924707485511,1655.668,4.971786361300936,22.246183381767022,378.1389013689823,23.00331592024251,0.024536601757230277,52.4003223207091,47.5996776792909,19.978436409854616,29.72058092884826,38.66184153243359,47.23920051579626,124.72899439724085,-0.06720832207467914,0.6244574442477412,-0.11500177744360762,0.07635043228659623,1.764917999082016,2.6005175905613784,8.636698273460995,2.502316370518563,0.015951066538431043,0.12842831506640634,False,False,False,True,False,False,False,False,False,False,False,False,False,False,False,True,True,False,False,False,False,False,False,False,False,False,False,False,False,False,False,False,False,False,False,False,True,False,False,False,False,False,True,False,False,False,True,False,False,False,True,False,False,False,11,True,3.6415822238353086,-0.18839347837341772,-0.2255729029203559,-0.02986542238220988,-1.2318079196643412,0.8403891550638506,0.35749780330953934,0.022276422535126305,0,Upper-Mid
104.2,27.4,1185.0,533.5,490.7,12.398499999999999,20.0,333999.0,239.3,-167.9,0.0,656.0,3998.1,2445.5,3732.4,,272.9,DEU,239.3,2010.0,201060.0,3732.4,3569.0,1500.6,20106020.0,87.6,558.7,2690.1,2024.0,-48.9,DE0006204407,151.7,202.3,2024-12-31,58.1,2208.3,88.2,2740.1,100449,KUKA AG,524.2,1185.0,2.191040744353568,-4.1265822784810124,2.3470153252598864,6.411424284642589,-1.3101489658128818,6.411424284642589,26.586110813417648,6.7949115730685685,1.2181768781415567,0.9765883258615223,0.2970610877145315,0.2970610877145315,12.050724093944618,0.08793248945147679,0.5020253164556961,29.6390785623171,61.16655411320377,3.197080291970803,-0.25532804011700805,14.879567794702483,0.9335434331307372,301.0364156954471,2.4872717579634815,146.74713321187437,14.044582574214983,7.746782897467834,5.136082474226804,53.9406217953528,1.5566391597899476,0.38299274884640744,214.79999999999998,5.755010181116707,21.289849761817518,311.5296803652968,3.3739240506329113,5.420105026256564,,,-7.926092212053182,0.6647027721127019,-15.805378242564183,-8.244340025630093,-29.575757575757578,-0.36094486786114605,0.029860928187439163,-0.1587650196071329,0.18348555727032417,2.9295929636206246,0.14712539333139685,6.825742227558091,4.395828412274297,0.16697823251810087,0.30704193924936646,False,False,False,False,False,False,False,False,False,False,False,False,False,False,False,False,False,False,False,False,False,False,False,False,False,False,False,False,False,False,False,False,False,False,False,False,False,False,False,False,False,False,False,False,False,False,False,False,False,False,False,False,False,False,11,True,0.4020580435583521,0.12392792232659383,0.5526476657418354,0.4580239040090627,0.06788326895852903,-0.4924024311402764,0.006363420182930197,-0.0031959019655072567,0,Upper-Mid
870.727,41.95,-69.528,416.552,5.982,3.912,20.0,333611.0,139.665,874.428,2.421,421.822,2126.193,2195.55,1589.278,,318.052,DEU,139.665,2010.0,201040.0,1589.278,3510.0,327.039,20104020.0,43.332,154.67,1224.75,2015.0,-102.598,DE0006177033,96.333,25.46,2015-12-31,16.465,1129.736,88.2,1170.277,251958,REPOWER SYSTEMS SE,176.117,-69.528,2.038008779071326,147.56357151075827,2.726521099518146,8.787952768489841,-6.4556358296031275,8.787952768489841,26.36423583539192,5.4083941692388535,1.084102834644554,0.7153866035958842,0.3733810376937621,0.3755240162303405,4.468738256592881,-12.523400644344724,-12.609437924289493,-3.270070026568613,103.2620274829237,1.032943980929678,3.2569863602190954,41.23374500809662,0.7474758876546014,406.2571574642127,4.859597784973658,75.10909670932335,11.081572890331332,16.72677710653169,2.809437957325856,35.22074430684326,1.0360050286985663,0.1709175464274963,301.58700000000005,18.976352784094416,5.176826430898092,733.9887381150189,,1.6019853040185543,,,-19.12116522502927,38.102234442013064,12.835304297663686,273.6535626231215,-58.093662509544416,-1.575698933847265,-6.328776814451174,-0.6731706042318041,7.65063661931683,1.6410025050674593,7.303401867452708,14.95875492017893,4.279496833992412,0.92199378651658,,False,False,False,True,False,False,False,False,False,False,False,False,False,False,False,True,True,False,False,False,False,False,False,False,False,False,False,False,False,False,False,False,False,False,False,True,False,False,False,False,False,False,False,False,False,False,True,False,True,False,True,False,False,False,3,True,-0.33338587725324065,-0.06080123968309127,0.45262683636416234,2.4511072860062995,1.344329315981908,-2.2873230353249454,0.3026944376437727,-1.1803548583733403,0,Upper-Mid
256.7,3.177,378.966,19.184,10.628,1.492,55.0,221122.0,90.445,33.214,0.0,93.088,1732.074,1347.032,1787.197,6.113,49.506,DEU,90.445,5510.0,551030.0,1787.197,4911.0,270.851,55103010.0,27.879,146.151,441.204,2024.0,35.94,,62.566,84.1,2024-12-31,134.034,264.951,11.062,1506.518,220307,PFALZWERKE AG,793.789,378.966,1.609573263036106,9.483700384731083,1.5599287599520366,5.0607179846429915,2.0109702511810394,5.0607179846429915,15.704983837819775,4.385793797371576,1.665228664922948,1.592822823842899,0.3513404365335477,0.3513404365335477,10.175835443520311,0.6773694737786503,0.7054142060237593,21.879319243866025,77.76988742975183,8.7752596789424,1.9264746531040964,15.433982612752109,1.0318248527487854,1197.853217158177,6.598450808747244,55.31601440691765,44.41530508388275,10.1399522277635,78.52992076730608,21.01174661128797,7.4996768683027115,2.142281750471502,-84.52799999999999,-4.729640884580714,270.7429402496667,177.5745184547509,4.570526115799306,4.705692769179894,30.779076238174735,69.22092376182526,-9.603162680691558,-2.583562522145544,6.0412224591329,5505.305039787761,0.8714892079833669,-0.03382912737714257,-0.024185162627496006,0.44478561343587464,-0.39341158594315784,1.2853282924683083,0.1731064487616404,2.8581919710127854,1.5646567341546296,0.007619845070686371,-0.40180405290175586,False,False,False,False,False,False,False,False,False,False,False,False,False,False,False,False,False,False,False,False,False,False,False,False,False,False,False,False,True,False,False,False,False,False,True,False,False,False,False,False,False,False,False,True,False,False,False,False,False,False,False,False,False,False,11,True,0.8585360397913676,0.021109246511702384,0.5306832341314699,0.2758893050933696,-0.0009014642199762745,-0.7423265745577803,-0.27709935429135546,-0.07227571359514531,0,Upper-Mid
319.5,24.0,1046.7,73.7,97.5,1.842,55.0,221310.0,103.0,-39.9,0.0,26.2,2996.6,1948.7,2980.4,21.9,127.7,DEU,103.0,5510.0,551030.0,2980.4,4941.0,403.9,55103010.0,40.3,175.4,868.8,2024.0,117.2,DE0007760001,62.7,84.1,2024-12-31,93.7,866.7,88.2,2615.8,101161,GELSENWASSER AG,1020.8,1046.7,1.3448575051725289,11.19709563389701,1.3521674942960675,3.4559119581264257,3.9323580727419136,3.4559119581264257,12.23325728090189,2.9497877323964277,1.002422983731395,0.9173877927772007,0.03022960655359409,0.03022960655359409,0.0700794233464563,0.3052450558899398,0.3983949555746632,34.9295868651138,65.0303677501168,1.6791666666666665,3.7941747572815534,13.915771207368351,0.9945938730561303,1618.0238870792616,7.379054221341917,49.464333646490395,34.250436183062675,1419.2380952381568,35.492537313432834,14.352933324434359,3.1438733055965646,1.4944178628389155,34.0,1.1407864716145484,73.37509788566953,316.87344913151367,2.862902455335817,2.821768890081868,75.25597269624573,24.744027303754265,-26.773297953367237,-24.205787130716306,5.6192660550458795,-17.07317073170732,14.129110840438507,-0.45026659982584105,0.042631376540111295,-0.35351469118289625,-0.848685611359465,1.763618955958961,0.1565532340592288,4.261496362544217,2.509043149246491,0.7170057433575504,0.04837761147486278,False,False,False,False,False,False,False,False,False,False,False,False,False,False,False,False,False,False,False,False,False,False,False,True,False,False,False,True,False,False,False,False,False,False,False,False,False,False,False,False,False,False,False,False,False,False,False,False,False,False,False,False,False,False,11,True,0.5308503724251,0.11595584952475411,0.31603173574234467,0.7015343644423645,0.08848552784365539,-0.7418872919306694,-0.5172912942962776,-0.21738478879284012,0,Upper-Mid
2866.0,205.0,1668.0,2258.0,1153.0,80.951,30.0,4244.0,907.0,-625.0,22.0,816.0,11736.0,10067.0,31029.0,,1079.0,DEU,907.0,3010.0,301010.0,31029.0,5140.0,966.0,30101020.0,152.0,5347.0,4544.0,2024.0,-120.0,DE000BFB0019,755.0,43.0,2024-09-30,378.0,6498.0,88.2,25222.0,324977,METRO AG,5404.0,1668.0,1.2951601908657124,-7.194244604316546,0.48986432047439493,2.9230719649360277,-0.38673498984820653,2.9230719649360277,18.714750717071126,3.3524481693868546,0.6992920898738073,0.3518005540166205,0.12557710064635272,0.12896275777162203,-16.64962508520791,1.7182254196642686,2.40947242206235,14.212678936605316,85.77880027266531,0.7414634146341463,3.5314222712238146,34.24505794137696,2.6439161554192228,383.3059505132735,32.12111801242236,11.36324083921493,17.415965709497566,,11.170062001771479,15.184049079754603,1.2182152180218504,0.5006622516556292,701.0,2.2591768990299395,35.032437442075995,709.8684210526316,7.0359712230215825,0.13858003802894067,,,1.56459690353834,0.7554945054945028,-1.0790136129237404,111.14457831325302,-2.8277634961439535,-0.14996869248568365,-0.32753590910055747,-0.07472043322469782,0.11418151320475307,0.6057903226135065,2.3519599327908947,9.193933197000682,1.2170855916199268,0.6741386588581022,-0.28151864859605574,False,False,False,False,False,False,False,False,False,False,False,False,False,False,False,False,False,False,False,False,False,False,False,False,True,False,False,False,False,False,False,False,False,False,False,True,False,False,False,False,False,False,False,False,False,False,True,False,False,False,True,False,False,False,11,True,2.221781524516331,-0.43916901561778493,0.613590991086106,2.9960638411725107,-0.2400910247816852,0.09012999564875408,-0.14043556212475258,0.0037152132397499575,0,Upper-Mid
0.0,38.363,553.362,3.785,0.0,0.459,55.0,2211.0,32.615,-165.813,0.0,1.247,1736.552,1183.19,1175.02,,110.958,DEU,32.615,5510.0,551010.0,1175.02,4911.0,179.089,55101010.0,19.4,57.081,191.879,2024.0,120.931,DE0006458003,13.215,84.1,2024-12-31,151.34750000000003,1053.733,99.245,1061.984,101148,LECHWERKE AG,168.989,553.362,1.1171562959243373,21.85386781166759,1.6510357270514544,2.775697434937278,10.291824820003063,2.775697434937278,9.619921363040634,3.505842468402239,0.18209451540380722,0.17850252388413385,0.0011834117371288554,0.0011834117371288554,-49.630186714823395,0.0,0.0,31.865558877591916,68.13444112240809,0.505695592106978,-0.03823394143798866,0.0,0.6766396859984614,2559.9564270152505,6.561095321320684,55.63095521778353,14.38179775663393,,280.5770145310436,10.384716380505738,12.88041905669691,11.452705259175183,-40.38950000000003,-3.4373457473064315,136.40071017862616,571.9484536082475,3.138184407313838,7.1573249817024385,82.06745995650412,17.932540043495877,-19.977662229758952,-2.234437781810017,20.15706806282722,-168.9328839015233,0.0,-0.6126584818850448,-0.0018825456209900493,0.13524766801173482,0.015012757920123868,2.6375583772359263,0.007521093711777124,6.389558158926424,2.7573588633657264,0.5935064248640239,-0.08760155552598982,False,False,False,False,False,False,False,False,False,False,False,False,False,False,False,False,False,False,False,False,False,False,False,True,False,False,False,False,True,False,False,True,False,False,False,True,False,False,False,False,False,False,False,False,False,False,False,False,False,False,False,False,False,False,11,True,1.006715717840789,0.00021621575575262456,-1.5609683433569055,1.8640200921344623,0.36090013950831595,-1.1588991890022156,-0.8918456105444017,-2.166237354047947,0,Upper-Mid
525.0,24.067,2111.461,0.0,0.0,0.024,20.0,3351.0,-1.138,-80.6045,0.0,0.0,3481.883,1370.422,8.887,,320.288,DEU,-1.138,2010.0,201040.0,8.887,3640.0,367.934,20104010.0,-1.138,2.919,367.934,2024.0,0.0,DE000LED4000,155.2045,84.1,2024-12-31,151.34750000000003,458.122,88.2,8.449,315541,OSRAM LICHT AG,0.037,2111.461,-0.03268346466552724,0.0,-12.805221109485764,-12.805221109485764,0.0,-12.805221109485764,4.928547316304721,-0.04316392315304493,0.803135409345109,0.803135409345109,0.0,0.0,-2.590207654880994,0.24864300122048197,0.24864300122048197,60.641354117872424,39.358645882127576,-0.0472846636473179,,15.078048285941831,0.002552354573660287,370.2916666666667,0.024153788451189616,15111.501068977157,0.41633847192528406,,,10.567098320075662,1703.021267019242,0.975148916429614,168.9405,1900.9845842241475,47.253565541013096,,1.6490396933687148,946.3260942950376,,,,10.338899476680673,0.0,0.0,0.0,,0.030081994470008692,299.01904148605547,334.3723054355889,,0.14640872048535256,9.1987008179195,3.5272409411881007,,,False,False,False,False,False,False,False,False,False,False,False,False,False,False,False,False,False,False,False,False,False,False,False,False,False,True,False,False,False,False,True,False,False,True,False,False,False,True,False,False,False,False,False,False,False,False,False,True,True,False,False,False,False,False,11,True,-1.3006772408227345,17.577776024628225,-3.4430365386944817,1.4947737297460046,-0.002339306595772028,1.009248566028466,0.6014276596907808,0.3654565532337592,0,Upper-Mid
3287.0,332.0,9075.0,9792.0,480.0,98.0,20.0,333611.0,1283.0,-2258.0,0.0,6363.0,50874.0,41510.0,34465.0,,2889.0,DEU,1283.0,2010.0,201040.0,34465.0,3510.0,12551.0,20104020.0,-86.0,3388.0,30079.0,2024.0,1184.0,DE000ENER6Y0,1369.0,1456.0,2024-09-30,1514.0,33471.0,88.2,28593.0,340153,SIEMENS ENERGY AG,5286.0,9075.0,-0.16904509179541613,13.046831955922865,-0.24952850718119834,3.722617147831133,3.4353692151458004,3.722617147831133,17.037574350790656,-0.695680310629348,0.8986585402288548,0.6061067790027188,0.1901048668997042,0.1901048668997042,-6.667452922907575,0.36220385674931127,0.41509641873278236,17.838188465620945,81.59374140032236,-0.25903614457831325,-2.0233826968043647,7.404568148759681,0.6774580335731415,351.68367346938777,2.7459963349533902,132.92078920644133,15.337298708835052,,2.9200367647058822,37.17812635137791,4.39286232409691,1.1059167275383492,1375.0,3.989554620629624,52.40567670474212,,5.60595041322314,4.224575656463078,7.449324324324325,92.55067567567568,10.752273530640455,6.1932494207527,4.255319148936176,248.9847715736041,23.289902280130303,-1.1688684584344808,0.049508049159296866,0.25726849822902065,0.45724550425760996,4.957404049954364,0.16296940898709383,5.678735699964618,1.378252774716857,0.33355994602247063,0.2844420654943981,False,False,False,False,False,False,False,False,False,False,False,False,False,False,False,False,False,False,False,False,False,False,False,False,False,False,False,False,False,False,False,False,False,False,False,False,False,False,False,False,False,False,False,False,False,False,False,False,False,False,False,False,False,False,8,True,1.2714479033127362,0.18646318702890782,-0.26095632861781587,0.6056769464360306,0.11059854660552772,-1.228604156865995,-0.18452227655454656,-0.7998384263389382,0,Upper-Mid
33330.0,935.0,17116.0,2185.0,4793.0,227.895,20.0,482111.0,2563.0,5752.0,514.0,4684.0,83898.0,66695.0,26203.0,,4567.0,DEU,2563.0,2030.0,203040.0,26203.0,4011.0,3607.0,20304010.0,-472.0,739.0,22598.0,2024.0,-1787.0,,3035.0,163.0,2024-12-31,17874.0,25066.0,88.2,25325.0,221614,DEUTSCHE BAHN AG,43633.0,17116.0,-0.5625879043600562,-10.44052348679598,-1.8013204594893715,9.781322749303515,-6.8198297904820055,9.781322749303515,3.350761363202687,-0.9356539666177696,0.901539934572728,0.8143700630335913,0.18686667198595708,0.2073725365036304,-2.9416672626284295,1.9473007712082262,2.22733115213835,20.40096307420916,79.49533957901261,-0.5048128342245989,13.046820132657043,45.439700588810226,0.31231972156666427,114.9783891704513,7.26448572220682,50.24443765980995,166.519100866313,,11.590389016018307,9.882237955612768,68.21356333244285,5.889291598023064,-13307.0,-50.78426134412091,391.3728924895993,,4.901729376022435,0.6220661756287448,,,-42.01721581730875,8.2946096654275,-25.145589930727773,1.1170212765957421,10.30609725993581,-0.6138444855094198,0.1664278556428696,2.826218004104268,-2.5064489113267965,3.545165686302901,0.9874345302017017,5.443514744094019,1.5074311312744262,0.32978912341762556,-0.32266721792438124,False,False,False,False,False,False,False,False,False,False,False,False,False,False,False,False,False,False,False,False,True,False,False,False,False,False,True,False,False,False,True,True,True,True,True,False,False,False,False,False,False,False,False,False,False,False,False,True,True,False,False,False,False,False,11,True,1.405071119722825,-0.055445581220230175,-0.8849933242013382,-0.5042865899970815,0.7763984328384134,-1.5412783167063666,-1.2767710230966458,-0.05229428830562781,0,Upper-Mid
679.0,82.0,5935.0,2219.0,2418.0,36.569,20.0,336120.0,648.0,-524.0,148.0,789.0,18090.0,12155.0,10838.0,5.0,570.0,DEU,648.0,2010.0,201060.0,10838.0,3711.0,1541.0,20106010.0,-413.0,1805.0,4549.0,2020.0,-432.0,DE0005937007,1061.0,566.0,2020-12-31,362.0,7099.0,16.0,8325.0,100042,MAN SE,6280.0,5935.0,-2.283029297954671,-7.278854254422915,-3.8106661745709545,5.978962908285661,-3.985975272190441,5.978962908285661,23.186934858830043,-6.2443302086483214,0.6407944780955064,0.3282152415833216,0.11114241442456683,0.13199042118608253,-14.096185737976782,0.11440606571187868,0.5218197135636057,32.808181315644006,67.191818684356,-5.036585365853658,3.5617283950617282,17.119955776672192,0.5991155334438917,296.3712434028822,7.033095392602206,51.89749031186566,57.94427016054623,,3.751689950428121,12.880044223327806,3.3400996493818043,0.3411875589066918,208.0,1.9191732792028051,63.50877192982456,,3.0480202190395955,5.222365750138402,,,-14.412066650872625,-4.011461318051579,0.6495472435527061,170.12987012987014,-17.35159817351598,-0.6133146416011801,0.025737072473801546,0.052857583896808405,0.657805222079259,2.5504076581144326,0.10117886797582637,3.150912106135987,3.2180062657300605,0.26986976990822675,-0.39052366649835296,False,False,False,False,False,False,False,False,False,False,False,False,False,False,False,False,False,False,False,False,False,False,False,False,False,False,False,False,False,False,False,False,False,False,False,False,False,False,False,False,False,False,False,False,False,False,False,False,False,False,False,False,False,False,7,True,0.9761665503852949,0.2729655229332816,-0.38117994134851674,0.5047123494109849,0.8638195563019927,-1.4166858098967319,-0.432236136762996,-0.7204405311257388,0,Upper-Mid
436.392,58.844,-377.957,511.992,1179.268,95.09,25.0,335929.0,98.77,-86.763,36.302,247.024,2661.635,3039.592,5093.363,,62.796,DEU,98.77,2510.0,251010.0,5093.363,3357.0,674.353,25101010.0,-96.223,530.403,1527.786,2022.0,-604.904,DE0005408884,194.993,143.356,2022-12-31,222.907,2386.093,88.2,4357.033,101286,LEONI AG,769.179,-377.957,-3.6151839001215413,160.04571948660825,-1.889184022422906,1.9391902756587345,-11.876318259664586,1.9391902756587345,14.456656633348143,-164.66672371010526,0.6402877004374935,0.4257143372031183,0.10352655994548411,0.11874055202374763,-32.24735923595834,-1.1546075347195581,-4.274719081800311,-14.200181467406312,114.20018146740631,-1.635221942763918,13.856798623063684,60.70178668374889,1.9136218903042679,53.56360290251341,7.552962617501517,48.3254079868252,15.101593976317806,,8.5099630462976,34.616955367659344,4.376420844145606,1.1431538568051163,-160.11100000000002,-3.143522266133398,354.970061787375,,,2.8145647580979403,,,-0.4993237835380526,-22.831252120112143,-6.196977469123621,1202.9866536458323,37.09592107852784,-1.0817639148309188,0.2062567569801784,-0.19048538903393789,-0.29585360938853095,4.807328580449961,3.3655803941232927,2.3593017074091676,2.9367883662116334,0.3797682293272281,-0.20422928030371243,False,False,False,True,False,False,False,False,False,True,False,False,False,False,False,False,True,False,False,False,True,False,False,False,False,False,False,False,False,False,False,False,False,False,True,False,False,False,False,False,False,False,False,True,False,False,False,False,False,False,True,False,False,False,9,True,2.512111970765491,-0.2629542325194452,-0.23501439755235012,3.069149986735427,0.43996538762150117,-2.0669982926219483,-0.06786969319780031,-1.1774514874840465,0,Upper-Mid
2051.7,546.6,-263.9,2918.4,3728.7,22.111,20.0,424510.0,-158.9,-436.0,0.9,355.5,10852.4,10817.1,21181.7,,941.5,DEU,-158.9,2010.0,201050.0,21181.7,9997.0,1463.6,20105010.0,-461.3,1709.3,7109.3,2024.0,-1155.2,DE0005194062,302.4,2.1,2024-12-31,601.2,7773.1,88.2,18989.3,100010,BAYWA AG,2728.7,-263.9,-4.250672662268254,437.7415687760516,-2.177823309743788,-0.7501758593502882,-5.4537643343074445,-0.7501758593502882,10.350444015352881,-25.802662490211436,0.9146029254737492,0.5391542627780421,0.04573464898174473,0.045850432903217504,-6.116619365301687,-7.774535809018568,-21.9037514209928,-2.431720172496406,99.6747263278169,-0.8439443834613977,,53.26379418377501,1.9517986804762082,957.9711455836461,14.472328505056028,25.22054414895877,12.88234655386489,,6.5067502741228065,16.76219085179315,2.8382990978061255,1.9880952380952384,340.29999999999995,1.606575487331045,63.85554965480617,,,0.009914218405510418,,,-11.710911872220342,-13.310487510684021,-4.463359834082259,-492.95612009237857,11.004431314623343,-0.03931910422043276,-0.8098200228053252,0.13855683625482126,0.1168159615733018,1.031984378037889,8.028889319410508,8.675500350152962,4.881921896458088,0.015968115640003326,0.1816939575119068,False,False,False,True,False,False,False,False,False,True,False,False,False,False,False,True,True,False,False,False,False,False,False,False,False,False,False,False,False,False,False,False,False,False,False,False,False,False,False,False,False,False,False,True,False,False,True,False,False,False,True,False,False,False,11,True,1.2450715106844408,-0.052655109471845006,1.2292955284902265,3.0707672397195402,0.8515946573948042,-2.542224697468577,0.09112457599920998,-0.5061765462433718,0,Upper-Mid
