dltt,xint,seq,invt,dlc,emp,gsector,naics,ebitda,fincf,ivst,che,at,lt,revt,ivch,oancf,loc,oibdp,ggroup,gind,sale,sic,rect,gsubind,ebit,xsga,act,fyear,ib,isin,dp,xrd,datadate,capx,lct,dvt,cogs,gvkey,conm,ppent,ceq,roa,roe,ebit_margin,ebitda_margin,net_profit_margin,operating_margin,gross_margin,roc,current_ratio,quick_ratio,cash_ratio,cash_ratio_enhanced,working_capital_ratio,debt_to_equity,total_debt_to_equity,equity_ratio,debt_ratio,interest_coverage,net_debt_to_ebitda,debt_to_assets,asset_turnover,revenue_per_employee,receivables_turnover,days_sales_outstanding,capital_intensity,working_capital_turnover,inventory_turnover,asset_quality,capex_to_revenue,capex_to_depreciation,fcf,fcf_margin,reinvestment_rate,cash_conversion,financial_leverage,rnd_intensity,dividend_payout_ratio,retention_ratio,revenue_growth,asset_growth,employee_growth,fcf_growth,capex_growth,margin_trend,leverage_trend,capex_trend,fcf_trend,margin_volatility,leverage_volatility,cf_to_assets,cashflow_volatility,margin_consistency,growth_quality,ebitda_outlier,ebit_outlier,roa_outlier,roe_outlier,ebit_margin_outlier,ebitda_margin_outlier,net_profit_margin_outlier,operating_margin_outlier,gross_margin_outlier,roc_outlier,current_ratio_outlier,quick_ratio_outlier,cash_ratio_outlier,cash_ratio_enhanced_outlier,working_capital_ratio_outlier,debt_to_equity_outlier,total_debt_to_equity_outlier,equity_ratio_outlier,debt_ratio_outlier,interest_coverage_outlier,net_debt_to_ebitda_outlier,debt_to_assets_outlier,asset_turnover_outlier,revenue_per_employee_outlier,receivables_turnover_outlier,days_sales_outstanding_outlier,capital_intensity_outlier,working_capital_turnover_outlier,inventory_turnover_outlier,asset_quality_outlier,capex_to_revenue_outlier,capex_to_depreciation_outlier,fcf_outlier,fcf_margin_outlier,reinvestment_rate_outlier,cash_conversion_outlier,financial_leverage_outlier,rnd_intensity_outlier,dividend_payout_ratio_outlier,retention_ratio_outlier,revenue_growth_outlier,asset_growth_outlier,employee_growth_outlier,fcf_growth_outlier,capex_growth_outlier,margin_trend_outlier,leverage_trend_outlier,capex_trend_outlier,fcf_trend_outlier,margin_volatility_outlier,leverage_volatility_outlier,cashflow_volatility_outlier,margin_consistency_outlier,growth_quality_outlier,years_available,latest_year,PC1,PC2,PC3,PC4,PC5,PC6,PC7,PC8,cluster,cluster_name
52.0,9.0,1897.0,567.0,60.0,6.781,15.0,324191.0,533.0,-228.0,0.0,153.0,2610.0,710.0,3525.0,2.0,390.0,DEU,533.0,1510.0,151010.0,3525.0,2990.0,551.0,15101010.0,436.0,697.0,1285.0,2024.0,302.0,DE000A3E5D64,97.0,79.0,2024-12-31,83.0,580.0,152.615,2222.0,103200,FUCHS SE,813.0,1897.0,16.704980842911876,15.919873484449129,12.368794326241135,15.120567375886527,8.567375886524822,15.120567375886527,36.9645390070922,22.370446382760388,2.2155172413793105,1.2379310344827585,0.2637931034482759,0.2637931034482759,27.011494252873565,0.027411702688455455,0.05904059040590406,72.68199233716474,27.203065134099617,48.44444444444444,-0.07692307692307693,4.291187739463601,1.3505747126436782,519.8348326205574,6.397459165154265,57.05390070921986,23.06382978723404,5.0,3.9188712522045854,26.97318007662835,2.354609929078014,0.8556701030927835,307.0,8.709219858156029,21.28205128205128,89.44954128440367,1.3758566157090142,2.2411347517730498,50.534768211920536,49.465231788079464,-0.45184975995481436,7.71770532397853,8.115433673469386,-33.26086956521739,0.0,-0.500585552284974,0.0055430427954161,-0.10227467469361243,-0.23684786043372466,1.8049902090443215,0.028183022880020083,14.942528735632186,5.175547287786805,0.8460569672791028,-0.22120291987798313,False,False,False,False,False,False,False,False,False,False,False,False,False,False,False,False,False,False,False,True,False,False,False,False,False,False,False,False,False,False,False,False,False,False,False,False,False,False,False,False,False,False,False,False,False,False,False,False,False,False,False,False,False,False,11,True,-2.347287203056838,-0.3665831548745958,0.9121226325803178,-0.19651835596103479,-1.1614790423806822,1.413728850651111,0.5211035511679759,0.7647079451084831,1,Mid
0.0,45.0,8475.0,1612.0,114.0,22.791,30.0,325620.0,1671.0,-1029.0,1296.0,2503.0,13011.0,4516.0,9850.0,,1231.0,DEU,1671.0,3030.0,303020.0,9850.0,2844.0,2042.0,30302010.0,1356.0,4076.0,6441.0,2024.0,912.0,DE0005200000,315.0,354.0,2024-12-31,437.0,3696.0,223.0,3775.0,100083,BEIERSDORF AG,2719.0,8475.0,10.42195065713627,10.761061946902654,13.766497461928934,16.96446700507614,9.258883248730964,16.96446700507614,61.6751269035533,16.0,1.7426948051948052,1.306547619047619,0.6772186147186147,1.0278679653679654,21.097532856813466,0.0,0.013451327433628318,65.13719160710168,34.70909230650987,30.133333333333333,-1.4296828246558946,0.8761816924141111,0.7570517254630698,432.18814444298187,4.823702252693438,75.66802030456853,27.604060913705585,3.588342440801457,2.3418114143920596,34.931980631773115,4.436548223350254,1.3873015873015873,794.0,8.060913705583756,35.49959382615759,90.78171091445427,1.535221238938053,3.5939086294416245,24.451754385964914,75.54824561403508,4.265904519953434,3.024784226779631,3.7936059750432793,87.26415094339623,-15.473887814313347,-0.15217338384611181,0.001411245399574809,0.19141476229111393,-0.09660360856517004,0.969901098575644,0.020856717844209276,9.461225117208516,2.0022533568888843,0.2707791238919422,0.011869084333577692,False,False,False,False,False,False,False,False,False,False,False,False,False,False,False,False,False,False,False,False,False,False,False,False,False,False,False,False,False,False,False,False,False,False,False,False,False,False,False,False,False,False,False,False,False,False,False,False,False,False,False,False,False,False,11,True,-1.8741555606686657,-0.21799851868825512,0.2540701201980511,-0.562867315210027,-0.13327719904822022,0.8654330574532197,0.6861997721647334,0.4017291583469135,1,Mid
551.911,41.016,523.463,291.469,233.464,4.935,25.0,3362.0,250.851,-49.043,10.45,311.18,1711.869,1184.769,1876.747,6.529,200.652,DEU,250.851,2510.0,251010.0,1876.747,3700.0,191.732,25101010.0,166.266,216.411,857.25,2024.0,77.349,DE000SAFH001,84.585,40.97,2024-12-31,48.505,511.747,38.6,1376.112,285715,SAF HOLLAND SE,357.167,523.463,9.712542256446024,14.776402534658612,8.859265526999643,13.366266204235306,4.121439917047956,13.366266204235306,26.67567871428594,15.461225582913482,1.6751441630336865,1.1055873312398508,0.608073911522686,0.6284941582461646,20.182794361017113,1.0543457703791863,1.5003448190225481,30.57844963604108,69.2090925181775,4.05368636629608,1.8903452647188967,45.87821848517615,1.096314612858811,380.29321175278625,9.788386915068951,37.28908584907821,19.031174686838447,5.431926785006209,4.721297976800278,29.37794889679059,2.584525245011714,0.5734468286339186,152.147,8.106953148186728,24.173693758347788,120.68131788820324,3.270276982327309,2.1830326623673835,49.903683305537236,50.096316694462764,-10.892900383159954,3.640405657310253,-6.071564522268746,2.918157650862785,-11.637185069134492,0.10359047867956825,0.03951154439210965,0.03591477668216199,0.5072179833176997,1.0576754382713478,0.2763706036758689,11.721223995527694,3.5884403626109243,0.10551823707414434,-0.08552116181401809,False,False,False,False,False,False,False,False,False,False,False,False,False,False,False,False,False,False,False,False,False,False,False,False,False,False,False,False,False,False,False,False,False,False,False,False,False,False,False,False,False,False,False,False,False,False,False,False,False,False,False,False,False,False,11,True,-0.3347495594063227,-0.28360110222605867,0.3677163699691039,0.1807817789945163,-0.8538367549829154,0.2022888857055094,0.2930632036751129,0.3310696018329218,1,Mid
1007.369,56.231,1426.972,1071.561,395.753,18.623,25.0,315.0,728.223,-404.728,0.0,210.622,3782.421,2332.31,4307.349,2.623,785.511,DEU,728.223,2520.0,252030.0,4307.349,2300.0,408.737,25203010.0,360.821,2289.476,1852.58,2024.0,213.468,DE000A1PHFF7,367.402,89.968,2024-12-31,228.584,1204.131,96.623,1280.106,102250,HUGO BOSS AG,1544.336,1426.972,9.53941932957754,14.959508665902344,8.37686939228746,16.906524175310615,4.955902110555703,16.906524175310615,70.28088506410788,14.82212229100196,1.5385203104977778,0.6486163050365782,0.17491618436864428,0.17491618436864428,17.14375528266155,0.7059486801422873,0.9832862873272917,37.7264191373726,61.66182981746348,6.416762995500703,1.637547839054795,37.09587060774039,1.138780955372234,231.29189711646887,10.53819204035847,34.63592223430235,35.85351453991771,6.642540893732585,1.1946179452219707,16.374671143164658,5.306837221687864,0.6221631890953234,556.9269999999999,12.929692950350665,29.10003806439375,217.70102072772923,2.650662381602442,2.0887093198159703,45.26345869170087,54.73654130829913,2.6180124689723083,8.9511465241338,-0.613726118048874,285.02226093689507,-8.197353360509252,-1.0818589936119924,0.11202790777277863,0.04268964163199785,-0.07281249008604854,6.533374248348302,0.5095922736971833,20.767413251988607,5.745558804631129,0.30161916401188277,0.2973842866180331,False,False,False,False,False,False,False,False,False,False,False,False,False,False,False,False,False,False,False,False,False,False,False,False,False,False,False,False,False,False,False,False,False,False,False,False,False,False,False,False,False,False,False,False,False,False,False,False,False,False,False,False,False,False,11,True,-0.6486129630277488,-0.4362932959923278,0.07412882074098202,0.2044411036755734,0.08345265833250878,0.7281902278305906,1.0804163016096813,0.44176305207475236,1,Mid
426.798,11.651,1601.531,420.328,56.737,4.791,30.0,111.0,356.161,-236.849,33.022,407.009,2676.221,1074.69,1676.628,,226.537,DEU,356.161,3020.0,302020.0,1676.628,100.0,603.264,30202010.0,253.274,464.725,1550.007,2025.0,139.98,DE0007074007,102.887,348.951,2025-06-30,108.116,521.392,41.25,516.311,102926,KWS SAAT SE & CO KGAA,623.634,1601.531,9.463867146995709,8.740386542627023,15.106153541513084,21.242696650658345,8.34890029273041,21.242696650658345,69.20539320588705,12.486830292324372,2.972824669346672,2.166659634209961,0.7806199558105993,0.8439542609015864,38.4353534330685,0.26649374879412263,0.3019204748456321,59.843002502409185,40.15699749759082,21.738391554373017,0.2148635027417376,18.06782773171573,0.6264908615544083,349.95366311834687,2.779260821133036,131.32988355198648,37.195728569485894,1.6299859519839783,1.228352619858777,37.74998402598291,6.44841908879012,1.0508227472858573,118.421,7.063045589122931,47.725537108728375,89.44344859717145,1.6710391494139045,20.81266685275446,29.468495499357054,70.53150450064294,-0.08878994206604762,-9.467631769365848,3.7462104807275853,-6141.887755102017,-20.537997942084374,0.34305048544131467,0.02442768772756635,0.0026673672731636717,0.2807733865456231,2.4249338116019827,0.18664624453625198,8.464809146927701,1.934299544562904,0.2601714579267073,0.05452210288460373,False,False,False,False,False,False,False,False,False,False,False,False,False,False,False,False,False,False,False,False,False,False,False,False,False,False,False,False,False,False,False,False,False,False,False,False,False,True,False,False,False,False,False,True,False,False,False,False,False,False,False,False,False,False,12,True,-1.977888683567957,-0.12717999122578294,0.885847681320525,-1.4652287643734416,0.09094544113014061,1.0599789991720476,0.7645403737216473,0.5318953923214921,1,Mid
39.285,12.437,1419.503,714.117,35.149,7.498,20.0,3335.0,307.915,-176.324,1.774,137.938,2544.259,1094.563,2235.785,4.81,171.974,DEU,307.915,2010.0,201060.0,2235.785,3540.0,709.185,20106020.0,237.066,662.307,1642.446,2024.0,170.43,DE0005878003,70.849,85.737,2024-12-31,37.147,964.615,88.2,1073.407,101937,DMG MORI AG,456.516,1419.503,9.317683459113244,12.006314886266532,10.603255679772431,13.772120306737904,7.622825987293054,13.772120306737904,51.98970384003828,16.25088772323326,1.7026958942168635,0.9623829196104144,0.14299798365150862,0.14483705934491997,26.641587982984433,0.02767517927049115,0.052436662691096814,55.79239377752029,43.0208952783502,19.06134919996784,-0.20623873471574944,2.92556693324068,0.8787568404002893,298.18418244865296,3.152611800870013,115.77702015175878,20.41860017846081,3.298440171665209,1.5031248380867561,33.29547031178822,1.661474605116324,0.5243122697568067,134.827,6.0304099007731065,21.600358193680442,72.54266744282182,1.7923590157963738,3.8347604979906387,51.751452209118106,48.248547790881894,-10.989016676433872,-8.07479290932811,-0.22621423819028097,12.482376006340456,-47.39353943324883,0.16743301524572757,0.00034554890007888414,-0.2301677019405922,0.49366690707914274,1.8554738142197378,0.015856381169796863,6.759296125119336,2.103300434638087,0.08957054621112989,0.34221558686317843,False,False,False,False,False,False,False,False,False,False,False,False,False,False,False,False,False,False,False,False,False,False,False,False,False,False,False,False,False,False,False,False,False,False,False,False,False,False,False,False,False,False,False,False,False,False,False,False,False,False,False,False,False,False,11,True,-1.4252660937390116,-0.14077874844115187,0.6109870043027716,-0.4091823942721365,-0.2753138470693506,0.5956914983562253,0.6544858550716426,0.5993991261620073,1,Mid
0.0,39.6845,33839.0,7966.0,0.0,87.736,25.0,336111.0,6281.0,-4312.0,0.0,13436.0,73447.0,39608.0,69865.0,,11135.0,DEU,6281.0,2510.0,251020.0,69865.0,3711.0,5598.0,25102010.0,6281.0,4148.0,38217.0,2023.0,6260.0,DE0006757008,0.0,4024.0,2023-12-31,3251.0,24380.0,88.2,58576.0,101120,AUDI AG,0.0,33839.0,8.55174479556687,18.499364638434944,8.99019537679811,8.99019537679811,8.960137407858012,8.99019537679811,16.158305303084518,18.56142320990573,1.5675553732567677,1.2408121410992616,0.5511074651353568,0.5511074651353568,18.839435239015888,0.0,0.0,46.07267825779133,53.92732174220867,158.27338129496403,-2.1391498169081355,0.0,0.9512301387394992,796.3093826935351,12.480350125044659,29.245974379159808,0.0,5.049143600491436,7.353251318101933,25.915285852383352,4.653259858298147,,7884.0,11.28462033922565,29.196228109564437,177.28068778856868,2.1704837613404653,5.759679381664639,1.4089456869009584,98.59105431309904,13.136203909121825,3.7211207140032787,-0.2954679758170764,5.99623554719011,25.521235521235532,0.022936803339705384,-0.009798155603996897,-0.24190780815226462,0.8480422293589029,2.0839654010299893,0.034364537281490456,15.160591991504077,2.5819153264695776,0.0011104428507367288,-0.12089792981366534,True,True,False,False,False,False,False,False,False,False,False,False,False,False,False,False,False,False,False,True,False,False,False,False,False,False,False,False,False,False,False,False,True,False,False,False,False,False,False,False,False,False,False,False,False,False,False,False,False,False,False,False,False,False,10,True,-0.8437656304818484,-0.04745360658932271,0.6698544346962504,0.14837805435163137,-0.8435044254682719,0.0790018295464865,-0.05547942175954619,0.17137991246390374,1,Mid
37.5,20.5,1092.5,764.8,20.8,12.398499999999999,20.0,3339.0,334.1,-88.8,0.0,369.3,2867.9,1532.5,2967.4,1.3,268.6,DEU,334.1,2010.0,201060.0,2967.4,3560.0,784.8,20106020.0,243.2,1026.1,1938.0,2024.0,118.1,DE0006292030,90.9,69.0,2024-12-31,135.0,983.0,46.635,1359.5,101390,KSB SE & CO KGAA,667.8,1092.5,8.480072526936084,10.810068649885583,8.195726898968795,11.259014625598168,3.9799150771719347,11.259014625598168,54.18548224034508,21.522123893805308,1.9715157680569684,1.1934893184130213,0.37568667344862666,0.37568667344862666,33.299626904703786,0.034324942791762014,0.05336384439359267,38.0940758045957,53.4363122842498,11.863414634146341,-0.9308590242442382,2.0328463335541684,1.0346943756755815,239.335403476227,3.7810907237512748,96.53299184471253,22.504549437217765,3.1072251308900523,1.7775889121338913,40.24198891174727,4.549437217766394,1.4851485148514851,133.60000000000002,4.5022578688414105,50.26061057334326,110.44407894736842,2.6250800915331807,2.3252679113028236,39.48772226926334,60.51227773073666,5.1916253655244216,7.419266998998819,-22.69297917446067,-23.149048279194417,26.806999746386005,0.4410495948978004,-0.02547266617184261,0.07613679636297159,0.2430585178199154,1.8354355116224006,0.09722052204035422,9.365737996443391,3.0125366934278937,0.635168979838396,-0.3195692048150439,False,False,False,False,False,False,False,False,False,False,False,False,False,False,False,False,False,False,False,False,False,False,False,False,False,False,False,False,False,False,False,False,False,False,False,False,False,False,False,False,False,False,False,False,False,False,False,False,False,False,False,False,False,False,11,True,-0.8209927026285546,-0.22360812586116147,0.8686455631867108,-0.28421484311023565,-0.1955374755728438,0.4598938156066592,0.8638141611501388,0.7306203171720279,1,Mid
2210.0,107.0,3045.0,1216.0,964.0,29.051,20.0,336510.0,1135.0,630.0,0.0,2263.0,9614.0,6487.0,7996.0,,1042.0,DEU,1135.0,2010.0,201060.0,7996.0,3743.0,1626.0,20106010.0,809.0,2055.0,5416.0,2024.0,445.0,DE000KBX1006,326.0,73.0,2024-12-31,228.0,3313.0,88.2,3921.0,328745,KNORR-BREMSE AKTIE,1665.0,3045.0,8.414811732889536,14.614121510673234,10.117558779389695,14.194597298649326,5.56528264132066,14.194597298649326,50.96298149074537,15.394862036156043,1.6347721098702084,1.2677331723513432,0.6830667069121642,0.6830667069121642,21.87434990638652,0.7257799671592775,1.0423645320197044,31.67256084876222,67.47451633035158,7.5607476635514015,0.8026431718061674,33.014354066985646,0.8317037653422092,275.24009500533543,4.9175891758917585,74.22336168084043,20.822911455727862,3.802187351402758,3.2245065789473686,40.45142500520075,2.851425712856428,0.6993865030674846,814.0,10.18009004502251,21.8809980806142,128.80098887515453,3.1573070607553366,0.9129564782391195,19.820224719101123,80.17977528089888,-0.5338035793898466,16.553648987544744,-1.4786176959338038,23.25135250946717,-10.289552274041814,-0.6583842840662589,0.08252887487373964,0.011364456353949167,-0.18171730814797565,2.4134139151679683,0.3867440733374963,10.838360723944248,4.264691832593389,0.818630594329998,0.23510027054584584,False,False,False,False,False,False,False,False,False,False,False,False,False,False,False,False,False,False,False,False,False,False,False,False,False,False,False,False,False,False,False,False,False,False,False,False,False,False,False,False,False,False,False,False,False,False,False,False,False,False,False,False,False,False,11,True,-0.5085792073320157,-0.26589734434767287,0.13922363607483,-0.14193375951153347,-0.2854972949670118,0.28593710063681427,0.7013193046729801,0.29140654902643365,1,Mid
1366.4,127.4,2827.7,2013.7,352.2,19.599,25.0,316210.0,967.5,-697.8,0.0,368.2,7140.6,4312.0,8817.2,,694.8,DEU,967.5,2520.0,252030.0,8817.2,3021.0,1505.3,25203020.0,597.3,5.4,4305.2,2024.0,281.6,DE0006969603,370.2,92.0,2024-12-31,263.0,2870.9,90.8,4269.0,102175,PUMA SE,1882.5,2827.7,8.364843290479792,9.95862361636666,6.774259402077757,10.972871206278636,3.1937576554915394,10.972871206278636,51.583269065009304,14.241434395937148,1.4995994287505658,0.7981817548503953,0.12825246438399107,0.12825246438399107,20.086547348962267,0.48321957774870045,0.6077731018141954,39.60031369912892,60.38708231801249,4.688383045525902,1.395762273901809,24.068005489734755,1.2347981962300087,449.8800959232614,5.857437055736399,62.31394320192351,21.350315292836726,6.147388970229382,2.119978149674728,26.237290983950928,2.9828063330762595,0.7104267963263101,431.79999999999995,4.897246291339654,37.852619458837076,116.3234555499749,2.5252325211302473,1.0434151431293381,32.24431818181818,67.75568181818181,2.5053187160677615,7.5326787542919105,4.9140838284888355,22.253680634201565,-12.450066577896134,0.391754667762913,0.0851279479341244,0.08907412823081952,0.46996621398637134,1.9389715021338014,0.31323871007127524,9.730274766826316,3.671225203856146,0.44903293123096777,-0.052961010477667735,False,False,False,False,False,False,False,False,False,False,False,False,False,False,False,False,False,False,False,False,False,False,False,False,False,False,False,False,False,False,False,False,False,False,False,False,False,False,False,False,False,False,False,False,False,False,False,False,False,False,False,False,False,False,11,True,-0.5505477066504961,-0.2915053070851534,0.5353244222385546,0.27767060571047125,-0.23928131837820332,0.4084147282947146,0.7972524199992737,0.5482013113733387,1,Mid
568.761,23.124,1911.446,377.231,243.49,13.952,45.0,541512.0,491.647,-145.969,73.087,716.202,4217.281,2302.211,6305.762,,558.151,DEU,491.647,4510.0,451020.0,6305.762,7370.0,1526.454,45102010.0,351.327,839.448,2638.103,2024.0,245.498,DE0005158703,140.32,5.928,2024-12-31,88.666,1608.168,88.2,5027.075,238136,BECHTLE AG,476.89,1911.446,8.330651905813248,12.843574968897892,5.57152331470804,7.7967896663400875,3.89323288763515,7.7967896663400875,20.278072657991213,14.165228950648071,1.64043992916163,1.4058680436372322,0.44535272434223294,0.49080009053780455,24.4217779180472,0.29755535861332205,0.42494059471206613,45.32413182806647,54.58993602750207,15.193175921120915,0.19536171277359565,19.260063533826653,1.4952197873463968,451.9611525229358,4.130987242327643,88.35660305606207,7.562765610246629,6.122485399564049,13.326251023908426,53.17777022683573,1.4061107920026161,0.6318842645381985,469.48499999999996,7.445333331641758,15.885665348624297,158.8693724080415,2.2063301814437866,0.09400925693040746,35.92697292849636,64.07302707150365,-1.8213557665315405,10.8880205532778,-2.5289925946625713,31.194931997216724,-12.366324695091823,0.17938117558220817,0.036557985066390936,0.03815598229389945,0.47202518168333363,0.7092724602242448,0.1630064865436234,13.234854400264057,3.544531465357436,0.7035909137046608,-0.335848058177192,False,False,False,False,False,False,False,False,False,False,False,False,False,False,False,False,False,False,False,False,False,False,False,False,False,False,False,False,False,False,False,False,False,False,False,False,False,False,False,False,False,False,False,False,False,False,False,False,False,False,False,False,False,False,11,True,-0.5847656710993459,-0.09745568522446069,1.2589579080141116,0.4981448677063614,-0.820193419072485,0.3008920460909182,0.19068687699825834,0.7245547752783662,1,Mid
94.55,10.421,1921.706,664.752,42.073,19.788,20.0,333993.0,513.295,-114.995,0.0,442.483,4749.469,2827.932,5352.733,2.973,452.17,DEU,513.295,2010.0,201060.0,5352.733,3560.0,1910.958,20106020.0,375.33,1587.532,3198.498,2024.0,276.919,DE0006335003,137.965,219.539,2024-12-31,120.727,2392.927,82.142,2665.788,103269,KRONES AG,832.211,1921.706,7.90256763440292,14.410060644031915,7.011932035466742,9.589400405363016,5.173413282523152,9.589400405363016,50.197628015445574,18.615195689436263,1.3366467092393541,1.0588480133326257,0.18491287030486095,0.18491287030486095,16.96128556687074,0.049201074461962445,0.07109464194835213,40.46149158990195,59.54206670261454,36.01669705402553,-0.5958756660399965,2.87659525728034,1.1270171465483827,270.50399231857693,2.8010730743428165,130.307203815322,15.547403541331128,6.644644606124104,4.01019929236768,49.55166567041495,2.2554272742541053,0.8750552676403436,331.443,6.192033116540652,26.699471437733596,120.47265073402073,2.47148575276343,4.101437527334166,29.662825591598992,70.33717440840101,12.32308441606813,6.083389973306419,6.887052341597788,1528.9526711554522,2.9435088467277826,-0.12255632355370764,0.00998748349980334,0.022541713268301386,0.21021302451786922,1.9361907124627618,0.04549506508788372,9.520432705213993,3.7945051787778494,0.044072518531728284,0.8244201419566822,False,False,False,False,False,False,False,False,False,False,False,False,False,False,False,False,False,False,False,False,False,False,False,False,False,False,False,False,False,False,False,False,False,False,False,False,False,False,False,False,False,False,False,True,False,False,False,False,False,False,False,False,False,False,11,True,-0.5927712109740216,-0.20927158411841776,0.3964796122313816,0.3434730088300414,-0.19466110564984912,0.2641803854497657,0.7490173094507859,0.3898398322411781,1,Mid
2757.739,154.362,2128.658,175.534,327.736,7.864,20.0,5321.0,737.268,-832.872,0.0,163.577,6550.656,4421.998,4002.172,0.003,1079.847,DEU,737.268,2030.0,203040.0,4002.172,7510.0,693.228,20304040.0,514.314,983.991,5240.0,2024.0,243.913,DE0007231326,222.954,10.105,2024-12-31,89.925,1595.496,127.078,886.577,103533,SIXT SE,1124.128,2128.658,7.851335805146843,11.458533968350013,12.85087197651675,18.421697018518945,6.094515677986853,18.421697018518945,77.84760375116312,10.525423947337885,3.2842451500975245,3.1742266981553073,0.10252423070944709,0.10252423070944709,55.63571037770873,1.2955293898785056,1.4494930608862486,32.495340924634114,67.50465907536588,3.3318692424301317,3.9631423037484335,47.10177118139008,0.6109574369345605,508.92319430315365,5.773240550006636,63.222725060292255,28.08794824410345,1.0981390060211211,5.050742306333816,13.07968240127401,2.246904930622672,0.40333432008396347,989.922,24.734619101827708,8.327568627777824,209.9587022713751,3.077364236058587,0.25248789907080454,52.09972408194725,47.90027591805275,10.54169455178815,1.5664001758860957,-9.97137950772753,-754.143566090226,46.78756814991347,0.591288928605766,-0.07683017051151256,-0.1037442110480408,2.9388099158284624,5.450365938236021,0.3931101754976629,16.48456276745413,8.727931700986776,0.12946156599137126,0.31510746201486417,False,False,False,False,False,False,False,False,False,False,False,True,False,False,False,False,False,False,False,False,False,False,False,False,False,False,False,False,False,False,False,False,False,False,False,False,False,False,False,False,False,False,False,True,False,False,False,False,True,False,False,False,False,False,11,True,-1.0553367325456817,-0.14288764255025882,1.2343203011533437,-1.6757165673875176,0.16582714340355703,1.0527597727239382,1.155009378806004,0.8796861125462432,1,Mid
2565.6,148.6,4726.7,1518.4,946.3,18.122,20.0,4246.0,1302.5,23.0,7.2,770.5,11668.0,6906.0,16237.4,,906.6,DEU,1302.5,2010.0,201070.0,16237.4,5160.0,2610.5,20107010.0,883.6,1519.7,5088.9,2024.0,536.2,DE000A1DAHH0,418.9,84.1,2024-12-31,342.2,3478.2,303.209,12210.9,269835,BRENNTAG SE,2135.6,4726.7,7.572848817278026,11.344066685002224,5.441757916907879,8.021604444061243,3.302252823727937,8.021604444061243,24.797689285230394,12.11689041866078,1.4630843539761946,1.0265367143925017,0.2215226266459663,0.2235926628716003,13.80442235173123,0.5427888378784352,0.7429919394080436,40.50994172094617,59.18752142612272,5.946164199192463,2.1047216890595006,30.09856016455262,1.3916181007884814,896.0048559761616,6.220034476153994,58.6813467673396,13.15235197753335,10.080958589433166,8.04195205479452,28.97668837847103,2.1074802616182393,0.8169014084507042,564.4000000000001,3.4759259487356355,37.74542245753364,102.60298777727479,2.468529841115366,0.517940064296008,56.54774337933607,43.45225662066393,-3.4356025239219434,12.86734121379791,2.332147495623693,-57.968424188263334,6.5711616318903765,0.029577388059669456,-0.017586809929596364,0.07960830878247982,0.20501301825634885,0.577573490321878,0.08905949424554,7.769969146383271,3.933069490187494,0.02884681176873489,0.20239835109554938,False,False,False,False,False,False,False,False,False,False,False,False,False,False,False,False,False,False,False,False,False,False,False,False,False,False,False,False,False,False,False,False,False,False,False,False,False,False,False,False,False,False,False,False,False,False,False,False,False,False,False,False,False,False,11,True,-0.30181319212416774,-0.17185079089917366,0.7269313715636537,0.6159532494701737,-0.6405835204402066,0.07918607540985563,0.22798883112508,0.3498333774066781,1,Mid
5086.7,335.7,20653.8,630.6,1521.6,14.608,20.0,483111.0,4596.3,-3083.0,2032.1,7512.7,33617.1,12893.9,19111.8,233.6,4364.9,DEU,4596.3,2030.0,203030.0,19111.8,4412.0,2599.0,20303010.0,2524.6,19.5,11025.8,2024.0,2385.5,DE000HLAG475,2071.7,115.2,2024-12-31,2166.4,7162.0,1441.2,14028.7,100431,HAPAG-LLOYD AG,16425.6,20653.8,7.509868489548474,11.54993270003583,13.209640117623668,24.04954007471824,12.481817515880241,24.04954007471824,26.59665756234368,9.807890289621414,1.539486177045518,1.451438145769338,1.0489667690589222,1.3327003630270873,11.493555363193135,0.2462839767984584,0.3199556498077835,61.43837511266588,38.35518233280087,7.5204051236222815,-0.19676696473250235,19.657555232307367,0.568514238289442,1308.3105147864183,7.353520584840323,49.63608869912829,85.94480896618842,4.946374035923185,22.246590548683795,30.079037156685146,11.335405351667557,1.045711251629097,2198.4999999999995,11.503364413608343,49.63229398153452,172.894715994613,1.6276472126194694,0.6027689699557341,60.41500733598827,39.58499266401173,6.59416046180874,15.87148943210488,-10.35286897821418,-32.5902986447538,27.091399741874934,3.2416051113864066,-0.07634187191093861,0.36406750216448686,3.3951929134376515,17.218849594851257,0.32090091521625863,12.984165796573768,15.308691714569363,0.3898563721220257,0.32417693341940584,True,False,False,False,False,False,False,False,False,False,False,False,False,False,False,False,False,False,False,False,False,False,False,False,False,False,False,False,False,False,False,False,True,False,False,False,False,False,False,False,False,False,False,False,False,False,False,False,True,True,False,True,False,False,11,True,-1.3399927795958488,-0.030286298981038788,-0.1372964676288965,-0.5879148069831401,-0.032625946314317984,0.11798508765302437,-0.5626257869209619,0.24157556555800272,1,Mid
392.741,20.477,6093.97,119.568,20.218,3.281,50.0,517.0,872.141,-129.677,4.161,8.3,8130.073,2036.103,4064.254,,311.418,DEU,872.141,5010.0,501020.0,4064.254,4813.0,1382.958,50102010.0,590.688,545.326,1844.042,2024.0,212.764,DE0005545503,281.453,84.1,2024-12-31,290.956,730.556,8.8,2561.735,326410,1&1 AG,801.586,6093.97,7.265469818044684,3.491385746894061,14.53373731070942,21.458821225248226,5.235007457703185,21.458821225248226,36.96912151651939,9.106124814254866,2.5241624187605054,2.360495293995258,0.011361209818275396,0.01705687175247346,13.695891783505509,0.06444747840898461,0.06776518427232166,74.95590752998159,25.044092470018413,28.84641304878644,0.4639834613898441,5.079400886068305,0.4999037524017312,1238.7241694605302,2.938812313895288,124.19983347497475,19.722832283612195,3.6500270322213306,21.4249213836478,17.112490871853183,7.158902962265647,1.0337640742859378,20.46199999999999,0.503462628073934,93.42940998914642,52.72123354461239,1.3341176605726643,2.06926043500234,4.1360380515500745,95.86396194844993,-0.7920275363029972,5.035550274110623,-1.1746987951807175,-129.17100292251763,-1.6133122778778985,0.17617649291895807,0.1694473200119703,0.9389856741287159,-1.3252129635961196,2.677655973876076,0.8203732220725649,3.830445310884662,2.8639220354942614,0.032467408723126624,-0.014924651183731628,False,False,False,False,False,False,False,False,False,False,False,False,False,False,False,False,False,False,False,False,False,False,False,False,False,False,False,False,False,False,False,False,False,False,False,False,False,False,False,False,False,False,False,False,False,False,False,False,False,False,False,False,False,False,9,True,-1.9388369048571839,0.12486204773202965,0.5187011188421988,-1.0508905413923668,-0.1784744874791849,0.4786386608279802,-0.16788978206681668,-0.3528192795536822,1,Mid
717.038,59.251,2260.313,1376.085,105.235,11.905,20.0,3312.0,473.446,-142.791,609.855,1323.153,4983.088,2716.064,4997.427,,424.686,DEU,473.446,2010.0,201060.0,4997.427,3310.0,545.587,20106015.0,359.398,542.325,3509.758,2024.0,252.767,,114.048,300.07,2024-09-30,142.634,1623.759,88.2,3776.884,210332,CLAAS KG,755.414,2260.313,7.212355069788052,11.182831758256489,7.19166082866243,9.473795215017649,5.057942817373821,9.473795215017649,24.42342829620122,12.071065856864038,2.161501799220204,1.314033055397999,0.8148703101876572,1.190452524050675,37.84799706527358,0.3172295164430767,0.36378722769811084,45.35968459718151,54.50563987631766,6.065686655077552,-1.057945362301086,16.50127390886936,1.0028775329675093,419.77547249055016,9.159725213394013,39.84835696449393,15.116058723819279,2.649750609623865,2.7446589418531557,37.50164556596231,2.854148744944148,1.2506488496071828,282.052,5.643944373774746,33.58575512260823,118.16593303245982,2.2046008672250257,6.004489910507948,34.89379547171902,65.10620452828098,-18.6687387521983,-3.312746018924606,-3.98032020002419,85.19379386872052,4.145096636170464,0.23266940049949655,-0.024025591652146554,-0.011950839729509433,0.4422914798358045,1.5606331645909395,0.09934033432402803,8.52254666182897,4.332754157635812,0.24449476424472993,-0.07960969337146147,False,False,False,False,False,False,False,False,False,False,False,False,False,False,False,False,False,False,False,False,False,False,False,False,False,False,False,False,False,False,False,False,False,False,False,False,False,False,False,False,False,False,False,False,False,False,False,False,False,False,False,False,False,False,11,True,-0.8479448038507966,0.020360097804915985,1.4387083900385584,-0.5065453451566875,-0.6034085693256691,0.2293029438885373,0.14206563436801792,0.7911696038371926,1,Mid
541.08,26.385,697.543,410.533,145.965,8.054,20.0,999977.0,213.03,-199.879,-1.336,143.815,1806.829,1106.831,1725.8,0.807,143.682,DEU,213.03,2010.0,201050.0,1725.8,9997.0,194.914,20105010.0,123.601,550.848,769.927,2024.0,53.709,DE0006200108,89.429,27.083,2024-12-31,40.336,465.027,29.876,767.578,213037,INDUS HOLDING AG,412.753,697.543,6.840769104325867,7.69974037442853,7.161953876463089,12.343840537721636,3.112121914474447,12.343840537721636,55.52335148916444,9.978903992578855,1.6556608541009448,0.7728454476836829,0.30926161276657055,0.3063886613035372,16.874867516516506,0.7756941149147795,0.9849500317543148,38.60592230919473,61.258204290500096,4.684517718400606,2.550016429610853,38.02490440434596,0.955154029518012,214.27861931959274,8.854161322429379,41.22355429366091,23.916618379881793,5.660216464414561,1.8697108393235133,18.74715316169931,2.337234905551049,0.45103937201578903,103.34599999999999,5.9882952833468535,28.073105886610712,116.24663230880007,2.5902761550184,1.569301193649322,55.625686570221,44.374313429779,-4.536216828575634,-6.322507123688814,-9.332432736688045,-27.187797231126932,-21.11552226546458,-0.18783225252815888,0.025292141125802147,-0.23600162073330763,0.2214322219578484,1.517655708490393,0.11455042302212119,7.952163707799686,2.3335390568434997,0.1684947986518433,0.11986691628839116,False,False,False,False,False,False,False,False,False,False,False,False,False,False,False,False,False,False,False,False,False,False,False,False,False,False,False,False,False,False,False,False,False,False,False,False,False,False,False,False,False,False,False,False,False,False,False,False,False,False,False,False,False,False,11,True,-0.461659847294808,-0.21962552479200986,0.2976220342913352,-0.0515633547323664,0.01889706067580719,0.27364861603698143,0.7193613894010675,0.22167134687649598,1,Mid
317.3,45.3,1300.9,115.1,59.3,31.478,20.0,237.0,356.5,-427.7,68.5,533.5,3463.5,2152.2,5037.5,6.6,241.1,DEU,356.5,2020.0,202010.0,5037.5,1600.0,1364.8,20201070.0,235.7,315.2,2063.8,2024.0,178.0,DE0005909006,120.8,3.2,2024-12-31,63.2,1520.7,90.047,4366.2,100102,BILFINGER SE,470.8,1300.9,6.805254800057744,13.682834960412022,4.678908188585608,7.076923076923077,3.5334987593052114,7.076923076923077,13.326054590570724,14.565566679026077,1.3571381600578682,1.281449332544223,0.3508252778325771,0.39587032287762214,15.680669842644729,0.24390806364824352,0.2894918902298409,37.56027140176123,62.13945430922476,5.2030905077262695,-0.4401122019635343,10.873393965641693,1.4544535874115778,160.0324035834551,3.691016998827667,98.88873449131513,9.34590570719603,9.275455717179154,37.933970460469155,54.808719503392524,1.254590570719603,0.5231788079470199,177.89999999999998,3.53151364764268,26.213189547905436,102.29104794229953,2.6623875778307324,0.06352357320099256,50.588202247191006,49.411797752808994,12.303816657749223,3.1601834753082647,9.870855148342073,106.38051044083521,7.849829351535842,0.4126368727273162,0.009106160209616649,-0.026355588803332795,0.7366047146325976,1.9064345649928285,0.08471787085539423,6.9611664501227075,4.226694402859491,0.5153294296066727,-0.7245276623620271,False,False,False,False,False,False,False,False,False,False,False,False,False,False,False,False,False,False,False,False,False,False,False,False,False,False,False,False,False,False,False,False,False,False,False,False,False,False,False,False,False,False,False,False,False,False,False,False,False,False,False,False,False,False,11,True,-0.12588962879617424,-0.08658158725880986,0.9228667657590143,0.7692625002099751,-0.7908373272589755,-0.14522050815433998,0.035923281295009386,0.44047152250723065,1,Mid
420.534,53.735,3005.005,626.463,28.917,8.382,15.0,325.0,468.383,-95.191,126.731,684.943,4460.234,1430.794,3168.838,3.088,438.997,DEU,468.383,1510.0,151010.0,3168.838,2800.0,559.556,15101050.0,288.839,575.095,2117.433,2024.0,161.329,DE0007600801,179.544,213.23,2024-12-31,179.539,646.347,88.2,1909.906,100004,ALTANA AG,1219.89,3005.005,6.475870996902852,5.368676591220314,9.114981579998723,14.780907070667542,5.091109106871351,14.780907070667542,39.72850615904001,8.431928522781378,3.276000352751695,2.3067640137573164,1.0597140545248915,1.2557867523172537,32.982260571978955,0.13994452588265244,0.14956747160154477,67.37325889179805,32.07889989628347,5.375248906671629,-0.502776573872237,10.076847986002528,0.7104645182293127,378.0527320448581,5.66312933826105,64.45199786167674,38.496445700285086,2.1540807267556077,3.048713172206499,27.90210110052522,5.665767704123719,0.9999721516731274,259.458,8.187796283685062,40.89754599689746,151.9867469420681,1.4842684121989815,6.72896500231315,54.67088992059704,45.32911007940296,15.58711150586447,7.722761277389667,14.570803717878622,-1.9262608011974658,21.080246289140202,-0.6327483285192008,-0.005988329583724867,0.19637177923485444,-0.6761885055462092,2.4440278110633824,0.06366105700483804,9.842465664357519,2.210320931129537,0.7372969057825468,-0.763409682844701,False,False,False,False,False,False,False,False,False,False,False,False,False,False,False,False,False,False,False,False,False,False,False,False,False,False,False,False,False,False,False,False,False,False,False,False,False,False,False,False,False,False,False,False,False,False,False,False,False,False,False,False,False,False,11,True,-1.6675398568553201,0.18584239314147313,1.4673475493952604,-1.413308507666945,0.07188008283110033,0.643088508964591,-0.019609352880657384,0.22989878755440563,1,Mid
4410.0,221.0,5476.0,4989.0,1177.0,46.045,25.0,316210.0,2493.0,-1559.0,75.0,2530.0,20655.0,14787.0,23683.0,,2910.0,DEU,2493.0,2520.0,252030.0,23683.0,3021.0,3145.0,25203010.0,1323.0,10915.0,11904.0,2024.0,756.0,DE000A1EWWW0,1170.0,170.0,2024-12-31,419.0,9593.0,357.0,10488.0,221244,ADIDAS AG,4912.0,5476.0,6.405228758169934,13.805697589481372,5.586285521259975,10.526538023054512,3.1921631550057006,10.526538023054512,55.715069881349486,13.382561197653247,1.2409048264359428,0.7208381111226936,0.26373397268841864,0.27155217345981447,11.188574195110142,0.8053323593864135,1.0202702702702702,26.5117404986686,71.59041394335513,5.986425339366516,1.2262334536702768,27.049140643911883,1.1465988864681675,514.3446628298403,7.5303656597774244,48.47042182155977,20.74061563146561,10.247944612721765,2.1022248947684905,27.47518760590656,1.769201536967445,0.3581196581196581,2491.0,10.518093146983068,14.398625429553263,219.95464852607708,3.7719138056975896,0.7178144660727104,47.22222222222222,52.77777777777778,10.528772109954732,14.622641509433954,-10.698008184480512,9.880899867666514,15.426997245179063,-0.4227210971496479,0.1074996125257679,-0.15935475444875294,0.5446956087812201,3.247124986310203,0.40942978923554557,14.088598402323893,5.595751210865922,0.1864242996914177,0.5394375436823811,False,False,False,False,False,False,False,False,False,False,False,False,False,False,False,False,False,False,False,False,False,False,False,False,False,False,False,False,False,False,False,False,True,False,False,False,False,False,False,False,False,False,False,False,False,False,False,False,False,False,False,False,False,False,11,True,0.16215027504413557,-0.3080924518705535,0.0626843547934639,0.5571298677400476,0.019255091961210218,0.16950097646951184,0.8225589365025909,0.1743164646426237,1,Mid
76.047,24.218,1918.972,629.266,30.518,12.398499999999999,15.0,332322.0,257.102,-163.99,200.1,427.034,3283.682,1364.71,2287.461,,80.317,DEU,257.102,1510.0,151040.0,2287.461,3444.0,345.856,15104050.0,200.78,306.257,1436.768,2024.0,175.0,,56.322,84.1,2024-12-31,129.731,592.104,88.2,1597.617,210340,DILLINGER HUTTENWERKE,546.86,1918.972,6.1144775894864365,9.119466047446236,8.777417407335033,11.239623320353877,7.650403657155248,11.239623320353877,30.157628916952024,10.06406455276867,2.426546687744045,1.363784064961561,0.721214516368746,1.0591619039898397,25.7230754987846,0.0396290305434368,0.0555323371054919,58.43964184107963,41.56035815892039,8.290527706664465,-1.2464663829919644,3.2452898910430426,0.6966146539159395,184.49497923135863,6.613911570133234,55.186707008338075,23.906855679725254,2.708131280603885,2.5388579710329178,23.53729746059454,5.671397239122329,2.3033805617698233,-49.414,-2.1602116932266826,161.5237122900507,40.00249028787727,1.7111672291205915,3.6765654146671793,50.4,49.6,-12.515756993504457,3.2837927820787094,251.93017314788526,-116.48490590586249,58.737014695265934,0.7012634716984315,-0.0026104661303392707,-0.32588238893138993,0.30546853907366694,6.604694185805702,0.032352501240949516,2.4459433038887446,3.7684579077865705,0.124007997077796,0.06795846578236642,False,False,False,False,False,False,False,False,False,False,False,False,False,False,False,False,False,False,False,False,False,False,False,False,False,False,False,False,False,False,False,False,False,False,False,False,False,False,False,False,False,False,True,False,False,False,False,False,False,False,False,False,False,False,11,True,-1.2535561120211018,0.105483107727572,1.042542958864298,-0.8843542178402186,-0.21934226476724547,0.143477834586682,-0.035496627488428606,0.16649508971257426,1,Mid
235.406,36.056,4554.9,3545.794,147.816,6.979,15.0,331410.0,679.112,17.205,41.839,364.209,7846.232,3290.333,17183.261,,537.473,DEU,679.112,1510.0,151040.0,17183.261,3330.0,717.167,15104025.0,477.547,633.348,4740.018,2024.0,416.096,DE0006766504,201.565,13.526,2024-09-30,846.67,2207.551,65.489,15509.246,220303,AURUBIS AG,1926.662,4554.9,6.086322708785568,9.135129201519245,2.779140699777534,3.9521718258251446,2.4215194077538604,3.9521718258251446,9.742126363558114,9.96902911839035,2.1471839155697876,0.5409723263471603,0.16498327784952646,0.18393595436753218,32.2762186996255,0.05168192495993326,0.0841340095282004,58.0520688146871,41.93519895919468,13.244591746172622,0.027996854716158717,4.88415331078663,2.1900016466502645,2462.137985384725,23.95991589127776,15.233776347807325,11.21243517164757,6.785186539449477,4.373983937025106,13.782105856671075,4.92729523226121,4.20048123434128,-309.197,-1.7994081565774973,157.5279130300499,112.54871248275037,1.7225914948736527,0.07871614124932398,15.738916019380145,84.26108398061986,0.4361597415107221,8.080314274926636,-3.4716459197787097,491.40239470563574,35.47001777636976,0.14212468402637574,-0.01782356057655293,0.27903245106989083,-0.29789896758560147,1.5227710416822389,0.07190729391134693,6.850077846283413,2.6928259874766445,0.09582139537714494,0.3665091022160684,False,False,False,False,False,False,False,False,False,False,False,False,False,False,False,False,False,False,False,False,False,False,False,True,True,False,False,False,False,False,False,True,False,False,False,False,False,False,False,False,False,False,False,True,False,False,False,False,False,False,False,False,False,False,11,True,-0.6124534355179804,-0.030097526517218517,2.570288436880766,0.7117597204855379,-0.8405643491216152,0.4427809406049637,-0.03699974247105978,1.298544740512505,1,Mid
635.9,32.2,530.7,479.5,35.1,2.495,35.0,325414.0,127.3,-35.4,11.7,119.5,1434.0,903.3,726.2,,60.9,DEU,127.3,3520.0,352010.0,726.2,2836.0,206.8,35201010.0,86.8,91.3,809.5,2024.0,26.4,DE0005227235,40.5,56.8,2024-12-31,28.7,160.1,0.791,461.9,200759,BIOTEST AG,485.3,530.7,6.052998605299861,4.9745618993781795,11.952630129440925,17.52960616909942,3.635362159184797,17.52960616909942,36.394932525475085,7.440425167152409,5.056214865708932,2.061211742660837,0.7464084946908183,0.8194878201124297,45.28591352859135,1.1982287544752213,1.2643678160919538,37.00836820083682,62.99163179916317,2.695652173913043,4.3322859387274155,46.79218967921897,0.5064156206415621,291.062124248497,3.511605415860735,103.94106306802534,66.82732029743872,1.1182630120110872,0.9632950990615223,22.754532775453278,3.9520793169925637,0.7086419753086419,32.2,4.43404020930873,47.12643678160919,70.16129032258065,2.7020915771622382,7.821536766730927,2.9962121212121215,97.00378787878788,6.076541045866213,1.6372528173506318,2.844187963726297,-189.196675900277,-14.071856287425144,0.7673929856368608,0.07471180601243102,-1.6891059506214752,1.4078414274526312,9.923660820056671,0.332314845625025,4.2468619246861925,3.8294908447747145,0.06577858263679129,-0.03229871771023296,False,False,False,False,False,False,False,False,False,False,True,False,False,False,False,False,False,False,False,False,False,False,False,False,False,False,False,False,False,False,False,False,False,False,False,False,False,False,False,False,False,False,False,False,False,False,False,True,False,False,False,False,False,False,11,True,-1.0541731593098316,0.1060628433816675,1.5862648204173198,-2.356238262613646,0.0706804819698157,0.4502703024607808,-0.14183519480335,-0.11884996478726662,1,Mid
1064.0,577.0,10382.0,2604.0,834.0,6.844,55.0,2211.0,2885.0,1.0,1347.0,6732.0,38489.0,27945.0,69751.0,,1665.0,DEU,2885.0,5510.0,551050.0,69751.0,4911.0,5320.0,55105010.0,2274.0,1055.0,24744.0,2024.0,297.0,DE000UNSE026,611.0,8.0,2024-12-31,681.0,17221.0,88.2,64380.0,321632,UNIPER SE,6105.0,10382.0,5.908181558367326,2.8607204777499518,3.260168312999097,4.13614141732735,0.4258003469484309,4.13614141732735,7.70024802511792,19.867202516162852,1.4368503571221183,1.285639626037977,0.39091806515301086,0.46913651936589046,19.545844267193225,0.10248507031400501,0.182816413022539,26.973940606407027,72.60515991582011,3.9410745233968805,-1.6755632582322357,4.9312790667463435,1.8122320663046585,10191.55464640561,13.11109022556391,27.839027397456668,8.7525626872733,9.271700119633126,24.723502304147466,31.31284263036192,0.9763300884575131,1.1145662847790507,984.0,1.4107324626170235,40.9009009009009,73.21899736147758,3.7072818339433633,0.011469369614772547,29.6969696969697,70.3030303030303,-35.418730614323415,-29.970342606575574,8.53155724706629,-83.56164383561644,20.95914742451155,-1.1938703768392598,0.05232561339275675,-0.07521828485700675,0.04624693890069247,17.61291902254827,0.8028855085454072,4.325911299332277,5.669726314129563,0.05054106172840381,0.292820293884823,False,False,False,False,False,False,False,False,False,False,False,False,False,False,False,False,False,False,False,False,False,False,False,True,False,False,False,False,False,False,False,False,False,False,False,False,False,False,False,False,False,False,False,False,False,False,False,False,False,True,False,False,False,False,11,True,0.38734269838500185,-0.1840257927387903,1.3117462678332823,1.1241936051717818,-0.9220334894461018,-0.2874357733224822,0.08724259775352387,0.6836274829457648,1,Mid
1301.439,55.568,1955.338,1266.089,391.42,19.916,25.0,444110.0,488.333,-199.356,0.138,317.385,4614.193,2580.721,6199.989,,318.417,DEU,488.333,2550.0,255040.0,6199.989,5211.0,195.558,25504030.0,268.392,1907.324,1779.927,2024.0,140.679,DE0006083405,219.941,84.1,2025-02-28,165.919,1183.935,38.392,3819.492,203162,HORNBACH HOLDING AG & CO,2706.083,1955.338,5.816661765123392,7.194612900685201,4.328910906132253,7.876352683851537,2.2690201547131776,7.876352683851537,38.39518102370826,8.241030933342994,1.5033992575605923,0.43400862378424493,0.26807637243598675,0.26819293288905216,12.916494823688563,0.665582625612554,0.8657628502079948,42.37659759788981,55.93006187647547,4.82997408580478,2.816672229810396,36.688083918466354,1.3436778652301713,311.3069391444065,31.70409290338416,11.512709135451692,43.646577437476104,10.402805742358957,3.0167642243159842,11.116635129913291,2.676117651176478,0.7543795836156061,152.49799999999996,2.4596495251846413,52.10745657424071,118.63878207994276,2.3597930383391517,1.356454019515196,27.29049822645882,72.70950177354118,0.634697671730966,3.0626922851844984,52.426144191030154,-49.65185036003529,9.14072212757282,0.04796353205358323,0.04002468176019809,-0.11438826030819045,0.311570592623169,0.8851541973356237,0.21764668290801692,6.900816675852092,2.148480902247651,0.0381704957554533,-0.0939201318442059,False,False,False,False,False,False,False,False,False,False,False,False,False,False,False,False,False,False,False,False,False,False,False,False,True,False,False,False,False,False,False,False,False,False,False,False,False,False,False,False,False,False,True,False,False,False,False,False,False,False,False,False,False,False,12,True,-0.219585477994346,-0.1914636692405112,0.6191769484919559,0.39781183248342517,-0.052298611935731106,0.08665949103649709,0.2932158418948528,0.45190295899634864,1,Mid
526.757,29.424,2041.697,536.556,27.071,5.73,35.0,334510.0,254.122,176.249,0.0,20.285,3393.2,1336.721,2066.127,,247.319,DEU,254.122,3510.0,351010.0,2066.127,3845.0,582.935,35101010.0,187.41,558.131,1212.483,2024.0,178.726,DE0005313704,66.712,409.148,2024-09-30,86.814,568.835,52.522,910.785,238442,CARL ZEISS MEDITEC AG,263.889,2041.697,5.523105033596605,8.753796474207485,9.07059440198981,12.299437546675495,8.650291100208264,12.299437546675495,55.91824703902519,7.29660721975165,2.131519684970158,1.188265489992704,0.03566060456898749,0.03566060456898749,18.968761051514793,0.2579995954345821,0.27125866374883245,60.17025226924437,39.3941117529176,6.369290375203915,2.0995545446675217,16.321702227985384,0.6089022161971,360.58062827225126,3.5443522862754855,102.98073400134648,12.77215776184136,3.2100262876603365,1.6974649430814304,17.77731934457149,4.201774624696352,1.3013250989327256,160.505,7.7683995223914115,35.102034214920806,131.96681073581985,1.6619508183633516,19.802654919082904,29.386882714322482,70.61311728567752,-1.1091274589575595,11.878833759105078,18.80572257930748,-13.338912585713503,32.23560951089854,0.2882926311304993,0.016400196964128914,0.26529472024557876,0.522632697340081,3.893627057909703,0.07538619842482269,7.288665566426972,3.437645346854512,0.06030468679328077,0.04666658506071393,False,False,False,False,False,False,False,False,False,False,False,False,False,False,False,False,False,False,False,False,False,False,False,False,False,False,False,False,False,False,False,False,False,False,False,False,False,False,False,False,False,False,False,False,False,False,False,False,False,False,False,False,False,False,11,True,-1.2569635851294847,0.08871317497699066,0.6181111137486172,-0.7557163957879011,0.2410261223569144,0.4197839040447288,0.4490051890354401,-0.04162385023054213,1,Mid
242.8,33.5,554.9,345.6,13.5,4.277,20.0,335991.0,131.9,-90.5,17.8,148.0,1336.9,772.3,1026.4,,120.3,DEU,131.9,2010.0,201040.0,1026.4,3620.0,161.1,20104010.0,72.2,132.9,673.9,2024.0,-80.3,DE0007235301,59.7,25.9,2024-12-31,97.3,243.3,88.2,737.8,206703,SGL CARBON SE,461.3,554.9,5.4005535193357765,-14.47107586952604,7.034294621979735,12.850740452065471,-7.8234606391270445,12.850740452065471,28.11769290724865,9.051021687351133,2.769831483764899,1.3493629264282776,0.6083025071927661,0.6814632141389232,32.208841349390376,0.4375563164534151,0.4618850243287079,41.50647019223577,57.76797067843518,2.155223880597015,0.8210765731614861,19.171216994539606,0.7677462787044655,239.98129530044426,6.371198013656115,57.28906858924395,44.94349181605612,2.3836507199256856,2.134837962962963,23.120652255217294,9.479734996102883,1.6298157453936346,23.0,2.240841777084957,80.88113050706566,166.62049861495845,2.409262930257704,2.5233826968043642,,,-5.757047103112645,-9.214993888360713,-11.044093178036595,-70.01303780964798,11.710677382319169,0.8376659291904817,-0.14612918964180593,0.03482512686567028,1.8329504023455392,3.0241561724586945,0.7389257212918894,8.998429201884957,5.035041880087601,0.8439679569270401,0.384105227784315,False,False,False,False,False,False,False,False,False,False,False,False,False,False,False,False,False,False,False,False,False,False,False,False,False,False,False,False,False,False,False,False,False,False,False,False,False,False,False,False,False,False,False,False,False,False,False,False,False,False,False,False,False,False,11,True,-0.6611851371642025,0.06794255146652421,1.1703528444229874,-0.9139202464684436,-0.08581809381411655,0.06599627151211583,-0.09906502129954363,0.3147121323072053,1,Mid
286.928,18.744,1535.15,662.585,108.652,15.444,35.0,339112.0,298.517,-161.385,0.0,230.599,3093.435,1556.639,3370.88,,167.308,DEU,298.517,3510.0,351010.0,3370.88,3841.0,913.964,35101010.0,164.141,1014.549,1884.764,2024.0,124.408,DE0005550636,134.376,333.066,2024-12-31,59.895,978.482,37.473,1724.047,102218,DRAEGERWERK AG,507.144,1535.15,5.306107935030152,8.103963782040841,4.869381289158914,8.855758733624453,3.6906683121321433,8.855758733624453,48.854690763242836,9.008450790800392,1.926212234869931,1.2490561911205316,0.23567015029402685,0.23567015029402685,29.296946598199085,0.18690551411914144,0.2576816597726606,49.62606293650909,50.320727605396584,8.756988903115664,0.552668692235283,12.78772626546218,1.0896883238212538,218.26469826469827,3.6881977845954546,98.96432385608506,15.0448547560281,3.7194603887090336,2.602001252669469,36.999743004136185,1.7768357224226317,0.4457269155206287,107.41299999999998,3.1864972944750325,35.79924450713654,101.92943871427613,2.0150701885809204,9.880683975697739,30.12105330846891,69.8789466915311,-0.07778262601733088,-0.035998783667667844,1.799485861182526,-13.79996629456942,-7.950144464252773,-0.09834571863561763,-0.003910554709133832,-0.15836151694121012,0.07193280686720843,3.781958291545897,0.05147184937576963,5.4084860357499025,5.268129800927575,0.007438239047710455,0.5193124570410924,False,False,False,False,False,False,False,False,False,False,False,False,False,False,False,False,False,False,False,False,False,False,False,False,False,False,False,False,False,False,False,False,False,False,False,False,False,False,False,False,False,False,False,False,False,False,False,False,False,False,False,False,False,False,11,True,-0.7444073252567736,0.01712857263021184,1.246056742123937,-0.2872590120469178,0.028068452364476006,0.3079343509071859,0.6100916640098983,0.6555449803650186,1,Mid
263.815,14.835,1148.549,500.172,26.377,10.079,35.0,339113.0,198.021,-31.748,0.0,160.906,2097.867,901.799,2425.8,15.625,198.663,DEU,198.021,3510.0,351010.0,2425.8,3842.0,427.654,35101020.0,108.62,795.331,1094.778,2024.0,108.452,DE0007474041,89.401,93.5,2024-12-31,138.601,465.595,28.4,1044.456,102529,PAUL HARTMANN AG,569.902,1148.549,5.177639955249784,9.44252269602777,4.477698078984252,8.163121444471926,4.4707725286503415,8.163121444471926,56.94385357407866,7.690651984899077,2.3513525703669496,1.2770884567059353,0.3455921992289436,0.3455921992289436,29.991558092100213,0.22969416193823686,0.2526596601451048,54.748418274371055,42.986471497001475,7.321873946747556,0.6528903500133825,13.832716754684638,1.156317345189185,240.67863875384464,5.6723425947144195,64.34731222689422,23.493363014263334,3.8554760697603085,2.088193661380485,28.055162696205237,5.713620248990024,1.5503294146597912,60.06200000000001,2.4759666914007754,69.76689167081942,182.8972564905174,1.8265367868501912,3.8543985489323105,26.18670010695976,73.81329989304024,2.4629459892122174,5.590936522133472,-0.8752950432730056,-48.96245814992947,22.544052766062794,-0.4151692876159462,0.017269178160031304,0.21377380582425518,-0.38951427406652395,2.2819621022878303,0.08763507010663858,9.469761429108708,4.4642434716616926,0.36410468546596986,0.22549322370812225,False,False,False,False,False,False,False,False,False,False,False,False,False,False,False,False,False,False,False,False,False,False,False,False,False,False,False,False,False,False,False,False,False,False,False,False,False,False,False,False,False,False,False,False,False,False,False,False,False,False,False,False,False,False,11,True,-0.8999966879075625,-0.003682411477760421,1.4403929141422234,-0.4474149056888558,0.29256537294624296,0.5847517903515979,0.6546307257906884,0.6135151308816729,1,Mid
1549.617,71.261,1670.35,1199.091,382.419,24.145,25.0,444110.0,519.867,-223.404,0.0,301.138,4394.077,2723.727,5847.008,,293.846,DEU,519.867,2550.0,255040.0,5847.008,5211.0,133.852,25504030.0,220.139,1866.56,1666.76,2024.0,115.342,DE0006084403,299.728,84.1,2025-02-28,102.09,1107.509,88.2,3478.644,223089,HORNBACH-BAUMARKT AG,2552.384,1670.35,5.0099031036552155,6.905259376777323,3.764985442126982,8.891162796425112,1.9726670461199987,8.891162796425112,40.50557139651597,6.836684972237295,1.5049629393530888,0.422271060551201,0.2719056910598469,0.2719056910598469,12.727382792791294,0.9277199389349537,1.1566653695333315,38.01367158563676,61.986328414363236,3.089193247358303,3.1371446927771918,43.969097491919236,1.3306566999167286,242.16226962103954,43.6826345515943,8.35572313224131,43.65282209294053,10.45506936956751,2.901067558675697,9.899462389939911,1.7460212129006836,0.3406088186622538,191.756,3.279557681467171,34.74268834695725,133.48202726459192,2.630632502170204,1.4383424821720785,76.46824227081203,23.531757729187973,1.1598855149173026,3.2473713383834646,2.530893031551229,-40.31331803991024,-11.954946874568783,0.0922619794689531,0.10742276383931121,-0.11002956581513568,0.4920661200644018,1.1044119343611911,0.4925614583297832,6.687320226750691,2.765392281962057,0.09072494351679716,0.032137880620271064,False,False,False,False,False,False,False,False,False,False,False,False,False,False,False,False,False,False,False,False,False,False,False,False,True,False,False,False,False,False,False,False,False,False,False,False,False,False,False,False,False,False,False,False,False,False,False,False,False,False,False,False,False,False,12,True,0.012040564984007246,-0.187583866194393,0.5844195948731962,0.39891753722854517,0.0334791155417879,0.032647588764621836,0.3297577137754154,0.42075886271496915,1,Mid
1182.6,93.4,2665.3,1549.7,542.9,15.309,25.0,454110.0,673.8,-325.6,89.1,2676.9,7983.9,5318.6,10572.5,67.9,654.1,DEU,673.8,2550.0,255040.0,10572.5,5960.0,1074.3,25504010.0,391.9,3910.9,5451.6,2024.0,251.1,DE000ZAL1111,281.9,68.0,2024-12-31,120.6,3990.2,88.2,5988.6,318434,ZALANDO SE,1596.6,2665.3,4.908628615087864,9.421078302630097,3.7067864743438164,6.373137857649562,2.375029557815086,6.373137857649562,43.35682194372192,10.184776111645313,1.3662473058994538,0.9778707834193776,0.6708686281389404,0.6931983359230114,18.30433747917685,0.44370239747870777,0.6473942895734063,33.38343416124952,66.6165658387505,4.195931477516059,-1.4119916889284656,21.612244642342716,1.3242275078595673,690.6068325821412,9.84129200409569,37.08862615275479,15.101442421376209,7.234501163268097,3.8643608440343296,46.984556419794835,1.14069519981083,0.427811280595956,533.5,5.046110191534642,18.43754777556948,166.90482265884157,2.9954976925674406,0.6431780562780799,35.12544802867384,64.87455197132616,4.233419763188762,2.4930356753148475,-3.064648895080102,-29.71014492753623,-36.69291338582678,-0.09231774401717892,0.09766222991295101,-0.04996548954247792,0.13439952618348297,1.3553190125092662,0.37137524481038625,8.192737884993551,2.080364110223859,0.05103639497690944,-0.19793484379224358,False,False,False,False,False,False,False,False,False,False,False,False,False,False,False,False,False,False,False,False,False,False,False,False,False,False,False,False,False,False,False,False,False,False,False,False,False,False,False,False,False,False,False,False,False,False,False,False,False,False,False,False,False,False,11,True,0.061690572854582626,-0.16200592625575078,0.7926460774446735,0.5306940352290926,-0.08175482245070916,0.027892208108093473,0.5895635766462773,0.4924018802254739,1,Mid
297.0,25.5,1499.6,621.9,214.8,6.019,20.0,333120.0,187.8,-177.5,0.3,35.6,2488.6,989.0,2234.9,4.1,305.3,DEU,187.8,2010.0,201060.0,2234.9,3531.0,266.2,20106010.0,110.7,346.9,1008.0,2024.0,70.2,DE000WACK012,77.1,58.9,2024-12-31,61.9,558.6,40.8,1637.2,284636,WACKER NEUSON SE,574.4,1499.6,4.448284175841839,4.681248332888771,4.953241755783257,8.40306053962146,3.1410801378137725,8.40306053962146,26.743925902724957,6.161638650784816,1.8045112781954886,0.6911922663802363,0.06373075546007877,0.06426781238811313,18.05834605802459,0.1980528140837557,0.3412910109362497,60.258780036968574,39.741219963031426,4.341176470588235,2.535676251331203,20.565779956602107,0.8980551313991804,371.3075261671374,8.395567242674682,43.475323280683696,25.701373663251147,4.973075211392969,2.632577584820711,12.127300490235475,2.769698867958298,0.8028534370946823,243.4,10.890867600340059,20.275139207337045,275.79042457091236,1.6595092024539877,2.6354646740346324,58.11965811965811,41.88034188034189,-15.81980488907303,-5.909486180952028,-8.511931904544756,-1640.5063291139243,-52.015503875968996,-0.0979512458514454,0.02132982424060812,-0.3032373531764797,0.4818314816871432,1.8776599077777045,0.10957989210481218,12.267941814674918,6.464320727040573,0.029934964477456884,0.7518975709515904,False,False,False,False,False,False,False,False,False,False,False,False,False,False,False,False,False,False,False,False,False,False,False,False,False,False,False,False,False,False,False,False,False,False,False,False,False,False,False,False,False,False,False,True,False,False,False,False,False,False,False,False,False,False,11,True,-0.8377323427806516,0.2012870904751162,1.0195434941757464,-0.2587742691912185,-0.004786692774277977,0.1417310763529972,-0.22727951611332722,0.22381337525008954,1,Mid
425.563,63.766,1456.741,0.0,6.648,4.707,45.0,511210.0,157.018,-266.48,0.0,130.007,2364.646,907.905,1000.181,0.875,-1.343,DEU,157.018,4510.0,451030.0,1000.181,7372.0,160.769,45103020.0,97.764,412.629,1513.244,2023.0,-5.227,,59.254,196.191,2023-12-31,9.646,444.979,3.7,181.482,222247,SOFTWARE GMBH,58.113,1456.741,4.13440320453886,-0.3588146417242324,9.774630791826679,15.69895848851358,-0.5226054084210758,15.69895848851358,81.85508422975441,5.193847540036041,3.4007087974938144,3.4007087974938144,0.2921643493288448,0.2921643493288448,45.176529594704654,0.29213360508147984,0.2966972165951257,61.605035172283706,38.39496482771628,1.5331681460339366,1.9246455820351807,18.278042463861397,0.42297282553075594,212.48799660080732,6.221230461096356,58.67006571810502,5.810248345049546,0.9362667502913604,,12.296808909240536,0.9644254389955418,0.16279069767441862,-10.989,-1.098701135094548,,-1.3737162963872183,1.6232439397257303,19.61554958552502,,,4.384176970129605,-11.71439718787861,-5.784627702161737,-322.7199027158492,-28.36242109171927,-1.5867969667914168,-0.0046997039002349235,-0.050987146877700895,-2.1419414468350735,6.221738615381914,0.08577094075354849,-0.0567949705791057,3.8603215177489156,0.5962530846146866,-0.36520526259992725,False,False,False,False,False,False,False,False,False,False,False,True,False,False,False,False,False,False,False,False,False,False,False,False,False,False,False,False,False,False,False,False,False,False,False,False,False,False,False,False,False,False,False,False,False,False,False,False,False,False,False,False,False,False,10,True,-1.6771632549508653,0.13523635874840187,1.5965774847258776,-2.019333098073615,0.6571651836233582,0.7840351876146466,1.0657750468930365,0.3604813621750949,1,Mid
401.327,25.687,720.994,219.941,69.603,6.041,20.0,3333.0,149.363,-114.121,0.0,127.13,1436.628,715.258,1161.69,,136.985,DEU,149.363,2010.0,201060.0,1161.69,3580.0,161.888,20106020.0,56.021,346.665,535.902,2024.0,14.696,DE000A1H8BV3,93.342,50.8,2024-12-31,54.919,259.501,12.7,498.732,297222,NORMA GROUP SE,319.013,720.994,3.8994785010455044,2.0382971286862306,4.822370856252529,12.857388804242095,1.2650534996427618,12.857388804242095,57.06840895591767,4.991530943464482,2.0651249898844326,1.2175714159097655,0.48990177301821575,0.48990177301821575,19.23956654053799,0.5566301522620161,0.6531677101335102,50.186547944213814,49.78727965764276,2.180908630824931,2.3017748706172214,32.78023260022776,0.8086226914691904,192.300943552392,7.1758870330104765,50.86479181192917,27.461112689271662,4.202915329539328,2.2675717578805226,20.117803634622188,4.727509060076267,0.5883632234149686,82.06600000000002,7.064363126135201,40.09125086688323,244.52437478802597,1.9925658188556352,4.372939424459193,86.41807294501905,13.581927054980952,-5.229435336500798,-3.793667354638597,0.7841174507841275,40.99475990035222,-9.53432058905893,-1.180630036173918,-0.05391390023971358,-0.047865723365811505,-0.5602892538547872,4.532879852160701,0.18549399524169477,9.535175424675005,1.856927146182786,0.7462286605808969,-0.35906789008979645,False,False,False,False,False,False,False,False,False,False,False,False,False,False,False,False,False,False,False,False,False,False,False,False,False,False,False,False,False,False,False,False,False,False,False,False,False,False,False,False,False,False,False,False,False,False,False,False,False,False,False,False,False,False,11,True,-0.6261307958362099,0.044916001790655816,0.7607935843912621,-0.47361892143747525,0.5143149724339057,0.3074298616185241,0.46500330864326134,0.11245292028741054,1,Mid
1040.789,63.226,3200.43,1118.106,162.522,38.485,25.0,3363.0,775.765,-234.472,106.088,1401.52,7483.219,4235.918,8024.792,,854.141,DEU,775.765,2510.0,251010.0,8024.792,3714.0,1241.512,25101010.0,287.77,641.572,3890.616,2024.0,353.104,DE000A13SX22,487.995,905.935,2024-12-31,455.751,2621.545,106.0,5780.268,318659,HELLA GMBH & CO. KGAA,2323.492,3200.43,3.84553759551872,11.03301743828173,3.5860119489701416,9.667104144256946,4.400163892098387,9.667104144256946,27.969871368628624,6.78507759207907,1.4840927773507606,1.0575862706915198,0.534616037489343,0.5750837769330681,16.958891621373102,0.3252028633652353,0.37598416462787815,42.76809218065113,56.60555971968747,4.551450352703002,-0.2555013438347954,16.080125411270203,1.0723716625158237,208.5173963882032,6.463724877407548,56.46898760740465,28.953921796353104,6.323359370752307,5.169695896453467,35.319452764913066,5.6792873883834,0.9339255525159069,398.39,4.964490045349462,53.357817971505874,296.8137748896688,2.3381917429845367,11.289202262189473,30.019484344555714,69.9805156554443,0.8882291626462369,5.969927116121965,1.8849442723638532,10.262350163709378,-1.8588105077059214,-0.5474795014026841,-0.03524262037644669,-0.20897004907270572,0.26485004657699396,3.509538064600949,0.1973324026154787,11.414085302060517,2.3771550164837705,0.31635824974518734,0.42463871299940875,False,False,False,False,False,False,False,False,False,False,False,False,False,False,False,False,False,False,False,False,False,False,False,False,False,False,False,False,False,False,False,False,False,False,False,False,False,False,False,False,False,False,False,False,False,False,False,False,False,False,False,False,False,False,12,True,-0.1599539635832918,0.05125680240188912,0.8490016292977387,0.2184271130315281,0.007972406174294327,-0.09560371750163174,-0.05640878495767227,0.3289769837422433,1,Mid
20455.0,1083.0,35599.0,13681.0,3540.0,109.717,15.0,325.0,6675.0,-1547.0,769.0,3683.0,80415.0,43532.0,65260.0,,6946.0,DEU,6675.0,1510.0,151010.0,65260.0,2800.0,12244.0,15101020.0,2864.0,10347.0,31232.0,2024.0,1298.0,DE000BASF111,3811.0,2061.0,2024-12-31,6198.0,17039.0,2000.0,44695.0,17436,BASF SE,17773.0,35599.0,3.561524591183237,3.646169836231355,4.388599448360404,10.228317499233833,1.988967208090714,10.228317499233833,31.512411890897944,5.109358832554323,1.832971418510476,1.0300487117788604,0.21615118258113739,0.26128293913962086,17.649692221600446,0.574594791988539,0.6740357875221215,44.26910402288131,54.13417894671392,2.644506001846722,3.042996254681648,29.83896039296151,0.8115401355468507,594.8029931551173,5.329957530218882,68.48084584737971,27.2341403616304,4.598041287958853,3.2669395512023973,19.806006342100353,9.497395035243642,1.626344791393335,748.0,1.1461844927980387,89.23121220846531,242.52793296089385,2.2589117671844714,3.1581366840330984,154.08320493066256,-54.08320493066256,-5.285768192505302,3.9020608566444848,0.028262494757758105,-72.45949926362297,14.884151992585725,-0.5584299133540365,0.005569725713782512,-0.006621114546160133,-0.23165647153026336,2.549269232760668,0.06357272665148431,8.637691972890629,1.7210048065993824,0.5278355347349147,0.3474910408465332,True,True,False,False,False,False,False,False,False,False,False,False,False,False,False,False,False,False,False,False,False,False,False,False,False,False,False,False,False,False,False,False,False,False,False,False,False,False,False,False,False,False,False,False,False,False,False,False,False,False,False,False,False,False,11,True,-0.30279751154108764,0.10670943276457749,0.7641771280264188,-0.2531982772514678,0.10081027544798003,-0.1067646898367116,-0.05260141605853047,0.08365774713788246,1,Mid
215.315,45.495,493.922,494.573,202.562,11.38,20.0,3331.0,165.088,-102.032,6.498,79.442,1683.634,1181.652,2044.994,2.7,194.223,DEU,165.088,2010.0,201030.0,2044.994,3530.0,317.872,20103010.0,57.696,500.441,968.233,2024.0,9.098,DE000A40ETC9,107.392,6.924,2024-12-31,181.558,813.34,88.2,1160.816,269104,BAUER AG,497.239,493.922,3.4268730614848595,1.8419912455812864,2.8213285711351723,8.072786521623046,0.4448912808546138,8.072786521623046,43.23621487398007,8.13493937851522,1.1904406521258022,0.582364078982959,0.09767378955910196,0.10566306833550544,9.199921122999411,0.4359291548058195,0.846038443316961,29.336661055787662,70.18461257019042,1.2681833168480052,2.050027863927118,24.819943051755907,1.2146309708642138,179.7007029876977,6.4333882820758035,56.735266704938994,24.314936865340435,13.202623746715481,2.347107504857726,23.598596844682397,8.878167857705206,1.6906101013110846,12.66500000000002,0.6193172204906234,93.4791451063983,336.6316555740433,3.408704208356785,0.33858290048772766,969.4438338096285,-869.4438338096285,19.572181757266005,-0.9138039302926559,-5.434601961110186,27.235282298573548,28.863242767509867,0.05595002123465378,-0.07295234221075891,0.4150177608684703,-0.2629567905354139,2.3188685408149006,0.27613365851643706,11.535939521297385,2.970828233775301,0.006403846880110084,0.259944472374841,False,False,False,False,False,False,False,False,False,False,False,False,False,False,False,False,False,False,False,False,False,False,False,False,False,False,False,False,False,False,False,False,False,False,False,False,False,False,True,True,False,False,False,False,False,False,False,False,False,False,False,False,False,False,11,True,0.4123959852914034,-0.15335900461997343,0.42427602239142836,0.7269498138723565,0.22957176749897268,-0.11869941357311116,0.37874980618645704,0.13896062843478976,1,Mid
1496.0,89.0,3271.0,2843.0,902.0,12.398499999999999,30.0,311314.0,691.0,-118.0,155.0,781.0,9496.0,5470.0,9694.0,,906.0,DEU,691.0,3020.0,302020.0,9694.0,2060.0,1258.0,30202030.0,317.0,1304.0,5027.0,2024.0,-78.0,DE0007297004,374.0,62.0,2025-02-28,574.0,2777.0,40.826,6835.0,100764,SUEDZUCKER AG,3397.0,3271.0,3.3382476832350463,-2.3845918679302964,3.2700639570868577,7.128120486899113,-0.8046214153084381,7.128120486899113,29.492469568805447,6.6498846234529045,1.8102268635217862,0.7864602088584803,0.28123874684911776,0.33705437522506304,23.69418702611626,0.45735249159278507,0.7331091409354937,34.44608256107835,57.60320134793597,3.561797752808989,2.340086830680174,25.25273799494524,1.0208508845829822,781.8687744485221,7.705882352941177,47.36641221374046,35.04229420259954,4.3084444444444445,2.4041505451987337,21.472198820556024,5.921188363936455,1.53475935828877,332.0,3.424798844646173,63.35540838852097,285.80441640378547,2.9030877407520634,0.6395708685785022,,,-5.782874914957725,-7.6084841408834425,-24.688695863451393,-37.00189753320683,5.128205128205132,0.06756510498531743,0.046874774779763956,-0.03811678864617835,-0.07015883193232045,2.829981862401547,0.19175827820793553,9.540859309182814,2.6371955641273246,0.007410046954755941,-0.3620852851218758,False,False,False,False,False,False,False,False,False,False,False,False,False,False,False,False,False,False,False,False,False,False,False,False,False,False,False,False,False,False,False,False,False,False,False,False,False,False,False,False,False,False,False,False,False,False,False,False,False,False,False,False,False,False,12,True,0.05467339220774183,0.038344391834456724,0.9968575221109459,-0.03873513389257842,0.06800931147395789,-0.15556285580922474,0.008717669596054673,0.411658884849346,1,Mid
43.0,14.0,546.0,608.0,36.0,9.722,20.0,333248.0,140.0,-31.0,0.0,171.0,2174.0,1628.0,2314.0,,113.0,DEU,140.0,2010.0,201060.0,2314.0,3555.0,297.0,20106020.0,71.0,830.0,1137.0,2024.0,5.0,DE0007314007,69.0,108.0,2025-03-31,88.0,853.0,88.2,1054.0,214759,HEIDELBERGER DRUCKMASCHINEN,650.0,546.0,3.265869365225391,0.9157509157509158,3.0682800345721692,6.050129645635264,0.216076058772688,6.050129645635264,54.451166810717375,12.054329371816639,1.3329425556858148,0.6201641266119577,0.20046893317702227,0.20046893317702227,13.063477460901565,0.07875457875457875,0.1446886446886447,25.114995400183993,74.88500459981601,5.071428571428571,-0.6571428571428571,3.633854645814168,1.0643974241030358,238.01686895700473,7.7912457912457915,46.84745030250648,28.08988764044944,8.147887323943662,1.7335526315789473,21.527138914443423,3.8029386343993083,1.2753623188405796,25.0,1.08038029386344,77.87610619469027,159.1549295774648,3.9816849816849818,4.66724286949006,1764.0,-1664.0,-4.577319587628869,2.838221381267747,-2.8577138289368476,0.0,35.384615384615394,-0.10571882277779014,-0.1697386803511185,0.04444766098970426,0.032341049634310816,1.590876007431103,0.946581864219822,5.197792088316467,2.438037162436402,0.057408384385266825,0.41406660674042967,False,False,False,False,False,False,False,False,False,False,False,False,False,False,False,False,False,False,False,False,False,False,False,False,False,False,False,False,False,False,False,False,False,False,False,False,False,False,True,True,False,False,False,False,False,False,False,False,False,False,False,False,False,False,12,True,0.38297827567724674,-0.18192073719072316,0.3273239819195804,0.39782254708348025,0.38788136209508245,-0.2508787156346903,0.7331341636244524,0.15795807318468139,1,Mid
142.2,6.933,573.998,68.049,51.783,5.553,45.0,541512.0,108.385,-227.475,0.0,144.674,1406.896,832.529,1738.992,0.77,192.876,DEU,108.385,4510.0,451020.0,1738.992,7373.0,511.463,45102010.0,43.341,472.186,771.75,2024.0,33.453,DE0005419105,65.044,1.03,2024-12-31,22.276,620.879,33.1,1057.572,233025,CANCOM SE,178.885,573.998,3.0806115022005893,5.828069087348736,2.4923058875486492,6.2326336176359645,1.9237006265698753,6.2326336176359645,39.18476910762097,6.0515388202703715,1.2429958172204245,1.1333947516343765,0.23301480642766143,0.23301480642766143,10.72367822497185,0.2477360548294593,0.33795065488033055,40.79889345054646,59.17487859799161,6.251406317611424,0.4549430271716566,13.788012760005005,1.236048720019106,313.1626148028093,3.4000348021264486,107.3518423316496,10.286706321823216,11.526350325775,15.541330511837055,46.63720701459099,1.2809719653684433,0.3424758624930816,170.6,9.81028089835951,11.54938924490346,445.0197272790199,2.451046867759121,0.05922971468528895,98.94478821032493,1.0552117896750701,13.951338164437965,-9.14312468719224,-1.104185218165632,147.80663529138343,-13.612037539750254,-0.13984582611537466,0.007952547201984498,-0.11105880643008201,0.24443401315183136,0.9231519418954547,0.08594466595622366,13.709328905619177,5.771812763363266,0.2524325344007958,0.022867453873592656,False,False,False,False,False,False,False,False,False,False,False,False,False,False,False,False,False,False,False,False,False,False,False,False,False,False,False,False,False,False,False,False,False,False,False,False,False,False,False,False,False,False,False,False,False,False,False,False,False,False,False,False,False,False,11,True,0.0682460091504109,0.03741506736869678,0.7794064508585287,0.7206341695341885,0.2184894300546143,0.06235212764048125,0.20774635381432224,0.1627434288446188,1,Mid
0.0,3.78,987.04,45.87,0.0,11.5,20.0,237.0,136.319,-35.323,0.0,249.943,1814.619,825.376,2199.668,7.805,69.661,DEU,136.319,2010.0,201030.0,2199.668,1600.0,369.809,20103010.0,53.061,600.73,673.336,2016.0,108.453,DE000A0Z23N2,83.258,84.1,2016-12-31,108.019,559.094,4.191,1404.567,100458,STRABAG AG,417.55,987.04,2.924084890547272,10.98770059977306,2.412227663447393,6.197253403695465,4.930425864266789,6.197253403695465,36.14640936723178,5.3757699789268925,1.204334154900607,1.122290706035121,0.44705004882899835,0.44705004882899835,6.295646634362363,0.0,0.0,54.393787345993836,45.48480975896318,14.037301587301588,-1.8335155040750009,0.0,1.212192752307785,191.27547826086956,5.9481191642172035,61.363935375702155,18.982410072792803,19.25445983088532,30.62060170045782,34.15328506975845,4.9106956140653955,1.2974008503687335,-38.358000000000004,-1.7438086111176778,155.0638090179584,131.2847477431635,1.8384452504457773,3.8233042440950173,3.864346767724267,96.13565323227573,3.1606632168286186,1.706505874994102,4.545454545454541,-123.0767842424753,42.94088845955353,0.8222092413624992,-0.011970785814716448,0.3588904315474868,-1.3722501148932542,1.3803027422327552,0.013688443219195582,3.8388774723509456,5.008390488140227,0.3548264661944839,,False,False,False,False,False,False,False,False,False,False,False,False,False,False,False,False,False,False,False,False,False,False,False,False,False,False,False,False,False,False,False,False,False,False,False,False,False,False,False,False,False,False,False,False,False,False,False,False,False,False,False,False,False,False,3,True,-0.3288715845876775,0.06081731769405253,0.7648128840532832,0.4835588815544518,0.18013223563813036,-0.1548778639247465,0.14900625692018335,0.15257808193007102,1,Mid
1725.5,52.3,4669.2,1795.5,221.2,16.637,15.0,325211.0,718.2,145.9,168.7,1215.4,9409.9,4572.9,5721.8,,310.4,DEU,718.2,1510.0,151010.0,5721.8,2821.0,948.7,15101050.0,245.5,573.9,4055.3,2024.0,241.0,DE000WCH8881,472.7,208.5,2024-12-31,651.6,1522.8,124.195,4262.4,276585,WACKER CHEMIE AG,3596.5,4669.2,2.60895439909032,5.161483765955624,4.29060785067636,12.551994127722047,4.211961270928729,12.551994127722047,25.50595966304311,3.8391167685739753,2.663054898870502,1.4839768846861048,0.7981350144470712,0.9089177830312584,26.913144666787108,0.3695493874753705,0.41692367000771013,49.620080978543875,48.596690719348764,4.694072657743786,1.018240044555834,20.68778626765428,0.6080617222287166,343.9201779166917,6.031200590281438,60.51863050089133,62.85609423607955,2.2593484698914117,2.373934837092732,22.998119002327343,11.388024747457095,1.3784641421620478,-341.20000000000005,-5.963158446642666,209.92268041237114,126.43584521384928,2.0153131157371713,3.6439581949736093,51.53319502074688,48.46680497925312,-10.627596763612502,6.273717022045533,1.5813896690682672,-214.99831479609037,1.8761726078799335,0.455456032142309,-0.02742528516664312,-0.3080933203303266,0.3533045854370772,5.297143149401356,0.20147112465319497,3.2986535457337487,2.842252816782154,0.08132090122133334,0.1366247830647122,False,False,False,False,False,False,False,False,False,False,False,False,False,False,False,False,False,False,False,False,False,False,False,False,False,False,False,False,False,False,False,False,False,False,False,False,False,False,False,False,False,False,False,False,False,False,False,False,False,False,False,False,False,False,11,True,-0.5998772127271514,0.23583902595598144,1.142873691408402,-1.1305481910059105,0.32528041763703286,-0.2437995457591494,-0.3900520973859537,0.19363140175472418,1,Mid
114.998,3.4,1295.93,37.46,34.646,14.067,35.0,622110.0,109.749,-3.3,129.6,409.464,1856.481,530.509,1595.619,,127.6,DEU,109.749,3510.0,351020.0,1595.619,8060.0,431.158,35102020.0,47.149,4.9,904.11,2024.0,43.351,DE0007042301,62.6,84.1,2024-12-31,70.4,404.853,6.694,1658.114,207096,RHOEN-KLINIKUM AG,764.444,1295.93,2.5396974167793798,3.3451652481229694,2.954903394858046,6.878145722757124,2.716876647871453,6.878145722757124,-3.916661809617467,3.3417013483324447,2.233180932338404,2.140653521154592,1.011389319086187,1.331505509407118,26.892653358693142,0.08873781762903861,0.11547228631176067,69.80572383988847,28.57605329653253,13.86735294117647,-2.3674019808836526,8.060626529439299,0.8594857690436907,113.4299424184261,3.7007755857481475,98.62797447260282,47.908930640710594,3.195987237034233,44.263587827015485,45.280398775963775,4.412080828819412,1.124600638977636,57.19999999999999,3.5848156734157715,55.17241379310346,270.631402574816,1.4325472826464392,5.270681785564098,15.441396968928053,84.55860303107195,8.99193226132342,4.854890416622437,40.431266846361204,23.809523809523768,12.101910828025497,-0.1400670073171272,0.004227725429199027,-0.45870708128161475,0.5846086077556072,1.8697237568722591,0.0511333182101326,6.873218740186406,1.8982389773883552,0.06173187836728122,0.1124389032950867,False,False,False,False,False,False,False,False,False,False,False,False,False,False,False,False,False,False,False,False,False,False,False,False,False,False,False,False,False,False,False,False,False,False,False,False,False,False,False,False,False,False,True,False,False,False,False,False,False,False,False,False,False,False,11,True,-0.9275299830663741,0.5206863929070658,1.7592090392247335,-0.7511614140529944,-0.16350143787213828,-0.14827851094451744,-1.0908885828431065,0.49227328364224976,1,Mid
76.347,7.398,542.572,112.468,45.822,12.398499999999999,20.0,423420.0,54.707,-80.238,0.0,8.131,922.733,380.161,1053.715,,93.863,DEU,54.707,2020.0,202010.0,1053.715,5040.0,122.29,20201060.0,22.025,203.817,253.303,2024.0,-41.285,DE0007446007,32.682,84.1,2024-12-31,11.851,188.791,88.2,639.842,244398,TAKKT AG,105.6,542.572,2.3869309973741046,-7.609128373745788,2.0902236373212872,5.191821317908543,-3.9180423549062127,5.191821317908543,39.27750862424849,3.558623987953189,1.3417112044536021,0.7459836538818058,0.04306879035547245,0.04306879035547245,6.991404880935222,0.14071312194510588,0.22516642952456078,58.80054143506301,41.19945856493699,2.9771559881048932,2.084523004368728,13.239907969044134,1.1419500548912849,84.98729685042545,8.616526289966473,42.360457998604936,10.021685180527943,16.333627852182538,5.689102678095102,14.13420783693658,1.1246874154776199,0.36261550700691514,82.012,7.783129214256228,12.625848310836007,426.16572077185015,1.7006646122542262,7.981285262143939,,,-15.088379514164496,-8.3519231800656,419.85324947589095,-9.418040844277053,-25.47478304615771,-0.8906813425784554,-0.03542728508959511,-0.05087707498181856,-0.16035910790212463,3.230778385588403,0.14633268013278283,10.172281689286066,2.1525713808397575,0.8360323023464974,0.13477653990459565,False,False,False,False,False,False,False,False,False,False,False,False,False,False,False,False,False,False,False,False,False,False,False,False,False,False,False,False,False,False,False,False,False,False,False,False,False,False,False,False,False,False,True,False,False,False,False,False,False,False,False,False,False,False,11,True,-0.3963817812134622,0.1521115329170533,0.916544463636785,0.4515414866117179,0.38337558797084875,0.1725848680875914,0.02267225302264488,0.022549649583811046,1,Mid
131.7,20.9,847.9,431.6,155.9,12.398499999999999,20.0,3336.0,118.5,41.3,0.0,62.0,1683.3,835.4,1813.7,0.8,101.7,DEU,118.5,2010.0,201060.0,1813.7,3510.0,245.4,20106010.0,35.1,254.7,745.8,2024.0,42.0,DE0006305006,83.4,100.4,2024-12-31,64.2,574.3,23.6,1329.5,100301,DEUTZ AG,380.8,847.9,2.0851898057387275,4.953414317726147,1.9352704416386393,6.533605337156089,2.3157082207641837,6.533605337156089,26.69680763080995,3.5830951408738265,1.2986244123280515,0.5471008183876023,0.1079575134946892,0.1079575134946892,10.188320560803184,0.1553249203915556,0.33919094232810476,50.371294481078834,49.628705518921166,1.6794258373205744,1.9037974683544305,17.08548684132359,1.0774668805322878,146.28382465620842,7.39079054604727,49.38578596239731,20.995754534928597,10.575510204081633,3.080398517145505,18.261747757381332,3.5397254231681092,0.7697841726618705,37.5,2.067596625682307,63.12684365781711,289.7435897435897,1.985257695482958,5.535645365826763,56.19047619047619,43.80952380952381,-12.092865451725466,5.854609483083872,146.2462760675273,-49.18699186991871,-1.2307692307692242,0.16627029306584631,0.02387182317505559,-0.15034434194775279,-0.09969958493300726,2.922952849647946,0.10627239188455705,6.041703796114775,2.1762461491344536,0.03559413064403613,-0.03947328670521117,False,False,False,False,False,False,False,False,False,False,False,False,False,False,False,False,False,False,False,False,False,False,False,False,False,False,False,False,False,False,False,False,False,False,False,False,False,False,False,False,False,False,True,False,False,False,False,False,False,False,False,False,False,False,11,True,-0.14799405522232134,0.1585146585534642,0.8871176122204807,0.3511363809071707,0.1752506046993158,-0.22984441527896265,-0.16663262863104694,0.14068990654079896,1,Mid
925.4,24.5,612.875,696.731,248.153,12.398499999999999,25.0,441120.0,86.975,302.727,2.414,615.792,2208.487,1595.612,6271.911,,-219.725,DEU,86.975,2550.0,255040.0,6271.911,5500.0,414.441,25504050.0,42.05,445.741,1745.496,2024.0,20.894,DE000A2LQ884,44.925,84.1,2024-12-31,15.88,665.355,88.2,5547.187,346413,AUTO1 GROUP SE,143.801,612.875,1.9040184524518369,3.4091780542524983,0.6704495647339384,1.3867384278890438,0.3331361047693438,1.3867384278890438,11.55507468138499,2.733581446750418,2.6234055504204523,1.5762487694539007,0.9255089388371621,0.9291370771993898,48.90864197978073,1.509932694268815,1.914832551499082,27.750899144980252,72.24910085501975,1.7163265306122448,6.412888761138257,53.138325016176225,2.839913026429406,505.8604669919749,15.13342309279246,24.118799676844905,2.292778070352082,5.806566920429832,7.961734155649741,46.64881432401458,0.2531923683228286,0.35347801892042297,-235.605,-3.7565105754848878,,-522.5326991676576,3.603486844788905,1.3408991294678767,422.13075524073906,-322.13075524073906,14.810551664108473,29.553812518075183,131.48805078416729,220.6339053632912,-12.031907821847987,0.5171088323214388,0.08273871032581356,-1.1537009959686164,1.5071067528593767,1.8035834866110145,23.12003853184818,-9.949119012246847,13.997927779574384,0.6165278140185146,-0.5298648641179716,False,False,False,False,False,False,False,False,False,False,False,False,False,False,False,False,False,False,False,False,False,False,True,False,False,False,False,False,False,False,False,False,False,False,False,True,False,False,True,True,False,False,True,False,False,False,False,True,False,False,True,True,False,False,9,True,0.7522243106202585,-0.08985101875977672,3.4467132138526724,0.7135576492958465,-1.1783791889657647,-0.17298435573611087,0.6192233698700129,2.0749112307676274,1,Mid
160.2,16.0,2492.6,583.2,31.7,6.808,35.0,424210.0,142.1,48.5,0.0,1909.4,5102.1,2582.3,9257.1,,0.9,DEU,142.1,3510.0,351020.0,9257.1,5122.0,978.5,35102010.0,69.0,447.8,4150.0,2021.0,-54.3,DE000CLS1001,73.1,90.4,2022-03-31,28.4,2277.8,88.2,8464.8,101768,MCKESSON EUROPE AG,352.9,2492.6,1.3523843123419768,-2.1784482066918076,0.745373821175098,1.5350379708548032,-0.5865767897073597,1.5350379708548032,8.558835920536682,2.60102533172497,1.8219334445517603,1.565896918078848,0.8382649925366582,0.8382649925366582,36.69469434154563,0.06427023991013399,0.07698788413704565,48.85439328903784,50.61249289508242,4.3125,-12.08655876143561,3.761196370122106,1.8143705533015817,1359.7385428907169,9.460500766479305,38.58146719815061,3.812209007140465,4.94450379232988,14.514403292181068,56.60218341467239,0.3067915437880113,0.38850889192886456,-27.5,-0.29706927655529264,3155.555555555555,1.3043478260869565,2.046898820508706,0.9765477309308532,,,-44.7274616225124,-27.60206036354348,-67.87466968667421,-110.4881769641495,-71.68494516450647,-0.19183236718778285,-0.020285868105718145,-0.037385091916835644,-0.0029209578354072556,0.6099293688920165,0.24383705001130732,0.01763979537837361,1.842429168166284,0.593520782858094,0.7031971053714129,False,False,False,False,False,False,False,False,False,False,False,False,False,False,False,False,False,False,False,False,True,False,False,False,False,False,False,False,False,False,False,False,False,False,True,False,False,False,False,False,True,False,True,False,False,False,False,False,False,False,False,False,False,False,8,True,-0.06726613615197595,0.22706290540946825,2.5851722440989695,0.3758176458425208,-0.5254613593824283,-0.24601150530589308,-0.08469120002930469,1.310076007126732,1,Mid
320.667,26.431,636.859,419.759,44.687,9.078,25.0,339991.0,119.706,-59.248,12.7,124.399,1759.303,1073.971,1803.136,0.029,168.022,DEU,119.706,2510.0,251010.0,1803.136,3050.0,233.211,25101010.0,11.636,263.662,851.562,2024.0,-137.849,DE0007856023,108.07,133.038,2024-12-31,108.317,602.484,9.504,1295.94,220295,ELRINGKLINGER AG,715.129,636.859,0.6613982923919302,-21.64513652158484,0.6453201533328601,6.638767125718747,-7.644958561084687,6.638767125718747,28.128549371761192,1.2152150437690463,1.4134184476268248,0.7167045099952861,0.20647685249732772,0.22755625045644362,14.157765887968129,0.5035133365470221,0.5736811444919518,36.19950628174908,61.045254853768796,0.4402406265370209,2.012889913621706,20.766974193757413,1.024914980534905,198.62701035470369,7.731779375758433,47.20776192145241,39.66029184709306,7.239242325697171,3.0873429753739647,20.326799874723115,6.007145329026762,1.0022855556583696,59.705,3.3111756406616033,64.46596279058696,1443.984187005844,2.7624686155020184,7.378145630723362,,,-2.3812204946078164,-12.393031092378804,-5.200501253132838,2.0790234061105695,52.10498230635285,-0.8535960562738824,-0.01185165207261132,-0.841471770727287,0.709805219909235,3.3785085388782212,0.13358232103760886,9.550486755266146,2.782741537123024,0.7021783634218506,-0.5065758480843952,False,False,False,False,False,False,False,False,False,False,False,False,False,False,False,False,False,False,False,False,False,False,False,False,False,False,False,False,False,False,False,False,False,False,False,True,False,False,False,False,False,False,False,False,False,False,False,False,False,False,False,False,False,False,11,True,0.5522389849418032,0.10707047973351991,0.9950146641152814,0.7874393651630441,0.8967938459052501,0.4911454285268949,-0.802864625361658,0.043322749054680955,1,Mid
465.4,93.6,4441.4,2740.9,1290.1,23.868,15.0,331110.0,382.6,331.9,0.0,1002.2,10465.3,6016.5,10011.7,,408.4,DEU,382.6,1510.0,151040.0,10011.7,3312.0,1730.5,15104050.0,63.5,2072.8,5473.6,2024.0,-352.2,DE0006202005,319.1,82.0,2024-12-31,968.7,3531.7,88.2,6847.8,102259,SALZGITTER AG,1899.3,4441.4,0.6067671256437943,-7.929932003422345,0.6342579182356642,3.82152881129079,-3.5178840756315113,3.82152881129079,31.602025630012886,1.2941224423249371,1.54984851487952,0.7737633434323414,0.2837726873743523,0.2837726873743523,18.555607579333614,0.10478677894357635,0.39525825190255326,42.43929939896611,57.489990731273835,0.6784188034188035,1.9688970203868268,16.774483292404422,0.9566567609146418,419.46120328473273,5.785437734758741,63.08943536062806,18.97080415913381,5.155620783768473,2.4983764456930206,26.112008255855063,9.675679455037606,3.0357254779066123,-560.3000000000001,-5.59645215098335,237.19392752203726,643.1496062992126,2.3563065700004504,0.819041721186212,,,-7.2174598026041314,-0.3494572462388157,-2.7819640747831054,-499.6433666191155,28.85075818036713,0.2299054776241523,0.012350929816686536,0.35923499141751786,-0.3797672340089985,3.2800788438299886,0.08542884242603051,3.902420379731111,2.275773515453363,0.05404092280611452,-0.3859980721716331,False,False,False,False,False,False,False,False,False,False,False,False,False,False,False,False,False,False,False,False,False,False,False,False,False,False,False,False,False,False,False,False,False,False,True,True,False,False,False,False,False,False,False,True,False,False,False,False,False,False,False,False,False,False,11,True,0.13319032515632073,0.18187773871258395,1.186648827949055,0.2227844784060962,0.5294700219483595,-0.0659790796399757,-0.21848243214713012,0.16931529079486266,1,Mid
2437.0,160.0,6658.0,2851.0,702.0,17.503,15.0,325211.0,910.0,-565.0,0.0,509.0,13631.0,6952.0,14179.0,75.0,870.0,DEU,910.0,1510.0,151010.0,14179.0,2821.0,2290.0,15101050.0,68.0,1870.0,5766.0,2024.0,-266.0,DE0006062144,842.0,392.0,2024-12-31,781.0,3576.0,88.2,11045.0,320448,COVESTRO AG,5898.0,6658.0,0.4988628860685203,-3.9951937518774407,0.4795824811340715,6.417942026941251,-1.8760138232597503,6.417942026941251,22.103110233443825,0.7476635514018692,1.6124161073825503,0.8151565995525727,0.142337807606264,0.142337807606264,16.06631941897146,0.36602583358365876,0.471462901772304,48.84454552123835,51.00139388159343,0.425,2.89010989010989,23.02839116719243,1.0402024796419924,810.0896989087585,6.191703056768559,58.9498554199873,41.596727554834615,6.474429223744292,3.8740792704314275,20.534076736849826,5.508145849495733,0.9275534441805225,89.0,0.6276888356019465,89.77011494252874,1279.4117647058824,2.0473115049564434,2.7646519500670004,,,-1.377199693955622,-0.04399794676248625,8.17007601507942,-61.63793103448276,2.091503267973849,-0.7668193612743537,-0.10558126345922565,0.12096335271390217,-0.7485806712997983,6.191469390614984,0.6845625915860161,6.382510454111951,5.464956741910282,0.16872963392890875,0.38143987000974205,False,False,False,False,False,False,False,False,False,False,False,False,False,False,False,False,False,False,False,False,False,False,False,False,False,False,False,False,False,False,False,False,False,False,False,True,False,False,False,False,False,False,False,False,False,False,False,False,False,False,False,False,False,False,11,True,0.14771396012499352,0.2313206876036316,1.3102262282521904,0.5007320848188905,0.8059168471102142,0.46053039646238614,-0.9478482801306303,0.1451184018800924,1,Mid
2428.0,47.0,4586.0,1348.0,584.0,12.338,15.0,325.0,583.0,-97.0,0.0,615.0,9711.0,5119.0,6366.0,,508.0,DEU,583.0,1510.0,151010.0,6366.0,2800.0,1043.0,15101020.0,23.0,1177.0,3449.0,2024.0,-177.0,DE0005470405,560.0,104.0,2024-12-31,320.0,1773.0,88.2,4508.0,271763,LANXESS AG,2140.0,4586.0,0.23684481515806816,-3.8595726122982987,0.36129437637448947,9.158027018535972,-2.7803958529688972,9.158027018535972,29.186302230600063,0.32791559737667525,1.9452904681331078,1.1849971799210377,0.34686971235194586,0.34686971235194586,17.258778704561838,0.5294374182293938,0.6567815089402529,47.22479662238698,52.71341777365873,0.48936170212765956,4.111492281303602,31.016373185047886,0.6555452579548965,515.9669314313503,6.103547459252157,59.801288092994035,33.616085453974236,3.7983293556085918,3.344213649851632,17.073421892699,5.026704366949419,0.5714285714285714,188.0,2.9531888155827835,62.99212598425197,2208.695652173913,2.1175316179677277,1.6336789192585612,,,-5.183199285075957,0.47594412829798927,12.35770876969311,-63.28125,-1.8404907975460127,-0.5081288468194866,-0.022332934506128475,-0.14407214250934824,-0.05301699421945929,2.958311804424543,0.18518384752209463,5.231181134795593,2.6774683386281595,0.3245282395020797,0.26489027008770094,False,False,False,False,False,False,False,False,False,False,False,False,False,False,False,False,False,False,False,False,False,False,False,False,False,False,False,False,False,False,False,False,False,False,False,True,False,False,False,False,False,False,False,False,False,False,False,False,False,False,False,False,False,False,11,True,0.19105038693173096,0.28481649070821724,1.2766405146266988,0.44149748483165513,1.4011834860642658,1.2106838782498637,-1.363083608056181,-0.3679947440774104,1,Mid
7447.0,360.0,35108.0,0.0,114.0,0.038,25.0,336111.0,-30.0,37.0,719.0,2405.0,42841.0,7733.0,0.0,74.0,1431.0,DEU,-30.0,2510.0,251020.0,0.0,3711.0,3.0,25102010.0,-31.0,18.0,2419.0,2024.0,-20017.0,DE000PAH0038,1.0,84.1,2024-12-31,151.34750000000003,150.0,584.019,0.0,102187,PORSCHE AUTOMOBIL HOLDING SE,1.0,35108.0,-0.07236058915524847,-57.01549504386465,,,,,,-0.07284690400657971,16.126666666666665,16.126666666666665,16.033333333333335,20.826666666666668,5.2963282836535095,0.21211689643386122,0.21536401959667312,81.94953432459559,18.050465675404403,-0.08611111111111111,,17.648981116220444,0.0,0.0,0.0,,,0.0,,5.62078382857543,,151.34750000000003,1279.6525,,10.576345213137667,,1.2202631878774068,,,,,-31.298309759774213,-9.523809523809534,-25.673008926017303,0.0,,0.01681188667359388,-3026.651583005597,5099.317554258704,,0.07543338624573019,3.340258163908406,1.0229259624014593,,,False,False,False,True,False,False,False,False,False,False,True,True,True,True,False,False,False,False,False,False,False,False,False,False,False,False,False,False,False,False,False,True,False,False,False,False,False,False,False,False,False,False,False,False,False,False,False,True,True,False,False,False,False,False,11,True,-2.7532765239428727,1.1438243946860376,4.2672832255169615,-6.178265358870877,1.8460050345984025,1.3834193837898499,-1.5852851172161677,-6.558334037898278,1,Mid
683.4,55.3,6212.3,678.3,62.5,10.835,15.0,32531.0,477.6,-65.7,206.5,524.1,9353.5,3137.2,3653.1,,590.8,DEU,477.6,1510.0,151010.0,3653.1,2870.0,804.8,15101030.0,-43.6,187.4,2145.2,2024.0,-66.8,DE000KSAG888,521.2,12.8,2024-12-31,505.2,709.8,26.9,2824.3,100736,K&S AG,6060.5,6212.3,-0.4661356711391458,-1.075286125911498,-1.1935068845637953,13.07382770797405,-1.8285839424050807,13.07382770797405,22.68758041115764,-0.6322780863436634,3.0222597914905607,2.066638489715413,0.7383770076077769,1.0293040293040294,15.346127118191049,0.11000756563591584,0.12006825169421953,66.41684930774576,33.54038595178275,-0.7884267631103075,0.46440536013400324,7.974554979419468,0.3905596835409205,337.15736040609136,4.539140159045726,80.41170512715229,165.9001943554789,2.5450048766894247,4.163791832522484,14.207515903137862,13.829350414716268,0.9693016116653874,85.59999999999997,2.3432153513454317,85.51117129316181,,1.5056420327414968,0.350387342257261,,,-5.668026648763103,-1.2698178133378257,-5.346378963920662,-75.61253561253562,7.4893617021276615,-0.31333950646612385,-0.03628605540096484,-2.1490312769738873,2.6709777141917024,10.652563837611792,0.4571640690932067,6.316352167637781,3.270369579329774,0.009517320711997845,-0.7609845683457818,False,False,False,False,False,False,False,False,False,False,False,False,False,False,False,False,False,False,False,False,False,False,False,False,False,False,True,False,False,False,False,False,False,False,False,False,False,False,False,False,False,False,False,False,False,False,False,True,False,False,False,False,False,False,11,True,-0.6777028106503978,0.5145581067873736,0.8215118363287777,-1.7656785883286812,1.4446262148425513,-0.5559150190272486,-1.1716249167800026,0.06517530521960692,1,Mid
650.0,65.0,9583.0,8434.0,823.0,98.12,15.0,331.0,631.0,-1640.0,12.0,5879.0,29333.0,18975.0,35041.0,,1353.0,DEU,631.0,1510.0,151040.0,35041.0,3390.0,5222.0,15104050.0,-139.0,4227.0,20918.0,2024.0,-1506.0,DE0007500001,770.0,689.0,2024-09-30,1525.0,11852.0,93.0,30188.0,103176,THYSSENKRUPP AG,4403.0,9583.0,-0.4738690212388777,-15.715329228842743,-0.3966781769926657,1.8007476955566335,-4.297822550726292,1.8007476955566335,13.849490596729547,-1.3583504348675852,1.764934188322646,1.053324333445832,0.4960344245696929,0.49704691191360106,30.90716939965227,0.06782844620682459,0.15370969425023479,32.669689428288955,64.6882350935806,-2.1384615384615384,-6.98256735340729,5.021647973272423,1.194593120376368,357.12392988177737,6.7102642665645345,54.39428098513171,12.565280671213722,3.8651003750275756,3.5793217927436567,37.844748235775405,4.352044747581404,1.9805194805194806,-172.0,-0.49085357153049286,112.71249076127125,,3.060941250130439,1.9662680859564512,,,-6.64695225916454,-11.88909915592803,-1.861353657194853,-146.9945355191257,-10.188457008244988,-0.4866538935409118,-0.3269394328331497,0.17879103014873715,-0.22430985034253376,5.4900506186340134,1.4504766397896958,4.612552415368357,4.033652808264548,0.08643316027323589,-0.5552316299129579,False,False,False,False,False,False,False,False,False,False,False,False,False,False,False,False,False,False,False,False,False,False,False,False,False,False,False,False,False,False,False,False,False,False,False,False,False,False,False,False,False,False,False,False,False,False,True,False,False,False,False,False,False,False,11,True,0.47064922277249455,0.2847901439276722,1.8191807020248587,0.0546440137681579,-0.05341021914626733,-0.6733222541971745,-0.15068020860085696,0.6691640030909959,1,Mid
0.0,6.243,522.571,67.732,106.455,13.983,20.0,236220.0,45.313,32.892,0.0,801.819,1907.528,1383.882,3270.03,,63.58,DEU,45.313,2010.0,201030.0,3270.03,1540.0,637.346,20103010.0,-16.325,678.737,1518.048,2015.0,35.098,,61.638,1.749,2015-12-31,88.395,1185.562,88.2,2445.023,220293,ZUBLIN ANLAGEN & PROJEKTE AG,313.786,522.571,-0.8558196786626461,6.716407913948534,-0.4992308939061721,1.3857059415357045,1.0733234863288714,1.3857059415357045,25.229340403604862,-3.1239774116818575,1.2804458982322309,1.2233151872276609,0.676319753838264,0.676319753838264,17.430202859407572,0.0,0.20371394509071494,27.395194198984235,72.54845014070567,-2.6149287201665863,-15.34579480502284,5.580783086801347,1.7142762779891043,233.8575413001502,5.130698239260935,71.1404146139332,9.595814105680986,9.83509080081567,36.09849111202977,75.44659894900624,2.703186209300832,1.4340990947142995,-24.814999999999998,-0.7588615394965794,139.02956904687008,,3.6502752735991852,0.0534857478371758,251.2963701635421,-151.2963701635421,0.22966789342160343,4.082256241024229,12.77977174658227,-172.56484486943296,-5.85159070817668,,,,,,,3.333109658154428,,,,False,False,False,False,False,False,False,False,False,False,False,False,False,False,False,False,False,False,False,False,True,False,False,False,False,False,False,False,False,False,False,False,False,False,False,False,False,False,True,True,False,False,False,False,False,False,False,False,False,False,False,False,False,False,2,True,0.9258328597630807,0.06657964051809136,1.535044713907081,1.042964454750437,0.06489794545390326,-0.6098694357731248,0.18943618519644417,0.6185548755615415,1,Mid
712.706,63.505,1713.743,1290.669,183.314,12.398499999999999,20.0,423510.0,83.748,-142.386,0.0,120.793,3537.881,1817.166,6632.193,1.208,114.705,DEU,83.748,2010.0,201070.0,6632.193,5051.0,787.494,20107010.0,-42.043,543.674,2256.006,2024.0,-146.841,DE000KC01000,125.791,84.1,2024-12-31,110.252,983.341,19.95,5519.483,278310,KLOCKNER & CO SE,759.316,1713.743,-1.1883667087728502,-8.568437624544638,-0.6339230477762031,1.2627497420536464,-2.2140640358324917,1.2627497420536464,16.777406809482173,-1.7326966278706044,2.294225502648623,0.9816909902058388,0.12283938125228176,0.12283938125228176,35.97252140476178,0.41587682633860507,0.5228438569843903,48.439814680030224,51.36311820550211,-0.6620423588693803,9.256662845679896,25.32645953891609,1.8746229734691473,534.9189821349357,8.421896547783222,43.33940673921884,11.448943056994873,5.211263765405665,4.276451204762801,25.673192512693333,1.6623762306072816,0.876469699740045,4.453000000000003,0.06714219565082022,96.1178675733403,,2.064417476832874,1.2680571871174435,,,-4.66339409427613,-8.516666015901265,60.33234191128927,-98.09181404078625,24.998015940500885,0.10773640244949141,-0.0012993261904905447,0.003428671810000239,0.0587752787113187,2.9009785182162453,0.05851734353754374,3.242194974901643,5.13394025479308,0.015171502685082359,0.04101178367650772,False,False,False,False,False,False,False,False,False,False,False,False,False,False,False,False,False,False,False,False,False,False,False,False,False,False,False,False,False,False,False,False,False,False,False,False,False,False,False,False,False,False,True,False,False,False,False,False,False,False,False,False,False,False,11,True,0.1853687056288459,0.2985570691514373,2.8306869950081333,0.2578498641385049,-0.043935207357555225,-0.12846880317162604,-0.13484407434243528,1.1598001611515196,1,Mid
5399.6,316.9,2592.3,174.6,267.8,42.711,25.0,454110.0,131.3,1579.6,0.0,3808.7,12420.4,9707.9,12294.7,,638.3,DEU,131.3,2530.0,253010.0,12294.7,5961.0,659.6,25301040.0,-264.5,3751.2,5196.3,2024.0,-882.4,DE000A2E4K43,395.8,415.2,2024-12-31,139.1,3732.7,88.2,8569.7,324859,DELIVERY HERO SE,710.6,2592.3,-2.129561044732859,-34.03927014620221,-2.151333501427444,1.0679398439978203,-7.177076301170422,1.0679398439978203,30.297607912352476,-3.3096009709831202,1.39210223162858,1.3453264393066682,1.020360596886972,1.020360596886972,11.783839489871504,2.0829379315665624,2.1862438760945877,20.871308492480114,78.16092879456377,-0.8346481539917956,14.156130997715161,45.62977037776562,0.9898795529934624,287.85792887078276,18.63963007883566,19.58193367873962,5.779726223494676,8.400314293522818,49.08190148911799,35.975491932626966,1.1313818149283836,0.3514401212733704,499.19999999999993,4.060286139556068,21.79226069246436,,4.79126644292713,3.377064914149999,,,23.665496534867604,18.427124849825518,-4.261185331300998,-398.56459330143537,-5.822613405551791,8.972026520287347,0.3008027572527716,-0.0801579304416634,6.9184227417801,32.619992422082234,1.266528482981589,5.139125954075554,5.329311162187991,0.832158532973581,0.6939970776631674,False,False,False,True,False,False,False,False,False,False,False,False,False,False,False,False,False,False,False,False,True,False,False,False,True,False,False,False,False,False,False,False,False,False,False,False,False,False,False,False,False,False,False,True,False,True,False,False,True,True,False,False,False,False,11,True,1.4019109400433944,0.20131091996328793,0.773204427927352,0.18221147083819564,0.227821171718879,-0.7307383001567351,0.13418097241865132,-0.046718409393971344,1,Mid
266.2,26.0,330.4,382.7,116.8,5.612,20.0,333248.0,8.9,1.3,4.0,137.7,1422.7,1091.5,1274.4,,73.4,DEU,8.9,2010.0,201060.0,1274.4,3555.0,359.9,20106020.0,-37.8,278.0,890.0,2024.0,-70.1,DE0007193500,46.7,54.5,2024-12-31,43.1,606.5,88.2,932.7,102365,KOENIG & BAUER AG,229.1,330.4,-2.656919940957334,-21.216707021791766,-2.966101694915254,0.6983678593848085,-5.500627746390458,0.6983678593848085,26.81261770244821,-6.335903452899766,1.4674361088211048,0.8364385820280297,0.22704039571310797,0.23363561417971968,19.926899557180008,0.8056900726392252,1.1592009685230025,23.223448372812257,76.72032051732621,-1.4538461538461538,27.56179775280899,26.920643846207916,0.8957615800941872,227.08481824661442,3.5409836065573774,103.0787037037037,17.977087256748273,4.495238095238095,2.437157042069506,34.97575033387221,3.381983678593848,0.9229122055674518,30.300000000000004,2.3775894538606406,58.719346049046315,,4.305992736077482,4.276522284996861,,,-3.949351823937286,-0.3083175670940963,-2.246995296986576,-136.07142857142858,-17.432950191570885,-0.4195442744605716,0.08786496216116378,0.1466525081213176,-0.0541028431974802,3.9213757803727134,0.33075021247784614,5.159204329795459,3.1307234661994072,0.1259132280354158,0.20098671829975379,False,False,False,False,False,False,False,False,False,False,False,False,False,False,False,False,False,False,False,False,True,False,False,False,False,False,False,False,False,False,False,False,False,False,False,False,False,False,False,False,False,False,False,False,False,False,False,False,False,False,False,False,False,False,11,True,1.1241578180610412,0.3355947638559437,1.0917098558378586,-0.007862737201531226,0.40333497412522484,-0.9266608954176154,0.040658136084567816,0.20003795231524876,1,Mid
392.743,14.323,952.525,31.122,46.677,4.74,35.0,541714.0,22.181,-161.421,90.413,396.8,1912.502,959.977,796.967,,18.22,DEU,22.181,3520.0,352030.0,796.967,8731.0,204.232,35203010.0,-78.919,188.201,681.964,2024.0,-196.078,DE0005664809,101.1,50.451,2024-12-31,117.468,344.585,88.2,580.986,232623,EVOTEC SE,823.937,952.525,-4.126479344858201,-20.58507650717829,-9.902417540500421,2.783176718734904,-24.60302622316859,2.783176718734904,27.100369275013897,-5.8664147218249445,1.97908788832944,1.8887705500819831,1.1515301014263535,1.4139123873645112,17.640713578338747,0.41231778693472615,0.46132122516469387,49.80517667432505,50.19482332567495,-5.5099490330238075,1.921464316306749,22.97618512294366,0.4167143354621329,168.13649789029535,3.9022631125386815,93.5354663367492,103.38407989289394,2.3622306071213672,18.668016194331983,31.426476939631957,14.739380676991646,1.161899109792285,-99.248,-12.453213244714023,644.7200878155872,,2.0078234167082227,6.330375034348975,,,1.9887999631442943,-15.093044607070993,-6.342620035566093,-43.890277133908484,-44.93369147903863,-0.8325694190209383,0.03863097794431662,1.9179508914088061,-2.290958640246113,9.297187349360202,0.2626236081321498,0.9526787422967401,7.231034069487787,0.08821256077322058,-0.12149034181171033,False,False,False,False,False,False,True,False,False,False,False,False,False,False,False,False,False,False,False,False,False,False,False,False,False,False,False,False,False,False,False,False,False,False,True,False,False,False,False,False,False,False,False,False,False,False,False,True,False,False,False,False,False,False,11,True,0.40466602560481624,0.6098696881680241,1.093878711709069,-1.1435576805541765,1.4529541787251232,-1.0749903056689103,-0.5829059811827293,0.17524316352211367,1,Mid
15277.0,511.0,7426.0,492.0,2623.0,34.523,55.0,22111.0,-1730.0,-2791.0,717.0,1285.0,48464.0,39640.0,33535.0,,1574.0,DEU,-1730.0,5510.0,551030.0,33535.0,4931.0,5527.0,55103010.0,-2991.0,3253.0,20119.0,2019.0,-88.0,DE000A2AADD2,1261.0,352.0,2019-12-31,1856.0,17339.0,88.2,27270.0,322597,INNOGY SE,12885.0,7426.0,-6.171591284252228,-1.185025585779693,-8.919039809154615,-5.1587893245862535,-0.2624124049500522,-5.1587893245862535,18.68197405695542,-13.174470334317052,1.1603321990887594,1.1319568602572236,0.07411038698886903,0.11546225272507064,5.736216573126445,2.057231349313224,2.4104497710746027,15.322713766919776,81.79267084846484,-5.853228962818004,,36.93463189171344,0.6919569164740839,971.3813979086406,6.067486882576443,60.156701953183244,38.42254361115253,12.06294964028777,55.426829268292686,14.05579399141631,5.534516177128373,1.471847739888977,-282.0,-0.8409124794990308,117.91613722998729,,6.526259089684891,1.0496496198002088,,,-4.357870119499186,-2.8271243533704915,-19.534309155323516,129.2682926829268,-30.952380952380953,-2.6073795855329838,0.3078057027016783,0.33343687287587087,-0.5562945140016146,5.898614840057967,0.6047896808554947,3.2477715417629582,0.9119385548062038,0.6838746222982153,0.5242867155408714,False,True,False,False,False,False,False,False,False,False,False,False,False,False,False,False,False,False,False,False,False,False,False,False,False,False,False,False,False,False,False,False,False,False,False,False,False,False,False,False,False,False,False,False,False,False,False,False,False,False,False,False,False,False,6,True,2.205019118246133,0.4606901731836444,0.5457397397426725,-0.05214945671562276,0.7035443229719022,-1.4270998139704394,-0.3030714761273341,-0.2708992429446787,1,Mid
41.058,9.39,553.316,563.565,155.171,3.771,45.0,335999.0,-59.294,117.227,13.125,208.957,1541.226,987.91,1529.999,,-112.823,DEU,-59.294,4530.0,453010.0,1529.999,3620.0,241.575,45301010.0,-98.052,235.42,1062.46,2024.0,-117.728,DE000A0DJ6J9,38.758,134.969,2024-12-31,46.823,699.393,88.2,1238.436,289333,SMA SOLAR TECHNOLOGY AG,233.285,553.316,-6.361948215252014,-21.276811080829034,-6.408631639628523,-3.875427369560372,-7.694645552055916,-3.875427369560372,19.056417683933134,-16.496683906092795,1.5191172917086673,0.7133256981411022,0.29876907546972875,0.3175353485093502,23.557025381092714,0.07420352926718186,0.35464183215377826,35.901029440198904,64.09897055980109,-10.442172523961661,,12.732006856878872,0.9927155394471673,405.72765844603555,6.333432681361896,57.63067492200975,15.247395586533063,4.214095469982125,2.197503393574831,29.23205292410068,3.0603287976005213,1.2080860725527631,-159.646,-10.434385904827389,,,2.78543544737546,8.821509033666034,,,-19.64539964360348,-4.974921620430162,-69.58503044723152,-265.66975218961437,5.426339134937974,0.631703926132041,0.010128898811210828,0.01567469266835471,-0.6755921728203186,8.866138806401356,0.0891388503083084,-7.320341079114938,6.925471752266059,0.055840691137759385,0.867733769754151,False,False,False,False,False,False,False,False,False,False,False,False,False,False,False,False,False,False,False,False,False,False,False,False,False,False,False,False,False,False,False,False,False,False,False,False,False,False,False,False,False,False,True,False,False,False,False,False,False,False,False,False,False,False,11,True,0.9903512623751104,0.5513705997257294,1.8846171083215186,-0.05715248961477618,0.7264602477660462,-1.1972010085282159,-0.27091347592518084,0.39402950714823065,1,Mid
63.3,10.0,369.3,157.4,15.5,6.276,20.0,333517.0,-28.9,-21.2,12.1,206.4,1171.6,756.6,1136.3,0.4,108.3,DEU,-28.9,2010.0,201060.0,1136.3,3540.0,319.4,20106020.0,-132.3,445.6,745.3,2019.0,-123.9,DE000A0V9A22,103.4,84.1,2019-12-31,22.9,486.2,88.2,551.0,241840,SCHULER AG,286.4,369.3,-11.29224991464664,-33.54995938261576,-11.643052010912612,-2.5433424271759217,-10.90381061339435,-2.5433424271759217,51.50928451993312,-30.58252427184466,1.5329082682023858,1.2091731797614151,0.42451665981077746,0.4494035376388318,22.115056333219528,0.17140536149471972,0.2133766585431898,31.520996927278937,64.57835438716286,-13.23,,6.725844998292933,0.9698702628883579,181.05481198215423,3.557608015028178,102.59702543342426,25.20461145824166,4.385565418757237,3.5006353240152475,44.878798224650055,2.015312857520021,0.22147001934235974,85.4,7.515620874768988,21.144967682363802,,3.1724884917411313,7.401214468010209,,,-6.253609438165164,-5.0490315260556144,-4.547528517110266,3184.6153846153834,-24.67105263157895,-3.157324460998459,-0.025732878769231513,-0.13516281986856016,0.45670439716668,7.146851054548595,0.10521482754379878,9.243769204506657,7.354999848113174,0.6830885575182309,-0.7216541018234701,False,False,False,True,False,False,False,False,False,True,False,False,False,False,False,False,False,False,False,False,False,False,False,False,False,False,False,False,False,False,False,False,False,False,False,False,False,False,False,False,False,False,False,True,False,False,False,False,False,False,False,False,False,False,6,True,1.5544848915636087,0.7324384246436527,1.9167307176467285,-0.17344369291075945,1.8086635618169342,-1.2940563853863796,0.31914958973933044,0.38018454719743117,1,Mid
