,kmeans,hierarchical,dbscan
kmeans,1.0,0.3533269945935829,0.1765255292652553
hierarchical,0.3533269945935829,1.0,0.0
dbscan,0.1765255292652553,0.0,1.0
