ib,cogs,gsubind,dltt,che,emp,at,ebitda,dlc,isin,gvkey,conm,seq,lct,invt,ebit,fyear,ivch,naics,lt,ggroup,datadate,gind,fincf,xint,oibdp,ceq,sale,dp,xsga,loc,ppent,rect,dvt,capx,sic,xrd,ivst,revt,gsector,oancf,act,roa,roe,ebit_margin,ebitda_margin,net_profit_margin,operating_margin,gross_margin,roc,current_ratio,quick_ratio,cash_ratio,cash_ratio_enhanced,working_capital_ratio,debt_to_equity,total_debt_to_equity,equity_ratio,debt_ratio,interest_coverage,net_debt_to_ebitda,debt_to_assets,asset_turnover,revenue_per_employee,receivables_turnover,days_sales_outstanding,capital_intensity,working_capital_turnover,inventory_turnover,asset_quality,capex_to_revenue,capex_to_depreciation,fcf,fcf_margin,reinvestment_rate,cash_conversion,financial_leverage,rnd_intensity,dividend_payout_ratio,retention_ratio,revenue_growth,asset_growth,employee_growth,fcf_growth,capex_growth,margin_trend,leverage_trend,capex_trend,fcf_trend,margin_volatility,leverage_volatility,cf_to_assets,cashflow_volatility,margin_consistency,growth_quality,ebitda_outlier,ebit_outlier,roa_outlier,roe_outlier,ebit_margin_outlier,ebitda_margin_outlier,net_profit_margin_outlier,operating_margin_outlier,gross_margin_outlier,roc_outlier,current_ratio_outlier,quick_ratio_outlier,cash_ratio_outlier,cash_ratio_enhanced_outlier,working_capital_ratio_outlier,debt_to_equity_outlier,total_debt_to_equity_outlier,equity_ratio_outlier,debt_ratio_outlier,interest_coverage_outlier,net_debt_to_ebitda_outlier,debt_to_assets_outlier,asset_turnover_outlier,revenue_per_employee_outlier,receivables_turnover_outlier,days_sales_outstanding_outlier,capital_intensity_outlier,working_capital_turnover_outlier,inventory_turnover_outlier,asset_quality_outlier,capex_to_revenue_outlier,capex_to_depreciation_outlier,fcf_outlier,fcf_margin_outlier,reinvestment_rate_outlier,cash_conversion_outlier,financial_leverage_outlier,rnd_intensity_outlier,dividend_payout_ratio_outlier,retention_ratio_outlier,revenue_growth_outlier,asset_growth_outlier,employee_growth_outlier,fcf_growth_outlier,capex_growth_outlier,margin_trend_outlier,leverage_trend_outlier,capex_trend_outlier,fcf_trend_outlier,margin_volatility_outlier,leverage_volatility_outlier,cashflow_volatility_outlier,margin_consistency_outlier,growth_quality_outlier,years_available,latest_year,cluster,cluster_name,proximity_score,profitability_score,liquidity_score,leverage_score,efficiency_score,cashflow_score,structure_score,relative_score,overall_score
342.446,1771.527,35202010.0,1198.796,308.001,11.667,5237.176,811.538,25.363,DE0007251803,214700,STADA ARZNEIMITTEL AG,1087.889,2607.51,1098.103,597.696,2023.0,,325412.0,4078.689,3520.0,2023-12-31,352020.0,-275.677,205.643,811.538,1087.889,3734.843,213.842,1058.977,DEU,448.143,782.005,88.2,97.426,2834.0,114.627,116.314,3734.843,35.0,543.299,2245.783,11.412562801021007,31.478027629657078,16.00324297433654,21.728838400971608,9.168953018908695,21.728838400971608,52.5675644197092,26.13809947587884,0.8612749327902864,0.4401440454686654,0.1181207358744549,0.1627280432289808,-6.906909372532072,1.1019469817233194,1.1252609411438117,20.77243537356773,77.87954806177984,2.906473840587815,1.12891571312742,23.37441017830984,0.7131406315159161,320.1202537070369,4.775983529517075,76.42404915012492,11.998978270304802,,1.6132612332358622,20.812857921902943,2.608570159441776,0.4555980583795512,445.873,11.938199276381898,17.932298789432707,90.89888505193274,4.814072023892145,3.069124994009119,25.755885599481378,74.24411440051863,-1.6423650330361197,-9.002933631538369,-11.499658651293332,-32.92691915993365,31.96169526879682,0.3161186484672494,0.0514032999055952,0.0283963793289351,0.5169261219865164,1.9875906892154205,0.6409153663650177,10.373892341979722,1.811648128343276,0.2318770490790825,0.165620721648048,False,False,False,False,False,False,False,False,False,False,False,False,False,False,False,False,False,False,False,False,False,False,False,False,False,False,False,False,False,False,False,False,False,False,False,False,False,False,False,False,False,False,False,False,False,False,False,False,False,False,False,False,False,False,10,True,0,High Performers,33.965695831907425,50.77813184876025,53.70097808671993,59.80919804592871,84.0190046429798,95.26311840079084,85.84793538064245,51.80985414541398,42.325675203554866
297.6,1736.329,50102010.0,424.0,181.6,3.196,3342.0,524.471,273.1,DE000A0Z2ZZ5,205934,FREENET AG,1489.2,1149.5,46.7,379.455,2024.0,,517312.0,1857.8,5010.0,2024-12-31,501020.0,-306.6,29.026,524.471,1489.2,2502.3,145.016,115.0,DEU,330.81,426.55,88.2,43.7,4812.0,23.308,0.0,2502.3,50.0,370.7,818.1,11.354129263913824,19.983883964544724,15.16424889102026,20.95955720736922,11.893058386284618,20.95955720736922,30.61067817607801,19.833524984319464,0.7117007394519357,0.6710743801652892,0.1579817311874728,0.1579817311874728,-9.916217833632556,0.284716626376578,0.4681036798280956,44.56014362657092,55.58946738479952,13.07293461034934,0.9828951457754576,20.858767205266307,0.7487432675044884,782.9474342928661,5.866369710467707,62.21905846621108,13.220237381608918,,37.180492505353314,18.197187312986237,1.7463933181473046,0.3013460583659734,327.0,13.067977460736122,11.788508227677369,97.69274354007722,2.244157937147462,0.9314630539903288,29.63709677419355,70.36290322580645,-5.6376800663700095,-2.134762364930165,-13.387533875338754,-4.497663551401865,-21.402877697841728,0.2341635920855141,-0.0324510887955778,0.0942780207374616,0.4941639748726735,2.497609395369671,0.4815695622178052,11.092160383004188,1.64079002328772,0.0966901846198581,0.7530993208542217,False,False,False,False,False,False,False,False,False,False,False,False,False,False,False,False,False,False,False,False,False,False,False,False,False,False,False,False,False,False,False,False,False,False,False,False,False,False,False,False,False,False,False,False,False,False,False,False,False,False,False,False,False,False,11,True,0,High Performers,37.39185116799615,53.95293114859341,48.13263787406788,84.66419280236491,86.82433616640654,95.46177286693953,95.1815924718163,48.22874214620042,47.23739640211461
3124.0,7884.0,45103010.0,6720.0,11087.0,109.121,74122.0,9422.0,3433.0,DE0007164600,103487,SAP SE,45440.0,19079.0,0.0,8142.0,2024.0,,513210.0,28314.0,4510.0,2024-12-31,451030.0,-3412.0,545.0,9422.0,45440.0,34176.0,1280.0,10276.0,DEU,4337.0,7828.0,2741.0,797.0,7372.0,6603.0,1478.0,34176.0,45.0,5220.0,21401.0,10.984592968349478,6.875000000000001,23.82373595505618,27.569054307116104,9.140917602996254,27.569054307116104,76.9311797752809,15.609662576687116,1.1217044918496777,1.1217044918496777,0.5811101210755281,0.658577493579328,3.132673160465179,0.1478873239436619,0.2234375,61.30433609454683,38.19918512722269,14.939449541284404,-0.099129696455105,13.697687596125308,0.4610776827392677,313.1936107623648,4.365866121614716,83.60311329588015,12.690191947565545,14.718346253229974,,25.518739375623973,2.3320458801498125,0.62265625,4423.0,12.941830524344567,15.268199233716476,64.1120117907148,1.631205985915493,19.32057584269663,87.74007682458387,12.259923175416134,9.513891114173113,8.468573937221047,1.411683797698915,-20.263205336217773,1.5286624203821653,-0.4645395458999519,-0.0181451128191902,-0.2241374508052263,0.1373582371713566,2.746373490621218,0.1247602609288323,7.042443539030248,1.930148409512513,0.314716034555312,-0.4500436442306867,True,True,False,False,False,False,False,False,False,False,False,False,False,False,False,False,False,False,False,False,False,False,False,False,False,False,False,False,False,False,False,False,True,False,False,False,False,False,False,False,False,False,False,False,False,False,False,False,False,False,False,False,False,False,11,True,0,High Performers,27.505467377402283,36.8218655303421,74.96556683928647,52.98932583530467,66.39587990413355,93.59516839272615,90.70505332118113,53.54574632320167,33.62487462617983
3592.0,26614.0,25102010.0,7160.0,9151.0,39.463,53527.0,8647.0,4175.0,DE000PAG9113,354519,DR ING  H C F PORSCHE AG,23043.0,14343.0,6130.0,5712.0,2024.0,343.0,336110.0,30471.0,2510.0,2024-12-31,251020.0,-1679.0,316.0,8647.0,23043.0,40083.0,2935.0,4958.0,DEU,14330.0,4573.0,2100.0,2174.0,3711.0,2033.0,2767.0,40083.0,25.0,6353.0,20288.0,10.6712500233527,15.588248057978562,14.250430357009206,21.572736571613905,8.961405084449767,21.572736571613905,33.60277424344485,18.912028606429825,1.414487903506937,0.9871017220944016,0.6380115735899045,0.830927978804992,11.10654436078988,0.3107234301089268,0.4919064357939504,43.04930222130887,56.92641097016459,18.075949367088608,0.2525731467561004,21.17622881910064,0.748837035514787,1015.7109190887668,8.765143232013996,41.64221739889729,35.75081705461168,6.742304457527334,4.341598694942904,25.639396939862124,5.423745727615199,0.7407155025553662,4179.0,10.425866327370706,34.22005351802298,111.2219887955182,2.322918022826889,5.07197565052516,58.46325167037863,41.536748329621375,-1.1028867505551432,6.105417566951443,0.5503605371111275,-16.536848412222895,7.837301587301582,0.1139993337138119,0.0227372212801663,-1.1226496373351766,1.497088814096868,2.031902419035604,0.0648262587164816,11.868776505315076,2.0989337188704567,0.0146894559869699,0.6251670892980747,True,True,False,False,False,False,False,False,False,False,False,False,False,False,False,False,False,False,False,False,False,False,False,False,False,False,False,False,False,False,False,False,True,False,False,False,False,False,False,False,False,False,False,False,False,False,False,False,False,False,False,False,False,False,7,True,0,High Performers,56.93359825561997,58.61345905009636,98.85566694356312,88.29625280128177,89.1257060256554,96.63891293813084,95.77259006176052,51.20713308070505,56.69461229624375
912.0,3775.0,30302010.0,0.0,2503.0,22.791,13011.0,1671.0,114.0,DE0005200000,100083,BEIERSDORF AG,8475.0,3696.0,1612.0,1356.0,2024.0,,325620.0,4516.0,3030.0,2024-12-31,303020.0,-1029.0,45.0,1671.0,8475.0,9850.0,315.0,4076.0,DEU,2719.0,2042.0,223.0,437.0,2844.0,354.0,1296.0,9850.0,30.0,1231.0,6441.0,10.42195065713627,10.761061946902654,13.766497461928934,16.96446700507614,9.258883248730964,16.96446700507614,61.6751269035533,16.0,1.7426948051948052,1.306547619047619,0.6772186147186147,1.0278679653679654,21.097532856813466,0.0,0.0134513274336283,65.13719160710168,34.70909230650987,30.133333333333333,-1.4296828246558946,0.8761816924141111,0.7570517254630698,432.18814444298187,4.823702252693438,75.66802030456853,27.604060913705585,3.588342440801457,2.34181141439206,34.931980631773115,4.436548223350254,1.3873015873015873,794.0,8.060913705583756,35.49959382615759,90.78171091445428,1.535221238938053,3.5939086294416245,24.451754385964914,75.54824561403508,4.265904519953434,3.024784226779631,3.7936059750432793,87.26415094339623,-15.473887814313349,-0.1521733838461118,0.0014112453995748,0.1914147622911139,-0.09660360856517,0.969901098575644,0.0208567178442092,9.461225117208516,2.0022533568888843,0.2707791238919422,0.0118690843335776,False,False,False,False,False,False,False,False,False,False,False,False,False,False,False,False,False,False,False,False,False,False,False,False,False,False,False,False,False,False,False,False,False,False,False,False,False,False,False,False,False,False,False,False,False,False,False,False,False,False,False,False,False,False,11,True,0,High Performers,35.10479524186704,52.713371987135574,71.90372065884412,47.49375400116723,90.63489001897815,95.65393127495203,90.02337672748682,54.12250091140979,42.929201397137376
1780.0,6760.0,45301020.0,4595.0,2201.0,58.065,28639.0,4828.0,573.0,DE0006231004,132740,INFINEON TECHNOLOGIES AG,17219.0,5146.0,3990.0,2963.0,2024.0,10.0,334413.0,11420.0,4530.0,2024-09-30,453010.0,-615.0,157.0,4828.0,17219.0,14955.0,1865.0,1412.0,DEU,6476.0,2770.0,455.0,2432.0,3674.0,2558.0,395.0,14955.0,45.0,2780.0,9793.0,10.346031635182792,10.337417968523145,19.81277164827817,32.283517218321634,11.90237378803076,32.283517218321634,54.79772651287195,13.583020078848444,1.9030314807617568,1.127671978235523,0.4277108433734939,0.5044694908666926,16.2261252138692,0.2668563795806957,0.300133573378245,60.124306016271525,39.87569398372848,18.872611464968152,0.6145401822700911,18.045322811550683,0.522190020601278,257.55618703177475,5.398916967509026,67.60615178869942,43.3032430625209,3.2182052937378955,1.694235588972431,17.357449631621215,16.262119692410565,1.3040214477211796,348.0,2.3269809428284853,87.4820143884892,93.82382720215998,1.663220860677159,17.10464727515881,25.56179775280899,74.43820224719101,-8.302164449077198,0.70325960828439,-0.8960573476702649,-71.49877149877149,-11.20847024461482,1.045090374696417,0.0194415793048537,0.3902246472647871,0.0763927750024315,4.675615587678315,0.1857166236036557,9.70704284367471,2.8184744444689387,0.5495697063287116,0.0346232615737799,True,True,False,False,False,False,False,False,False,False,False,False,False,False,False,False,False,False,False,False,False,False,False,False,False,False,False,False,False,False,False,False,False,False,False,False,False,False,False,False,False,False,False,False,False,False,False,False,False,False,False,False,False,False,11,True,0,High Performers,36.55145824312293,50.549474749395664,79.00752363125109,54.85340963400651,70.66939855187093,95.80077366688764,90.93356663746917,53.91602297610004,40.8162289933096
318.867,1989.932,50202010.0,96.723,1748.388,4.434,4067.28,496.411,24.575,DE0005470306,234919,CTS EVENTIM AG & CO KGAA,1026.957,2497.395,15.555,418.33,2024.0,,561599.0,2884.745,5020.0,2024-12-31,502020.0,-193.853,12.323,496.411,1026.957,2808.579,78.081,309.873,DEU,217.881,353.584,159.346,142.276,7990.0,15.39,229.785,2808.579,50.0,506.419,2406.091,10.285252060344996,31.04969341462203,14.894720782288836,17.67480993057343,11.353321377109207,17.67480993057343,29.148085206077525,37.22857041150505,0.963440304797599,0.9572118147109288,0.7000846882451515,0.7920945625341606,-2.244841761570388,0.0941840797618595,0.118114000878323,25.249232902578623,70.92565547491198,33.94709080581027,-3.277707383599477,2.982287917232155,0.6905300348144214,633.4188092016238,7.9431733336350065,45.951408167617856,7.757695261553973,,127.92876888460304,51.680041698629054,5.06576457347292,1.822159039971312,364.143,12.965382138084774,28.094522519889654,121.05729926134867,3.960516360470789,0.5479639347869509,49.97255909203523,50.02744090796477,19.08064778728644,27.287902785901608,25.43140028288544,-25.79035857304437,2.04555887078266,-1.5039697320762582,-0.0345877774323092,0.3551110241865341,0.3248755201716945,21.20389538993195,0.2043468968732351,12.451048366475876,8.660978644354024,0.0553400530688317,-0.0379195654339278,False,False,False,False,False,False,False,False,False,False,False,False,False,False,False,False,False,False,False,False,False,False,False,False,False,False,False,False,True,False,False,False,False,False,False,False,False,False,False,False,False,False,False,False,False,False,False,False,False,True,False,False,False,False,11,True,0,High Performers,43.49359091021036,59.404252926854674,62.55004967990494,67.88408227790312,81.22788407984027,96.63991988565034,91.80444428959619,47.94315590223546,48.250877789221434
902.5,5286.4,55101010.0,2631.7,751.9,10.899,14577.8,2114.5,485.4,,210359,EWE-ENERGIEVERSORGUNG WESER,3931.6,3532.2,538.7,1484.9,2024.0,,221122.0,9869.5,5510.0,2024-12-31,551010.0,-4.0,136.5,2114.5,3931.6,8857.5,629.6,1113.1,DEU,7364.7,2066.8,176.166,1049.5,4931.0,0.3,295.9,8857.5,55.0,931.2,4318.1,10.186036301773932,22.955031030623665,16.764324019192774,23.872424499012137,10.189105278012985,23.872424499012137,40.317245272368055,22.6242896104094,1.2224958949096882,1.069984712077459,0.2128701659022705,0.2966423192344714,5.391074098972414,0.669371248346729,0.7928324346322108,26.969775960707377,67.70225960021403,10.87838827838828,1.1185623078742015,21.382513136412904,0.607601970118948,812.6892375447289,4.28561060576737,85.16872706745696,83.14648602878916,11.270517877592562,9.813254130313716,19.335565037248426,11.848715777589614,1.6669313850063532,-118.29999999999995,-1.3355913068021446,112.70403780068727,62.711293689810766,3.7078543086784,0.0033869602032176,19.5197783933518,80.4802216066482,-13.854308500291769,-7.67174823137482,0.4979253112032955,-83.30981941309255,7.596883329915927,0.646014588903901,-0.0351814325492376,0.660044803088862,-0.3423537794855312,5.201134723670325,0.2139739940165576,6.3877951405561895,1.870457939381924,0.169699721653549,0.2579857031355256,False,False,False,False,False,False,False,False,False,False,False,False,False,False,False,False,False,False,False,False,False,False,False,False,False,False,False,False,False,False,False,False,False,False,False,False,False,False,False,False,False,False,False,False,False,False,False,False,False,False,False,False,False,False,11,True,0,High Performers,45.512147637174216,58.371777842632696,81.28169939268479,71.65549691968334,66.44526715526847,93.58201785765199,93.64565956955555,52.13384108623262,47.01155438865483
804.0,4692.0,20101010.0,1871.0,1253.0,28.539,14344.0,1806.0,552.0,DE0007030009,100312,RHEINMETALL AG,4050.0,6782.0,3989.0,1420.0,2024.0,,332994.0,9880.0,2010.0,2024-12-31,201010.0,-234.0,135.0,1806.0,4050.0,9751.0,386.0,2383.0,DEU,1661.0,2848.0,352.0,732.0,3480.0,330.0,69.0,9751.0,20.0,1720.0,8231.0,9.899609592861127,19.85185185185185,14.562608963183262,18.521177315147163,8.245308173520664,18.521177315147163,51.881858270946566,23.98243539942577,1.2136537894426422,0.6254792096726629,0.1847537599528163,0.1949277499262754,10.101784718349135,0.4619753086419753,0.5982716049382716,28.234802007808145,68.87897378694925,10.51851851851852,0.6478405315614618,16.89208031232571,0.6797964305633017,341.67279862644097,3.423806179775281,106.60650189724132,17.034150343554508,6.729468599033816,1.176234645274505,28.590351366424983,7.506922366936725,1.8963730569948187,988.0,10.132294123679625,42.55813953488372,121.12676056338027,3.541728395061728,3.3842682801763924,43.78109452736319,56.21890547263681,35.883500557413605,22.52498505167848,15.295115743546251,186.3768115942029,83.91959798994975,1.0327341372410506,-0.0067134414545788,0.060298832520116,0.7267969321845053,3.627016880404304,0.1184222070824454,11.991076408254322,3.054783778009728,0.8918064260790117,0.2234434608279311,False,False,False,False,False,False,False,False,False,False,False,False,False,False,False,False,False,False,False,False,False,False,False,False,False,False,False,False,False,False,False,False,False,False,False,False,False,False,False,False,False,False,False,False,False,False,False,False,False,False,False,False,False,False,11,True,0,High Performers,52.58395275563594,59.08248131841395,91.45673880105117,74.26702271165836,82.67848544948184,97.23620884450712,94.87633913602515,52.37184077180845,52.67855245452528
77.349,1376.112,25101010.0,551.911,311.18,4.935,1711.869,250.851,233.464,DE000SAFH001,285715,SAF HOLLAND SE,523.463,511.747,291.469,166.266,2024.0,6.529,3362.0,1184.769,2510.0,2024-12-31,251010.0,-49.043,41.016,250.851,523.463,1876.747,84.585,216.411,DEU,357.167,191.732,38.6,48.505,3700.0,40.97,10.45,1876.747,25.0,200.652,857.25,9.712542256446024,14.776402534658612,8.859265526999643,13.366266204235306,4.121439917047956,13.366266204235306,26.67567871428594,15.461225582913482,1.6751441630336863,1.1055873312398508,0.608073911522686,0.6284941582461646,20.182794361017116,1.0543457703791863,1.500344819022548,30.57844963604108,69.2090925181775,4.05368636629608,1.8903452647188967,45.87821848517615,1.096314612858811,380.2932117527863,9.788386915068951,37.28908584907821,19.031174686838447,5.431926785006209,4.721297976800278,29.37794889679059,2.584525245011714,0.5734468286339186,152.147,8.106953148186728,24.173693758347788,120.68131788820324,3.270276982327309,2.1830326623673835,49.90368330553724,50.096316694462764,-10.892900383159954,3.640405657310253,-6.071564522268746,2.918157650862785,-11.637185069134492,0.1035904786795682,0.0395115443921096,0.0359147766821619,0.5072179833176997,1.0576754382713478,0.2763706036758689,11.721223995527694,3.5884403626109243,0.1055182370741443,-0.085521161814018,False,False,False,False,False,False,False,False,False,False,False,False,False,False,False,False,False,False,False,False,False,False,False,False,False,False,False,False,False,False,False,False,False,False,False,False,False,False,False,False,False,False,False,False,False,False,False,False,False,False,False,False,False,False,11,True,0,High Performers,53.80580818575728,66.00693411444004,74.54457007626864,78.3444194791561,77.6339462989167,97.50831629942067,96.92218369717037,51.877566306909294,54.20324398994404
213.468,1280.106,25203010.0,1007.369,210.622,18.623,3782.421,728.223,395.753,DE000A1PHFF7,102250,HUGO BOSS AG,1426.972,1204.131,1071.561,360.821,2024.0,2.623,315.0,2332.31,2520.0,2024-12-31,252030.0,-404.728,56.231,728.223,1426.972,4307.349,367.402,2289.476,DEU,1544.336,408.737,96.623,228.584,2300.0,89.968,0.0,4307.349,25.0,785.511,1852.58,9.53941932957754,14.959508665902344,8.37686939228746,16.906524175310615,4.955902110555703,16.906524175310615,70.28088506410788,14.82212229100196,1.5385203104977778,0.6486163050365782,0.1749161843686442,0.1749161843686442,17.14375528266155,0.7059486801422873,0.9832862873272916,37.7264191373726,61.66182981746348,6.416762995500703,1.637547839054795,37.09587060774039,1.138780955372234,231.29189711646887,10.53819204035847,34.63592223430235,35.85351453991771,6.642540893732585,1.1946179452219707,16.374671143164658,5.306837221687864,0.6221631890953234,556.9269999999999,12.929692950350663,29.10003806439375,217.70102072772923,2.650662381602442,2.0887093198159703,45.26345869170087,54.73654130829913,2.6180124689723083,8.9511465241338,-0.613726118048874,285.02226093689507,-8.197353360509252,-1.0818589936119924,0.1120279077727786,0.0426896416319978,-0.0728124900860485,6.533374248348302,0.5095922736971833,20.767413251988607,5.745558804631129,0.3016191640118827,0.2973842866180331,False,False,False,False,False,False,False,False,False,False,False,False,False,False,False,False,False,False,False,False,False,False,False,False,False,False,False,False,False,False,False,False,False,False,False,False,False,False,False,False,False,False,False,False,False,False,False,False,False,False,False,False,False,False,11,True,0,High Performers,47.82947225193928,52.3243997941106,82.99373192104342,96.17299974946732,74.63899342270838,95.32831415555005,98.27157444268192,55.41165813066249,50.40981784795082
398.162,3288.165,20106020.0,124.639,638.313,18.347,6032.165,732.31,170.137,DE0006602006,100368,GEA GROUP AG,2423.749,2620.045,775.678,562.352,2024.0,5.804,3332.0,3608.021,2010.0,2024-12-31,201060.0,-483.943,49.717,732.31,2423.749,5422.129,169.958,1280.105,DEU,925.441,1264.576,189.733,237.105,3550.0,153.85,0.0,5422.129,20.0,710.118,2776.052,9.322556660834046,16.42752611759716,10.371424213625312,13.505949415810653,7.343277889552239,13.505949415810653,39.356570085293065,22.06696939398553,1.0595436337925497,0.7634884133669461,0.2436267316019381,0.2436267316019381,2.58625219966629,0.0514240542234365,0.1216198542010744,40.18041615240962,59.81303561822331,11.311060603013054,-0.469114172959539,4.886736354194555,0.8988694772109185,295.5321850983812,4.287705128042917,85.12712257491478,17.06785286738844,34.75567762984993,4.23908503270687,31.54570539764745,4.372913296603604,1.3950799609315243,473.013,8.723750393987308,33.389521178170384,126.276424730418,2.488774621464517,2.8374463241284005,47.652211913743656,52.34778808625634,0.9051471380523424,1.3086461843609063,-2.269216427848497,54.98155344259288,3.828570427654343,0.2639485037882495,-0.0001746025753819,0.237246102330013,0.4389229556919149,2.46568109363861,0.0725319213396251,11.77219124476867,3.321121910068246,0.1260541894012099,-0.3047544360852852,False,False,False,False,False,False,False,False,False,False,False,False,False,False,False,False,False,False,False,False,False,False,False,False,False,False,False,True,False,False,False,False,False,False,False,False,False,False,False,False,False,False,False,False,False,False,False,False,False,False,False,False,False,False,11,True,0,High Performers,61.20492429772669,70.01630591327786,73.08033064207726,91.8484865155653,91.99129033356428,97.7584902175958,97.02916772577878,49.12217873270045,61.46877310333742
170.43,1073.407,20106020.0,39.285,137.938,7.498,2544.259,307.915,35.149,DE0005878003,101937,DMG MORI AG,1419.503,964.615,714.117,237.066,2024.0,4.81,3335.0,1094.563,2010.0,2024-12-31,201060.0,-176.324,12.437,307.915,1419.503,2235.785,70.849,662.307,DEU,456.516,709.185,88.2,37.147,3540.0,85.737,1.774,2235.785,20.0,171.974,1642.446,9.317683459113244,12.006314886266532,10.603255679772433,13.772120306737904,7.622825987293054,13.772120306737904,51.98970384003828,16.25088772323326,1.7026958942168635,0.9623829196104144,0.1429979836515086,0.1448370593449199,26.641587982984436,0.0276751792704911,0.0524366626910968,55.79239377752029,43.0208952783502,19.06134919996784,-0.2062387347157494,2.92556693324068,0.8787568404002893,298.18418244865296,3.152611800870013,115.77702015175878,20.41860017846081,3.298440171665209,1.503124838086756,33.29547031178822,1.661474605116324,0.5243122697568067,134.827,6.0304099007731065,21.60035819368044,72.54266744282182,1.7923590157963738,3.834760497990639,51.751452209118106,48.24854779088189,-10.989016676433872,-8.07479290932811,-0.2262142381902809,12.482376006340456,-47.39353943324883,0.1674330152457275,0.0003455489000788,-0.2301677019405922,0.4936669070791427,1.8554738142197376,0.0158563811697968,6.759296125119336,2.103300434638087,0.0895705462111298,0.3422155868631784,False,False,False,False,False,False,False,False,False,False,False,False,False,False,False,False,False,False,False,False,False,False,False,False,False,False,False,False,False,False,False,False,False,False,False,False,False,False,False,False,False,False,False,False,False,False,False,False,False,False,False,False,False,False,11,True,0,High Performers,43.86637700076172,64.96590474135397,60.94647207295285,61.64338670355433,94.3327827013683,94.57442393895845,91.86117850853859,53.25964048746175,50.85398782413616
37.414,1813.551,45202030.0,4.677,130.356,8.786,1638.437,205.53,344.565,DE000A0CAYB2,270249,DIEBOLD NIXDORF AG,359.841,1086.104,211.075,152.23,2018.0,3.817,334111.0,1249.278,4520.0,2018-12-31,452020.0,-16.119,6.265,205.53,359.841,2399.846,53.3,276.755,DEU,100.102,555.913,88.2,34.552,7372.0,87.872,0.0,2399.846,45.0,81.68,1031.011,9.291172013327335,10.397369949505476,6.343323696603866,8.56429954255398,1.5590167035718128,8.56429954255398,24.430525958749023,41.76199803576229,0.949274655097486,0.7549332292303499,0.1200216553847513,0.1200216553847513,-3.362533927151308,0.0129974071881747,0.9705453241848484,21.96245568184801,76.24815601698448,24.29848363926576,1.0649832141293245,21.315558669634537,1.464716678151189,273.1443205099021,4.316945277408515,84.55052740884207,4.171184317660384,,8.591974416676537,41.88558974193088,1.4397590512057856,0.6482551594746717,47.12800000000001,1.9637926766967548,42.30166503428011,53.65565263088749,4.553224896551532,3.661568283964888,235.74063184904048,-135.74063184904048,1.613772598341967,3.134373172575589,4.284866468842719,-64.00051942893373,0.3689179375453877,0.3193189417977098,0.1219090801466359,-0.2280670258355187,0.5259782619628286,0.8212851867279339,0.2524548799190266,4.98523898080915,2.1468009426106813,0.3779213193661512,-0.7095106278307913,False,False,False,False,False,False,False,False,False,False,False,False,False,False,False,False,False,False,False,False,False,False,False,False,False,False,False,False,False,False,False,False,False,False,False,False,False,False,True,True,False,False,False,False,False,False,False,False,False,False,False,False,False,False,5,True,0,High Performers,35.566291750096426,67.36545011501154,60.389687032593265,61.84802686669227,52.914161981302776,93.30069029708378,87.62603838854241,46.41540928122574,41.82153370690553
2007.0,10009.0,30301010.0,2642.0,3488.0,47.15,35267.0,3673.0,1647.0,DE0006048432,101942,HENKEL AG & CO KGAA,21732.0,9089.0,2568.0,3018.0,2024.0,473.0,3256.0,13445.0,3030.0,2024-12-31,303010.0,171.0,113.0,3673.0,21732.0,21586.0,655.0,7259.0,DEU,3802.0,4144.0,850.368,626.0,2840.0,634.0,599.0,21586.0,30.0,3120.0,11031.0,8.55757507017892,9.235229155162894,13.98128416566293,17.015658297044382,9.297692949133696,17.015658297044382,53.63198369313445,12.382046442930992,1.2136648696226209,0.9311255363626362,0.383760589723842,0.4496644295302013,5.506564210168146,0.1215718755751886,0.197358733664642,61.62134573397226,38.12345819037628,26.707964601769916,0.2180778655050367,12.161510760767856,0.6120736098902657,457.8154825026512,5.208976833976834,70.07134253682942,17.613267858797368,11.115345005149331,3.897585669781932,21.64062721524371,2.90002779579357,0.9557251908396946,2494.0,11.553784860557768,20.06410256410257,103.37972166998011,1.6228142830848518,2.9370888538867783,42.37010463378177,57.62989536621823,0.3346657990145996,11.154185577407972,-1.2565445026178068,-5.780128447298827,2.960526315789469,-0.4888991048820371,0.000863179950309,-0.0340206039235955,-0.0389909689786958,2.383246050438567,0.0606688304581914,8.846797289250574,2.060570200843216,0.4629066347167239,-0.4927676257901252,False,True,False,False,False,False,False,False,False,False,False,False,False,False,False,False,False,False,False,False,False,False,False,False,False,False,False,False,False,False,False,False,True,False,False,False,False,False,False,False,False,False,False,False,False,False,False,False,False,False,False,False,False,False,11,True,0,High Performers,42.74069013413489,64.70411769605302,81.45980893528727,52.500769132283686,77.57375668550169,96.02296153379729,90.64525071515781,50.743591246515926,46.923240008918185
6260.0,58576.0,25102010.0,0.0,13436.0,87.736,73447.0,6281.0,0.0,DE0006757008,101120,AUDI AG,33839.0,24380.0,7966.0,6281.0,2023.0,,336111.0,39608.0,2510.0,2023-12-31,251020.0,-4312.0,39.6845,6281.0,33839.0,69865.0,0.0,4148.0,DEU,0.0,5598.0,88.2,3251.0,3711.0,4024.0,0.0,69865.0,25.0,11135.0,38217.0,8.55174479556687,18.499364638434944,8.99019537679811,8.99019537679811,8.960137407858012,8.99019537679811,16.158305303084518,18.56142320990573,1.5675553732567675,1.2408121410992616,0.5511074651353568,0.5511074651353568,18.839435239015888,0.0,0.0,46.07267825779133,53.92732174220867,158.27338129496405,-2.1391498169081355,0.0,0.9512301387394992,796.3093826935351,12.48035012504466,29.245974379159808,0.0,5.049143600491436,7.353251318101933,25.915285852383352,4.653259858298147,,7884.0,11.28462033922565,29.19622810956444,177.28068778856868,2.1704837613404653,5.759679381664639,1.4089456869009584,98.59105431309904,13.136203909121823,3.721120714003279,-0.2954679758170764,5.99623554719011,25.52123552123553,0.0229368033397053,-0.0097981556039968,-0.2419078081522646,0.8480422293589029,2.0839654010299893,0.0343645372814904,15.160591991504075,2.5819153264695776,0.0011104428507367,-0.1208979298136653,True,True,False,False,False,False,False,False,False,False,False,False,False,False,False,False,False,False,False,True,False,False,False,False,False,False,False,False,False,False,False,False,True,False,False,False,False,False,False,False,False,False,False,False,False,False,False,False,False,False,False,False,False,False,10,True,0,High Performers,56.50606066829664,65.75640167662932,78.54534880722241,80.205787147461,81.97296709858787,97.64486400180155,94.63206012587807,48.62066828837638,56.0702283821788
478.224,2739.073,15101050.0,1648.716,709.492,12.956,8324.708,1005.062,897.068,DE000SYM9999,281772,SYMRISE AG,3981.18,1925.204,1283.31,709.061,2024.0,,325620.0,4305.061,1510.0,2024-12-31,151010.0,-281.876,79.893,1005.062,3981.18,4998.513,296.001,998.114,DEU,1749.839,1070.501,167.7,227.423,2844.0,275.649,0.0,4998.513,15.0,894.914,3106.288,8.517548002884906,12.012117010534563,14.185438749484096,20.107219887194454,9.567325322550928,20.107219887194454,45.20224314711195,12.594566578139275,1.6134851163824715,0.9469012115079752,0.3685282183082936,0.3685282183082936,14.187692829586334,0.4141274697451509,0.6394546340532203,47.82365940042581,51.71425832593767,8.875132990374626,1.8270435057737728,30.58106062098514,0.6004430425667783,385.80680765668416,4.669321186995622,78.16982070467758,35.00719113864464,4.232140135671975,2.134381404337222,21.3820472742107,4.549813114420228,0.7683183502758437,667.491,13.353791417567583,25.41283296495529,126.2111440341522,2.091015226641348,5.514620048002276,35.06724882063635,64.93275117936365,5.672629855859812,6.106533676845904,2.370417193426033,41.82653796221734,-8.617017856855835,-0.1639514460331436,-0.0382411793988295,-0.0151635833486043,0.0605568994146587,0.9746357666051833,0.1524070331727434,10.750094778099124,1.6883816613494942,0.311270883538305,-0.530394311251048,False,False,False,False,False,False,False,False,False,False,False,False,False,False,False,False,False,False,False,False,False,False,False,False,False,False,False,False,False,False,False,False,False,False,False,False,False,False,False,False,False,False,False,False,False,False,False,False,False,False,False,False,False,False,11,True,0,High Performers,58.60125611863859,69.14650579056104,89.34137788002981,77.56136483641737,77.14189002145304,96.75963983128229,94.0428642214648,53.189457270014366,56.59722359242734
118.1,1359.5,20106020.0,37.5,369.3,12.3985,2867.9,334.1,20.8,DE0006292030,101390,KSB SE & CO KGAA,1092.5,983.0,764.8,243.2,2024.0,1.3,3339.0,1532.5,2010.0,2024-12-31,201060.0,-88.8,20.5,334.1,1092.5,2967.4,90.9,1026.1,DEU,667.8,784.8,46.635,135.0,3560.0,69.0,0.0,2967.4,20.0,268.6,1938.0,8.480072526936084,10.810068649885585,8.195726898968795,11.259014625598168,3.979915077171935,11.259014625598168,54.18548224034508,21.522123893805308,1.9715157680569684,1.1934893184130213,0.3756866734486266,0.3756866734486266,33.299626904703786,0.034324942791762,0.0533638443935926,38.0940758045957,53.4363122842498,11.86341463414634,-0.9308590242442382,2.0328463335541684,1.0346943756755815,239.335403476227,3.7810907237512743,96.53299184471253,22.504549437217765,3.1072251308900523,1.7775889121338913,40.24198891174727,4.549437217766394,1.4851485148514851,133.60000000000002,4.5022578688414105,50.26061057334326,110.44407894736842,2.6250800915331807,2.325267911302824,39.48772226926334,60.51227773073666,5.1916253655244216,7.419266998998819,-22.69297917446067,-23.149048279194417,26.806999746386005,0.4410495948978004,-0.0254726661718426,0.0761367963629715,0.2430585178199154,1.8354355116224008,0.0972205220403542,9.365737996443393,3.0125366934278937,0.635168979838396,-0.3195692048150439,False,False,False,False,False,False,False,False,False,False,False,False,False,False,False,False,False,False,False,False,False,False,False,False,False,False,False,False,False,False,False,False,False,False,False,False,False,False,False,False,False,False,False,False,False,False,False,False,False,False,False,False,False,False,11,True,0,High Performers,42.96747040230293,68.44548314549958,48.39217721687425,92.22098866252423,82.91274203409915,96.97788321407401,98.07419016737707,53.39263596906443,52.53509496138838
91.0,669.586,45203010.0,463.899,85.573,4.071,1740.009,220.135,17.217,DE000A2NB601,218000,JENOPTIK AG,960.337,260.817,267.009,147.082,2024.0,,333310.0,772.813,4520.0,2024-12-31,452030.0,-62.385,22.468,220.135,960.337,1115.787,73.053,165.76,DEU,419.917,232.805,21.75,83.235,3827.0,99.441,0.676,1115.787,45.0,167.12,588.719,8.452944783618936,9.475840251911569,13.181906582528743,19.729123927774744,8.15567845834375,19.729123927774744,39.989800920785065,10.32708062427856,2.257210994682095,1.233470210914166,0.3280959446661835,0.3306878002584187,18.84484505539914,0.4830585513210467,0.500986632817438,55.19149613593952,44.414310500692814,6.546288054121417,1.7968201331001432,27.650201809300984,0.6412535797228636,274.0817980840089,4.792796546465927,76.15595539291996,37.634154188926736,3.402806326280413,2.50772820391822,18.2974915646988,7.459757104178485,1.1393782596197282,83.885,7.518011950309512,49.80552896122546,113.62369290599804,1.8118733319657576,8.912184852485286,23.9010989010989,76.0989010989011,4.665737377679058,4.3851745023132604,-11.806759098786824,-5.059136438232148,5.848466351289483,0.4407378857090055,0.0350220547211026,0.383648736051978,0.0072185718835734,1.6762282502380683,0.1878283872328744,9.604548022452756,2.5902597818907727,0.7604788523854166,0.322831167885967,False,False,False,False,False,False,False,False,False,False,False,False,False,False,False,False,False,False,False,False,False,False,False,False,False,False,False,False,False,False,False,False,False,False,False,False,False,False,False,False,False,False,False,False,False,False,False,False,False,False,False,False,False,False,11,True,0,High Performers,48.4737694694396,72.64453858047825,67.6084768676698,63.099883499548135,80.10445294682363,97.12452045402068,92.00217235673882,53.8221585951042,52.24407179584985
445.0,3921.0,20106010.0,2210.0,2263.0,29.051,9614.0,1135.0,964.0,DE000KBX1006,328745,KNORR-BREMSE AKTIE,3045.0,3313.0,1216.0,809.0,2024.0,,336510.0,6487.0,2010.0,2024-12-31,201060.0,630.0,107.0,1135.0,3045.0,7996.0,326.0,2055.0,DEU,1665.0,1626.0,88.2,228.0,3743.0,73.0,0.0,7996.0,20.0,1042.0,5416.0,8.414811732889536,14.614121510673234,10.117558779389697,14.194597298649326,5.56528264132066,14.194597298649326,50.96298149074537,15.394862036156043,1.6347721098702084,1.2677331723513432,0.6830667069121642,0.6830667069121642,21.87434990638652,0.7257799671592775,1.0423645320197044,31.67256084876222,67.47451633035158,7.5607476635514015,0.8026431718061674,33.014354066985646,0.8317037653422092,275.24009500533543,4.917589175891759,74.22336168084043,20.822911455727866,3.802187351402758,3.2245065789473686,40.45142500520075,2.851425712856428,0.6993865030674846,814.0,10.18009004502251,21.8809980806142,128.80098887515453,3.1573070607553366,0.9129564782391196,19.820224719101123,80.17977528089888,-0.5338035793898466,16.553648987544744,-1.4786176959338038,23.25135250946717,-10.289552274041814,-0.6583842840662589,0.0825288748737396,0.0113644563539491,-0.1817173081479756,2.4134139151679683,0.3867440733374963,10.838360723944248,4.264691832593389,0.818630594329998,0.2351002705458458,False,False,False,False,False,False,False,False,False,False,False,False,False,False,False,False,False,False,False,False,False,False,False,False,False,False,False,False,False,False,False,False,False,False,False,False,False,False,False,False,False,False,False,False,False,False,False,False,False,False,False,False,False,False,11,True,0,High Performers,58.81994880695939,70.69611780918738,71.07740125718513,81.67096937574557,94.89356318161714,97.62566008172709,97.78654864120688,53.122883292186174,60.068334499438365
281.6,4269.0,25203020.0,1366.4,368.2,19.599,7140.6,967.5,352.2,DE0006969603,102175,PUMA SE,2827.7,2870.9,2013.7,597.3,2024.0,,316210.0,4312.0,2520.0,2024-12-31,252030.0,-697.8,127.4,967.5,2827.7,8817.2,370.2,5.4,DEU,1882.5,1505.3,90.8,263.0,3021.0,92.0,0.0,8817.2,25.0,694.8,4305.2,8.364843290479792,9.95862361636666,6.774259402077757,10.972871206278636,3.1937576554915394,10.972871206278636,51.5832690650093,14.241434395937148,1.4995994287505658,0.7981817548503953,0.128252464383991,0.128252464383991,20.086547348962267,0.4832195777487004,0.6077731018141954,39.60031369912892,60.38708231801249,4.688383045525902,1.395762273901809,24.068005489734755,1.2347981962300087,449.8800959232614,5.857437055736399,62.31394320192351,21.35031529283673,6.147388970229382,2.119978149674728,26.237290983950928,2.9828063330762595,0.7104267963263101,431.8,4.897246291339654,37.85261945883708,116.3234555499749,2.5252325211302478,1.043415143129338,32.24431818181818,67.75568181818181,2.505318716067761,7.5326787542919105,4.914083828488836,22.253680634201565,-12.450066577896134,0.391754667762913,0.0851279479341244,0.0890741282308195,0.4699662139863713,1.9389715021338012,0.3132387100712752,9.730274766826316,3.671225203856146,0.4490329312309677,-0.0529610104776677,False,False,False,False,False,False,False,False,False,False,False,False,False,False,False,False,False,False,False,False,False,False,False,False,False,False,False,False,False,False,False,False,False,False,False,False,False,False,False,False,False,False,False,False,False,False,False,False,False,False,False,False,False,False,11,True,0,High Performers,55.438610982620304,70.9022593482118,75.83954537569603,97.60672003923344,67.7833788014051,97.36861648768912,97.30758619019517,51.653853335047934,56.2840750868246
245.498,5027.075,45102010.0,568.761,716.202,13.952,4217.281,491.647,243.49,DE0005158703,238136,BECHTLE AG,1911.446,1608.168,377.231,351.327,2024.0,,541512.0,2302.211,4510.0,2024-12-31,451020.0,-145.969,23.124,491.647,1911.446,6305.762,140.32,839.448,DEU,476.89,1526.454,88.2,88.666,7370.0,5.928,73.087,6305.762,45.0,558.151,2638.103,8.330651905813248,12.843574968897892,5.57152331470804,7.796789666340087,3.89323288763515,7.796789666340087,20.278072657991213,14.165228950648071,1.64043992916163,1.4058680436372322,0.4453527243422329,0.4908000905378045,24.4217779180472,0.297555358613322,0.4249405947120661,45.32413182806647,54.58993602750207,15.193175921120917,0.1953617127735956,19.260063533826653,1.4952197873463968,451.9611525229358,4.130987242327643,88.35660305606207,7.562765610246629,6.122485399564049,13.326251023908426,53.17777022683573,1.406110792002616,0.6318842645381985,469.485,7.445333331641758,15.885665348624295,158.8693724080415,2.2063301814437866,0.0940092569304074,35.92697292849636,64.07302707150365,-1.8213557665315403,10.8880205532778,-2.5289925946625718,31.194931997216724,-12.366324695091825,0.1793811755822081,0.0365579850663909,0.0381559822938994,0.4720251816833336,0.7092724602242448,0.1630064865436234,13.234854400264055,3.544531465357436,0.7035909137046608,-0.335848058177192,False,False,False,False,False,False,False,False,False,False,False,False,False,False,False,False,False,False,False,False,False,False,False,False,False,False,False,False,False,False,False,False,False,False,False,False,False,False,False,False,False,False,False,False,False,False,False,False,False,False,False,False,False,False,11,True,0,High Performers,41.19863712605579,69.50625788085131,65.6275756021384,82.94635883148032,51.556266504667136,99.33027355336257,94.89903950983782,51.75779498320025,46.40878228544069
2777.0,6826.0,35202010.0,6997.0,3075.0,59.02,51567.0,5892.0,3273.0,DE0006599905,220301,MERCK KGAA,29912.0,11294.0,4484.0,4086.0,2024.0,,325412.0,21580.0,3520.0,2024-12-31,352020.0,-985.0,267.0,5892.0,29912.0,21156.0,1806.0,5895.0,DEU,10025.0,4900.0,284.0,1702.0,2834.0,2279.0,558.0,21156.0,35.0,4586.0,13450.0,7.923672115888068,9.2838994383525,19.313669880884856,27.850255246738516,13.12629986764984,27.850255246738516,67.73492153526186,11.070470616922702,1.190897821852311,0.7938728528422171,0.2722684611298034,0.3216752257836019,4.180968448814164,0.2339194971917625,0.3433404653650709,58.006089165551614,41.84846898210096,15.303370786516854,1.2211473183978276,19.915837648108287,0.4102623771016347,358.4547610979329,4.317551020408163,84.53866515409341,47.38608432595954,9.8126159554731,1.5223015165031222,15.465316966276882,8.044999054641709,0.9424141749723144,2884.0,13.632066553223671,37.112952464020935,112.23690651003426,1.7239569403583843,10.772357723577237,10.2268635217861,89.7731364782139,0.7764492926213507,6.334673677698732,-6.180453996312075,45.877592311583214,-5.810736026563368,0.4800962578109951,-0.0469521536989682,0.4079049800083901,-0.2417139446496186,2.636490576860873,0.2329913084873707,8.893284464870945,1.5872687760401074,0.3647513264064865,0.2689354965133424,True,True,False,False,False,False,False,False,False,False,False,False,False,False,False,False,False,False,False,False,False,False,False,False,False,False,False,False,False,False,False,False,True,False,False,False,False,False,False,False,False,False,False,False,False,False,False,False,False,False,False,False,False,False,11,True,0,High Performers,36.27288191904889,51.143775823233405,78.07512742475909,58.18351577042813,62.93067705973954,96.08673354743227,91.36866721846211,53.65160707185052,39.99586106826998
4531.0,59248.0,55103010.0,34100.0,7280.0,69.668,111361.0,12321.0,4964.0,DE000ENAG999,100590,E.ON SE,17841.0,29977.0,1243.0,8812.0,2024.0,,2211.0,87195.0,5510.0,2024-12-31,551030.0,1106.0,1975.0,12321.0,17841.0,81715.0,3509.0,7055.0,DEU,42320.0,11493.0,1437.0,6971.0,9997.0,333.0,1528.0,81715.0,55.0,5673.0,26054.0,7.913003654780399,25.396558488873943,10.783821819739336,15.078015052315976,5.544881600685309,15.078015052315976,27.494340084439823,16.96540305346451,0.8691330019681756,0.8276678787070088,0.2428528538546218,0.2938252660372952,-3.5227772739109744,1.9113278403676923,2.1895633652822157,16.020869065471754,78.29940463896696,4.461772151898734,2.579660741822904,35.078707985740074,0.7337847181688383,1172.920135499799,7.109979987818672,51.3362907666891,51.78975708254298,,47.66532582461786,16.85778683740268,8.530869485406596,1.9866058706184095,-1298.0,-1.5884476534296028,122.8803102414948,64.3781207444394,6.241858640210751,0.4075139203328642,31.71485323328184,68.28514676671816,-14.00231530204168,-1.889767941782816,6.339006334427233,264.60674157303373,15.990016638935112,0.0930690797332772,0.5796916694177284,0.1828941459598463,-0.0188292828841152,3.5904213033591343,5.118408011569669,5.094243047386428,3.5495132304792825,0.0073911616421403,-0.5871554937245439,True,True,False,False,False,False,False,False,False,False,False,False,False,False,False,False,False,False,False,False,False,False,False,False,False,False,False,False,False,False,False,False,False,False,False,False,False,False,False,False,False,False,False,False,False,False,True,False,False,False,True,False,False,False,11,True,0,High Performers,38.66863972065647,76.74313980157869,59.43146201265531,50.98332240625045,83.23319571003077,93.6516097877864,76.73547015845428,49.87371990205826,48.399395445707995
276.919,2665.788,20106020.0,94.55,442.483,19.788,4749.469,513.295,42.073,DE0006335003,103269,KRONES AG,1921.706,2392.927,664.752,375.33,2024.0,2.973,333993.0,2827.932,2010.0,2024-12-31,201060.0,-114.995,10.421,513.295,1921.706,5352.733,137.965,1587.532,DEU,832.211,1910.958,82.142,120.727,3560.0,219.539,0.0,5352.733,20.0,452.17,3198.498,7.90256763440292,14.410060644031915,7.011932035466742,9.589400405363016,5.173413282523152,9.589400405363016,50.19762801544557,18.615195689436263,1.336646709239354,1.0588480133326257,0.1849128703048609,0.1849128703048609,16.96128556687074,0.0492010744619624,0.0710946419483521,40.46149158990195,59.54206670261454,36.01669705402553,-0.5958756660399965,2.87659525728034,1.1270171465483827,270.50399231857693,2.8010730743428165,130.307203815322,15.547403541331128,6.644644606124104,4.01019929236768,49.55166567041495,2.2554272742541053,0.8750552676403436,331.443,6.192033116540652,26.6994714377336,120.47265073402072,2.47148575276343,4.101437527334166,29.662825591598992,70.33717440840101,12.32308441606813,6.083389973306419,6.887052341597788,1528.9526711554522,2.9435088467277826,-0.1225563235537076,0.0099874834998033,0.0225417132683013,0.2102130245178692,1.9361907124627615,0.0454950650878837,9.520432705213992,3.7945051787778494,0.0440725185317282,0.8244201419566822,False,False,False,False,False,False,False,False,False,False,False,False,False,False,False,False,False,False,False,False,False,False,False,False,False,False,False,False,False,False,False,False,False,False,False,False,False,False,False,False,False,False,False,True,False,False,False,False,False,False,False,False,False,False,11,True,0,High Performers,63.1426189162814,74.50834737796713,83.66390599642058,91.46851323851905,74.90755901288234,97.63450700829236,96.89741621681544,51.55649455854278,60.54170221789025
1745.7,7667.1,15102010.0,6713.2,3233.0,50.692,37301.7,4170.2,1605.2,DE0006047004,100373,HEIDELBERG MATERIALS AG,18795.6,7258.7,2857.3,2864.9,2024.0,,327310.0,17326.8,1510.0,2024-12-31,151020.0,-1450.1,272.2,4170.2,18795.6,21201.9,1305.3,3621.3,DEU,13372.7,2674.3,546.2,1323.1,3241.0,182.8,12.9,21201.9,15.0,3231.7,9201.2,7.680347008313294,9.287812041116007,13.512468222187636,19.668991929968534,8.233696036675958,19.668991929968534,63.83767492536047,11.23102615567961,1.2676099025996392,0.8739719233471559,0.4453965586124237,0.4471737363439734,5.2075374580783205,0.3571686990572262,0.4425716657089957,50.38805201907688,46.45042987316932,10.524981631153564,1.2194618963119277,22.300324113914375,0.5683896444397978,418.24942791762015,7.928018546909471,46.03924648262656,63.073120805210856,10.91474903474903,2.683337416442096,15.836543642783038,6.240478447686291,1.0136367118670038,1908.6,9.002023403562887,40.94130024445338,112.8032392055569,1.9845974589797613,0.8621868794777826,31.28830841496248,68.71169158503753,-0.0212200090538683,5.159635200090196,-0.5980743965331325,-1.272501551831151,4.025473700762627,0.1930399733021766,-0.0174849315739678,-0.0601129667644838,0.4297125882430861,1.3860037580955615,0.1291914513107497,8.663680207604479,1.6178022369055896,0.2133822877909015,-0.144910674519003,False,True,False,False,False,False,False,False,False,False,False,False,False,False,False,False,False,False,False,False,False,False,False,False,False,False,False,False,False,False,False,False,True,False,False,False,False,False,False,False,False,False,False,False,False,False,False,False,False,False,False,False,False,False,11,True,0,High Performers,48.02814321727548,60.24911824145842,81.27201502290887,72.1337862725625,70.16132857769021,96.92797434896188,93.25960259281797,51.99372136005051,48.99865884911166
3332.0,70933.0,20301010.0,18764.0,4235.0,482.638,69875.0,9947.0,5387.0,DE0005552004,241456,DEUTSCHE POST AG,23793.0,21171.0,1146.0,5322.0,2024.0,,492110.0,45665.0,2030.0,2024-12-31,203010.0,-6347.0,1034.0,9947.0,23793.0,84186.0,4625.0,372.0,DEU,30769.0,12949.0,2132.0,2936.0,4210.0,92.0,616.0,84186.0,20.0,8722.0,20147.0,7.616457960644007,14.004118858487791,6.321716199843204,11.815503765471696,3.957902739172784,11.815503765471696,15.742522509680946,12.50558075052283,0.951631949364697,0.8975012989466723,0.2000377875395588,0.2291341929998583,-1.465474060822898,0.7886353129071576,1.0150464422309082,34.05080500894454,65.35241502683363,5.147001934235977,2.0022117221272744,34.56314847942755,1.204808586762075,174.42886801287924,6.501351455710866,56.14217328296866,36.54883234742118,,61.896160558464224,24.592486583184257,3.487515738958972,0.6348108108108108,5786.0,6.872876725346257,33.662004127493695,163.8857572341225,2.936788130962888,0.1092818283325018,63.98559423769508,36.014405762304925,2.969739964284845,4.58137516089443,-18.801943485487783,-1.5484090522375316,-13.16178645371192,0.403304004284083,0.0645280279571203,0.0761846273154984,0.6939544352493967,1.81894497593214,0.3326216133116856,12.482289803220036,3.202911638225857,0.5407775201877482,0.1862053710526598,True,True,False,False,False,False,False,False,False,False,False,False,False,False,False,False,False,False,False,False,False,False,False,False,False,False,False,False,False,False,False,False,True,False,False,False,False,False,False,False,False,False,False,False,False,False,False,False,False,False,False,False,False,False,11,True,0,High Performers,49.67457150628415,68.71967268786362,63.89617056857417,87.04003662305514,69.83953148623166,99.31743319881532,99.49607412789118,48.49219020121885,52.79369652532666
536.2,12210.9,20107010.0,2565.6,770.5,18.122,11668.0,1302.5,946.3,DE000A1DAHH0,269835,BRENNTAG SE,4726.7,3478.2,1518.4,883.6,2024.0,,4246.0,6906.0,2010.0,2024-12-31,201070.0,23.0,148.6,1302.5,4726.7,16237.4,418.9,1519.7,DEU,2135.6,2610.5,303.209,342.2,5160.0,84.1,7.2,16237.4,20.0,906.6,5088.9,7.572848817278026,11.344066685002224,5.441757916907879,8.021604444061243,3.302252823727937,8.021604444061243,24.797689285230398,12.11689041866078,1.4630843539761946,1.0265367143925015,0.2215226266459663,0.2235926628716003,13.80442235173123,0.5427888378784352,0.7429919394080436,40.50994172094617,59.18752142612272,5.946164199192463,2.1047216890595006,30.09856016455262,1.3916181007884814,896.0048559761616,6.220034476153994,58.6813467673396,13.15235197753335,10.080958589433166,8.04195205479452,28.97668837847103,2.1074802616182398,0.8169014084507042,564.4000000000001,3.4759259487356355,37.74542245753364,102.6029877772748,2.468529841115366,0.517940064296008,56.54774337933607,43.45225662066393,-3.4356025239219434,12.86734121379791,2.332147495623693,-57.96842418826333,6.5711616318903765,0.0295773880596694,-0.0175868099295963,0.0796083087824798,0.2050130182563488,0.577573490321878,0.08905949424554,7.769969146383271,3.933069490187494,0.0288468117687348,0.2023983510955493,False,False,False,False,False,False,False,False,False,False,False,False,False,False,False,False,False,False,False,False,False,False,False,False,False,False,False,False,False,False,False,False,False,False,False,False,False,False,False,False,False,False,False,False,False,False,False,False,False,False,False,False,False,False,11,True,0,High Performers,53.717286349183254,76.79743724830881,92.64597468792174,95.33683792245039,57.51007719467427,96.42931349575855,96.87490831886385,48.97598990907626,55.00659736078124
2385.5,14028.7,20303010.0,5086.7,7512.7,14.608,33617.1,4596.3,1521.6,DE000HLAG475,100431,HAPAG-LLOYD AG,20653.8,7162.0,630.6,2524.6,2024.0,233.6,483111.0,12893.9,2030.0,2024-12-31,203030.0,-3083.0,335.7,4596.3,20653.8,19111.8,2071.7,19.5,DEU,16425.6,2599.0,1441.2,2166.4,4412.0,115.2,2032.1,19111.8,20.0,4364.9,11025.8,7.509868489548474,11.54993270003583,13.209640117623668,24.04954007471824,12.48181751588024,24.04954007471824,26.59665756234368,9.807890289621414,1.539486177045518,1.451438145769338,1.0489667690589222,1.3327003630270873,11.493555363193137,0.2462839767984584,0.3199556498077835,61.43837511266588,38.35518233280087,7.5204051236222815,-0.1967669647325023,19.657555232307367,0.568514238289442,1308.3105147864185,7.353520584840323,49.63608869912829,85.94480896618842,4.946374035923185,22.246590548683795,30.079037156685143,11.335405351667555,1.045711251629097,2198.4999999999995,11.503364413608343,49.63229398153452,172.894715994613,1.6276472126194694,0.6027689699557341,60.41500733598827,39.58499266401173,6.59416046180874,15.87148943210488,-10.35286897821418,-32.5902986447538,27.09139974187493,3.2416051113864066,-0.0763418719109386,0.3640675021644868,3.3951929134376515,17.218849594851257,0.3209009152162586,12.984165796573768,15.308691714569363,0.3898563721220257,0.3241769334194058,True,False,False,False,False,False,False,False,False,False,False,False,False,False,False,False,False,False,False,False,False,False,False,False,False,False,False,False,False,False,False,False,True,False,False,False,False,False,False,False,False,False,False,False,False,False,False,False,True,True,False,True,False,False,11,True,0,High Performers,43.23871603489879,74.73311501949719,95.7077722575914,52.85773694744931,63.96675989124769,97.738415643304,90.67968727318751,53.291650196818,47.12289709629104
252.767,3776.884,20106015.0,717.038,1323.153,11.905,4983.088,473.446,105.235,,210332,CLAAS KG,2260.313,1623.759,1376.085,359.398,2024.0,,3312.0,2716.064,2010.0,2024-09-30,201060.0,-142.791,59.251,473.446,2260.313,4997.427,114.048,542.325,DEU,755.414,545.587,88.2,142.634,3310.0,300.07,609.855,4997.427,20.0,424.686,3509.758,7.212355069788052,11.182831758256487,7.19166082866243,9.473795215017647,5.057942817373821,9.473795215017647,24.42342829620122,12.071065856864038,2.161501799220204,1.314033055397999,0.8148703101876572,1.190452524050675,37.84799706527358,0.3172295164430767,0.3637872276981108,45.35968459718151,54.50563987631766,6.065686655077552,-1.057945362301086,16.50127390886936,1.0028775329675093,419.77547249055016,9.159725213394012,39.84835696449393,15.11605872381928,2.649750609623865,2.744658941853156,37.50164556596231,2.854148744944148,1.2506488496071828,282.052,5.643944373774746,33.58575512260823,118.16593303245982,2.2046008672250257,6.004489910507948,34.89379547171902,65.10620452828098,-18.6687387521983,-3.312746018924606,-3.98032020002419,85.19379386872052,4.145096636170464,0.2326694004994965,-0.0240255916521465,-0.0119508397295094,0.4422914798358045,1.5606331645909397,0.099340334324028,8.52254666182897,4.332754157635812,0.2444947642447299,-0.0796096933714614,False,False,False,False,False,False,False,False,False,False,False,False,False,False,False,False,False,False,False,False,False,False,False,False,False,False,False,False,False,False,False,False,False,False,False,False,False,False,False,False,False,False,False,False,False,False,False,False,False,False,False,False,False,False,11,True,0,High Performers,38.6049902032769,79.30798590565222,41.25443842191699,82.91399319730695,84.17024770148782,97.49506164593109,94.88614253199343,51.11456623280565,52.22052973739507
53.323,783.756,20106010.0,527.164,165.524,3.674,1589.227,191.585,6.386,DE000RENK730,358690,RENK GROUP AG,440.914,478.633,391.239,114.552,2024.0,,336992.0,1142.56,2010.0,2024-12-31,201060.0,-88.973,41.779,191.585,440.914,1140.504,77.033,158.711,DEU,298.561,301.796,42.0,30.883,3790.0,28.985,1.218,1140.504,20.0,168.63,871.984,7.208032584394804,12.093741636691057,10.043980555964731,16.798275148530827,4.675389126210868,16.798275148530827,31.279855221901894,11.83293081755809,1.8218217298013304,1.0044125666220258,0.345826551867506,0.3483712990955492,24.75108968070641,1.195616378704237,1.210099928784298,27.743928337487343,71.89407177199983,2.741855956341703,1.9209541456794632,33.5729257053901,0.7176470070040339,310.42569406641263,3.7790560511073705,96.58496594488052,26.17798797724515,2.8994562108651047,2.003266545513101,29.40549084554944,2.70783793831499,0.4009061051757039,137.747,12.077730547196678,18.31406036885489,147.2082547663943,3.604392239756506,2.5414202843655085,78.76526076927405,21.23473923072595,23.231118314424613,7.921267435385526,12.907191149354636,186.31677405944708,10.099821746880554,1.7279547518703875,-0.2873390024284759,-0.6892361893888411,0.4808650000345789,2.7494610030633466,0.4455832759485087,10.610818970480617,2.752971813336129,0.921608323763926,,False,False,False,False,False,False,False,False,False,False,False,False,False,False,False,False,False,False,False,False,False,False,False,False,False,False,False,False,False,False,False,False,False,False,False,False,False,False,False,False,False,False,False,False,False,False,False,False,False,False,False,False,False,False,3,True,0,High Performers,54.88445254325762,84.5277144337522,63.80659580261604,72.14513333501468,87.00759576776316,97.75260336582518,94.41022990915971,54.18649755979167,59.12497660271943
2804.0,33615.0,20106010.0,16011.0,2588.0,105.541,65547.0,6961.0,8517.0,DE000TRAT0N7,332311,TRATON SE,17838.0,23260.0,7532.0,4520.0,2024.0,33.0,336120.0,47703.0,2010.0,2024-12-31,201060.0,1392.0,878.0,6961.0,17838.0,47473.0,2441.0,5233.0,DEU,12934.0,11859.0,850.0,1763.0,3713.0,2022.0,46.0,47473.0,20.0,2340.0,22804.0,6.895815216562161,15.719251037111784,9.521201525077412,14.663071640722094,5.906515282371032,14.663071640722094,29.191329808522735,13.353422553103488,0.9803955288048152,0.6565778159931213,0.1112639724849527,0.1132416165090283,-0.6956840129983066,0.8975782038345106,1.3750420450723175,27.214060140052176,72.7767861229347,5.148063781321184,3.1518459991380547,37.42047690969839,0.7242589287076449,449.8062364389195,4.003119993254068,91.17888062688266,27.244960293219307,,4.4629580456718,22.040673104795037,3.713689886883071,0.7222449815649324,577.0,1.2154277168074483,75.34188034188034,51.76991150442478,3.674571140262361,4.259263160112064,30.31383737517832,69.68616262482169,1.2822153951186133,6.23672993079305,1.852906264174248,-45.61734213006597,15.834428383705657,0.3380330644186116,0.0994738362115387,-0.0983983042202366,0.2354113355656657,2.3855782735217828,0.3122638010993772,3.5699574351228893,1.783993709808947,0.1505886662331213,-0.7725188022961524,True,True,False,False,False,False,False,False,False,False,False,False,False,False,False,False,False,False,False,False,False,False,False,False,False,False,False,False,False,False,False,False,False,False,False,False,False,False,False,False,False,False,False,False,False,False,False,False,False,False,False,False,False,False,9,True,0,High Performers,55.89855379439839,85.25131742073324,65.63112342112343,71.8707210690621,87.65115359048696,93.14253299067131,93.89093960055786,47.10650609001348,59.74443014738527
53.709,767.578,20105010.0,541.08,143.815,8.054,1806.829,213.03,145.965,DE0006200108,213037,INDUS HOLDING AG,697.543,465.027,410.533,123.601,2024.0,0.807,999977.0,1106.831,2010.0,2024-12-31,201050.0,-199.879,26.385,213.03,697.543,1725.8,89.429,550.848,DEU,412.753,194.914,29.876,40.336,9997.0,27.083,-1.336,1725.8,20.0,143.682,769.927,6.840769104325867,7.69974037442853,7.161953876463089,12.343840537721636,3.112121914474447,12.343840537721636,55.52335148916444,9.978903992578855,1.6556608541009448,0.7728454476836829,0.3092616127665705,0.3063886613035372,16.874867516516506,0.7756941149147795,0.9849500317543148,38.60592230919473,61.258204290500096,4.684517718400606,2.550016429610853,38.02490440434596,0.955154029518012,214.27861931959276,8.854161322429379,41.22355429366091,23.916618379881797,5.660216464414561,1.8697108393235131,18.74715316169931,2.337234905551049,0.451039372015789,103.346,5.9882952833468535,28.073105886610712,116.24663230880007,2.5902761550184,1.569301193649322,55.625686570221,44.374313429779,-4.536216828575634,-6.322507123688814,-9.332432736688045,-27.18779723112693,-21.11552226546458,-0.1878322525281588,0.0252921411258021,-0.2360016207333076,0.2214322219578484,1.517655708490393,0.1145504230221211,7.952163707799686,2.3335390568435,0.1684947986518433,0.1198669162883911,False,False,False,False,False,False,False,False,False,False,False,False,False,False,False,False,False,False,False,False,False,False,False,False,False,False,False,False,False,False,False,False,False,False,False,False,False,False,False,False,False,False,False,False,False,False,False,False,False,False,False,False,False,False,11,True,0,High Performers,67.86019409300535,73.02903791718548,82.40405117089514,96.5106840671753,89.7841402023186,97.3660729575999,97.80629122382753,51.04184966407692,64.86857465770456
-140.555,1003.599,25401010.0,451.004,179.047,13.069,1720.885,159.909,32.191,DE0005875306,231081,GFK SE,522.579,516.885,0.0,117.575,2016.0,,5418.0,1182.716,2540.0,2016-12-31,254010.0,-32.096,14.129,159.909,522.579,1483.814,42.334,288.739,DEU,92.489,450.346,88.2,17.913,7310.0,21.287,5.357,1483.814,25.0,146.203,655.424,6.832240387939927,-26.89641183438294,7.923836815126424,10.776889825813743,-9.47254844609904,10.776889825813743,32.36355769658461,12.076525576145023,1.2680267370885203,1.2680267370885203,0.3463962003153506,0.3567602077831626,8.050450785496995,0.8630350626412467,0.9246353182963726,30.36687518340853,68.7271955999384,8.321537263783707,1.9020067663483609,28.07828530087717,0.8622389061442224,113.53691942765322,3.29483108543209,110.77957884209206,6.233193648260496,10.710442546864062,,36.573797784279606,1.2072267817934053,0.4231350687390749,128.29,8.645962364555125,12.252142568893936,124.3487135870721,3.293061910256631,1.4346137723461294,,,-3.8623166902721495,-6.590454002901803,-3.084909158324056,-11.261594648996,-32.05249781891288,-1.6594393656980002,0.1378205823171777,-0.6735361896385356,-1.1768285116979618,1.842533514258373,0.156250906889541,8.495803031579682,1.3594207806928698,0.8111328393416563,,False,False,False,False,False,False,False,False,False,False,False,False,False,False,False,False,False,False,False,False,False,False,False,False,False,False,False,False,False,False,False,False,False,False,False,False,False,False,False,False,False,False,False,False,False,False,False,False,False,False,False,False,False,False,3,True,0,High Performers,72.24501124767396,89.64433021149269,88.43053502797926,78.4906383066105,87.34219315687145,97.65857243470019,96.74877782780902,49.86424143897635,67.77726334555989
178.0,4366.2,20201070.0,317.3,533.5,31.478,3463.5,356.5,59.3,DE0005909006,100102,BILFINGER SE,1300.9,1520.7,115.1,235.7,2024.0,6.6,237.0,2152.2,2020.0,2024-12-31,202010.0,-427.7,45.3,356.5,1300.9,5037.5,120.8,315.2,DEU,470.8,1364.8,90.047,63.2,1600.0,3.2,68.5,5037.5,20.0,241.1,2063.8,6.805254800057744,13.682834960412022,4.678908188585608,7.076923076923077,3.5334987593052114,7.076923076923077,13.326054590570724,14.565566679026077,1.3571381600578682,1.281449332544223,0.3508252778325771,0.3958703228776221,15.680669842644727,0.2439080636482435,0.2894918902298409,37.56027140176123,62.13945430922476,5.2030905077262695,-0.4401122019635343,10.873393965641691,1.4544535874115778,160.0324035834551,3.691016998827667,98.88873449131512,9.34590570719603,9.275455717179154,37.93397046046916,54.80871950339253,1.254590570719603,0.5231788079470199,177.89999999999998,3.53151364764268,26.21318954790544,102.29104794229951,2.6623875778307324,0.0635235732009925,50.588202247191006,49.411797752808994,12.303816657749223,3.1601834753082647,9.870855148342072,106.3805104408352,7.849829351535842,0.4126368727273162,0.0091061602096166,-0.0263555888033327,0.7366047146325976,1.9064345649928285,0.0847178708553942,6.961166450122708,4.226694402859491,0.5153294296066727,-0.7245276623620271,False,False,False,False,False,False,False,False,False,False,False,False,False,False,False,False,False,False,False,False,False,False,False,False,False,False,False,False,False,False,False,False,False,False,False,False,False,False,False,False,False,False,False,False,False,False,False,False,False,False,False,False,False,False,11,True,0,High Performers,47.15479490856643,67.28174991113008,87.21099780492877,94.34873512600504,53.79662770690564,96.41286764361186,98.36217479577738,48.391568911911286,49.82263561428894
633.0,5813.0,20101010.0,2112.0,2605.0,12.892,12484.0,1178.0,722.0,DE000A0D9PT0,273099,MTU AERO ENGINES AG,3363.0,6049.0,1753.0,832.0,2024.0,,336412.0,9047.0,2010.0,2024-12-31,201010.0,736.0,66.0,1178.0,3363.0,7411.0,346.0,293.0,DEU,1537.0,3079.0,118.0,459.0,3724.0,339.0,858.0,7411.0,20.0,714.0,7519.0,6.664530599166933,18.822479928635147,11.226555120766427,15.895290783969775,8.541357441640804,15.895290783969775,21.56254216704898,15.19634703196347,1.2430153744420565,0.9532154075053728,0.4306496941643247,0.5724913208794842,11.775072092278116,0.6280107047279215,0.8426999702646447,26.93848125600769,72.4687600128164,12.606060606060606,0.1943972835314091,22.701057353412367,0.593639859019545,574.8526217809494,2.4069503085417345,151.64417757387665,20.739441370935097,5.041496598639456,3.316029663434113,45.53027875680872,6.193496154365133,1.3265895953757223,255.0,3.440831196869518,64.28571428571429,85.8173076923077,3.712161760333036,4.574281473485359,18.64139020537125,81.35860979462875,38.18758157747531,22.344178753430025,5.9326211996713285,-42.69662921348315,38.25301204819278,-0.522577306925928,-0.0117293296326452,0.4041957905691009,0.2879084999951017,4.773797471147643,0.1484921413222906,5.7193207305350855,1.8780075002062253,0.1318152925589473,-0.0081169667901299,False,False,False,False,False,False,False,False,False,False,False,False,False,False,False,False,False,False,False,False,False,False,False,False,False,False,False,False,False,False,False,False,False,False,False,False,False,False,False,False,False,False,False,False,False,False,False,False,False,False,False,False,False,False,11,True,0,High Performers,59.433778533031756,76.02460487454422,93.42945846809982,71.61378417615013,76.3403912149801,95.36963420684674,93.61396270588254,49.45510899930488,57.590869487983575
70.178,883.474,20106020.0,790.796,109.426,7.984,1910.888,204.891,30.171,DE000STAB1L8,315582,STABILUS SE,649.869,290.691,223.59,126.513,2024.0,,3363.0,1233.16,2010.0,2024-09-30,201060.0,440.69,32.651,204.891,649.869,1305.926,78.378,189.683,DEU,300.311,209.011,28.405,53.548,3714.0,34.378,0.0,1305.926,20.0,196.976,571.867,6.620639200204304,10.79879175649246,9.68760863938692,15.689326960333128,5.3738113798178455,15.689326960333128,32.34884671872678,8.781569622361896,1.9672676484652087,1.1981003883849173,0.376434082926544,0.376434082926544,14.71441549687894,1.2168544737477862,1.263280753505707,34.00874357890154,64.5333478466556,3.874705215766745,3.472778208901319,42.9625912141371,0.6834131566057247,163.56788577154308,6.248120912296482,58.41756347603157,22.996019682585384,4.644514467806641,3.951312670512993,16.664346628373824,4.100385473602639,0.6832019189058154,143.428,10.982858140507195,27.18503777109902,155.69625255902554,2.9404203000912488,2.632461563672061,40.47564763886118,59.52435236113882,7.461156268566071,43.21223408441097,6.995443580809435,9.91746304229537,12.45799731182795,0.2725675188843278,-0.2469237724317347,-0.1883450115295856,-0.0028283717082525,2.391222416760741,1.1208187859020873,10.30808713017194,2.3470718783997158,0.1429226105520514,0.3863335324822929,False,False,False,False,False,False,False,False,False,False,False,False,False,False,False,False,False,False,False,False,False,False,False,False,False,False,False,False,False,False,False,False,False,False,False,False,False,False,False,False,False,False,False,False,False,False,False,False,False,False,False,False,False,False,11,True,0,High Performers,70.21136210107086,89.43716337577328,79.53356456283541,84.40761716055366,83.83718802346449,98.18903033352969,99.46767586606767,52.18632971383955,66.98831743515804
8216.0,43108.0,20105010.0,41321.0,10216.0,327.0,147812.0,12658.0,6598.0,DE0007236101,19349,SIEMENS AG,51264.0,43913.0,10923.0,9659.0,2024.0,,999977.0,91581.0,2010.0,2024-09-30,201050.0,-8880.0,1785.0,12658.0,51264.0,75930.0,2999.0,13984.0,DEU,12078.0,34677.0,4160.0,2088.0,9997.0,6435.0,1060.0,75930.0,20.0,11665.0,61353.0,6.534652125673153,16.026841448189764,12.720927169761625,16.67061767417358,10.820492558935864,16.67061767417358,43.226656130646646,10.432575471188638,1.3971489080682258,1.14840707763077,0.232641814496846,0.2567804522578735,11.798771412334586,0.80604322721598,0.934749531835206,34.68189321570644,61.95775715097557,5.411204481792717,2.9785906146310634,32.4188834465402,0.5136930695748654,232.2018348623853,2.1896357816420107,166.69438956934016,15.906756222836824,4.353784403669724,3.946534834752357,30.371688360890865,2.749901224812328,0.6962320773591197,9577.0,12.612932964572632,17.899699957136733,120.76819546536908,2.883348938826467,8.474911102331093,50.63291139240506,49.36708860759494,-2.3646954442001267,1.8922291079294329,2.187500000000009,-4.430695539367324,-5.86113615870153,0.4274657300079713,0.0305137151956357,0.0217197223074527,0.7932198642492456,1.833229520947242,0.1736675054671443,7.891781452114849,0.9997692922485408,0.5980832047422889,-0.397258245788941,True,True,False,False,False,False,False,False,False,False,False,False,False,False,False,False,False,False,False,False,False,False,False,False,False,False,False,False,False,False,False,False,True,False,False,False,False,False,False,False,False,False,False,False,False,False,False,False,False,False,False,False,False,False,11,True,0,High Performers,64.97616208057946,81.21754529829381,98.56413738956417,88.45843721216863,70.09613418681838,96.70847358626807,99.91482901396182,53.03608614448607,61.594237741130165
69.2,826.1,20106010.0,170.5,95.0,4.321,1490.8,150.3,61.1,DE0007667107,209440,VOSSLOH AG,726.1,513.5,246.9,96.0,2024.0,,336510.0,738.9,2010.0,2024-12-31,201060.0,-83.9,18.8,150.3,726.1,1209.6,54.3,230.0,DEU,307.2,307.1,21.253,55.7,3490.0,15.2,0.3,1209.6,20.0,136.4,666.9,6.439495572846794,9.530367717945188,7.936507936507938,12.42559523809524,5.720899470899472,12.42559523809524,31.70469576719576,10.70711577068927,1.29873417721519,0.8179162609542356,0.1850048685491723,0.1855890944498539,10.289777300778104,0.2348161410274067,0.3189643299820961,48.70539307754226,49.56399248725516,5.106382978723404,0.9088489687292082,15.53528306949289,0.811376442178696,279.9352001851423,3.938782155649625,92.66823743386244,25.396825396825395,7.885267275097784,3.3458890238963144,26.97209551918433,4.604828042328043,1.0257826887661143,80.7,6.671626984126985,40.83577712609971,142.08333333333334,2.0531607216636827,1.2566137566137567,30.71242774566474,69.28757225433526,-0.3870542699497714,7.043871616284902,7.567836694050278,15.450643776824036,-17.35905044510386,0.7992154785469279,-0.0334285483156408,0.1003992410371543,0.7631793406940446,4.215846617939716,0.253157852186241,9.149449959753152,3.711613338411688,0.3953218819008001,0.5125365818492017,False,False,False,False,False,False,False,False,False,False,False,False,False,False,False,False,False,False,False,False,False,False,False,False,False,False,False,False,False,False,False,False,False,False,False,False,False,False,False,False,False,False,False,False,False,False,False,False,False,False,False,False,False,False,11,True,0,High Performers,73.14735285472351,91.39648770579711,94.23487568261741,75.41698208563493,95.31162984351575,98.98417401539326,93.76349453215329,49.228229477351725,69.37668136813969
756.0,10488.0,25203010.0,4410.0,2530.0,46.045,20655.0,2493.0,1177.0,DE000A1EWWW0,221244,ADIDAS AG,5476.0,9593.0,4989.0,1323.0,2024.0,,316210.0,14787.0,2520.0,2024-12-31,252030.0,-1559.0,221.0,2493.0,5476.0,23683.0,1170.0,10915.0,DEU,4912.0,3145.0,357.0,419.0,3021.0,170.0,75.0,23683.0,25.0,2910.0,11904.0,6.405228758169934,13.805697589481372,5.586285521259975,10.526538023054512,3.1921631550057006,10.526538023054512,55.715069881349486,13.382561197653247,1.2409048264359428,0.7208381111226936,0.2637339726884186,0.2715521734598144,11.188574195110142,0.8053323593864135,1.0202702702702702,26.5117404986686,71.59041394335513,5.986425339366516,1.2262334536702768,27.049140643911883,1.1465988864681675,514.3446628298403,7.530365659777424,48.47042182155977,20.74061563146561,10.247944612721763,2.1022248947684905,27.47518760590656,1.769201536967445,0.3581196581196581,2491.0,10.518093146983068,14.398625429553263,219.95464852607708,3.7719138056975896,0.7178144660727104,47.22222222222222,52.77777777777778,10.528772109954732,14.622641509433954,-10.698008184480512,9.880899867666514,15.426997245179065,-0.4227210971496479,0.1074996125257679,-0.1593547544487529,0.5446956087812201,3.247124986310203,0.4094297892355455,14.088598402323893,5.595751210865922,0.1864242996914177,0.5394375436823811,False,False,False,False,False,False,False,False,False,False,False,False,False,False,False,False,False,False,False,False,False,False,False,False,False,False,False,False,False,False,False,False,True,False,False,False,False,False,False,False,False,False,False,False,False,False,False,False,False,False,False,False,False,False,11,True,0,High Performers,56.56377026791222,72.73878977738715,93.37776397351335,70.61675765135497,74.01362847962949,95.54077601823644,93.17537565706225,51.84644497976032,55.33698609972224
2900.0,38745.0,20106010.0,18373.0,8758.0,104.919,73854.0,5623.0,10293.0,DE000DTR0CK8,351590,DAIMLER TRUCK HOLDING AG,22205.0,23603.0,9012.0,4549.0,2024.0,632.0,333924.0,51004.0,2010.0,2024-12-31,201060.0,403.0,154.0,5623.0,22205.0,54077.0,1074.0,5512.0,DEU,12794.0,20151.0,1486.0,1417.0,3537.0,1750.0,2205.0,54077.0,20.0,1555.0,38455.0,6.159449725133372,13.060121594235532,8.412079072433752,10.398135991271705,5.36272352386412,10.398135991271705,28.35216450616713,11.210508157129478,1.6292420455026904,1.247426174638817,0.371054526966911,0.4644748548913274,20.109946651501613,0.8274262553478946,1.2909705021391578,30.066076312725105,69.06057898015003,29.53896103896104,3.540458829806153,38.81441763479297,0.7322149104990928,515.4166547527141,2.683588903776488,136.0118904525029,23.65885681528191,3.6410584433072986,4.299267643142477,39.14344517561676,2.6203376666605025,1.319366852886406,138.0,0.2551916711356029,91.12540192926043,34.18333699714223,3.326007655933348,3.236126264400762,51.241379310344826,48.75862068965517,-3.243871891214889,3.710048868168281,0.4817269384002509,-121.5625,38.10916179337232,0.7266982425643214,-0.23033827316018,-0.0780138796529819,-0.4257079427443689,2.773177639798861,0.6562814513663305,2.105505456711891,2.928435101832388,0.3204495168611029,-0.806866012852634,True,True,False,False,False,False,False,False,False,False,False,False,False,False,False,False,False,False,False,False,False,False,False,False,False,False,False,False,False,False,False,False,False,False,False,False,False,False,False,False,False,False,False,False,False,False,False,False,False,False,False,False,False,False,7,True,0,High Performers,64.90667677720928,87.58869798458322,75.09201091277117,77.92035120657296,87.85429948098353,92.0202435783496,96.4985910062598,49.953672218255896,64.45059035060518
175.0,1597.617,15104050.0,76.047,427.034,12.3985,3283.682,257.102,30.518,,210340,DILLINGER HUTTENWERKE,1918.972,592.104,629.266,200.78,2024.0,,332322.0,1364.71,1510.0,2024-12-31,151040.0,-163.99,24.218,257.102,1918.972,2287.461,56.322,306.257,DEU,546.86,345.856,88.2,129.731,3444.0,84.1,200.1,2287.461,15.0,80.317,1436.768,6.1144775894864365,9.119466047446236,8.777417407335033,11.239623320353877,7.650403657155248,11.239623320353877,30.157628916952024,10.06406455276867,2.426546687744045,1.363784064961561,0.721214516368746,1.0591619039898397,25.7230754987846,0.0396290305434368,0.0555323371054919,58.43964184107963,41.56035815892039,8.290527706664465,-1.2464663829919644,3.2452898910430426,0.6966146539159395,184.49497923135863,6.613911570133234,55.18670700833808,23.90685567972525,2.708131280603885,2.5388579710329178,23.53729746059454,5.671397239122329,2.3033805617698238,-49.414,-2.1602116932266826,161.5237122900507,40.00249028787727,1.7111672291205915,3.6765654146671793,50.4,49.6,-12.515756993504455,3.2837927820787094,251.93017314788528,-116.48490590586248,58.737014695265934,0.7012634716984315,-0.0026104661303392,-0.3258823889313899,0.3054685390736669,6.604694185805702,0.0323525012409495,2.4459433038887446,3.7684579077865705,0.124007997077796,0.0679584657823664,False,False,False,False,False,False,False,False,False,False,False,False,False,False,False,False,False,False,False,False,False,False,False,False,False,False,False,False,False,False,False,False,False,False,False,False,False,False,False,False,False,False,True,False,False,False,False,False,False,False,False,False,False,False,11,True,0,High Performers,43.02921487165031,89.89229147863733,55.42929501190235,57.28873771876979,85.02625305084003,92.17097837065214,91.27687169281548,48.851527409330565,53.67295597389058
1942.0,12760.0,35101010.0,13455.0,2683.0,72.0,46055.0,3944.0,2754.0,DE000SHL1006,326765,SIEMENS HEALTHINEE,18199.0,11573.0,4179.0,2809.0,2024.0,,334510.0,27807.0,3510.0,2024-09-30,351010.0,-1657.0,476.0,3944.0,18199.0,22363.0,1135.0,3681.0,DEU,3868.0,7205.0,1063.0,696.0,3845.0,2006.0,0.0,22363.0,35.0,2826.0,14443.0,6.099229182499186,10.670915984394746,12.560926530429729,17.636274202924472,8.683986942717882,17.636274202924472,42.94146581406788,8.87407594616794,1.247991013566059,0.8868919035686512,0.2318327140758662,0.2318327140758662,6.231679513625013,0.7393263366119017,0.8906533326006923,39.51579633047444,60.37780914124416,5.901260504201681,3.429513184584178,35.19487569210726,0.4855715991748995,310.59722222222223,3.1038167938931296,117.59714707329071,17.296427134105443,7.79198606271777,3.053362048336923,21.46998154380632,3.112283682869025,0.613215859030837,2130.0,9.52466127084917,24.628450106157118,100.60519757920969,2.5306335512940272,8.970173948039172,54.73738414006179,45.26261585993821,3.1503690036900345,-1.347356696084312,1.4084507042253502,66.27634660421546,-16.945107398568016,-0.4776451175456497,-0.2652137876545959,0.0629059813309006,-0.3302687012248217,1.9286414682458912,1.2275754620331256,6.136141569862121,1.8083818439305444,0.5622366133614215,0.2552128996632308,False,True,False,False,False,False,False,False,False,False,False,False,False,False,False,False,False,False,False,False,False,False,False,False,False,False,False,False,False,False,False,False,True,False,False,False,False,False,False,False,False,False,False,False,False,False,False,False,False,False,False,False,False,False,10,True,0,High Performers,62.74128382899832,82.41070815990794,83.6253472925475,96.51052505589337,68.39003542157435,96.1352088248964,97.34890018755935,50.172932364787066,61.48821298240641
1168.0,28796.0,25101020.0,4112.0,2966.0,168.761,36966.0,4364.0,2768.0,DE0005439004,100609,CONTINENTAL AG,14351.0,14269.0,6113.0,2242.0,2024.0,,3363.0,22168.0,2510.0,2024-12-31,251010.0,-1072.0,449.0,4364.0,14351.0,39719.0,2122.0,3850.0,DEU,9942.0,8142.0,500.015,1938.0,3714.0,4151.0,0.0,39719.0,25.0,2934.0,17950.0,6.065032732781475,8.138805658142289,5.644653692187617,10.98718497444548,2.9406581233162967,10.98718497444548,27.50069236385609,12.143205329578077,1.257971827037634,0.829560585885486,0.2078631999439344,0.2078631999439344,9.957799058594384,0.2865305553619957,0.4794091004111211,38.822160904615046,59.96861981280095,4.993318485523385,0.8968835930339139,18.6116972352973,1.0744738408267056,235.3565100941568,4.878285433554409,74.82137012512904,25.03084166268033,10.790274381961424,4.710616718468837,30.04923443163989,4.879276920365569,0.9132893496701224,996.0,2.507616002416979,66.05316973415133,130.86529884032117,2.575848372935684,10.45091769682016,42.809503424657535,57.19049657534247,-4.107869291775812,-2.0840838295437814,-16.76933168280209,-17.220744680851052,-8.77424213895689,-0.7538652456830097,0.0128076625420784,-0.1264394247112786,-0.5167188587038252,2.9135851766363854,0.1261954790230663,7.937023210517773,3.213632306621219,0.7364185025449634,0.0796956645299811,False,False,False,False,False,False,False,False,False,False,False,False,False,False,False,False,False,False,False,False,False,False,False,False,False,False,False,False,False,False,False,False,False,False,False,False,False,False,False,False,False,False,False,False,False,False,False,False,False,False,False,False,False,False,11,True,0,High Performers,74.46434071114474,84.64472308228783,92.50380598501205,96.0950288149286,79.86346899333078,98.05705957657317,97.69544985043343,47.73296315525388,68.30370413140794
288.993,3499.164,20106010.0,2156.389,703.391,20.922,7128.36,586.483,857.891,DE0006219934,202807,JUNGHEINRICH AG,2436.302,2150.206,880.842,421.588,2024.0,0.375,333924.0,4692.058,2010.0,2024-12-31,201060.0,-386.486,31.382,586.483,2436.302,5391.884,164.895,1174.82,DEU,1830.59,1484.87,80.52,138.426,3537.0,135.742,169.617,5391.884,20.0,577.958,3073.923,5.914235532436634,11.86195307478301,7.81893675754152,10.877144241233676,5.359777769699793,10.877144241233676,35.10312907325157,9.17954201578116,1.4295946527914067,1.01993994993968,0.3271272612949643,0.4060113310073546,12.958338243298597,0.885107429210336,1.2372357778304988,34.17759484650046,65.82240515349955,13.434070486266013,3.940248907470465,42.28574314428565,0.7563989473034471,257.7136029060319,3.631216200744847,100.5172867220437,33.950841672409865,5.837160082579407,3.9725217462382583,30.697958576727324,2.5673030057768305,0.8394796688801963,439.532,8.151733234617065,23.950875323120364,137.09071415694942,2.9258934237216896,2.517524486802757,27.862266560089687,72.1377334399103,-2.776886727046546,3.1621927921229087,68.74621930072189,30.135692481694964,2.857779759250989,0.0445259769359367,-0.0073325371480288,-0.1342829649973476,0.4860178461268258,0.4426520657875997,0.1547228835399121,8.107867728341441,3.2945715511874747,0.111299857550288,-0.5606546666031959,False,False,False,False,False,False,False,False,False,False,False,False,False,False,False,False,False,False,False,False,False,False,False,False,False,False,False,False,False,False,False,False,False,False,False,False,False,False,False,False,False,False,True,False,False,False,False,False,False,False,False,False,False,False,11,True,0,High Performers,83.24099971934258,97.49385241279231,95.31679022588374,86.924330335133,90.1267253581893,98.45983926589096,99.58130348068977,51.17046901458187,75.00661220753719
140.679,3819.492,25504030.0,1301.439,317.385,19.916,4614.193,488.333,391.42,DE0006083405,203162,HORNBACH HOLDING AG & CO,1955.338,1183.935,1266.089,268.392,2024.0,,444110.0,2580.721,2550.0,2025-02-28,255040.0,-199.356,55.568,488.333,1955.338,6199.989,219.941,1907.324,DEU,2706.083,195.558,38.392,165.919,5211.0,84.1,0.138,6199.989,25.0,318.417,1779.927,5.816661765123392,7.194612900685201,4.328910906132253,7.876352683851537,2.2690201547131776,7.876352683851537,38.39518102370826,8.241030933342994,1.5033992575605923,0.4340086237842449,0.2680763724359867,0.2681929328890521,12.916494823688565,0.665582625612554,0.8657628502079948,42.37659759788981,55.93006187647547,4.82997408580478,2.816672229810396,36.688083918466354,1.3436778652301713,311.3069391444065,31.70409290338416,11.512709135451692,43.6465774374761,10.402805742358955,3.016764224315984,11.116635129913291,2.676117651176478,0.7543795836156061,152.49799999999996,2.4596495251846413,52.10745657424071,118.63878207994276,2.359793038339152,1.356454019515196,27.29049822645882,72.70950177354118,0.634697671730966,3.0626922851844984,52.42614419103016,-49.65185036003529,9.14072212757282,0.0479635320535832,0.040024681760198,-0.1143882603081904,0.311570592623169,0.8851541973356237,0.2176466829080169,6.900816675852092,2.148480902247651,0.0381704957554533,-0.0939201318442059,False,False,False,False,False,False,False,False,False,False,False,False,False,False,False,False,False,False,False,False,False,False,False,False,True,False,False,False,False,False,False,False,False,False,False,False,False,False,False,False,False,False,True,False,False,False,False,False,False,False,False,False,False,False,12,True,0,High Performers,58.394723756951514,87.34275517013937,94.59485004963871,90.31679238198159,60.3367510330746,97.33456732315543,96.05055156293628,49.314390056555816,58.90863242996783
109.72,1233.583,35203010.0,916.087,186.378,12.142,3809.164,411.602,453.861,DE000A0LD6E6,284944,GERRESHEIMER GROUP,1511.562,985.503,355.088,217.047,2024.0,,327212.0,2270.023,3520.0,2024-11-30,352030.0,168.269,61.661,411.602,1511.562,2035.903,194.555,387.458,DEU,1018.153,387.886,88.2,369.846,3220.0,65.519,0.0,2035.903,35.0,240.332,992.301,5.698021928171116,7.2587164800385295,10.66096960415108,20.21717144677325,5.389254792590806,20.21717144677325,39.408557283917744,8.940625271610516,1.0068980003105013,0.6465865654391716,0.189119667824451,0.189119667824451,0.1784643559584203,0.6060532085352768,0.9063128075461012,39.68225048855864,59.5937323780231,3.520004540957818,2.8755205271111413,35.96453185003323,0.534475018665513,167.67443584253007,5.248714828583656,69.54083274104906,50.00989732811436,299.48558399529264,3.474020524489704,15.075853914402217,18.166189646559783,1.9009842974994215,-129.514,-6.361501505720067,153.8896193598855,110.72809115076458,2.520018365108412,3.218178862156007,80.38643820634343,19.61356179365657,2.2817040662431065,11.082227929518162,4.133790737564325,193.0114703287255,9.248001701433806,-0.1462351395385437,-0.0388402918978466,1.1288886323723293,-1.17232334025491,1.258984865473323,0.2271157408050461,6.3093109144158666,1.109079302886883,0.1484072624515376,-0.825851216049157,False,False,False,False,False,False,False,False,False,False,False,False,False,False,False,False,False,False,False,False,False,False,False,False,False,False,False,True,False,False,False,False,False,False,False,False,False,False,False,False,False,False,False,False,False,False,False,False,False,False,False,False,False,False,11,True,0,High Performers,58.34394889128549,89.52706331954892,67.59682232818665,97.42200152623317,70.64126067066128,95.14213201507921,97.26771827954738,46.3683534115683,61.581381473646495
178.726,910.785,35101010.0,526.757,20.285,5.73,3393.2,254.122,27.071,DE0005313704,238442,CARL ZEISS MEDITEC AG,2041.697,568.835,536.556,187.41,2024.0,,334510.0,1336.721,3510.0,2024-09-30,351010.0,176.249,29.424,254.122,2041.697,2066.127,66.712,558.131,DEU,263.889,582.935,52.522,86.814,3845.0,409.148,0.0,2066.127,35.0,247.319,1212.483,5.523105033596605,8.753796474207485,9.07059440198981,12.299437546675495,8.650291100208264,12.299437546675495,55.91824703902519,7.29660721975165,2.131519684970158,1.188265489992704,0.0356606045689874,0.0356606045689874,18.968761051514797,0.2579995954345821,0.2712586637488324,60.17025226924437,39.3941117529176,6.369290375203915,2.0995545446675217,16.321702227985384,0.6089022161971,360.58062827225126,3.544352286275485,102.98073400134648,12.77215776184136,3.2100262876603365,1.6974649430814304,17.77731934457149,4.201774624696352,1.3013250989327256,160.505,7.7683995223914115,35.102034214920806,131.96681073581985,1.6619508183633516,19.802654919082904,29.38688271432248,70.61311728567752,-1.1091274589575597,11.878833759105078,18.80572257930748,-13.338912585713503,32.23560951089854,0.2882926311304993,0.0164001969641289,0.2652947202455787,0.522632697340081,3.893627057909703,0.0753861984248226,7.288665566426972,3.437645346854512,0.0603046867932807,0.0466665850607139,False,False,False,False,False,False,False,False,False,False,False,False,False,False,False,False,False,False,False,False,False,False,False,False,False,False,False,False,False,False,False,False,False,False,False,False,False,False,False,False,False,False,False,False,False,False,False,False,False,False,False,False,False,False,11,True,0,High Performers,44.15154935439873,73.12160703367101,69.93596214723252,54.77743612960655,76.62861554962907,98.2306144019327,90.92449047046492,52.36666609763286,49.25697709389871
-80.3,737.8,20104010.0,242.8,148.0,4.277,1336.9,131.9,13.5,DE0007235301,206703,SGL CARBON SE,554.9,243.3,345.6,72.2,2024.0,,335991.0,772.3,2010.0,2024-12-31,201040.0,-90.5,33.5,131.9,554.9,1026.4,59.7,132.9,DEU,461.3,161.1,88.2,97.3,3620.0,25.9,17.8,1026.4,20.0,120.3,673.9,5.4005535193357765,-14.47107586952604,7.034294621979735,12.850740452065471,-7.823460639127044,12.850740452065471,28.11769290724865,9.051021687351133,2.769831483764899,1.3493629264282776,0.6083025071927661,0.6814632141389232,32.208841349390376,0.4375563164534151,0.4618850243287079,41.50647019223577,57.76797067843518,2.155223880597015,0.8210765731614861,19.17121699453961,0.7677462787044655,239.98129530044423,6.371198013656115,57.28906858924395,44.94349181605612,2.3836507199256856,2.134837962962963,23.12065225521729,9.479734996102884,1.6298157453936346,23.0,2.240841777084957,80.88113050706566,166.62049861495845,2.409262930257704,2.523382696804364,,,-5.757047103112645,-9.214993888360713,-11.044093178036595,-70.01303780964798,11.710677382319169,0.8376659291904817,-0.1461291896418059,0.0348251268656702,1.8329504023455392,3.0241561724586945,0.7389257212918894,8.998429201884957,5.035041880087601,0.8439679569270401,0.384105227784315,False,False,False,False,False,False,False,False,False,False,False,False,False,False,False,False,False,False,False,False,False,False,False,False,False,False,False,False,False,False,False,False,False,False,False,False,False,False,False,False,False,False,False,False,False,False,False,False,False,False,False,False,False,False,11,True,0,High Performers,42.32129384559513,85.9642995707178,43.5216436370849,92.5355378771286,87.79812977897426,98.72177109753237,96.42471995421373,52.63262599619257,56.54465070694061
1404.0,9315.0,15101040.0,6129.0,2055.0,55.646,33513.0,3686.0,1944.0,DE0006483001,100037,LINDE AG,14182.0,8787.0,1211.0,1808.0,2017.0,,325120.0,18454.0,1510.0,2017-12-31,151010.0,-1623.0,267.0,3686.0,14182.0,17113.0,1878.0,4032.0,DEU,11756.0,3559.0,88.2,1660.0,2810.0,112.0,623.0,17113.0,15.0,3508.0,7841.0,5.394921373795244,9.899873078550277,10.565067492549524,21.539180739788467,8.204289136913458,21.539180739788467,45.567697072401096,8.90158042440057,0.8923409582337544,0.7545237282348924,0.2338682144076476,0.3047684078752702,-2.8227851878375554,0.432167536313637,0.5692427020166408,42.317906484050965,55.06519857965566,6.771535580524344,1.6326641345632122,24.089159430668698,0.5106376629964492,307.53333572943245,4.8083731385220565,75.90925027756677,68.69631274469702,,7.691990090834022,16.751708292304478,9.70022789692047,0.8839190628328009,1848.0,10.79880792380062,47.32041049030787,194.0265486725664,2.363065858130024,0.6544732075030678,6.282051282051282,93.71794871794872,0.9735662025017744,-4.762852027622266,4.585948953125585,10.065515187611672,-5.73537762634867,-0.2953852357194847,-0.0580154813381547,-0.5503847368221055,1.4462117261353595,0.4351646984561573,0.0772141148975456,10.467579745173516,0.763730659095466,0.7679253485577232,0.8884089183899395,False,False,False,False,False,False,False,False,False,False,False,False,False,False,False,False,False,False,False,False,False,False,False,False,False,False,False,False,False,False,False,False,False,False,False,False,False,False,False,False,False,False,False,False,False,False,False,False,False,False,False,False,False,False,4,True,0,High Performers,50.40569211221146,83.43984570379286,60.870308744316894,90.4739841310371,65.61640962548238,96.97215495025408,96.07526081208374,50.343731877010335,55.74010584256922
-47.583,3684.958,50101020.0,3397.504,132.847,10.972,11935.709,1295.975,497.345,DE0005089031,225236,UNITED INTERNET AG,4781.247,1881.568,119.667,640.725,2024.0,,517.0,6390.975,5010.0,2024-12-31,501010.0,-101.754,148.024,1295.975,4781.247,6329.186,655.25,1255.137,DEU,2759.136,1292.487,69.1,774.598,7370.0,6.535,17.99,6329.186,50.0,954.121,1989.27,5.368135231849235,-0.9952006244396074,10.123339715407322,20.476171817355343,-0.7518028384692755,20.476171817355343,41.77832662841635,7.834020133392006,1.0572405568121908,0.9936409420228236,0.0706044107892991,0.0801655852990697,0.9023510878155624,0.7105895177555144,0.8146094523039701,40.05834089956449,53.54499678234448,4.328521050640437,2.902835317039295,32.63190314039996,0.5302731492532199,576.8488880787459,4.896904959198816,74.53687646405083,43.59385235320941,58.76572394198808,30.793435115779623,11.941762320110184,12.238509027859193,1.182141167493323,179.52300000000002,2.836431098722648,81.18446192883292,148.91271606383393,2.496359004251401,0.1032518241682263,,,1.866505204390112,6.13645696557934,0.0912242291552622,486.5422942464148,-2.9194427315977767,-0.5468603182232925,-0.0728668106173555,0.9960844831622924,-0.778187920511514,2.039358137012388,0.4132467835297932,7.993835975726284,4.339954980035436,0.7909672587684747,0.4524402035389427,False,False,False,False,False,False,False,False,False,False,False,False,False,False,False,False,False,False,False,False,False,False,False,False,False,False,False,True,False,False,False,False,False,False,False,False,False,False,False,False,False,False,False,True,False,False,False,False,False,False,False,False,False,False,11,True,0,High Performers,59.653452122953176,87.81057099853152,69.55594780999049,95.78095887192003,71.20157197001402,98.99302833354413,97.0870217708882,48.306214274450774,61.68182673158168
124.408,1724.047,35101010.0,286.928,230.599,15.444,3093.435,298.517,108.652,DE0005550636,102218,DRAEGERWERK AG,1535.15,978.482,662.585,164.141,2024.0,,339112.0,1556.639,3510.0,2024-12-31,351010.0,-161.385,18.744,298.517,1535.15,3370.88,134.376,1014.549,DEU,507.144,913.964,37.473,59.895,3841.0,333.066,0.0,3370.88,35.0,167.308,1884.764,5.306107935030152,8.103963782040841,4.869381289158914,8.855758733624453,3.6906683121321433,8.855758733624453,48.85469076324284,9.008450790800392,1.926212234869931,1.2490561911205316,0.2356701502940268,0.2356701502940268,29.296946598199085,0.1869055141191414,0.2576816597726606,49.62606293650909,50.32072760539658,8.756988903115664,0.552668692235283,12.78772626546218,1.0896883238212538,218.26469826469827,3.688197784595455,98.96432385608506,15.0448547560281,3.7194603887090336,2.602001252669469,36.999743004136185,1.7768357224226317,0.4457269155206287,107.41299999999998,3.1864972944750325,35.79924450713654,101.92943871427612,2.0150701885809204,9.88068397569774,30.12105330846891,69.8789466915311,-0.0777826260173308,-0.0359987836676678,1.799485861182526,-13.79996629456942,-7.950144464252773,-0.0983457186356176,-0.0039105547091338,-0.1583615169412101,0.0719328068672084,3.781958291545897,0.0514718493757696,5.408486035749903,5.268129800927575,0.0074382390477104,0.5193124570410924,False,False,False,False,False,False,False,False,False,False,False,False,False,False,False,False,False,False,False,False,False,False,False,False,False,False,False,False,False,False,False,False,False,False,False,False,False,False,False,False,False,False,False,False,False,False,False,False,False,False,False,False,False,False,11,True,0,High Performers,46.70755719639158,79.031973616164,54.93428294990304,73.42596926966159,77.65050482206208,96.36862110672266,93.48322062014978,51.38313290438034,53.4795902520649
11351.0,189658.0,25102010.0,137061.0,67622.0,679.472,632905.0,45843.0,117020.0,DE0007664039,100737,VOLKSWAGEN AG,182294.0,217039.0,56720.0,33403.0,2024.0,2069.0,336110.0,436174.0,2510.0,2024-12-31,251020.0,11140.0,14474.0,45843.0,182294.0,324656.0,12440.0,31349.0,DEU,144645.0,111640.0,3170.532,17202.0,3711.0,17963.0,27326.0,324656.0,25.0,17151.0,245231.0,5.277727305045781,6.22675458325562,10.288736385589669,14.12048445123454,3.496316100734316,14.12048445123454,41.58185895224484,10.459519969939407,1.1298937057395215,0.8685581853952515,0.3115661240606527,0.437469763498726,4.454380989247992,0.7518678618056546,1.393797930815057,28.802742907703365,68.91618805349934,2.307793284510156,4.067338524965644,40.14520346655501,0.5129616609127752,477.8062966538725,2.908061626657112,125.5131585431965,44.55331181311912,11.51589103291714,3.343758815232722,28.323682069188894,5.298531368587058,1.382797427652733,-51.0,-0.0157089349958109,100.29735875459156,51.34568751309763,3.471891559788035,5.532933320191217,27.931741696766803,72.0682583032332,0.735996822678131,5.424777375411849,-0.6656189466759277,-101.08441420369977,17.39575513546714,0.422981124868318,-0.0290853464624734,-0.1597886534865612,0.6665555175325564,1.798038321810791,0.1461485333306627,2.7098853698422354,1.983443747234279,0.6087469152289839,-0.0549605069231229,True,True,False,False,False,False,False,False,False,False,False,False,False,False,False,False,False,False,False,False,False,False,False,False,False,False,False,False,False,False,False,False,False,False,False,False,False,False,False,False,False,False,False,False,False,False,False,False,False,False,False,False,False,False,11,True,0,High Performers,58.006488803986166,87.24132676041,77.99302807633856,75.35149622543693,69.85828557460759,93.02998967199308,95.39851476537758,48.641632160614684,58.664753332411294
108.452,1044.456,35101020.0,263.815,160.906,10.079,2097.867,198.021,26.377,DE0007474041,102529,PAUL HARTMANN AG,1148.549,465.595,500.172,108.62,2024.0,15.625,339113.0,901.799,3510.0,2024-12-31,351010.0,-31.748,14.835,198.021,1148.549,2425.8,89.401,795.331,DEU,569.902,427.654,28.4,138.601,3842.0,93.5,0.0,2425.8,35.0,198.663,1094.778,5.177639955249784,9.44252269602777,4.477698078984252,8.163121444471926,4.4707725286503415,8.163121444471926,56.94385357407866,7.690651984899077,2.3513525703669496,1.2770884567059353,0.3455921992289436,0.3455921992289436,29.991558092100213,0.2296941619382368,0.2526596601451048,54.748418274371055,42.98647149700148,7.321873946747556,0.6528903500133825,13.832716754684638,1.156317345189185,240.67863875384464,5.67234259471442,64.34731222689422,23.49336301426333,3.855476069760309,2.088193661380485,28.05516269620524,5.713620248990024,1.5503294146597912,60.06200000000001,2.4759666914007754,69.76689167081942,182.8972564905174,1.8265367868501912,3.8543985489323114,26.18670010695976,73.81329989304024,2.4629459892122174,5.590936522133472,-0.8752950432730056,-48.96245814992947,22.544052766062794,-0.4151692876159462,0.0172691781600313,0.2137738058242551,-0.3895142740665239,2.2819621022878303,0.0876350701066385,9.469761429108708,4.4642434716616926,0.3641046854659698,0.2254932237081222,False,False,False,False,False,False,False,False,False,False,False,False,False,False,False,False,False,False,False,False,False,False,False,False,False,False,False,False,False,False,False,False,False,False,False,False,False,False,False,False,False,False,False,False,False,False,False,False,False,False,False,False,False,False,11,True,0,High Performers,38.67645656996063,70.00238966481741,50.38196673895202,63.72980738983658,73.46456150637233,97.9796292701765,92.10826039028076,53.187153581440576,46.86372552588724
784.0,13852.0,50201020.0,5832.0,2450.0,74.607,32951.0,2462.0,1125.0,DE0005229900,103255,BERTELSMANN SE & CO KGAA,13532.0,9357.0,883.0,1681.0,2024.0,133.0,515120.0,17301.0,5020.0,2024-12-31,502010.0,-1629.0,286.0,2462.0,13532.0,18988.0,781.0,479.0,DEU,2915.0,5548.0,220.0,396.0,4833.0,84.1,208.0,18988.0,50.0,2172.0,12565.0,5.101514369821857,5.793674253621046,8.852959764061513,12.966083842426796,4.128923530650938,12.966083842426796,27.048662313039816,8.681057632720513,1.342844928930213,1.248477075985893,0.2618360585657796,0.2840654055787111,9.73566811325908,0.4309784215193615,0.5141146911025717,41.06703893660284,52.50523504597736,5.8776223776223775,1.830625507717303,21.11316803738885,0.5762495827137264,254.50694975002347,3.4224945926459984,106.6473562249842,15.351801137560564,5.918952618453865,15.687429218573046,24.27240447937847,2.085527701706341,0.5070422535211268,1776.0,9.353275753107225,18.23204419889503,129.2088042831648,2.435042861365652,0.4429113124078365,28.061224489795915,71.93877551020408,-5.855520848827411,1.0085218564159115,-7.22599418040738,20.48846675712348,-10.20408163265306,-0.1208089383874509,0.0006866197300966,0.0241590038624076,0.04408664795454,1.3599723118676057,0.1245796164849779,6.5916057175806495,1.5427911953834248,0.0868021911186794,-0.6956676548323845,False,False,False,False,False,False,False,False,False,False,False,False,False,False,False,False,False,False,False,False,False,False,False,False,False,False,False,False,False,False,False,False,False,False,False,False,False,False,False,False,False,False,False,False,False,False,False,False,False,False,False,False,False,False,11,True,0,High Performers,69.93209880479914,83.5571266336203,93.95223794220668,93.62845318547551,74.61578385061483,97.81240867803818,96.62028530648159,48.49446084819216,65.2394777447835
115.342,3478.644,25504030.0,1549.617,301.138,24.145,4394.077,519.867,382.419,DE0006084403,223089,HORNBACH-BAUMARKT AG,1670.35,1107.509,1199.091,220.139,2024.0,,444110.0,2723.727,2550.0,2025-02-28,255040.0,-223.404,71.261,519.867,1670.35,5847.008,299.728,1866.56,DEU,2552.384,133.852,88.2,102.09,5211.0,84.1,0.0,5847.008,25.0,293.846,1666.76,5.009903103655216,6.905259376777323,3.764985442126982,8.891162796425112,1.9726670461199989,8.891162796425112,40.50557139651597,6.836684972237295,1.5049629393530888,0.422271060551201,0.2719056910598469,0.2719056910598469,12.727382792791294,0.9277199389349536,1.1566653695333315,38.01367158563676,61.98632841436324,3.089193247358303,3.137144692777192,43.96909749191924,1.3306566999167286,242.16226962103957,43.6826345515943,8.35572313224131,43.65282209294053,10.45506936956751,2.901067558675697,9.899462389939911,1.7460212129006836,0.3406088186622538,191.756,3.279557681467171,34.74268834695725,133.48202726459192,2.630632502170204,1.4383424821720785,76.46824227081203,23.531757729187973,1.1598855149173026,3.2473713383834646,2.530893031551229,-40.31331803991024,-11.954946874568783,0.0922619794689531,0.1074227638393112,-0.1100295658151356,0.4920661200644018,1.1044119343611911,0.4925614583297832,6.687320226750691,2.765392281962057,0.0907249435167971,0.032137880620271,False,False,False,False,False,False,False,False,False,False,False,False,False,False,False,False,False,False,False,False,False,False,False,False,True,False,False,False,False,False,False,False,False,False,False,False,False,False,False,False,False,False,False,False,False,False,False,False,False,False,False,False,False,False,12,True,0,High Performers,58.548991525772266,82.49972216165561,95.0299166283167,93.94387782762666,61.1195464951093,98.3275433542839,98.11699697166058,49.62881902830055,58.48186079966909
34.6,784.283,35103010.0,826.439,107.407,8.815,1965.666,207.697,53.553,DE000A288904,210334,COMPUGROUP MEDICAL SE & CO,647.914,331.249,14.707,97.916,2024.0,,513210.0,1317.356,3510.0,2024-12-31,351030.0,18.813,34.029,207.697,647.914,1185.711,109.781,12.012,DEU,166.775,243.967,2.587,24.805,7372.0,19.739,0.079,1185.711,35.0,128.882,394.6,4.981314221235958,5.3402149050645615,8.257998787225555,17.516662997981804,2.91808037540345,17.516662997981804,33.8554673103311,6.641286042080831,1.1912488792418996,1.146850254642278,0.3242485260332861,0.3244870173192975,3.2228771317202414,1.2755381115394944,1.3581925996351367,32.96155094507409,67.01830321122713,2.877428076052778,3.719769664463136,44.76813456609617,0.6032108201495066,134.5106069200227,4.86012862395324,75.10089305066748,14.06540042219394,18.71653170431406,53.32719113347385,17.8755699086213,2.09199374889834,0.2259498456016979,104.077,8.777602636730197,19.24628730156267,131.6250663834307,3.033837824155675,1.664739552892737,7.476878612716763,92.52312138728324,-3.4281586118934397,3.4592090394290675,-4.174366778997718,-35.1767307153312,30.738417751541668,-0.4172160398540727,-0.0844263943308435,-0.021828022100526,0.3129744991489905,3.61632529300646,0.3957629797906246,6.556658150469104,2.908911442206919,0.146413020556825,0.2265018034635937,False,False,False,False,False,False,False,False,False,False,False,False,False,False,False,False,False,False,False,False,False,False,False,False,False,False,False,False,False,False,False,False,False,False,False,False,False,False,False,False,False,False,False,False,False,False,False,False,False,False,False,False,False,False,11,True,0,High Performers,63.84185133447121,89.291041258631,75.86160193695119,81.98253047760508,76.43422090019033,98.04880949180074,98.74006570367676,48.51298163949721,63.05833496830374
251.1,5988.6,25504010.0,1182.6,2676.9,15.309,7983.9,673.8,542.9,DE000ZAL1111,318434,ZALANDO SE,2665.3,3990.2,1549.7,391.9,2024.0,67.9,454110.0,5318.6,2550.0,2024-12-31,255040.0,-325.6,93.4,673.8,2665.3,10572.5,281.9,3910.9,DEU,1596.6,1074.3,88.2,120.6,5960.0,68.0,89.1,10572.5,25.0,654.1,5451.6,4.908628615087864,9.421078302630097,3.706786474343816,6.373137857649562,2.375029557815086,6.373137857649562,43.35682194372192,10.184776111645313,1.3662473058994538,0.9778707834193776,0.6708686281389404,0.6931983359230114,18.30433747917685,0.4437023974787077,0.6473942895734063,33.38343416124952,66.6165658387505,4.195931477516059,-1.4119916889284656,21.61224464234272,1.324227507859567,690.6068325821412,9.84129200409569,37.08862615275479,15.101442421376207,7.234501163268097,3.8643608440343296,46.98455641979484,1.14069519981083,0.427811280595956,533.5,5.046110191534642,18.43754777556948,166.90482265884157,2.9954976925674406,0.6431780562780799,35.12544802867384,64.87455197132616,4.233419763188762,2.4930356753148475,-3.064648895080102,-29.71014492753623,-36.69291338582678,-0.0923177440171789,0.097662229912951,-0.0499654895424779,0.1343995261834829,1.3553190125092662,0.3713752448103862,8.192737884993551,2.080364110223859,0.0510363949769094,-0.1979348437922435,False,False,False,False,False,False,False,False,False,False,False,False,False,False,False,False,False,False,False,False,False,False,False,False,False,False,False,False,False,False,False,False,False,False,False,False,False,False,False,False,False,False,False,False,False,False,False,False,False,False,False,False,False,False,11,True,0,High Performers,55.172847603658596,80.40808102253206,80.3117121090385,85.78374847988273,61.622989742458834,99.27660009090692,99.03804303851817,49.03258054140005,55.97257855532695
10207.0,89497.0,25102010.0,73487.0,21741.0,163.132,265010.0,17353.0,39311.0,DE0007100000,17828,MERCEDES BENZ GROUP AG,92625.0,74826.0,26234.0,12586.0,2024.0,272.0,336110.0,171380.0,2510.0,2024-12-31,251020.0,-10752.0,249.0,17353.0,92625.0,145594.0,4767.0,11167.0,DEU,71757.0,49973.0,4140.0,4039.0,3711.0,7585.0,7230.0,145594.0,25.0,17735.0,101767.0,4.749254745103959,11.019703103913631,8.64458700221163,11.918760388477548,7.010591095786914,11.918760388477548,38.52974710496312,7.576815642458101,1.3600486461925,1.00944858738941,0.2905540854783097,0.3871782535482319,10.166031470510546,0.7933819163292848,1.217792172739541,34.9515112637259,64.66925776385797,50.54618473895582,5.247334754797441,42.56367684238331,0.5493905890343761,892.4919696932545,2.913453264762972,125.28088382763026,49.2856848496504,5.404179503359193,3.4114889075245864,27.06086562771216,2.774152781021196,0.8472834067547724,13696.0,9.406981056911686,22.7741753594587,140.91053551565233,2.86110661268556,5.209692707117052,40.56039972567845,59.43960027432155,-4.975916667754444,0.7558303107724873,-1.760851760851767,27.70163170163171,7.850467289719631,0.3217632319941527,-0.0830119467670089,-0.1390770153346783,1.7978061353709127,3.079812716571244,0.4783350473683612,6.692200294328515,3.73365028935714,0.120065131444565,-0.4650282774815283,True,True,False,False,False,False,False,False,False,False,False,False,False,False,False,False,False,False,False,True,False,False,False,False,False,False,False,False,False,False,False,False,True,False,False,False,False,False,False,False,False,False,False,False,False,False,False,False,False,False,False,False,False,False,11,True,0,High Performers,68.40044726717595,87.45934857469459,95.38338541165304,89.15065564558986,71.7093814081733,98.35865964516972,99.91043915021699,51.61767826661697,64.52352139759428
183.012,5106.223,55103010.0,1463.508,796.631,5.447,7876.016,575.97,241.787,DE000A0H52F5,244394,MVV ENERGIE AG,2178.635,3051.368,357.179,372.627,2024.0,,22111.0,5361.493,5510.0,2024-09-30,551030.0,-329.445,60.581,575.97,2178.635,6361.422,203.343,585.169,DEU,2819.963,665.709,82.383,412.129,4931.0,0.304,17.723,6361.422,55.0,498.004,3662.918,4.731161033700287,8.400305695997723,5.857605422183909,9.054107713652703,2.8769039375158574,9.054107713652703,19.73142168527728,10.230982144303503,1.2004183041835663,1.0833629375414568,0.2610733939662473,0.2668816085113299,7.764712514550506,0.6717545619160621,0.7827355201766243,27.661637558887648,68.0736682099173,6.150888892557072,1.5776238345747176,21.651746263593168,0.807695413518713,1167.8762621626583,9.555859992879771,38.19645749016494,44.329129556253314,10.402129016433648,14.295977647062118,18.567001387503527,6.478567213431212,2.02676757990194,85.875,1.3499340241851587,82.75616260110361,133.64678351273523,3.61511496877632,0.0047788057450048,45.0150809782965,54.9849190217035,-4.278055232457534,-17.55867834980779,2.080209895052465,-109.19012400112582,28.519217276058303,0.4304629757397033,-0.0453900198140223,-0.1418118434680071,-0.0285310335025822,3.948103928022732,0.2208531176360416,6.323044544348311,4.467484801843641,0.1307636816719675,0.1652528123788666,False,False,False,False,False,False,False,False,False,False,False,False,False,False,False,False,False,False,False,False,False,False,False,False,False,False,False,False,False,False,False,False,False,False,False,False,False,False,False,False,False,False,False,False,False,False,False,False,False,False,False,False,False,False,11,True,0,High Performers,62.020534534133695,73.5848833887259,86.58562682617192,73.05835932761984,90.04001739312152,97.97755321045469,94.33070134529662,46.5079822235189,60.33702903312887
537.913,13096.417,35102015.0,9760.642,1343.28,111.513,33566.579,3022.214,1243.582,DE0005785802,212782,FRESENIUS MEDICAL CARE AG,14576.563,5660.06,2067.922,1539.374,2024.0,,621492.0,17798.066,3510.0,2024-12-31,351020.0,-2569.3,409.193,3022.214,14576.563,19335.909,1482.84,3142.819,DEU,7258.582,3876.019,422.515,699.358,8090.0,183.493,163.093,19335.909,35.0,2386.144,7922.744,4.5860318383949705,3.6902594939561535,7.961218683848791,15.630059078163846,2.781937999397908,15.630059078163846,32.26893548164713,6.325188122465172,1.3997632533930735,1.03440988258075,0.237326106083681,0.2661408182952124,6.740883543717695,0.6696120340576855,0.7549258353975488,43.42582245274384,53.02317522438018,3.761975400361199,3.196644579106576,32.78327529296328,0.5760464597837033,173.3960076403648,4.988600159080748,73.16681801719278,37.53938850250072,8.545563145361882,6.333129102548355,15.549094234476502,3.6168871088501695,0.4716341614739284,1686.7859999999998,8.723592979259468,29.30912803250768,155.00742509617544,2.3027773419563995,0.9489752977219742,78.54708846969677,21.452911530303226,-0.6050699980368668,-1.0705306673117645,-6.952313404814547,-13.240321879637184,2.1563082460312355,-0.6851539358300058,0.0024667027153571,-0.2364810797779316,0.4702784937923669,2.518705305145754,0.1616243129603466,7.108689866786841,1.88844064273258,0.8139810324935125,0.1963698941668408,False,False,False,False,False,False,False,False,False,False,False,False,False,False,False,False,False,False,False,False,False,False,False,False,False,False,False,False,False,False,False,False,False,False,False,False,False,False,False,False,False,False,False,False,False,False,False,False,False,False,False,False,False,False,11,True,0,High Performers,67.92064204141009,85.19244130352355,86.02993977459624,87.71720036810822,75.09729985114234,98.92804099387786,95.62111070971979,49.133723637228826,64.24306009175092
70.2,1637.2,20106010.0,297.0,35.6,6.019,2488.6,187.8,214.8,DE000WACK012,284636,WACKER NEUSON SE,1499.6,558.6,621.9,110.7,2024.0,4.1,333120.0,989.0,2010.0,2024-12-31,201060.0,-177.5,25.5,187.8,1499.6,2234.9,77.1,346.9,DEU,574.4,266.2,40.8,61.9,3531.0,58.9,0.3,2234.9,20.0,305.3,1008.0,4.448284175841839,4.681248332888771,4.953241755783257,8.40306053962146,3.1410801378137725,8.40306053962146,26.74392590272496,6.161638650784816,1.8045112781954888,0.6911922663802363,0.0637307554600787,0.0642678123881131,18.05834605802459,0.1980528140837557,0.3412910109362497,60.258780036968574,39.74121996303143,4.341176470588235,2.535676251331203,20.565779956602107,0.8980551313991804,371.3075261671374,8.395567242674682,43.475323280683696,25.701373663251147,4.973075211392969,2.632577584820711,12.127300490235475,2.769698867958298,0.8028534370946823,243.4,10.89086760034006,20.275139207337045,275.7904245709124,1.6595092024539877,2.6354646740346324,58.11965811965811,41.88034188034189,-15.81980488907303,-5.909486180952028,-8.511931904544756,-1640.5063291139245,-52.015503875969,-0.0979512458514454,0.0213298242406081,-0.3032373531764797,0.4818314816871432,1.8776599077777043,0.1095798921048121,12.267941814674918,6.464320727040573,0.0299349644774568,0.7518975709515904,False,False,False,False,False,False,False,False,False,False,False,False,False,False,False,False,False,False,False,False,False,False,False,False,False,False,False,False,False,False,False,False,False,False,False,False,False,False,False,False,False,False,False,True,False,False,False,False,False,False,False,False,False,False,11,True,0,High Performers,48.93907403155517,78.04626949154526,77.53273976720858,54.60125455145538,95.08874781423127,92.16071534366934,90.90704437314719,50.815760821877284,54.90832113821135
-96.4,7350.2,25101010.0,672.4,1063.6,35.528,7583.1,796.1,42.5,DE000VTSC017,350278,VITESCO TECHNOLOGIES GROUP,2851.3,3143.8,825.1,325.4,2023.0,,336350.0,4731.8,2510.0,2023-12-31,251010.0,234.4,57.5,796.1,2851.3,9233.2,470.7,403.2,DEU,1842.7,1828.1,10.005,499.8,3714.0,1020.2,0.0,9233.2,25.0,629.0,3815.2,4.2911210454827176,-3.3809139690667416,3.5242386171641464,8.622146168175714,-1.044058397955205,8.622146168175714,20.393796300307592,9.23461134602832,1.2135632037661428,0.9511101215090018,0.3383166868121381,0.3383166868121381,8.853898801281792,0.2358222565145722,0.2507277382246694,37.60071738471074,62.39928261528927,5.659130434782608,-0.4380103002135409,9.42754282549353,1.2176022998509846,259.8851609997749,5.050708385755703,72.26709049950179,19.95732790365204,13.75215966636879,8.908253545024845,38.13348103018554,5.4130745570333145,1.0618228170809434,129.2,1.3992981848113328,79.45945945945945,193.30055316533495,2.65952372601971,11.049257028982368,,,1.7993384785005562,-0.2709207359574916,-6.610940251820308,-11.202749140893475,11.91222570532915,0.7667813728400232,-0.0110815577569357,-0.4363480435219566,0.3998975218116258,1.8326080543522392,0.0980835005480291,8.2947607179122,3.2373747807147866,0.6127339875537323,0.0864254281707015,False,False,False,False,False,False,False,False,False,False,False,False,False,False,False,False,False,False,False,False,False,False,False,False,False,False,False,False,False,False,False,False,False,False,False,False,False,False,False,False,False,False,False,False,False,False,False,False,False,False,False,False,False,False,6,True,0,High Performers,58.994222751650895,70.49950690754599,89.22716009209856,94.31826922816458,68.89561064588165,97.2184612749927,98.34003816470607,46.729782188181666,57.46375900186826
7290.0,78741.0,25102010.0,66770.0,19287.0,159.104,267732.0,17900.0,44491.0,DE0005190003,100022,BAYERISCHE MOTOREN WERKE AKT,92315.0,87689.0,24387.0,11339.0,2024.0,,336111.0,172729.0,2510.0,2024-12-31,251020.0,5766.0,562.0,17900.0,92315.0,142380.0,6561.0,9632.0,DEU,88419.0,45130.0,2677.0,12205.0,3711.0,7642.0,0.0,142380.0,25.0,7566.0,96387.0,4.23520535460834,7.896874830742566,7.9638994240764145,12.571990448096642,5.120101137800253,12.571990448096642,44.69658659924146,7.127636169343433,1.0991914607305364,0.8210836022762262,0.2199477699597441,0.2199477699597441,3.2487711592189203,0.7232844066511401,1.205232085793208,34.48037589828635,64.5156350380231,20.176156583629894,5.138212290502794,41.55685536282551,0.5318004571735915,894.8863636363635,3.154885885220474,115.6935665121506,62.100716392751785,16.369280294320532,3.228810431787428,24.06025428413488,8.57213091726366,1.8602347203170249,-4639.0,-3.258182328978789,161.31377213851442,66.72546079901225,2.900200400801604,5.367326871751651,36.72153635116598,63.27846364883402,-8.436121364905013,6.712902068635662,2.680864795095217,-169.64419756793274,12.167999264773457,-0.3216470686221347,-0.1079604426758696,0.0324983239486987,1.0003772041760857,2.300976531313524,0.3906040870311205,2.825960288646856,2.9111938621377837,0.2149450768542423,0.5827736771714417,True,True,False,False,False,False,False,False,False,False,False,False,False,False,False,False,False,False,False,False,False,False,False,False,False,False,False,False,False,False,False,False,True,False,False,False,False,False,False,False,False,False,False,False,False,False,False,False,False,False,False,False,False,False,11,True,0,High Performers,57.900492575403185,80.07365689870282,74.96268875059735,88.27934354171954,68.22323055716424,93.57740387945253,99.78258935728061,48.07945901212925,58.23634734764843
222.0,10212.0,15101050.0,2944.0,618.0,30.669,19750.0,1870.0,837.0,DE000EVNK013,295421,EVONIK INDUSTRIES AG,9020.0,4059.0,2662.0,834.0,2024.0,,325.0,10650.0,1510.0,2024-12-31,151010.0,-1330.0,222.0,1870.0,9020.0,15157.0,1036.0,2624.0,DEU,6461.0,2056.0,545.22,840.0,2800.0,461.0,157.0,15157.0,15.0,1713.0,5508.0,4.222784810126582,2.46119733924612,5.502408128257571,12.33753381275978,1.4646697895361878,12.33753381275978,32.62518968133536,6.970912738214643,1.3569844789356984,0.7011579206701158,0.1522542498152254,0.1909337275190933,7.336708860759495,0.3263858093126386,0.4191796008869179,45.67088607594937,53.92405063291139,3.756756756756757,1.6914438502673796,19.144303797468357,0.7674430379746835,494.2123968828458,7.372081712062257,49.511116975654815,42.62716896483473,10.46031746031746,3.836213373403456,13.539240506329117,5.541993798245035,0.8108108108108109,873.0,5.7597149831760905,49.036777583187394,205.3956834532374,2.1895787139689578,3.041498977370192,245.59459459459464,-145.59459459459464,-0.7205082858452894,-0.952858575727178,-4.9288570631451645,8.98876404494382,5.926860025220671,-0.5681103448253229,0.0176966060053351,-0.2812362605535861,0.1863649808117006,2.408216650983237,0.1270454139143703,8.673417721518987,1.406061675641432,0.6121628501700321,-0.054724814041009,False,False,False,False,False,False,False,False,False,False,False,False,False,False,False,False,False,False,False,False,False,False,False,False,False,False,False,False,False,False,False,False,False,False,False,False,False,False,True,True,False,False,False,False,False,False,False,False,False,False,False,False,False,False,11,True,0,High Performers,70.747320709123,80.86986299449984,87.50122732059737,82.22445579370347,88.62392361272632,96.77762831013379,94.77418318126091,48.21750828117459,65.98893500382846
360.3,7299.0,20106010.0,5433.9,787.0,42.719,18805.4,1881.7,3185.2,DE000KGX8881,297185,KION GROUP AG,6189.4,5510.2,1748.6,771.0,2024.0,,333924.0,12598.3,2010.0,2024-12-31,201060.0,-224.7,296.7,1881.7,6189.4,11503.2,1110.7,2062.9,DEU,4204.4,2884.9,107.5,462.9,3537.0,375.8,0.0,11503.2,20.0,1170.6,5569.0,4.099886202899167,5.821242769896921,6.702482787398288,16.35805688851798,3.1321719173795115,16.35805688851798,36.54809096599208,6.633228084967264,1.0106711190156437,0.6933323654313819,0.1428260317229864,0.1428260317229864,0.3126761462133227,0.8779364720328303,1.3925582447410088,32.91288672402607,66.99299137481786,2.5985844287158746,4.162246904394961,45.8331117657694,0.6116966403267147,269.2759661977106,3.987382578252279,91.53874574031572,36.54982961262952,195.6326530612239,4.174196500057189,19.52577451157646,4.02409764239516,0.4167642027550193,707.6999999999999,6.152201126643019,39.54382368016402,151.82879377431905,3.0383235854848616,3.2669170317824605,29.83624757146822,70.16375242853178,0.6078522263134323,8.149110901520551,0.9308919078558686,0.9269823160296564,4.539295392953924,-0.2170621439577628,-0.0168660203573492,-0.2235180594663556,-0.3274421490359033,1.8432564957069504,0.249835584554793,6.224807767981536,3.32442837821426,0.152541957660714,0.4892741503059048,False,False,False,False,False,False,False,False,False,False,False,False,False,False,False,False,False,False,False,False,False,False,False,False,False,False,False,True,False,False,False,False,False,False,False,False,False,False,False,False,False,False,False,False,False,False,False,False,False,False,False,False,False,False,11,True,0,High Performers,58.76325185177953,81.84561146234945,67.90074147572788,84.08592604004515,77.89100512745676,99.63465826768001,98.70526125497405,48.07249975262326,59.96666640630474
1042.0,15319.0,35102015.0,10805.0,2290.0,176.486,43550.0,2921.0,2772.0,DE0005785604,202305,FRESENIUS SE & CO KGAA,19542.0,9009.0,2573.0,1785.0,2024.0,,6214.0,23260.0,3510.0,2024-12-31,351020.0,-2183.0,547.0,2921.0,19542.0,21833.0,1136.0,2919.0,DEU,9890.0,5513.0,563.237,923.0,8090.0,641.0,8.0,21833.0,35.0,2447.0,11446.0,4.09873708381171,5.332105209292806,8.17569733889067,13.378830211148262,4.772591947968671,13.378830211148262,29.835570008702422,5.881965268395558,1.2705072705072704,0.9849039849039848,0.2541902541902542,0.2550782550782551,5.595866819747417,0.552911677412752,0.6947600040937468,44.87256027554535,53.40987370838117,3.263254113345521,3.864087641218761,31.175660160734783,0.5013318025258324,123.70952936776855,3.960275711953564,92.16530023359137,45.29840150231301,8.958965941731638,5.953750485814225,17.917336394948336,4.227545458709294,0.8125,1524.0,6.980259240599093,37.71965672251737,137.08683473389357,2.228533415208269,2.935922685842532,54.05345489443378,45.946545105566216,-2.089779810753845,-3.8291670347142426,-8.964485595646465,-54.12402167369055,-18.60670194003528,-0.8000602505664848,-0.0542900172590034,-0.1033168289198025,0.4383768259113428,2.9975055969396336,0.3030813829290464,5.618828932261768,1.4614247120074504,0.7836426553184878,-0.1090796441156889,False,False,False,False,False,False,False,False,False,False,False,False,False,False,False,False,False,False,False,False,False,False,False,False,False,False,False,False,False,False,False,False,False,False,False,False,False,False,False,False,False,False,False,False,False,False,False,False,False,False,False,False,False,False,11,True,0,High Performers,60.24092655908532,80.03896996371213,82.26708194785766,84.33644991173222,69.02531620236299,98.64108090793349,95.06478387192287,48.565879311591665,58.89160703790423
108.0,1618.0,20101010.0,1328.0,734.0,8.986,4696.0,298.0,48.0,DE000HAG0005,340115,HENSOLDT AG,872.0,1883.0,719.0,184.0,2024.0,4.0,334511.0,3810.0,2010.0,2024-12-31,201010.0,367.0,100.0,298.0,872.0,2240.0,114.0,290.0,DEU,451.0,860.0,57.75,199.0,3812.0,80.0,1.0,2240.0,20.0,311.0,2407.0,3.918228279386713,12.385321100917432,8.214285714285714,13.303571428571429,4.821428571428572,13.303571428571429,27.767857142857142,8.363636363636363,1.2782793414763676,0.8964418481147106,0.3898035050451407,0.3903345724907063,11.158432708688244,1.5229357798165135,1.5779816513761469,18.56899488926746,81.1328790459966,1.84,2.1543624161073827,29.3015332197615,0.4770017035775127,249.27665257066545,2.604651162790698,140.13392857142856,20.133928571428573,4.274809160305344,2.2503477051460363,33.94378194207837,8.883928571428571,1.7456140350877194,112.0,5.0,63.9871382636656,169.02173913043478,5.385321100917431,3.571428571428571,53.47222222222222,46.52777777777778,21.277747698971304,31.910112359550567,30.099898653539903,-49.54954954954955,342.22222222222223,0.9894429023506705,0.2963547821895007,0.3913487811878623,0.8893397521947942,2.497608254631416,4.115527831311952,6.622657580919931,2.559832346577172,0.7323852915410274,-0.2378112868606452,False,False,False,False,False,False,False,False,False,False,False,False,False,False,False,False,False,False,False,False,False,False,False,False,False,False,False,False,False,False,False,False,False,False,False,False,False,False,False,False,False,False,False,False,True,False,False,False,False,False,True,False,False,False,7,True,0,High Performers,46.011037923456165,77.45092521350358,94.66639804404863,55.53489973428422,67.9486026987688,99.13646795683293,82.07894921335604,51.190620459978575,49.64038059032692
14.696,498.732,20106020.0,401.327,127.13,6.041,1436.628,149.363,69.603,DE000A1H8BV3,297222,NORMA GROUP SE,720.994,259.501,219.941,56.021,2024.0,,3333.0,715.258,2010.0,2024-12-31,201060.0,-114.121,25.687,149.363,720.994,1161.69,93.342,346.665,DEU,319.013,161.888,12.7,54.919,3580.0,50.8,0.0,1161.69,20.0,136.985,535.902,3.899478501045504,2.0382971286862306,4.822370856252529,12.857388804242095,1.2650534996427618,12.857388804242095,57.06840895591767,4.991530943464482,2.0651249898844326,1.2175714159097657,0.4899017730182157,0.4899017730182157,19.23956654053799,0.5566301522620161,0.6531677101335102,50.18654794421381,49.78727965764276,2.180908630824931,2.3017748706172214,32.78023260022776,0.8086226914691904,192.300943552392,7.1758870330104765,50.86479181192917,27.461112689271665,4.202915329539328,2.2675717578805226,20.117803634622188,4.727509060076267,0.5883632234149686,82.06600000000002,7.064363126135201,40.09125086688323,244.524374788026,1.9925658188556352,4.372939424459193,86.41807294501905,13.581927054980952,-5.229435336500798,-3.793667354638597,0.7841174507841275,40.99475990035222,-9.53432058905893,-1.180630036173918,-0.0539139002397135,-0.0478657233658115,-0.5602892538547872,4.532879852160701,0.1854939952416947,9.535175424675003,1.856927146182786,0.7462286605808969,-0.3590678900897964,False,False,False,False,False,False,False,False,False,False,False,False,False,False,False,False,False,False,False,False,False,False,False,False,False,False,False,False,False,False,False,False,False,False,False,False,False,False,False,False,False,False,False,False,False,False,False,False,False,False,False,False,False,False,11,True,0,High Performers,53.24594047462876,66.61878510971698,70.77495873167202,72.63692293226256,95.34759636494208,94.26703167761842,93.318025105815,52.14568779877635,56.18796495976247
353.104,5780.268,25101010.0,1040.789,1401.52,38.485,7483.219,775.765,162.522,DE000A13SX22,318659,HELLA GMBH & CO. KGAA,3200.43,2621.545,1118.106,287.77,2024.0,,3363.0,4235.918,2510.0,2024-12-31,251010.0,-234.472,63.226,775.765,3200.43,8024.792,487.995,641.572,DEU,2323.492,1241.512,106.0,455.751,3714.0,905.935,106.088,8024.792,25.0,854.141,3890.616,3.84553759551872,11.03301743828173,3.5860119489701416,9.667104144256946,4.400163892098387,9.667104144256946,27.969871368628624,6.78507759207907,1.4840927773507606,1.0575862706915198,0.534616037489343,0.5750837769330681,16.958891621373102,0.3252028633652353,0.3759841646278781,42.76809218065113,56.60555971968747,4.551450352703002,-0.2555013438347954,16.080125411270203,1.0723716625158235,208.5173963882032,6.463724877407548,56.46898760740465,28.953921796353104,6.323359370752307,5.169695896453467,35.319452764913066,5.6792873883834,0.9339255525159068,398.39,4.964490045349462,53.357817971505874,296.8137748896688,2.3381917429845367,11.289202262189471,30.019484344555718,69.9805156554443,0.8882291626462369,5.969927116121965,1.8849442723638528,10.262350163709378,-1.8588105077059212,-0.5474795014026841,-0.0352426203764466,-0.2089700490727057,0.2648500465769939,3.509538064600949,0.1973324026154787,11.414085302060515,2.3771550164837705,0.3163582497451873,0.4246387129994087,False,False,False,False,False,False,False,False,False,False,False,False,False,False,False,False,False,False,False,False,False,False,False,False,False,False,False,False,False,False,False,False,False,False,False,False,False,False,False,False,False,False,False,False,False,False,False,False,False,False,False,False,False,False,12,True,0,High Performers,64.15883764373906,73.78235479221972,83.7876162173938,89.02378057562743,80.11067377910858,91.05959410245565,95.88762466232063,49.58304442594044,61.3389851403686
-632.0,13280.0,25101010.0,5512.0,1281.0,115.055,21370.0,1846.0,1099.0,DE000SHA0100,320124,SCHAEFFLER AG,3814.0,7673.0,3570.0,770.0,2024.0,1242.0,3363.0,17401.0,2510.0,2024-12-31,251010.0,1188.0,275.0,1846.0,3814.0,18188.0,1076.0,2075.0,DEU,7224.0,4609.0,181.0,895.0,3714.0,987.0,0.0,18188.0,25.0,1390.0,9801.0,3.603182030884417,-16.570529627687467,4.2335605893996044,10.149549153287882,-3.474818561689025,10.149549153287882,26.98482515944579,8.256487239974266,1.2773361136452497,0.8120682914114428,0.1669490420956601,0.1669490420956601,9.9578848853533,1.4452018877818562,1.733350812794966,17.847449695835284,81.42723444080487,2.8,2.887323943661972,30.935891436593355,0.8510996724379972,158.08091782191124,3.946192232588414,92.49422696283264,39.7184957114581,8.546992481203008,3.719887955182073,27.562002807674308,4.920826918847592,0.8317843866171004,495.0,2.7215746646140317,64.38848920863309,180.5194805194805,5.6030414263240695,5.426654937321311,,,11.49390057009747,42.40970278555245,38.01852162855979,1.642710472279263,3.948896631823451,-0.8422117865832994,-1.5961540276393669,-0.3702464647338149,0.0412501718813188,2.91794344941175,9.870028829367342,6.504445484323819,3.192472882427832,0.9163925996279358,0.0658763524934664,False,False,False,False,False,False,False,False,False,False,False,False,False,False,False,False,False,False,False,False,False,False,False,False,False,False,False,False,False,False,False,False,False,False,False,False,False,False,False,False,False,False,True,False,False,False,True,False,False,False,True,False,False,False,11,True,0,High Performers,48.49465254436425,72.6786510963754,93.02316995974176,54.60868544677694,93.65392947091105,98.15431221623476,80.68642695442978,50.722009918525224,53.44254920233513
303.732,3164.856,55103010.0,897.252,53.35,3.416,5260.131,312.781,32.4,DE0006553464,248166,MAINOVA AG,2194.145,1131.172,247.028,187.878,2024.0,,221122.0,3058.171,5510.0,2024-12-31,551030.0,55.926,41.779,312.781,2194.145,3891.921,124.903,330.158,DEU,1762.447,720.41,88.2,480.477,4931.0,84.1,0.0,3891.921,55.0,437.463,1179.599,3.571736141172149,13.842840833217496,4.827384728518385,8.036673920154083,7.804166631337071,8.036673920154083,18.681391528759185,6.077446539541832,1.0428113496444396,0.8244289993033773,0.0471634729289621,0.0471634729289621,0.9206424706913175,0.4089301299595058,0.4236967019043864,41.71274441644134,58.1386851392104,4.496948227578447,2.80164715887474,17.673552236626804,0.7398905084303032,1139.3211358313818,5.402369484043809,67.56294642157432,45.28475783552647,80.36675821339351,12.811729844390111,14.709899810480003,12.345497249301824,3.846801117667309,-43.01399999999995,-1.1052125672643396,109.83260298585252,232.8441861207805,2.397348853425822,2.160886616146628,29.03875785231717,70.96124214768282,-16.006285412637222,-5.475967863348242,18.528799444829968,-80.56848058835755,7.256273285547499,0.0191916126029229,-0.017819915000269,0.3953714123804114,-0.8555199452206084,4.065889595596093,0.1394965347190408,8.316579948294063,2.2775737338710096,0.0002450780740219,-0.7711345820673754,False,False,False,False,False,False,False,False,False,False,False,False,False,False,False,False,False,False,False,False,False,False,False,False,False,False,False,True,False,False,False,True,False,False,False,False,False,False,False,False,False,False,False,False,False,False,False,False,False,False,False,False,False,False,11,True,0,High Performers,56.64261132575271,67.40497315102705,69.44933622897337,91.9213557059189,85.9267586731844,94.5949750341726,96.33447411084563,45.80416684798561,58.21918853207604
1298.0,44695.0,15101020.0,20455.0,3683.0,109.717,80415.0,6675.0,3540.0,DE000BASF111,17436,BASF SE,35599.0,17039.0,13681.0,2864.0,2024.0,,325.0,43532.0,1510.0,2024-12-31,151010.0,-1547.0,1083.0,6675.0,35599.0,65260.0,3811.0,10347.0,DEU,17773.0,12244.0,2000.0,6198.0,2800.0,2061.0,769.0,65260.0,15.0,6946.0,31232.0,3.561524591183237,3.646169836231355,4.388599448360404,10.228317499233832,1.988967208090714,10.228317499233832,31.512411890897944,5.109358832554323,1.832971418510476,1.0300487117788604,0.2161511825811373,0.2612829391396208,17.649692221600446,0.574594791988539,0.6740357875221215,44.26910402288131,54.13417894671392,2.644506001846722,3.042996254681648,29.83896039296151,0.8115401355468507,594.8029931551173,5.329957530218882,68.48084584737971,27.2341403616304,4.598041287958853,3.2669395512023973,19.806006342100357,9.497395035243642,1.626344791393335,748.0,1.1461844927980387,89.23121220846531,242.52793296089385,2.2589117671844714,3.1581366840330984,154.08320493066256,-54.08320493066256,-5.285768192505302,3.9020608566444848,0.0282624947577581,-72.45949926362297,14.884151992585725,-0.5584299133540365,0.0055697257137825,-0.0066211145461601,-0.2316564715302633,2.549269232760668,0.0635727266514843,8.637691972890629,1.7210048065993824,0.5278355347349147,0.3474910408465332,True,True,False,False,False,False,False,False,False,False,False,False,False,False,False,False,False,False,False,False,False,False,False,False,False,False,False,False,False,False,False,False,False,False,False,False,False,False,False,False,False,False,False,False,False,False,False,False,False,False,False,False,False,False,11,True,0,High Performers,65.44544537514686,74.60722112783637,77.86297082522586,85.77405369730249,95.70254226519602,94.24453140494225,95.29202354569128,49.401145914476814,64.03240908513567
9.098,1160.816,20103010.0,215.315,79.442,11.38,1683.634,165.088,202.562,DE000A40ETC9,269104,BAUER AG,493.922,813.34,494.573,57.696,2024.0,2.7,3331.0,1181.652,2010.0,2024-12-31,201030.0,-102.032,45.495,165.088,493.922,2044.994,107.392,500.441,DEU,497.239,317.872,88.2,181.558,3530.0,6.924,6.498,2044.994,20.0,194.223,968.233,3.4268730614848595,1.8419912455812864,2.8213285711351723,8.072786521623046,0.4448912808546138,8.072786521623046,43.23621487398007,8.13493937851522,1.1904406521258022,0.582364078982959,0.0976737895591019,0.1056630683355054,9.199921122999411,0.4359291548058195,0.846038443316961,29.336661055787665,70.18461257019042,1.2681833168480052,2.050027863927118,24.819943051755907,1.2146309708642138,179.7007029876977,6.433388282075804,56.735266704938994,24.314936865340435,13.20262374671548,2.347107504857726,23.5985968446824,8.878167857705206,1.6906101013110846,12.66500000000002,0.6193172204906234,93.4791451063983,336.6316555740433,3.408704208356785,0.3385829004877276,969.4438338096284,-869.4438338096285,19.572181757266005,-0.913803930292656,-5.434601961110186,27.235282298573548,28.863242767509867,0.0559500212346537,-0.0729523422107589,0.4150177608684703,-0.2629567905354139,2.318868540814901,0.276133658516437,11.535939521297385,2.970828233775301,0.00640384688011,0.259944472374841,False,False,False,False,False,False,False,False,False,False,False,False,False,False,False,False,False,False,False,False,False,False,False,False,False,False,False,False,False,False,False,False,False,False,False,False,False,False,True,True,False,False,False,False,False,False,False,False,False,False,False,False,False,False,11,True,0,High Performers,55.329209080418295,71.2058657417161,89.33604366318258,76.58307138543775,69.28840418323628,88.58062662621148,95.87344772984923,48.961496600558576,54.424424546539754
-78.0,6835.0,30202030.0,1496.0,781.0,12.3985,9496.0,691.0,902.0,DE0007297004,100764,SUEDZUCKER AG,3271.0,2777.0,2843.0,317.0,2024.0,,311314.0,5470.0,3020.0,2025-02-28,302020.0,-118.0,89.0,691.0,3271.0,9694.0,374.0,1304.0,DEU,3397.0,1258.0,40.826,574.0,2060.0,62.0,155.0,9694.0,30.0,906.0,5027.0,3.3382476832350463,-2.3845918679302964,3.2700639570868577,7.128120486899113,-0.8046214153084381,7.128120486899113,29.492469568805447,6.6498846234529045,1.8102268635217864,0.7864602088584803,0.2812387468491177,0.337054375225063,23.69418702611626,0.457352491592785,0.7331091409354937,34.44608256107835,57.60320134793597,3.561797752808989,2.340086830680174,25.25273799494524,1.0208508845829822,781.8687744485221,7.705882352941177,47.36641221374046,35.04229420259954,4.3084444444444445,2.4041505451987337,21.472198820556024,5.921188363936455,1.53475935828877,332.0,3.424798844646173,63.35540838852097,285.80441640378547,2.9030877407520634,0.6395708685785022,,,-5.782874914957725,-7.608484140883442,-24.688695863451397,-37.00189753320683,5.128205128205132,0.0675651049853174,0.0468747747797639,-0.0381167886461783,-0.0701588319323204,2.829981862401547,0.1917582782079355,9.540859309182814,2.6371955641273246,0.0074100469547559,-0.3620852851218758,False,False,False,False,False,False,False,False,False,False,False,False,False,False,False,False,False,False,False,False,False,False,False,False,False,False,False,False,False,False,False,False,False,False,False,False,False,False,False,False,False,False,False,False,False,False,False,False,False,False,False,False,False,False,12,True,0,High Performers,55.71371039380916,71.13481909603951,65.9567364472608,88.38885365053534,84.04284857686329,91.70609977499682,99.7599489022168,50.27152737277681,57.957760628314595
99.6,1830.3,50201040.0,2102.9,286.1,16.12,6851.5,516.9,136.2,DE0005501357,101059,AXEL SPRINGER SE,2127.6,1487.6,26.5,225.6,2019.0,,511110.0,4368.5,5020.0,2019-12-31,502010.0,65.1,20.9,516.9,2127.6,3112.1,291.3,290.5,DEU,548.6,897.1,125.2,249.2,2711.0,76.1,0.0,3112.1,50.0,465.5,1300.6,3.292709625629424,4.681331077270164,7.249124385463192,16.609363452331223,3.200411297837473,16.609363452331223,41.18762250570354,5.332702990190285,0.8742941650981446,0.8564802366227481,0.1923232051626781,0.1923232051626781,-2.729329343939284,0.9883906749388984,1.052406467381087,31.05305407574984,63.759760636357,10.794258373205745,3.7782936738247246,32.680434941253736,0.4542217032766547,193.05831265508684,3.469066993646193,105.21561003823786,17.627968252948172,,69.06792452830189,17.269211121652194,8.0074547733042,0.8554754548575351,216.3,6.950290800424151,53.53383458646617,206.3386524822695,3.220295168264712,2.445294174351724,125.70281124497993,-25.702811244979927,-2.1567579463640074,5.749344034573234,-1.4067278287461793,-36.457109283196246,10.608078118064787,0.0511118990090369,0.0767202631671677,0.981810769058988,0.1032727417032899,1.858738497540956,0.1992840052609719,6.794132671677734,1.2081166088195965,0.0026465218894213,0.1705020432594468,False,False,False,False,False,False,False,False,False,False,False,False,False,False,False,False,False,False,False,False,False,False,False,False,False,False,False,False,True,False,False,False,False,False,False,False,False,False,False,False,False,False,False,False,False,False,False,False,False,False,False,False,False,False,6,True,0,High Performers,47.552097968665116,74.91276472310292,60.86853435414172,79.59177564471184,66.31847539958203,96.68423418220424,97.30366233155742,47.604280324137584,51.910341006495116
5.0,1054.0,20106020.0,43.0,171.0,9.722,2174.0,140.0,36.0,DE0007314007,214759,HEIDELBERGER DRUCKMASCHINEN,546.0,853.0,608.0,71.0,2024.0,,333248.0,1628.0,2010.0,2025-03-31,201060.0,-31.0,14.0,140.0,546.0,2314.0,69.0,830.0,DEU,650.0,297.0,88.2,88.0,3555.0,108.0,0.0,2314.0,20.0,113.0,1137.0,3.265869365225391,0.9157509157509158,3.068280034572169,6.050129645635264,0.216076058772688,6.050129645635264,54.451166810717375,12.05432937181664,1.3329425556858148,0.6201641266119577,0.2004689331770222,0.2004689331770222,13.063477460901565,0.0787545787545787,0.1446886446886447,25.114995400183997,74.88500459981601,5.071428571428571,-0.6571428571428571,3.633854645814168,1.0643974241030358,238.01686895700476,7.791245791245791,46.84745030250648,28.08988764044944,8.147887323943662,1.7335526315789471,21.527138914443423,3.802938634399308,1.2753623188405796,25.0,1.08038029386344,77.87610619469027,159.1549295774648,3.9816849816849818,4.66724286949006,1764.0,-1664.0,-4.577319587628869,2.838221381267747,-2.857713828936848,0.0,35.384615384615394,-0.1057188227777901,-0.1697386803511185,0.0444476609897042,0.0323410496343108,1.590876007431103,0.946581864219822,5.197792088316467,2.438037162436402,0.0574083843852668,0.4140666067404296,False,False,False,False,False,False,False,False,False,False,False,False,False,False,False,False,False,False,False,False,False,False,False,False,False,False,False,False,False,False,False,False,False,False,False,False,False,False,True,True,False,False,False,False,False,False,False,False,False,False,False,False,False,False,12,True,0,High Performers,53.087043908736476,64.64028756780723,94.06117153775959,67.60379000297905,80.74190229649894,98.52672793769754,91.65183646636538,47.50857033811097,53.03453942182878
8.836,5839.121,20104020.0,420.969,1154.12,10.006,5631.15,324.33,79.594,DE000A0D6554,245628,NORDEX SE,990.652,3608.714,909.369,178.605,2024.0,13.65,333611.0,4634.533,2010.0,2024-12-31,201040.0,-37.883,110.808,324.33,990.652,7298.825,145.725,758.885,DEU,537.27,1489.367,88.2,164.19,3510.0,35.272,2.682,7298.825,20.0,429.753,3602.275,3.171732239418236,0.8919378348804626,2.447037708124253,4.44359194801903,0.1210605816689672,4.44359194801903,19.99916424904008,12.652475416560108,0.998215707867124,0.7462231698050884,0.319814759496042,0.3205579605366344,-0.1143460927164052,0.4249413517562171,0.5052864174301369,17.592356801008677,82.30171456984809,1.6118421052631575,-2.015098819103999,8.889178942134377,1.2961517629613846,729.4448331001399,4.900622210643851,74.48033827362623,7.361047839892038,,6.421068895025011,46.94399900553174,2.2495401657116045,1.1267112712300569,265.563,3.638434953571294,38.205666976146766,240.6164441085076,5.68428671218551,0.4832558665264614,998.1892258940696,-898.1892258940696,12.47878740059434,3.856838885650049,1.8007935700478097,837.8218031571139,23.56075314941075,-0.9120628997596782,0.0026417477131352,-0.1716171880664878,-0.5519504143481706,5.193389274065121,0.2533428474044351,7.631709331131296,6.545178817911841,0.3392661357393821,-0.1808729623549338,False,False,False,False,False,False,False,False,False,False,False,False,False,False,False,False,False,False,False,False,False,False,False,False,False,False,False,False,False,False,False,False,False,False,False,False,False,False,True,True,False,False,False,True,False,False,False,False,False,False,False,False,False,False,11,True,0,High Performers,37.16688417839862,64.4428880505492,66.93391057604684,55.06820043672632,62.73360098926952,94.50243470817752,80.17286294115084,46.870368149771984,42.67219147353235
33.453,1057.572,45102010.0,142.2,144.674,5.553,1406.896,108.385,51.783,DE0005419105,233025,CANCOM SE,573.998,620.879,68.049,43.341,2024.0,0.77,541512.0,832.529,4510.0,2024-12-31,451020.0,-227.475,6.933,108.385,573.998,1738.992,65.044,472.186,DEU,178.885,511.463,33.1,22.276,7373.0,1.03,0.0,1738.992,45.0,192.876,771.75,3.0806115022005893,5.828069087348736,2.492305887548649,6.2326336176359645,1.9237006265698755,6.2326336176359645,39.18476910762097,6.051538820270372,1.2429958172204243,1.1333947516343763,0.2330148064276614,0.2330148064276614,10.72367822497185,0.2477360548294593,0.3379506548803305,40.79889345054646,59.17487859799161,6.251406317611424,0.4549430271716566,13.788012760005005,1.236048720019106,313.1626148028093,3.4000348021264486,107.3518423316496,10.286706321823216,11.526350325775,15.541330511837057,46.63720701459099,1.2809719653684433,0.3424758624930816,170.6,9.81028089835951,11.54938924490346,445.0197272790199,2.451046867759121,0.0592297146852889,98.94478821032492,1.05521178967507,13.951338164437963,-9.14312468719224,-1.104185218165632,147.80663529138343,-13.612037539750254,-0.1398458261153746,0.0079525472019844,-0.111058806430082,0.2444340131518313,0.9231519418954548,0.0859446659562236,13.709328905619175,5.771812763363266,0.2524325344007958,0.0228674538735926,False,False,False,False,False,False,False,False,False,False,False,False,False,False,False,False,False,False,False,False,False,False,False,False,False,False,False,False,False,False,False,False,False,False,False,False,False,False,False,False,False,False,False,False,False,False,False,False,False,False,False,False,False,False,11,True,0,High Performers,55.739483995475794,69.67744443829928,93.13362154637773,93.0321983204019,66.82353687656905,82.45648329972,96.74189044435292,51.69773666504555,55.55803284937572
61.79,3243.715,20106020.0,1212.048,964.848,17.685,4978.375,295.497,113.163,DE0005565204,222340,DUERR AG,1219.056,2411.012,627.516,151.456,2024.0,,3339.0,3754.654,2010.0,2024-12-31,201060.0,-375.802,74.982,295.497,1219.056,4290.936,144.041,634.568,DEU,680.643,1221.942,48.441,115.432,3560.0,153.689,133.263,4290.936,20.0,384.265,3140.097,3.0422778517086395,5.068676090351879,3.5296727800181595,6.886539440345883,1.4400121558559718,6.886539440345883,24.405421101596477,6.22992681514242,1.3023979142368434,1.0421271233822147,0.4001838232244384,0.4554564639246921,14.645039797122555,0.9942512895223844,1.087079674764736,24.487026389133,75.41926833555127,2.019898108879464,1.2195149189331873,26.619348683054213,0.8619149822984407,242.63138252756573,3.511570925624948,103.94208396489718,15.86234332089782,5.885371390167126,5.169135129622194,43.925778994149695,2.690135672030532,0.8013829395797031,268.833,6.265136557618198,30.03968615408637,253.71394992605116,4.083795166095733,3.5817127079033577,78.39618061174947,21.60381938825053,-7.269801574729639,-3.444734614239564,-2.978933508887438,28.68364367430949,46.889952153110045,-0.4965662083968718,0.0570575702224736,0.0417947654047258,-0.0019644397701197,2.270022492596523,0.2455452133437113,7.718683305295403,1.7130674126114176,0.5263646183349368,-0.5931023291626563,False,False,False,False,False,False,False,False,False,False,False,False,False,False,False,False,False,False,False,False,False,False,False,False,False,False,False,False,False,False,False,False,False,False,False,False,False,False,False,False,False,False,False,False,False,False,False,False,False,False,False,False,False,False,11,True,0,High Performers,55.17163670479363,67.43869600122734,89.48186524979978,66.4758589264776,92.4719212615497,93.70868363429852,90.9192641467736,49.741708695844984,56.07476796404314
108.453,1404.567,20103010.0,0.0,249.943,11.5,1814.619,136.319,0.0,DE000A0Z23N2,100458,STRABAG AG,987.04,559.094,45.87,53.061,2016.0,7.805,237.0,825.376,2010.0,2016-12-31,201030.0,-35.323,3.78,136.319,987.04,2199.668,83.258,600.73,DEU,417.55,369.809,4.191,108.019,1600.0,84.1,0.0,2199.668,20.0,69.661,673.336,2.924084890547272,10.98770059977306,2.412227663447393,6.197253403695465,4.930425864266789,6.197253403695465,36.14640936723178,5.3757699789268925,1.204334154900607,1.122290706035121,0.4470500488289983,0.4470500488289983,6.295646634362363,0.0,0.0,54.39378734599384,45.48480975896318,14.037301587301588,-1.8335155040750009,0.0,1.212192752307785,191.2754782608696,5.948119164217204,61.36393537570216,18.982410072792803,19.25445983088532,30.62060170045782,34.15328506975845,4.910695614065396,1.2974008503687335,-38.358,-1.7438086111176778,155.0638090179584,131.2847477431635,1.8384452504457771,3.823304244095017,3.864346767724267,96.13565323227571,3.1606632168286186,1.706505874994102,4.545454545454541,-123.0767842424753,42.94088845955353,0.8222092413624992,-0.0119707858147164,0.3588904315474868,-1.3722501148932542,1.3803027422327552,0.0136884432191955,3.8388774723509456,5.008390488140227,0.3548264661944839,,False,False,False,False,False,False,False,False,False,False,False,False,False,False,False,False,False,False,False,False,False,False,False,False,False,False,False,False,False,False,False,False,False,False,False,False,False,False,False,False,False,False,False,False,False,False,False,False,False,False,False,False,False,False,3,True,0,High Performers,48.77743188627574,68.79092605251913,83.22718919335082,64.02764604950882,69.20674581219143,97.11282215062892,92.19450645700704,45.380963941319656,50.05293444179372
-2552.0,16782.0,35202010.0,35498.0,8087.0,91.864,110850.0,7216.0,5246.0,DE000BAY0017,100080,BAYER AG,31908.0,28952.0,13467.0,3167.0,2024.0,216.0,325.0,78805.0,3520.0,2024-12-31,352020.0,-7178.0,2007.0,7216.0,31908.0,46606.0,4049.0,16764.0,DEU,13456.0,12188.0,108.067,2778.0,2800.0,6387.0,1896.0,46606.0,35.0,7368.0,34444.0,2.85701398285972,-7.997994233421085,6.795262412564906,15.482985023387547,-5.475689825344377,15.482985023387547,63.991760717504185,4.698394801649704,1.1896932854379665,0.7245440729483282,0.2793243990052501,0.3448121027908262,4.954442940911141,1.1125109690359785,1.2769211483013665,28.78484438430311,71.0915651781687,1.5779770802192328,4.5256374722838135,36.75597654488047,0.4204420387911592,507.3369328572672,3.823925172300624,95.45165858473158,28.871819079088528,8.486161689730517,1.2461572733348183,18.290482634190347,5.96060593056688,0.6860953321807853,4590.0,9.84851735828005,37.70358306188925,232.6491948215977,3.474050394885295,13.70424408874394,,,-2.164284064907529,-4.652543028926792,-5.2274298212130255,93.99830938292476,0.9814612868048078,-0.245515221629714,0.0626117834328853,0.0147683118715722,-0.5070196153752454,3.2777902945769237,0.3169684483219406,6.646820027063599,2.5113358628213223,0.0617144980740626,0.3274444893955998,True,True,False,False,False,False,False,False,False,False,False,False,False,False,False,False,False,False,False,False,False,False,False,False,False,False,False,False,False,False,False,False,True,False,False,False,False,False,False,False,False,False,False,False,False,False,False,False,False,False,False,False,False,False,11,True,0,High Performers,45.19250550301784,58.077582652901285,79.87123452387263,74.47018087930299,64.44013012651361,94.84554540594236,95.382330016034,50.927410841458816,46.80555633869473
1387.0,30568.0,20302010.0,11413.0,8488.0,66.111,47052.0,3605.0,2819.0,DE0008232125,100103,DEUTSCHE LUFTHANSA AG,11542.0,19581.0,1606.0,1264.0,2024.0,,481111.0,35458.0,2030.0,2024-12-31,203020.0,-1450.0,631.0,3605.0,11542.0,31439.0,2341.0,324.0,DEU,19025.0,4796.0,359.0,3898.0,4512.0,60.0,6698.0,31439.0,20.0,3892.0,16316.0,2.68638952648134,12.016981459019236,4.020484112090079,11.466649702598684,4.411717929959604,11.466649702598684,2.770444352555743,5.50642561533435,0.8332567284612634,0.7512384454317961,0.4334814360860017,0.7755477248352995,-6.939131174020233,0.9888234274822388,1.2330618610292845,24.530306894499702,75.3591770806767,2.0031695721077654,1.5933425797503469,30.247385870951288,0.6681756354671428,475.54869840117374,6.555254378648874,55.68052418970069,60.51401125990012,,19.03362391033624,28.232593726090283,12.398613187442349,1.6651003844510892,-6.0,-0.0190845764814402,100.15416238437822,307.9113924050633,4.076589845780627,0.1908457648144025,25.88320115356885,74.11679884643115,5.055804317316048,3.819421460250205,5.205283259070659,-100.67039106145252,-3.753086419753082,-1.207206223448933,0.1734831766012957,0.1430750796937864,-0.2426599500674155,20.96164871387957,3.129229347576145,8.27169939641248,5.6059201629071325,0.0364841925698212,0.0519767052265873,False,False,False,False,False,False,False,False,False,False,False,False,False,False,False,False,False,False,False,False,False,False,False,False,False,False,False,False,False,False,False,False,False,False,False,False,False,False,False,False,False,False,False,False,False,False,False,False,False,True,True,False,False,False,11,True,0,High Performers,35.50242324728026,52.153046748864085,53.45522916680342,66.56486324169063,76.58136718640077,90.24071680593065,90.97076493955154,45.822130408418104,42.7752700508141
241.0,4262.4,15101050.0,1725.5,1215.4,16.637,9409.9,718.2,221.2,DE000WCH8881,276585,WACKER CHEMIE AG,4669.2,1522.8,1795.5,245.5,2024.0,,325211.0,4572.9,1510.0,2024-12-31,151010.0,145.9,52.3,718.2,4669.2,5721.8,472.7,573.9,DEU,3596.5,948.7,124.195,651.6,2821.0,208.5,168.7,5721.8,15.0,310.4,4055.3,2.60895439909032,5.161483765955624,4.29060785067636,12.551994127722049,4.211961270928729,12.551994127722049,25.50595966304311,3.8391167685739753,2.663054898870502,1.4839768846861048,0.7981350144470712,0.9089177830312584,26.913144666787108,0.3695493874753705,0.4169236700077101,49.62008097854388,48.59669071934877,4.694072657743786,1.018240044555834,20.68778626765428,0.6080617222287166,343.9201779166917,6.031200590281438,60.51863050089133,62.85609423607955,2.259348469891412,2.373934837092732,22.998119002327343,11.388024747457097,1.3784641421620478,-341.20000000000005,-5.963158446642666,209.92268041237116,126.43584521384928,2.0153131157371718,3.643958194973609,51.53319502074688,48.46680497925312,-10.627596763612502,6.273717022045533,1.5813896690682672,-214.9983147960904,1.8761726078799332,0.455456032142309,-0.0274252851666431,-0.3080933203303266,0.3533045854370772,5.297143149401356,0.2014711246531949,3.2986535457337487,2.842252816782154,0.0813209012213333,0.1366247830647122,False,False,False,False,False,False,False,False,False,False,False,False,False,False,False,False,False,False,False,False,False,False,False,False,False,False,False,False,False,False,False,False,False,False,False,False,False,False,False,False,False,False,False,False,False,False,False,False,False,False,False,False,False,False,11,True,0,High Performers,40.184201498322274,66.21803360338318,50.804362192222264,73.71364845126696,72.51547058940493,95.78801936247596,93.48500544504546,49.479861471022026,47.56597275354299
-41.285,639.842,20201060.0,76.347,8.131,12.3985,922.733,54.707,45.822,DE0007446007,244398,TAKKT AG,542.572,188.791,112.468,22.025,2024.0,,423420.0,380.161,2020.0,2024-12-31,202010.0,-80.238,7.398,54.707,542.572,1053.715,32.682,203.817,DEU,105.6,122.29,88.2,11.851,5040.0,84.1,0.0,1053.715,20.0,93.863,253.303,2.3869309973741046,-7.609128373745788,2.0902236373212872,5.191821317908543,-3.9180423549062127,5.191821317908543,39.27750862424849,3.558623987953189,1.341711204453602,0.7459836538818058,0.0430687903554724,0.0430687903554724,6.991404880935222,0.1407131219451058,0.2251664295245607,58.80054143506301,41.19945856493699,2.977155988104893,2.084523004368728,13.239907969044134,1.1419500548912849,84.98729685042545,8.616526289966473,42.360457998604936,10.021685180527944,16.333627852182538,5.689102678095102,14.13420783693658,1.12468741547762,0.3626155070069151,82.012,7.783129214256228,12.625848310836007,426.16572077185015,1.7006646122542262,7.981285262143939,,,-15.088379514164496,-8.3519231800656,419.85324947589095,-9.418040844277051,-25.47478304615771,-0.8906813425784554,-0.0354272850895951,-0.0508770749818185,-0.1603591079021246,3.230778385588403,0.1463326801327828,10.172281689286066,2.152571380839757,0.8360323023464974,0.1347765399045956,False,False,False,False,False,False,False,False,False,False,False,False,False,False,False,False,False,False,False,False,False,False,False,False,False,False,False,False,False,False,False,False,False,False,False,False,False,False,False,False,False,False,True,False,False,False,False,False,False,False,False,False,False,False,11,True,0,High Performers,44.268521485586405,65.0769347981365,86.46516722708684,56.824576277086024,73.11807511172871,83.5298883712242,91.20156028260524,49.36451484222327,47.372964448329775
-47.812,1657.367,25101010.0,588.86,219.846,12.0,1699.792,111.292,107.438,DE0005895403,213034,GRAMMER AG,251.575,667.94,172.314,39.773,2024.0,18.896,336360.0,1432.868,2510.0,2024-12-31,251010.0,159.764,40.938,111.292,251.575,1921.727,71.519,176.161,DEU,445.825,354.442,88.2,62.163,2531.0,74.034,0.0,1921.727,25.0,25.665,772.589,2.3398745258243365,-19.005068071151744,2.069648810679144,5.791249225306196,-2.487970455741112,5.791249225306196,13.756376425995995,4.732430229583491,1.1566742521783393,0.8986959906578436,0.3291403419468814,0.3291403419468814,6.156576804691398,2.34069363013018,2.76775514260161,14.800340276928,84.29666688630138,0.9715423323073916,4.281098371850627,40.96371791372121,1.130565975131075,160.14391666666668,5.421837705463799,67.3203477913356,23.19918489983229,18.36354862444935,9.618295669533524,33.785780848480286,3.234746662767396,0.8691816160740501,-36.498,-1.8992291829172403,242.2092343658679,64.528700374626,6.756601411110007,3.852472281442681,,,-16.62384462932689,10.77742027774644,-14.56642460486971,-164.26835710512412,-17.79773081907382,-0.3147518253336986,0.1471508494461366,0.0965884634130037,-0.1760285452715683,1.9117388748657056,0.5661857006197091,1.5098906219113868,2.880809907428363,0.2981755691073006,-0.2069643148356287,False,False,False,False,False,False,False,False,False,False,False,False,False,False,False,False,False,False,False,False,False,False,False,False,False,False,False,False,False,False,False,False,False,False,True,False,False,False,False,False,False,False,False,False,False,False,False,False,False,False,False,False,False,False,11,True,0,High Performers,35.643370311089775,56.91354659874348,82.20044957596076,48.26284894774114,75.38262854940574,93.62477019307039,73.6930928092978,48.56214173333942,41.77373662136958
-48.9,2740.1,20106020.0,104.2,656.0,12.3985,3998.1,239.3,490.7,DE0006204407,100449,KUKA AG,1185.0,2208.3,533.5,87.6,2024.0,,333999.0,2445.5,2010.0,2024-12-31,201060.0,-167.9,27.4,239.3,1185.0,3732.4,151.7,558.7,DEU,524.2,1500.6,88.2,58.1,3569.0,202.3,0.0,3732.4,20.0,272.9,2690.1,2.191040744353568,-4.1265822784810124,2.3470153252598864,6.411424284642589,-1.3101489658128818,6.411424284642589,26.586110813417648,6.7949115730685685,1.2181768781415567,0.9765883258615224,0.2970610877145315,0.2970610877145315,12.050724093944618,0.0879324894514767,0.5020253164556961,29.6390785623171,61.16655411320377,3.197080291970803,-0.255328040117008,14.879567794702483,0.9335434331307372,301.0364156954471,2.487271757963481,146.74713321187437,14.044582574214983,7.746782897467834,5.136082474226804,53.9406217953528,1.5566391597899476,0.3829927488464074,214.8,5.755010181116707,21.28984976181752,311.5296803652968,3.373924050632912,5.420105026256564,,,-7.926092212053182,0.6647027721127019,-15.805378242564185,-8.244340025630093,-29.575757575757574,-0.360944867861146,0.0298609281874391,-0.1587650196071329,0.1834855572703241,2.9295929636206246,0.1471253933313968,6.825742227558091,4.395828412274297,0.1669782325181008,0.3070419392493664,False,False,False,False,False,False,False,False,False,False,False,False,False,False,False,False,False,False,False,False,False,False,False,False,False,False,False,False,False,False,False,False,False,False,False,False,False,False,False,False,False,False,False,False,False,False,False,False,False,False,False,False,False,False,11,True,0,High Performers,56.57751964265951,62.59826724117633,92.42096574866687,76.55564990974749,88.4254744210658,90.1725213383947,96.13587280414158,48.887626059309405,56.07004745943369
42.0,1329.5,20106010.0,131.7,62.0,12.3985,1683.3,118.5,155.9,DE0006305006,100301,DEUTZ AG,847.9,574.3,431.6,35.1,2024.0,0.8,3336.0,835.4,2010.0,2024-12-31,201060.0,41.3,20.9,118.5,847.9,1813.7,83.4,254.7,DEU,380.8,245.4,23.6,64.2,3510.0,100.4,0.0,1813.7,20.0,101.7,745.8,2.0851898057387275,4.953414317726147,1.9352704416386397,6.533605337156089,2.315708220764184,6.533605337156089,26.69680763080995,3.5830951408738265,1.2986244123280517,0.5471008183876023,0.1079575134946892,0.1079575134946892,10.188320560803184,0.1553249203915556,0.3391909423281047,50.371294481078834,49.628705518921166,1.6794258373205744,1.9037974683544303,17.08548684132359,1.0774668805322878,146.28382465620842,7.39079054604727,49.38578596239731,20.9957545349286,10.575510204081631,3.080398517145505,18.26174775738133,3.539725423168109,0.7697841726618705,37.5,2.067596625682307,63.12684365781711,289.7435897435897,1.985257695482958,5.535645365826763,56.19047619047619,43.80952380952381,-12.092865451725466,5.854609483083872,146.2462760675273,-49.18699186991871,-1.2307692307692242,0.1662702930658463,0.0238718231750555,-0.1503443419477527,-0.0996995849330072,2.922952849647946,0.106272391884557,6.041703796114775,2.1762461491344536,0.0355941306440361,-0.0394732867052111,False,False,False,False,False,False,False,False,False,False,False,False,False,False,False,False,False,False,False,False,False,False,False,False,False,False,False,False,False,False,False,False,False,False,False,False,False,False,False,False,False,False,True,False,False,False,False,False,False,False,False,False,False,False,11,True,0,High Performers,52.57909256699632,61.66442814632865,94.03669166511064,71.86622364079047,79.3158767596218,91.42414595182441,93.26444193238925,46.729152311458265,52.44852653408658
35.94,1506.518,55103010.0,256.7,93.088,1.492,1732.074,90.445,10.628,,220307,PFALZWERKE AG,378.966,264.951,19.184,27.879,2024.0,6.113,221122.0,1347.032,5510.0,2024-12-31,551030.0,33.214,3.177,90.445,378.966,1787.197,62.566,146.151,DEU,793.789,270.851,11.062,134.034,4911.0,84.1,0.0,1787.197,55.0,49.506,441.204,1.609573263036106,9.483700384731083,1.5599287599520366,5.060717984642992,2.0109702511810394,5.060717984642992,15.704983837819777,4.385793797371576,1.665228664922948,1.592822823842899,0.3513404365335477,0.3513404365335477,10.175835443520311,0.6773694737786503,0.7054142060237593,21.879319243866025,77.76988742975183,8.7752596789424,1.9264746531040964,15.433982612752107,1.0318248527487854,1197.853217158177,6.598450808747244,55.31601440691765,44.41530508388275,10.1399522277635,78.52992076730608,21.01174661128797,7.499676868302711,2.142281750471502,-84.52799999999999,-4.729640884580714,270.7429402496667,177.5745184547509,4.570526115799306,4.705692769179894,30.77907623817473,69.22092376182526,-9.603162680691558,-2.583562522145544,6.0412224591329,5505.305039787761,0.8714892079833669,-0.0338291273771425,-0.024185162627496,0.4447856134358746,-0.3934115859431578,1.2853282924683085,0.1731064487616404,2.858191971012785,1.5646567341546296,0.0076198450706863,-0.4018040529017558,False,False,False,False,False,False,False,False,False,False,False,False,False,False,False,False,False,False,False,False,False,False,False,False,False,False,False,False,True,False,False,False,False,False,True,False,False,False,False,False,False,False,False,True,False,False,False,False,False,False,False,False,False,False,11,True,0,High Performers,44.272291591370646,54.57813589746058,90.5130020825518,62.11087186927233,81.6051810172819,96.37590478969771,87.50697002299457,46.54821438138002,47.07640815555989
117.2,2615.8,55103010.0,319.5,26.2,1.842,2996.6,103.0,97.5,DE0007760001,101161,GELSENWASSER AG,1046.7,866.7,73.7,40.3,2024.0,21.9,221310.0,1948.7,5510.0,2024-12-31,551030.0,-39.9,24.0,103.0,1046.7,2980.4,62.7,175.4,DEU,1020.8,403.9,88.2,93.7,4941.0,84.1,0.0,2980.4,55.0,127.7,868.8,1.3448575051725289,11.19709563389701,1.3521674942960675,3.4559119581264257,3.9323580727419136,3.4559119581264257,12.23325728090189,2.949787732396428,1.002422983731395,0.9173877927772008,0.030229606553594,0.030229606553594,0.0700794233464563,0.3052450558899398,0.3983949555746632,34.9295868651138,65.0303677501168,1.6791666666666665,3.7941747572815534,13.915771207368351,0.9945938730561305,1618.0238870792616,7.379054221341917,49.4643336464904,34.250436183062675,1419.2380952381568,35.492537313432834,14.35293332443436,3.1438733055965646,1.4944178628389155,34.0,1.1407864716145484,73.37509788566953,316.87344913151367,2.862902455335817,2.821768890081868,75.25597269624573,24.744027303754265,-26.77329795336724,-24.205787130716303,5.61926605504588,-17.07317073170732,14.129110840438509,-0.450266599825841,0.0426313765401112,-0.3535146911828962,-0.848685611359465,1.763618955958961,0.1565532340592288,4.261496362544217,2.509043149246491,0.7170057433575504,0.0483776114748627,False,False,False,False,False,False,False,False,False,False,False,False,False,False,False,False,False,False,False,False,False,False,False,True,False,False,False,True,False,False,False,False,False,False,False,False,False,False,False,False,False,False,False,False,False,False,False,False,False,False,False,False,False,False,11,True,0,High Performers,44.99174131857815,51.706916195911326,67.3380505083101,89.1215128776375,86.34301933822852,89.76443048645379,99.92454150170882,44.72082746298848,50.20168395511155
-1506.0,30188.0,15104050.0,650.0,5879.0,98.12,29333.0,631.0,823.0,DE0007500001,103176,THYSSENKRUPP AG,9583.0,11852.0,8434.0,-139.0,2024.0,,331.0,18975.0,1510.0,2024-09-30,151040.0,-1640.0,65.0,631.0,9583.0,35041.0,770.0,4227.0,DEU,4403.0,5222.0,93.0,1525.0,3390.0,689.0,12.0,35041.0,15.0,1353.0,20918.0,-0.4738690212388777,-15.715329228842744,-0.3966781769926657,1.8007476955566335,-4.297822550726292,1.8007476955566335,13.849490596729549,-1.3583504348675852,1.764934188322646,1.053324333445832,0.4960344245696929,0.497046911913601,30.90716939965227,0.0678284462068245,0.1537096942502347,32.669689428288955,64.6882350935806,-2.1384615384615384,-6.98256735340729,5.021647973272423,1.194593120376368,357.12392988177737,6.710264266564535,54.39428098513171,12.565280671213722,3.865100375027576,3.5793217927436567,37.844748235775405,4.352044747581404,1.9805194805194808,-172.0,-0.4908535715304928,112.71249076127124,,3.060941250130439,1.9662680859564512,,,-6.64695225916454,-11.88909915592803,-1.861353657194853,-146.9945355191257,-10.188457008244988,-0.4866538935409118,-0.3269394328331497,0.1787910301487371,-0.2243098503425337,5.490050618634013,1.4504766397896958,4.612552415368357,4.033652808264548,0.0864331602732358,-0.5552316299129579,False,False,False,False,False,False,False,False,False,False,False,False,False,False,False,False,False,False,False,False,False,False,False,False,False,False,False,False,False,False,False,False,False,False,False,False,False,False,False,False,False,False,False,False,False,False,True,False,False,False,False,False,False,False,11,True,0,High Performers,32.992428609184024,44.26080245170243,53.100613762122315,82.90207967826886,69.8461934455668,97.86616355716066,98.52996047030389,44.885667060976395,40.816268918676
