ib,cogs,gsubind,dltt,che,emp,at,ebitda,dlc,isin,gvkey,conm,seq,lct,invt,ebit,fyear,ivch,naics,lt,ggroup,datadate,gind,fincf,xint,oibdp,ceq,sale,dp,xsga,loc,ppent,rect,dvt,capx,sic,xrd,ivst,revt,gsector,oancf,act,roa,roe,ebit_margin,ebitda_margin,net_profit_margin,operating_margin,gross_margin,roc,current_ratio,quick_ratio,cash_ratio,cash_ratio_enhanced,working_capital_ratio,debt_to_equity,total_debt_to_equity,equity_ratio,debt_ratio,interest_coverage,net_debt_to_ebitda,debt_to_assets,asset_turnover,revenue_per_employee,receivables_turnover,days_sales_outstanding,capital_intensity,working_capital_turnover,inventory_turnover,asset_quality,capex_to_revenue,capex_to_depreciation,fcf,fcf_margin,reinvestment_rate,cash_conversion,financial_leverage,rnd_intensity,dividend_payout_ratio,retention_ratio,revenue_growth,asset_growth,employee_growth,fcf_growth,capex_growth,margin_trend,leverage_trend,capex_trend,fcf_trend,margin_volatility,leverage_volatility,cf_to_assets,cashflow_volatility,margin_consistency,growth_quality,ebitda_outlier,ebit_outlier,roa_outlier,roe_outlier,ebit_margin_outlier,ebitda_margin_outlier,net_profit_margin_outlier,operating_margin_outlier,gross_margin_outlier,roc_outlier,current_ratio_outlier,quick_ratio_outlier,cash_ratio_outlier,cash_ratio_enhanced_outlier,working_capital_ratio_outlier,debt_to_equity_outlier,total_debt_to_equity_outlier,equity_ratio_outlier,debt_ratio_outlier,interest_coverage_outlier,net_debt_to_ebitda_outlier,debt_to_assets_outlier,asset_turnover_outlier,revenue_per_employee_outlier,receivables_turnover_outlier,days_sales_outstanding_outlier,capital_intensity_outlier,working_capital_turnover_outlier,inventory_turnover_outlier,asset_quality_outlier,capex_to_revenue_outlier,capex_to_depreciation_outlier,fcf_outlier,fcf_margin_outlier,reinvestment_rate_outlier,cash_conversion_outlier,financial_leverage_outlier,rnd_intensity_outlier,dividend_payout_ratio_outlier,retention_ratio_outlier,revenue_growth_outlier,asset_growth_outlier,employee_growth_outlier,fcf_growth_outlier,capex_growth_outlier,margin_trend_outlier,leverage_trend_outlier,capex_trend_outlier,fcf_trend_outlier,margin_volatility_outlier,leverage_volatility_outlier,cashflow_volatility_outlier,margin_consistency_outlier,growth_quality_outlier,years_available,latest_year,PC1,PC2,PC3,PC4,PC5,PC6,PC7,PC8,cluster,cluster_name,proximity_score,profitability_score,liquidity_score,leverage_score,efficiency_score,cashflow_score,structure_score,relative_score,overall_score
149.685,569.503,35203010.0,80.874,26.431,4.517,1442.269,253.817,205.465,DE000A3ENQ51,358679,SCHOTT PHARMA AG & CO KGAA,790.406,435.48,140.445,188.839,2024.0,2.142,327213.0,650.0,3520.0,2024-09-30,352030.0,-78.156,12.779,253.817,790.406,957.091,64.978,125.184,DEU,723.49,411.446,24.098,145.075,3221.0,24.254,3.249,957.091,35.0,225.326,588.601,13.093188579938971,18.937735796540007,19.730516742922042,26.51963083970072,15.639578681650962,26.51963083970072,40.49646271880103,21.67374437609035,1.3516143106457241,1.0291081105906126,0.06069394690915771,0.0681546798934509,10.616674143311682,0.1023195674121907,0.362268252012257,54.802952847215046,45.06787568754511,14.777290867830034,1.0239976045733739,19.853369933070738,0.6636008955333575,211.88642904582687,2.3261643083174945,156.91066993629659,75.59260300222236,6.25055348384611,4.054989497668127,30.360286465284908,15.15791079427139,2.232678752808643,80.251,8.384887121496284,64.38449180298767,119.32175027404297,1.8247191949453827,2.5341372972893907,16.09914153054748,83.90085846945252,6.508888250860778,17.083635052945702,0.8484036615316048,1197.5101050929725,-17.320635789065765,0.9721526029538595,0.020794380238289993,0.556610173744923,0.5613837376784517,1.9277031144388368,0.044542066407044036,15.62302178026429,1.4071708079860712,0.6358118199172683,-0.5066219254178034,False,False,False,False,False,False,False,False,False,False,False,False,False,False,False,False,False,False,False,False,False,False,False,False,False,False,False,False,False,False,False,False,False,False,False,False,False,False,False,False,False,False,False,True,False,False,False,False,False,False,False,False,False,False,5,True,-1.7812162883958493,-0.40081756725392365,-0.7686018846882642,-0.2630322349851403,-0.5080869149657581,0.5808114432136294,0.008627306463417956,0.28407629254646094,0,Upper-Mid,35.096490379486184,41.87206197569892,93.23970500019016,62.92773811432115,71.82375182899852,96.08107406657126,91.48179088443413,55.4836863102877,39.479345132716155
162.104,142.932,50203010.0,41.794,57.125,1.066,2072.493,301.86,162.761,DE000A12DM80,317079,SCOUT24 SE,1432.336,261.963,0.0,254.787,2024.0,1.759,519130.0,640.157,5020.0,2024-12-31,502030.0,-171.725,5.073,301.86,1432.336,588.798,47.073,65.891,DEU,54.2,52.84,95.6,0.884,7370.0,43.059,1.649,588.798,50.0,257.017,119.003,12.293744779837617,11.31745623931815,43.27239562634384,51.267157836813304,27.53134351679184,51.267157836813304,75.7247816738508,17.28388948057498,0.45427407687345156,0.45427407687345156,0.21806514660467316,0.22435992869221988,-6.897972634889481,0.029178907742317444,0.14281216139229902,69.11174127005496,30.88825872994505,50.224127735068,0.4884052209633605,9.8699971483619,0.28410132145199046,552.343339587242,11.143035579106737,32.75588571972052,9.20519431112198,,,5.305928656936357,0.15013637953933268,0.018779342723004695,256.133,43.500996946321145,0.34394612029554467,100.8752408874864,1.4469321444130427,7.313034351339508,58.97448551547154,41.02551448452846,10.702118538907568,2.628435773942339,1.0426540284360408,27.904700553799433,20.108695652173925,2.7933164819655585,-0.07479711518675228,-0.08761913702092726,0.9961506824352137,11.444048391748495,0.30555334563971004,12.401344660753981,2.909322990334067,0.6553504498423376,0.5786809364117763,False,False,False,False,True,False,True,False,False,False,False,False,False,False,False,False,False,False,False,True,False,False,False,False,False,False,False,False,False,False,False,False,False,True,False,False,False,False,False,False,False,False,False,False,False,False,False,False,False,False,False,False,False,False,11,True,-2.8239811298226956,-0.6073433842685619,-2.112579749189297,0.0064108387423639605,-0.558171179232283,1.0948266893882015,0.3489713720029384,-0.37320626785660954,0,Upper-Mid,13.389028517709306,21.21263196148808,48.70307905046775,42.18061363324404,55.62619051185591,87.45349344272543,88.80550787453717,55.25477306828031,22.160127739484132
342.446,1771.527,35202010.0,1198.796,308.001,11.667,5237.176,811.538,25.363,DE0007251803,214700,STADA ARZNEIMITTEL AG,1087.889,2607.51,1098.103,597.696,2023.0,,325412.0,4078.689,3520.0,2023-12-31,352020.0,-275.677,205.643,811.538,1087.889,3734.843,213.842,1058.977,DEU,448.143,782.005,88.2,97.426,2834.0,114.627,116.314,3734.843,35.0,543.299,2245.783,11.412562801021007,31.478027629657074,16.00324297433654,21.728838400971608,9.168953018908695,21.728838400971608,52.5675644197092,26.13809947587884,0.8612749327902864,0.4401440454686654,0.11812073587445492,0.16272804322898088,-6.906909372532072,1.1019469817233194,1.1252609411438117,20.772435373567735,77.87954806177984,2.906473840587815,1.12891571312742,23.374410178309837,0.7131406315159161,320.1202537070369,4.775983529517075,76.42404915012492,11.998978270304802,,1.6132612332358622,20.812857921902943,2.6085701594417756,0.45559805837955125,445.873,11.938199276381898,17.932298789432707,90.89888505193274,4.814072023892145,3.069124994009119,25.755885599481378,74.24411440051863,-1.6423650330361195,-9.002933631538369,-11.499658651293332,-32.92691915993365,31.96169526879682,0.31611864846724946,0.05140329990559522,0.028396379328935132,0.5169261219865164,1.9875906892154203,0.6409153663650177,10.373892341979722,1.8116481283432762,0.23187704907908258,0.16562072164804803,False,False,False,False,False,False,False,False,False,False,False,False,False,False,False,False,False,False,False,False,False,False,False,False,False,False,False,False,False,False,False,False,False,False,False,False,False,False,False,False,False,False,False,False,False,False,False,False,False,False,False,False,False,False,10,True,-0.199666180912905,-0.6042378377737478,-1.529862219964152,0.6424972705102306,-0.6582012243804684,0.17420195892789495,0.7647193678275004,-0.6496575825578833,0,Upper-Mid,33.1939212175558,49.96101472730598,52.169332608198815,60.324581651605854,83.91242238821998,94.0614562606257,86.42347769328336,51.04585104968715,41.889092955877096
297.6,1736.329,50102010.0,424.0,181.6,3.196,3342.0,524.471,273.1,DE000A0Z2ZZ5,205934,FREENET AG,1489.2,1149.5,46.7,379.455,2024.0,,517312.0,1857.8,5010.0,2024-12-31,501020.0,-306.6,29.026,524.471,1489.2,2502.3,145.016,115.0,DEU,330.81,426.55,88.2,43.7,4812.0,23.308,0.0,2502.3,50.0,370.7,818.1,11.354129263913823,19.983883964544724,15.16424889102026,20.95955720736922,11.893058386284618,20.95955720736922,30.610678176078014,19.833524984319464,0.7117007394519357,0.6710743801652892,0.1579817311874728,0.1579817311874728,-9.916217833632555,0.284716626376578,0.46810367982809564,44.56014362657092,55.58946738479952,13.072934610349341,0.9828951457754576,20.858767205266307,0.7487432675044884,782.9474342928661,5.866369710467707,62.21905846621108,13.220237381608918,,37.180492505353314,18.197187312986234,1.7463933181473046,0.30134605836597345,327.0,13.067977460736122,11.788508227677369,97.69274354007722,2.244157937147462,0.9314630539903288,29.63709677419355,70.36290322580645,-5.6376800663700095,-2.134762364930165,-13.387533875338754,-4.497663551401865,-21.402877697841728,0.23416359208551413,-0.032451088795577857,0.0942780207374616,0.4941639748726735,2.497609395369671,0.4815695622178052,11.092160383004188,1.64079002328772,0.09669018461985812,0.7530993208542217,False,False,False,False,False,False,False,False,False,False,False,False,False,False,False,False,False,False,False,False,False,False,False,False,False,False,False,False,False,False,False,False,False,False,False,False,False,False,False,False,False,False,False,False,False,False,False,False,False,False,False,False,False,False,11,True,-0.9570141463663708,-0.3661614673278577,-1.114180087716026,0.7076164402894156,-0.8043569100863188,0.06363519247749094,0.10831566644549863,-0.5862575250362047,0,Upper-Mid,35.778121244452215,52.31008200755074,46.74294737784992,83.8471997362463,86.6246347245143,94.34038188295814,94.54772497059759,48.15886617191205,46.15168008159281
3124.0,7884.0,45103010.0,6720.0,11087.0,109.121,74122.0,9422.0,3433.0,DE0007164600,103487,SAP SE,45440.0,19079.0,0.0,8142.0,2024.0,,513210.0,28314.0,4510.0,2024-12-31,451030.0,-3412.0,545.0,9422.0,45440.0,34176.0,1280.0,10276.0,DEU,4337.0,7828.0,2741.0,797.0,7372.0,6603.0,1478.0,34176.0,45.0,5220.0,21401.0,10.984592968349478,6.875000000000001,23.82373595505618,27.569054307116104,9.140917602996254,27.569054307116104,76.9311797752809,15.609662576687116,1.1217044918496777,1.1217044918496777,0.5811101210755281,0.658577493579328,3.132673160465179,0.14788732394366197,0.2234375,61.30433609454683,38.199185127222684,14.939449541284404,-0.09912969645510507,13.697687596125308,0.4610776827392677,313.19361076236476,4.365866121614716,83.60311329588015,12.690191947565543,14.718346253229974,,25.518739375623973,2.3320458801498125,0.62265625,4423.0,12.941830524344569,15.268199233716476,64.1120117907148,1.631205985915493,19.32057584269663,87.74007682458387,12.259923175416134,9.513891114173113,8.468573937221047,1.411683797698915,-20.263205336217773,1.5286624203821653,-0.4645395458999519,-0.018145112819190283,-0.2241374508052263,0.1373582371713566,2.746373490621218,0.12476026092883238,7.042443539030248,1.930148409512513,0.31471603455531205,-0.4500436442306867,True,True,False,False,False,False,False,False,False,False,False,False,False,False,False,False,False,False,False,False,False,False,False,False,False,False,False,False,False,False,False,False,True,False,False,False,False,False,False,False,False,False,False,False,False,False,False,False,False,False,False,False,False,False,11,True,-2.0274418193561,-0.43943576129124845,-1.0529333721996745,-0.24788961378053495,-0.12484914249856083,0.8517844219458804,0.8273605222005433,-0.24504715928344797,0,Upper-Mid,27.248228234697404,36.91737546244167,72.76207598051367,52.564915526003354,66.56667078011593,92.37898759013152,90.10099759986471,52.45979317643242,33.52425855598502
113.787,455.543,35202010.0,889.677,121.896,3.61,2080.019,294.305,89.935,DE000A2GS5D8,326577,DERMAPHARM HOLDING,604.422,326.915,343.381,222.074,2024.0,,325412.0,1471.724,3520.0,2024-12-31,352020.0,-209.169,58.408,294.305,604.422,1194.707,72.231,287.427,DEU,315.028,113.432,48.456,38.237,2834.0,23.098,0.587,1194.707,35.0,201.378,593.498,10.676537089324666,18.82575419160785,18.58815592442331,24.634073459015475,9.524259923144335,24.634073459015475,61.8698978075796,14.863405972428867,1.8154504993652785,0.7650826667482374,0.37286756496336965,0.37466313873636875,12.816373311974557,1.4719467524345573,1.6207417996035882,29.058484561919872,70.75531521587062,3.802116148472812,2.914377941251423,47.0963005626391,0.5743731187070888,330.9437673130194,10.532363001622118,34.65509116461191,26.368641014072907,4.481557338614991,1.326640087832466,11.313742807157052,3.200533687339239,0.5293710456729106,163.141,13.65531465037034,18.987674919802565,90.68058394949429,3.4413356893031684,1.93336106677202,42.58482954994859,57.41517045005141,3.8589362758265855,-3.7328184320348345,3.2313411495567657,-8.286438686537634,-7.953588021472746,0.6342065967192626,-0.4287600068167555,0.35205452462828,0.4545569899003441,4.946341128536405,1.8607090101973809,9.68154617818395,5.595114278957773,0.18083648887113943,0.3398187220747304,False,False,False,False,False,False,False,False,False,False,False,False,False,False,False,False,False,False,False,False,False,False,False,False,False,False,False,False,False,False,False,False,False,False,False,False,False,False,False,False,False,False,False,False,False,False,True,False,False,False,False,False,False,False,11,True,-0.7969292235790981,-0.5081714900305072,-0.7847053289772702,-0.36589684712435677,-0.3943268876299173,0.544889355536457,0.7511090739317638,-0.19772118053102888,0,Upper-Mid,42.43122415999893,47.72743638311315,88.21618205158728,74.28914066910069,75.58792861934704,93.8638308395562,96.26899546157539,53.45033169178015,45.28508030043433
3592.0,26614.0,25102010.0,7160.0,9151.0,39.463,53527.0,8647.0,4175.0,DE000PAG9113,354519,DR ING  H C F PORSCHE AG,23043.0,14343.0,6130.0,5712.0,2024.0,343.0,336110.0,30471.0,2510.0,2024-12-31,251020.0,-1679.0,316.0,8647.0,23043.0,40083.0,2935.0,4958.0,DEU,14330.0,4573.0,2100.0,2174.0,3711.0,2033.0,2767.0,40083.0,25.0,6353.0,20288.0,10.6712500233527,15.588248057978562,14.250430357009206,21.572736571613902,8.961405084449767,21.572736571613902,33.60277424344485,18.912028606429825,1.414487903506937,0.9871017220944015,0.6380115735899045,0.830927978804992,11.106544360789881,0.3107234301089268,0.49190643579395044,43.04930222130887,56.92641097016459,18.075949367088608,0.2525731467561004,21.17622881910064,0.748837035514787,1015.7109190887667,8.765143232013996,41.64221739889729,35.75081705461168,6.742304457527334,4.3415986949429035,25.639396939862124,5.423745727615199,0.7407155025553662,4179.0,10.425866327370706,34.22005351802298,111.22198879551821,2.322918022826889,5.07197565052516,58.463251670378625,41.536748329621375,-1.1028867505551432,6.105417566951443,0.5503605371111275,-16.536848412222895,7.837301587301582,0.11399933371381193,0.022737221280166326,-1.1226496373351766,1.4970888140968681,2.0319024190356036,0.06482625871648164,11.868776505315076,2.0989337188704567,0.014689455986969963,0.6251670892980747,True,True,False,False,False,False,False,False,False,False,False,False,False,False,False,False,False,False,False,False,False,False,False,False,False,False,False,False,False,False,False,False,True,False,False,False,False,False,False,False,False,False,False,False,False,False,False,False,False,False,False,False,False,False,7,True,-1.0604442572841646,-0.3109373402602926,-0.3354883659372876,-0.00440200401726526,-0.6166976824754934,0.22708895517029112,0.13675225471522448,0.03897651284547146,0,Upper-Mid,55.14531098006573,56.89486351475317,95.83407609852428,87.39902013093713,89.79947835785974,95.42791064072216,95.13478677678535,50.30416618588152,55.6469208617496
152.108,455.587,25504040.0,467.188,101.683,20.221,2368.947,462.931,406.664,DE0005772206,204820,FIELMANN GROUP AG,899.131,846.714,259.32,251.093,2024.0,,456130.0,1455.804,2550.0,2024-12-31,255040.0,-44.269,41.865,462.931,899.131,2264.116,211.838,1035.488,DEU,1001.027,151.336,96.6,79.716,3851.0,84.1,7.394,2264.116,25.0,410.093,545.615,10.599350681969668,16.917223407934994,11.090111990728388,20.446434723309228,6.71820701766164,20.446434723309228,79.87793028272404,18.37733355094967,0.6443911403378236,0.3381247977475275,0.12009131772948127,0.1288239003961196,-12.710246366845693,0.5195994799422998,0.9718850757008711,37.954880375120254,61.453633196521494,5.997683028782992,1.6680001987337205,36.887781786591255,0.9557478491498543,111.96854754957717,14.960855315324839,24.397000860379947,44.21270818279629,,1.7568525374055222,10.680652627517627,3.520844338364289,0.37630642283254184,330.377,14.591876034620135,19.438517604543357,163.32315118302782,2.634707289594064,3.714473993381964,63.50750782338864,36.49249217661136,14.983444044934702,19.249541666792513,23.389065169636304,66.18895752429626,-5.087570991439372,-1.0244609249876622,0.10100085972834867,0.11005620800271869,0.2189692028739411,3.8098689071109475,0.3591593367234257,17.31119353873261,4.742164496181577,0.7953593973621308,0.38282161701463385,False,False,False,False,False,False,False,False,False,False,False,False,False,False,False,False,False,False,False,False,False,False,False,False,False,False,False,False,False,False,False,False,False,False,False,False,False,False,False,False,False,False,False,False,False,False,False,False,False,False,False,False,False,False,11,True,-0.60664577400829,-0.6395846745421713,-1.4486137680629063,0.8584059507650625,0.28036979623758346,0.4905093674433085,1.140180363000141,-0.386655552258665,0,Upper-Mid,29.909762154660623,43.084899530229606,42.63495804374923,97.70486451427591,87.10183629272746,97.12272055236717,97.49479850335896,50.767365520322485,43.41664666324688
912.0,3775.0,30302010.0,0.0,2503.0,22.791,13011.0,1671.0,114.0,DE0005200000,100083,BEIERSDORF AG,8475.0,3696.0,1612.0,1356.0,2024.0,,325620.0,4516.0,3030.0,2024-12-31,303020.0,-1029.0,45.0,1671.0,8475.0,9850.0,315.0,4076.0,DEU,2719.0,2042.0,223.0,437.0,2844.0,354.0,1296.0,9850.0,30.0,1231.0,6441.0,10.42195065713627,10.761061946902654,13.766497461928934,16.96446700507614,9.258883248730964,16.96446700507614,61.6751269035533,16.0,1.7426948051948052,1.306547619047619,0.6772186147186147,1.0278679653679654,21.097532856813466,0.0,0.013451327433628318,65.13719160710168,34.70909230650987,30.133333333333333,-1.4296828246558946,0.8761816924141111,0.7570517254630698,432.18814444298187,4.823702252693438,75.66802030456853,27.604060913705585,3.588342440801457,2.3418114143920596,34.931980631773115,4.436548223350254,1.3873015873015873,794.0,8.060913705583756,35.49959382615759,90.78171091445427,1.535221238938053,3.5939086294416245,24.451754385964914,75.54824561403508,4.265904519953434,3.024784226779631,3.7936059750432793,87.26415094339623,-15.473887814313347,-0.15217338384611181,0.001411245399574809,0.19141476229111393,-0.09660360856517004,0.969901098575644,0.020856717844209276,9.461225117208516,2.0022533568888843,0.2707791238919422,0.011869084333577692,False,False,False,False,False,False,False,False,False,False,False,False,False,False,False,False,False,False,False,False,False,False,False,False,False,False,False,False,False,False,False,False,False,False,False,False,False,False,False,False,False,False,False,False,False,False,False,False,False,False,False,False,False,False,11,True,-1.8741555606686657,-0.21799851868825512,0.2540701201980511,-0.562867315210027,-0.13327719904822022,0.8654330574532197,0.6861997721647334,0.4017291583469135,0,Upper-Mid,35.0000761471571,52.30639715430245,74.00733562816663,47.10582783831701,90.97878374347813,94.29967869926068,89.4238606721695,52.92728354916754,42.81871023507675
1780.0,6760.0,45301020.0,4595.0,2201.0,58.065,28639.0,4828.0,573.0,DE0006231004,132740,INFINEON TECHNOLOGIES AG,17219.0,5146.0,3990.0,2963.0,2024.0,10.0,334413.0,11420.0,4530.0,2024-09-30,453010.0,-615.0,157.0,4828.0,17219.0,14955.0,1865.0,1412.0,DEU,6476.0,2770.0,455.0,2432.0,3674.0,2558.0,395.0,14955.0,45.0,2780.0,9793.0,10.346031635182792,10.337417968523143,19.81277164827817,32.283517218321634,11.90237378803076,32.283517218321634,54.79772651287195,13.583020078848445,1.9030314807617568,1.1276719782355227,0.42771084337349397,0.5044694908666926,16.2261252138692,0.26685637958069575,0.300133573378245,60.124306016271525,39.87569398372848,18.872611464968152,0.6145401822700911,18.045322811550683,0.522190020601278,257.55618703177475,5.398916967509026,67.60615178869942,43.3032430625209,3.2182052937378955,1.694235588972431,17.357449631621215,16.262119692410565,1.3040214477211796,348.0,2.3269809428284853,87.4820143884892,93.82382720215998,1.663220860677159,17.10464727515881,25.56179775280899,74.43820224719101,-8.302164449077198,0.70325960828439,-0.8960573476702649,-71.49877149877149,-11.208470244614821,1.045090374696417,0.019441579304853733,0.3902246472647871,0.0763927750024315,4.675615587678315,0.1857166236036557,9.70704284367471,2.8184744444689387,0.5495697063287116,0.034623261573779957,True,True,False,False,False,False,False,False,False,False,False,False,False,False,False,False,False,False,False,False,False,False,False,False,False,False,False,False,False,False,False,False,False,False,False,False,False,False,False,False,False,False,False,False,False,False,False,False,False,False,False,False,False,False,11,True,-1.8917268099982483,-0.30509077681850455,-0.25811170352659285,-0.7600286368155486,-0.2045917548654662,0.7050779146496764,0.2784250716336344,0.08208859311377252,0,Upper-Mid,36.48808011861648,50.17875640767425,81.60208797594156,54.428295521990876,71.14989155449251,94.36691339704507,90.32798911807154,52.70245251187583,40.74629661435441
318.867,1989.932,50202010.0,96.723,1748.388,4.434,4067.28,496.411,24.575,DE0005470306,234919,CTS EVENTIM AG & CO KGAA,1026.957,2497.395,15.555,418.33,2024.0,,561599.0,2884.745,5020.0,2024-12-31,502020.0,-193.853,12.323,496.411,1026.957,2808.579,78.081,309.873,DEU,217.881,353.584,159.346,142.276,7990.0,15.39,229.785,2808.579,50.0,506.419,2406.091,10.285252060344996,31.04969341462203,14.894720782288836,17.67480993057343,11.353321377109207,17.67480993057343,29.148085206077525,37.22857041150505,0.963440304797599,0.9572118147109289,0.7000846882451515,0.7920945625341606,-2.244841761570388,0.09418407976185954,0.11811400087832304,25.249232902578626,70.92565547491198,33.94709080581027,-3.277707383599477,2.982287917232155,0.6905300348144214,633.4188092016238,7.9431733336350065,45.951408167617856,7.757695261553973,,127.92876888460303,51.680041698629054,5.06576457347292,1.822159039971312,364.143,12.965382138084774,28.094522519889658,121.05729926134869,3.960516360470789,0.5479639347869509,49.97255909203523,50.02744090796477,19.08064778728644,27.287902785901608,25.43140028288544,-25.79035857304437,2.04555887078266,-1.5039697320762582,-0.034587777432309216,0.3551110241865341,0.3248755201716945,21.20389538993195,0.2043468968732351,12.451048366475876,8.660978644354024,0.055340053068831774,-0.03791956543392789,False,False,False,False,False,False,False,False,False,False,False,False,False,False,False,False,False,False,False,False,False,False,False,False,False,False,False,False,True,False,False,False,False,False,False,False,False,False,False,False,False,False,False,False,False,False,False,False,False,True,False,False,False,False,11,True,-0.36783591935564014,-0.4030745883905269,-0.9933976835088976,0.6359592321740385,-0.8348619864279307,-0.18340362493495677,0.22536167679403668,-0.5931057742538398,0,Upper-Mid,42.03134098275918,57.61314730014273,60.737979378822935,68.1911951628422,81.10490889601107,95.68430870713178,92.41992026980319,47.74320433741401,47.3200217038181
902.5,5286.4,55101010.0,2631.7,751.9,10.899,14577.8,2114.5,485.4,,210359,EWE-ENERGIEVERSORGUNG WESER,3931.6,3532.2,538.7,1484.9,2024.0,,221122.0,9869.5,5510.0,2024-12-31,551010.0,-4.0,136.5,2114.5,3931.6,8857.5,629.6,1113.1,DEU,7364.7,2066.8,176.166,1049.5,4931.0,0.3,295.9,8857.5,55.0,931.2,4318.1,10.186036301773932,22.955031030623665,16.764324019192774,23.872424499012137,10.189105278012983,23.872424499012137,40.317245272368055,22.624289610409402,1.2224958949096882,1.069984712077459,0.21287016590227054,0.29664231923447143,5.391074098972414,0.669371248346729,0.7928324346322108,26.969775960707377,67.70225960021403,10.878388278388279,1.1185623078742017,21.382513136412904,0.607601970118948,812.6892375447289,4.28561060576737,85.16872706745696,83.14648602878916,11.270517877592562,9.813254130313716,19.335565037248422,11.848715777589614,1.6669313850063532,-118.29999999999995,-1.3355913068021446,112.70403780068727,62.711293689810766,3.7078543086784004,0.003386960203217612,19.5197783933518,80.4802216066482,-13.854308500291769,-7.67174823137482,0.49792531120329553,-83.30981941309255,7.596883329915927,0.646014588903901,-0.03518143254923762,0.660044803088862,-0.34235377948553125,5.201134723670325,0.21397399401655762,6.3877951405561895,1.870457939381924,0.16969972165354902,0.25798570313552566,False,False,False,False,False,False,False,False,False,False,False,False,False,False,False,False,False,False,False,False,False,False,False,False,False,False,False,False,False,False,False,False,False,False,False,False,False,False,False,False,False,False,False,False,False,False,False,False,False,False,False,False,False,False,11,True,-0.5288540148551298,-0.5282602187123131,-1.1800859916159139,-0.049292388137614246,-0.3108358237904688,-0.05900739335010184,0.10204868512534655,-0.006804060431209691,0,Upper-Mid,44.83012325184729,57.20024295510127,78.91525627185946,72.18251910997827,67.09848870102425,92.19372355924165,94.27347943777336,51.72218178106283,46.65512310791063
804.0,4692.0,20101010.0,1871.0,1253.0,28.539,14344.0,1806.0,552.0,DE0007030009,100312,RHEINMETALL AG,4050.0,6782.0,3989.0,1420.0,2024.0,,332994.0,9880.0,2010.0,2024-12-31,201010.0,-234.0,135.0,1806.0,4050.0,9751.0,386.0,2383.0,DEU,1661.0,2848.0,352.0,732.0,3480.0,330.0,69.0,9751.0,20.0,1720.0,8231.0,9.899609592861127,19.85185185185185,14.562608963183262,18.521177315147163,8.245308173520664,18.521177315147163,51.881858270946566,23.98243539942577,1.2136537894426422,0.6254792096726629,0.1847537599528163,0.19492774992627543,10.101784718349135,0.46197530864197534,0.5982716049382716,28.234802007808142,68.87897378694925,10.518518518518519,0.6478405315614618,16.89208031232571,0.6797964305633017,341.67279862644097,3.423806179775281,106.60650189724132,17.034150343554508,6.729468599033816,1.176234645274505,28.590351366424986,7.506922366936725,1.8963730569948187,988.0,10.132294123679623,42.55813953488372,121.12676056338027,3.541728395061728,3.3842682801763924,43.78109452736319,56.21890547263681,35.883500557413605,22.52498505167848,15.295115743546251,186.3768115942029,83.91959798994975,1.0327341372410506,-0.006713441454578873,0.060298832520116065,0.7267969321845053,3.6270168804043044,0.11842220708244544,11.991076408254322,3.0547837780097273,0.8918064260790117,0.22344346082793115,False,False,False,False,False,False,False,False,False,False,False,False,False,False,False,False,False,False,False,False,False,False,False,False,False,False,False,False,False,False,False,False,False,False,False,False,False,False,False,False,False,False,False,False,False,False,False,False,False,False,False,False,False,False,11,True,-0.580279774771542,-0.4045749853851669,-0.674151365740623,0.16279643721432022,-0.4329536176736835,0.19903943879495092,0.68886634155044,-0.11636042679507638,0,Upper-Mid,51.942480680322866,58.360349165885374,88.60851508571825,74.7241655579306,82.760574127057,96.05861811284639,95.51240973456822,51.44375857148291,52.33556478015784
77.349,1376.112,25101010.0,551.911,311.18,4.935,1711.869,250.851,233.464,DE000SAFH001,285715,SAF HOLLAND SE,523.463,511.747,291.469,166.266,2024.0,6.529,3362.0,1184.769,2510.0,2024-12-31,251010.0,-49.043,41.016,250.851,523.463,1876.747,84.585,216.411,DEU,357.167,191.732,38.6,48.505,3700.0,40.97,10.45,1876.747,25.0,200.652,857.25,9.712542256446024,14.776402534658612,8.859265526999643,13.366266204235306,4.121439917047956,13.366266204235306,26.67567871428594,15.461225582913482,1.6751441630336865,1.1055873312398508,0.608073911522686,0.6284941582461646,20.182794361017113,1.0543457703791863,1.5003448190225481,30.57844963604108,69.2090925181775,4.05368636629608,1.8903452647188967,45.87821848517615,1.096314612858811,380.29321175278625,9.788386915068951,37.28908584907821,19.031174686838447,5.431926785006209,4.721297976800278,29.37794889679059,2.584525245011714,0.5734468286339186,152.147,8.106953148186728,24.173693758347788,120.68131788820324,3.270276982327309,2.1830326623673835,49.903683305537236,50.096316694462764,-10.892900383159954,3.640405657310253,-6.071564522268746,2.918157650862785,-11.637185069134492,0.10359047867956825,0.03951154439210965,0.03591477668216199,0.5072179833176997,1.0576754382713478,0.2763706036758689,11.721223995527694,3.5884403626109243,0.10551823707414434,-0.08552116181401809,False,False,False,False,False,False,False,False,False,False,False,False,False,False,False,False,False,False,False,False,False,False,False,False,False,False,False,False,False,False,False,False,False,False,False,False,False,False,False,False,False,False,False,False,False,False,False,False,False,False,False,False,False,False,11,True,-0.3347495594063227,-0.28360110222605867,0.3677163699691039,0.1807817789945163,-0.8538367549829154,0.2022888857055094,0.2930632036751129,0.3310696018329218,0,Upper-Mid,53.012025044941915,63.39455684390606,76.66707694917405,79.13286656358731,77.11335968661405,96.18113548494684,97.57197006074382,50.750445068993564,53.36401199610883
130.797,860.222,50201010.0,1436.188,75.491,11.858,2886.43,566.727,363.131,DE0007493991,295079,STROEER SE & CO KGAA,465.5,856.623,40.586,278.147,2024.0,,5418.0,2409.816,5020.0,2024-12-31,502010.0,-252.922,74.509,566.727,465.5,2046.841,288.58,629.284,DEU,1147.243,259.608,88.2,95.536,7310.0,48.07,0.0,2046.841,50.0,454.493,425.443,9.636367415804298,28.098174006444683,13.589086792769933,27.68788586900497,6.390188588170748,27.68788586900497,57.973188928695485,14.626321457568222,0.49665138573211315,0.4492723169935899,0.08812628192331982,0.08812628192331982,-14.938176224609641,3.085258861439313,3.86534693877551,16.127188256773938,83.48776862768194,3.7330658041310443,3.0417255574553534,62.337177759377504,0.7091254594776246,172.61266655422497,7.884352562324735,46.294226078136994,56.049443996871275,,21.195042625535898,11.609462207640581,4.6674851637230255,0.33105551320257814,358.957,17.53712183799328,21.02034574789931,163.40028833674282,6.200708915145005,2.348497025416239,67.43273928301107,32.567260716988926,6.922056280787525,5.303192261696732,3.0771905424200385,32.91454681448241,-27.107923549383894,0.48529252216321134,0.3778397427159388,-0.11288322520050043,0.45127996823427174,2.2858091070332587,1.342797646479037,15.745852142612154,1.1303645716434663,0.4958153482817816,0.34752059293587245,False,False,False,False,False,False,False,False,False,False,False,False,False,False,False,False,False,False,False,False,False,False,False,False,False,False,False,False,False,False,False,False,False,False,False,False,False,False,False,False,False,False,False,False,False,False,True,False,False,False,False,False,False,False,11,True,0.5771715394109107,-0.6351528669706428,-2.1127293934286886,0.5796761127179809,-0.28873828888240155,0.21732997649374952,0.5921592725690301,-0.5467760505027124,0,Upper-Mid,25.790337536650505,57.61208214840765,39.09190894050891,47.96217151432876,81.10083051771423,96.21965058711471,77.50015626530512,54.72788735383277,38.79989317343174
213.468,1280.106,25203010.0,1007.369,210.622,18.623,3782.421,728.223,395.753,DE000A1PHFF7,102250,HUGO BOSS AG,1426.972,1204.131,1071.561,360.821,2024.0,2.623,315.0,2332.31,2520.0,2024-12-31,252030.0,-404.728,56.231,728.223,1426.972,4307.349,367.402,2289.476,DEU,1544.336,408.737,96.623,228.584,2300.0,89.968,0.0,4307.349,25.0,785.511,1852.58,9.53941932957754,14.959508665902344,8.37686939228746,16.906524175310615,4.955902110555703,16.906524175310615,70.28088506410788,14.82212229100196,1.5385203104977778,0.6486163050365782,0.17491618436864428,0.17491618436864428,17.14375528266155,0.7059486801422873,0.9832862873272917,37.7264191373726,61.66182981746348,6.416762995500703,1.637547839054795,37.09587060774039,1.138780955372234,231.29189711646887,10.53819204035847,34.63592223430235,35.85351453991771,6.642540893732585,1.1946179452219707,16.374671143164658,5.306837221687864,0.6221631890953234,556.9269999999999,12.929692950350665,29.10003806439375,217.70102072772923,2.650662381602442,2.0887093198159703,45.26345869170087,54.73654130829913,2.6180124689723083,8.9511465241338,-0.613726118048874,285.02226093689507,-8.197353360509252,-1.0818589936119924,0.11202790777277863,0.04268964163199785,-0.07281249008604854,6.533374248348302,0.5095922736971833,20.767413251988607,5.745558804631129,0.30161916401188277,0.2973842866180331,False,False,False,False,False,False,False,False,False,False,False,False,False,False,False,False,False,False,False,False,False,False,False,False,False,False,False,False,False,False,False,False,False,False,False,False,False,False,False,False,False,False,False,False,False,False,False,False,False,False,False,False,False,False,11,True,-0.6486129630277488,-0.4362932959923278,0.07412882074098202,0.2044411036755734,0.08345265833250878,0.7281902278305906,1.0804163016096813,0.44176305207475236,0,Upper-Mid,48.066820965513195,52.27406113789922,85.17828918389884,97.34674293378895,74.36852714199075,96.65130508695175,97.61712902193256,53.29375020055458,50.571493978462634
139.98,516.311,30202010.0,426.798,407.009,4.791,2676.221,356.161,56.737,DE0007074007,102926,KWS SAAT SE & CO KGAA,1601.531,521.392,420.328,253.274,2025.0,,111.0,1074.69,3020.0,2025-06-30,302020.0,-236.849,11.651,356.161,1601.531,1676.628,102.887,464.725,DEU,623.634,603.264,41.25,108.116,100.0,348.951,33.022,1676.628,30.0,226.537,1550.007,9.463867146995709,8.740386542627023,15.106153541513084,21.242696650658345,8.34890029273041,21.242696650658345,69.20539320588705,12.486830292324372,2.972824669346672,2.166659634209961,0.7806199558105993,0.8439542609015864,38.4353534330685,0.26649374879412263,0.3019204748456321,59.843002502409185,40.15699749759082,21.738391554373017,0.2148635027417376,18.06782773171573,0.6264908615544083,349.95366311834687,2.779260821133036,131.32988355198648,37.195728569485894,1.6299859519839783,1.228352619858777,37.74998402598291,6.44841908879012,1.0508227472858573,118.421,7.063045589122931,47.725537108728375,89.44344859717145,1.6710391494139045,20.81266685275446,29.468495499357054,70.53150450064294,-0.08878994206604762,-9.467631769365848,3.7462104807275853,-6141.887755102017,-20.537997942084374,0.34305048544131467,0.02442768772756635,0.0026673672731636717,0.2807733865456231,2.4249338116019827,0.18664624453625198,8.464809146927701,1.934299544562904,0.2601714579267073,0.05452210288460373,False,False,False,False,False,False,False,False,False,False,False,False,False,False,False,False,False,False,False,False,False,False,False,False,False,False,False,False,False,False,False,False,False,False,False,False,False,True,False,False,False,False,False,True,False,False,False,False,False,False,False,False,False,False,12,True,-1.977888683567957,-0.12717999122578294,0.885847681320525,-1.4652287643734416,0.09094544113014061,1.0599789991720476,0.7645403737216473,0.5318953923214921,0,Upper-Mid,25.223194644426773,50.83518606678358,36.56808242001216,54.85825393060018,79.39935555167001,94.23696823270662,90.38350908764252,57.09439892386017,37.652043796937946
1243.7,25943.1,55101010.0,18526.4,8757.7,28.597,64277.7,7773.0,4278.5,DE0005220008,216524,ENBW ENERGIE BADEN,10232.9,13964.3,3014.3,6067.8,2024.0,1248.6,2211.0,46509.9,5510.0,2024-12-31,551010.0,2380.3,889.0,7773.0,10232.9,34936.7,1705.2,3666.6,DEU,29670.5,5242.4,433.4,5483.5,4911.0,44.8,3926.1,34936.7,55.0,2620.2,21484.3,9.439976850447357,12.153934857176363,17.36798266579271,22.24880999064022,3.559866844893765,22.24880999064022,25.742557253547126,21.09856637678942,1.538516073129337,1.3226584934439964,0.6271492305378716,0.9083018840901442,11.699236282567673,1.8104740591621145,2.228586226778333,15.919829116474299,72.35775393332369,6.825421822272216,1.8071786954843692,35.4787119016393,0.543527537544125,1221.6910864776023,6.664256828933313,54.7697979488618,84.926452698738,4.645837765957446,8.606674849882227,21.78064865419889,15.695529343069037,3.2157518179685667,-2863.3,-8.19567961484628,209.27791771620488,43.18204291505982,6.281474459830546,0.12823191658055855,34.847632065610675,65.15236793438933,-21.991568756168256,-0.6817173963092782,130.648868814776,-18.287149339345344,24.51746219174349,0.9007487912192431,-0.12818660308997296,0.4843372271521028,-0.1773859004519628,5.072178113991962,1.2103639397944819,4.07637485473189,3.599864914724167,0.34690540748176457,-0.47936871698007827,True,True,False,False,False,False,False,False,False,False,False,False,False,False,False,False,False,False,False,False,False,False,False,False,False,False,False,False,False,False,False,False,True,False,False,False,False,False,False,False,False,False,True,False,False,False,False,False,False,False,False,False,False,False,11,True,0.08551086223264807,-0.5241807544832897,-1.0590268442660014,-0.41658875864179423,-0.6891427479719364,-0.15097807579377298,-0.18025355793729972,0.03168231193107331,0,Upper-Mid,36.48650517546937,57.98602665855671,97.58518439845673,51.58530178345205,63.79421077321311,90.27065730582167,77.0097761943836,52.79041402913573,40.91946919622626
398.162,3288.165,20106020.0,124.639,638.313,18.347,6032.165,732.31,170.137,DE0006602006,100368,GEA GROUP AG,2423.749,2620.045,775.678,562.352,2024.0,5.804,3332.0,3608.021,2010.0,2024-12-31,201060.0,-483.943,49.717,732.31,2423.749,5422.129,169.958,1280.105,DEU,925.441,1264.576,189.733,237.105,3550.0,153.85,0.0,5422.129,20.0,710.118,2776.052,9.322556660834046,16.42752611759716,10.371424213625312,13.505949415810653,7.3432778895522395,13.505949415810653,39.356570085293065,22.06696939398553,1.0595436337925495,0.7634884133669461,0.24362673160193812,0.24362673160193812,2.58625219966629,0.0514240542234365,0.12161985420107446,40.18041615240962,59.81303561822331,11.311060603013054,-0.469114172959539,4.886736354194555,0.8988694772109185,295.5321850983812,4.287705128042917,85.12712257491478,17.06785286738844,34.75567762984993,4.23908503270687,31.54570539764745,4.3729132966036035,1.3950799609315243,473.01300000000003,8.723750393987308,33.389521178170384,126.27642473041799,2.4887746214645166,2.8374463241284005,47.652211913743656,52.347788086256344,0.9051471380523424,1.3086461843609065,-2.269216427848497,54.981553442592876,3.828570427654343,0.2639485037882495,-0.00017460257538194458,0.23724610233001303,0.4389229556919149,2.46568109363861,0.07253192133962512,11.77219124476867,3.321121910068246,0.1260541894012099,-0.30475443608528524,False,False,False,False,False,False,False,False,False,False,False,False,False,False,False,False,False,False,False,False,False,False,False,False,False,False,False,True,False,False,False,False,False,False,False,False,False,False,False,False,False,False,False,False,False,False,False,False,False,False,False,False,False,False,11,True,-0.6776429052106596,-0.2838584457402561,-0.39624456177861317,0.5252289984847439,-0.43593414978227096,0.07494748376975907,0.3924265493243142,-0.1845643923880028,0,Upper-Mid,58.468152326936696,68.0031289990698,70.89606651952903,90.63069620647252,91.08344470302286,96.49772465925993,96.38299618678205,48.96962375068287,59.713473056689324
170.43,1073.407,20106020.0,39.285,137.938,7.498,2544.259,307.915,35.149,DE0005878003,101937,DMG MORI AG,1419.503,964.615,714.117,237.066,2024.0,4.81,3335.0,1094.563,2010.0,2024-12-31,201060.0,-176.324,12.437,307.915,1419.503,2235.785,70.849,662.307,DEU,456.516,709.185,88.2,37.147,3540.0,85.737,1.774,2235.785,20.0,171.974,1642.446,9.317683459113244,12.006314886266532,10.603255679772431,13.772120306737904,7.622825987293054,13.772120306737904,51.98970384003828,16.25088772323326,1.7026958942168635,0.9623829196104144,0.14299798365150862,0.14483705934491997,26.641587982984433,0.02767517927049115,0.052436662691096814,55.79239377752029,43.0208952783502,19.06134919996784,-0.20623873471574944,2.92556693324068,0.8787568404002893,298.18418244865296,3.152611800870013,115.77702015175878,20.41860017846081,3.298440171665209,1.5031248380867561,33.29547031178822,1.661474605116324,0.5243122697568067,134.827,6.0304099007731065,21.600358193680442,72.54266744282182,1.7923590157963738,3.8347604979906387,51.751452209118106,48.248547790881894,-10.989016676433872,-8.07479290932811,-0.22621423819028097,12.482376006340456,-47.39353943324883,0.16743301524572757,0.00034554890007888414,-0.2301677019405922,0.49366690707914274,1.8554738142197378,0.015856381169796863,6.759296125119336,2.103300434638087,0.08957054621112989,0.34221558686317843,False,False,False,False,False,False,False,False,False,False,False,False,False,False,False,False,False,False,False,False,False,False,False,False,False,False,False,False,False,False,False,False,False,False,False,False,False,False,False,False,False,False,False,False,False,False,False,False,False,False,False,False,False,False,11,True,-1.4252660937390116,-0.14077874844115187,0.6109870043027716,-0.4091823942721365,-0.2753138470693506,0.5956914983562253,0.6544858550716426,0.5993991261620073,0,Upper-Mid,43.881376687149654,64.09242179267059,62.56559007058308,61.10474169770388,93.41418326017039,93.1853451059965,91.24942350246998,52.46122274396353,50.493636692189924
37.414,1813.551,45202030.0,4.677,130.356,8.786,1638.437,205.53,344.565,DE000A0CAYB2,270249,DIEBOLD NIXDORF AG,359.841,1086.104,211.075,152.23,2018.0,3.817,334111.0,1249.278,4520.0,2018-12-31,452020.0,-16.119,6.265,205.53,359.841,2399.846,53.3,276.755,DEU,100.102,555.913,88.2,34.552,7372.0,87.872,0.0,2399.846,45.0,81.68,1031.011,9.291172013327335,10.397369949505476,6.343323696603866,8.56429954255398,1.5590167035718128,8.56429954255398,24.430525958749023,41.76199803576229,0.949274655097486,0.7549332292303499,0.12002165538475136,0.12002165538475136,-3.362533927151308,0.012997407188174775,0.9705453241848483,21.962455681848006,76.24815601698448,24.29848363926576,1.0649832141293243,21.315558669634537,1.4647166781511893,273.1443205099021,4.316945277408515,84.55052740884207,4.1711843176603836,,8.591974416676537,41.88558974193088,1.4397590512057856,0.6482551594746717,47.12800000000001,1.9637926766967548,42.30166503428011,53.65565263088749,4.553224896551532,3.6615682839648875,235.74063184904048,-135.74063184904048,1.613772598341967,3.1343731725755886,4.2848664688427185,-64.00051942893373,0.3689179375453877,0.31931894179770987,0.12190908014663596,-0.22806702583551877,0.5259782619628286,0.8212851867279339,0.2524548799190266,4.98523898080915,2.1468009426106813,0.3779213193661512,-0.7095106278307913,False,False,False,False,False,False,False,False,False,False,False,False,False,False,False,False,False,False,False,False,False,False,False,False,False,False,False,False,False,False,False,False,False,False,False,False,False,False,True,True,False,False,False,False,False,False,False,False,False,False,False,False,False,False,5,True,0.3010424857696796,-0.4315779125471227,-0.22019226667809425,1.4364832008693809,-0.8853645500884452,-0.23776570304933517,0.4714173112608494,-0.23973148700648467,0,Upper-Mid,34.38731256874826,64.53296578943518,58.65358789657217,62.13732105484291,52.55817917296232,91.90297353480003,88.21350147147027,47.37734475053893,40.75897716681498
84.0,2443.7,25504040.0,2108.1,98.9,19.02,4481.3,702.7,296.1,DE000BEAU1Y4,360887,DOUGLAS AG,762.6,1424.4,793.5,386.3,2024.0,9.7,4561.0,3718.7,2550.0,2024-09-30,255040.0,-689.3,280.3,702.7,762.6,4451.0,316.4,937.1,DEU,1280.1,114.0,88.2,151.3,5990.0,84.1,0.0,4451.0,25.0,683.6,1245.1,8.620266440541807,11.014948859166012,8.67894855088744,15.787463491350259,1.887216355875084,15.787463491350259,45.097730847000676,13.456648204270735,0.8741224375175511,0.31704577365908443,0.06943274361134513,0.06943274361134513,-4.0010711177560125,2.764358772619984,3.152635719905586,17.017383348581884,82.98261665141811,1.3781662504459506,3.2806318485840325,53.64961060406578,0.9932385691651976,234.0168243953733,39.04385964912281,9.348461019995506,28.759829251853514,,3.0796471329552615,4.750853546961819,3.3992361267130984,0.47819216182048047,532.3,11.959110312289372,22.13282621416033,176.960911208905,5.876344086021505,1.8894630420130307,105.0,-5.0,8.722733823493488,-0.3358242149274826,4.224889035015611,12.015993265993252,38.17351598173517,2.7505162680335276,-0.386332071580355,-0.015487685059056356,0.2748948067127794,5.235584664334608,4.392062608346757,15.254502041818222,2.993392295349665,0.6899824917532128,0.9939962230801268,False,False,False,False,False,False,False,False,False,False,False,False,False,False,False,False,False,False,False,False,False,False,False,False,True,False,False,False,False,False,False,False,False,False,False,False,False,False,False,False,False,False,False,False,False,False,True,False,False,False,True,False,False,False,5,True,0.7007024187175971,-0.49876709267700864,-1.0473207845724102,0.6579980011371922,-0.5258377276378322,0.17071262646279173,0.5607467230356613,-0.2926403168047041,0,Upper-Mid,37.3006466614886,72.23690654958581,56.93430968902382,50.22285798159485,86.16035143631755,98.15229498207323,79.50124108628212,52.17225768510053,47.313978488119716
2007.0,10009.0,30301010.0,2642.0,3488.0,47.15,35267.0,3673.0,1647.0,DE0006048432,101942,HENKEL AG & CO KGAA,21732.0,9089.0,2568.0,3018.0,2024.0,473.0,3256.0,13445.0,3030.0,2024-12-31,303010.0,171.0,113.0,3673.0,21732.0,21586.0,655.0,7259.0,DEU,3802.0,4144.0,850.368,626.0,2840.0,634.0,599.0,21586.0,30.0,3120.0,11031.0,8.55757507017892,9.235229155162894,13.98128416566293,17.015658297044382,9.297692949133697,17.015658297044382,53.631983693134444,12.382046442930992,1.2136648696226207,0.9311255363626362,0.383760589723842,0.44966442953020136,5.506564210168146,0.12157187557518866,0.197358733664642,61.62134573397226,38.123458190376276,26.707964601769913,0.21807786550503674,12.161510760767856,0.6120736098902657,457.81548250265115,5.208976833976834,70.07134253682942,17.613267858797368,11.115345005149331,3.8975856697819315,21.64062721524371,2.90002779579357,0.9557251908396946,2494.0,11.553784860557768,20.064102564102566,103.37972166998013,1.6228142830848518,2.9370888538867783,42.37010463378177,57.62989536621823,0.3346657990145996,11.154185577407972,-1.2565445026178068,-5.780128447298827,2.960526315789469,-0.48889910488203714,0.0008631799503090962,-0.03402060392359553,-0.03899096897869586,2.383246050438567,0.0606688304581914,8.846797289250574,2.0605702008432156,0.4629066347167239,-0.49276762579012523,False,True,False,False,False,False,False,False,False,False,False,False,False,False,False,False,False,False,False,False,False,False,False,False,False,False,False,False,False,False,False,False,True,False,False,False,False,False,False,False,False,False,False,False,False,False,False,False,False,False,False,False,False,False,11,True,-1.4814929941507278,-0.15199500565715812,-0.3320741651878077,-0.1664342191813814,-0.10815503220460096,0.4333997095045428,0.40309904874531266,-0.139070385683316,0,Upper-Mid,42.05771025567089,64.50762399431483,79.06737958847138,52.07763601413116,77.74759537304557,94.84494646572708,90.04159325286881,50.20531181963935,46.594511808501274
6260.0,58576.0,25102010.0,0.0,13436.0,87.736,73447.0,6281.0,0.0,DE0006757008,101120,AUDI AG,33839.0,24380.0,7966.0,6281.0,2023.0,,336111.0,39608.0,2510.0,2023-12-31,251020.0,-4312.0,39.6845,6281.0,33839.0,69865.0,0.0,4148.0,DEU,0.0,5598.0,88.2,3251.0,3711.0,4024.0,0.0,69865.0,25.0,11135.0,38217.0,8.55174479556687,18.499364638434944,8.99019537679811,8.99019537679811,8.960137407858012,8.99019537679811,16.158305303084518,18.56142320990573,1.5675553732567677,1.2408121410992616,0.5511074651353568,0.5511074651353568,18.839435239015888,0.0,0.0,46.07267825779133,53.92732174220867,158.27338129496403,-2.1391498169081355,0.0,0.9512301387394992,796.3093826935351,12.480350125044659,29.245974379159808,0.0,5.049143600491436,7.353251318101933,25.915285852383352,4.653259858298147,,7884.0,11.28462033922565,29.196228109564437,177.28068778856868,2.1704837613404653,5.759679381664639,1.4089456869009584,98.59105431309904,13.136203909121825,3.7211207140032787,-0.2954679758170764,5.99623554719011,25.521235521235532,0.022936803339705384,-0.009798155603996897,-0.24190780815226462,0.8480422293589029,2.0839654010299893,0.034364537281490456,15.160591991504077,2.5819153264695776,0.0011104428507367288,-0.12089792981366534,True,True,False,False,False,False,False,False,False,False,False,False,False,False,False,False,False,False,False,True,False,False,False,False,False,False,False,False,False,False,False,False,True,False,False,False,False,False,False,False,False,False,False,False,False,False,False,False,False,False,False,False,False,False,10,True,-0.8437656304818484,-0.04745360658932271,0.6698544346962504,0.14837805435163137,-0.8435044254682719,0.0790018295464865,-0.05547942175954619,0.17137991246390374,0,Upper-Mid,54.968566845614596,63.20138506958368,80.61971424267142,79.33971149348622,81.17646266305732,98.37386476119016,94.00185226814621,47.962972018428154,54.73814430096979
478.224,2739.073,15101050.0,1648.716,709.492,12.956,8324.708,1005.062,897.068,DE000SYM9999,281772,SYMRISE AG,3981.18,1925.204,1283.31,709.061,2024.0,,325620.0,4305.061,1510.0,2024-12-31,151010.0,-281.876,79.893,1005.062,3981.18,4998.513,296.001,998.114,DEU,1749.839,1070.501,167.7,227.423,2844.0,275.649,0.0,4998.513,15.0,894.914,3106.288,8.517548002884906,12.012117010534565,14.185438749484097,20.107219887194454,9.567325322550927,20.107219887194454,45.20224314711195,12.594566578139277,1.6134851163824717,0.9469012115079753,0.3685282183082936,0.3685282183082936,14.187692829586334,0.4141274697451509,0.6394546340532203,47.82365940042581,51.71425832593767,8.875132990374626,1.8270435057737728,30.58106062098514,0.6004430425667783,385.80680765668416,4.669321186995622,78.16982070467758,35.007191138644636,4.232140135671975,2.134381404337222,21.3820472742107,4.549813114420228,0.7683183502758437,667.491,13.353791417567585,25.41283296495529,126.21114403415221,2.091015226641348,5.514620048002276,35.06724882063635,64.93275117936365,5.672629855859812,6.106533676845904,2.370417193426033,41.82653796221734,-8.617017856855835,-0.16395144603314366,-0.03824117939882956,-0.01516358334860434,0.06055689941465871,0.9746357666051831,0.15240703317274348,10.750094778099124,1.6883816613494942,0.311270883538305,-0.530394311251048,False,False,False,False,False,False,False,False,False,False,False,False,False,False,False,False,False,False,False,False,False,False,False,False,False,False,False,False,False,False,False,False,False,False,False,False,False,False,False,False,False,False,False,False,False,False,False,False,False,False,False,False,False,False,11,True,-1.144018368116947,-0.16909666875640253,-0.17759065716000816,-0.3791825324139321,-0.2109944066815563,0.2915894684917556,0.23429301006677083,0.03329896234171928,0,Upper-Mid,58.32547401021034,68.35652601655218,92.24299089895179,76.94325296998782,77.5984623782728,95.89855438732778,93.41658014905695,51.83038273277566,56.33558946113428
118.1,1359.5,20106020.0,37.5,369.3,12.398499999999999,2867.9,334.1,20.8,DE0006292030,101390,KSB SE & CO KGAA,1092.5,983.0,764.8,243.2,2024.0,1.3,3339.0,1532.5,2010.0,2024-12-31,201060.0,-88.8,20.5,334.1,1092.5,2967.4,90.9,1026.1,DEU,667.8,784.8,46.635,135.0,3560.0,69.0,0.0,2967.4,20.0,268.6,1938.0,8.480072526936084,10.810068649885583,8.195726898968795,11.259014625598168,3.9799150771719347,11.259014625598168,54.18548224034508,21.522123893805308,1.9715157680569684,1.1934893184130213,0.37568667344862666,0.37568667344862666,33.299626904703786,0.034324942791762014,0.05336384439359267,38.0940758045957,53.4363122842498,11.863414634146341,-0.9308590242442382,2.0328463335541684,1.0346943756755815,239.335403476227,3.7810907237512748,96.53299184471253,22.504549437217765,3.1072251308900523,1.7775889121338913,40.24198891174727,4.549437217766394,1.4851485148514851,133.60000000000002,4.5022578688414105,50.26061057334326,110.44407894736842,2.6250800915331807,2.3252679113028236,39.48772226926334,60.51227773073666,5.1916253655244216,7.419266998998819,-22.69297917446067,-23.149048279194417,26.806999746386005,0.4410495948978004,-0.02547266617184261,0.07613679636297159,0.2430585178199154,1.8354355116224006,0.09722052204035422,9.365737996443391,3.0125366934278937,0.635168979838396,-0.3195692048150439,False,False,False,False,False,False,False,False,False,False,False,False,False,False,False,False,False,False,False,False,False,False,False,False,False,False,False,False,False,False,False,False,False,False,False,False,False,False,False,False,False,False,False,False,False,False,False,False,False,False,False,False,False,False,11,True,-0.8209927026285546,-0.22360812586116147,0.8686455631867108,-0.28421484311023565,-0.1955374755728438,0.4598938156066592,0.8638141611501388,0.7306203171720279,0,Upper-Mid,43.68380789857335,67.90693584044773,49.75011339131438,91.31265176411875,82.36267733350971,95.52827396392401,97.42105923900081,52.3377735901571,52.540577103957226
91.0,669.586,45203010.0,463.899,85.573,4.071,1740.009,220.135,17.217,DE000A2NB601,218000,JENOPTIK AG,960.337,260.817,267.009,147.082,2024.0,,333310.0,772.813,4520.0,2024-12-31,452030.0,-62.385,22.468,220.135,960.337,1115.787,73.053,165.76,DEU,419.917,232.805,21.75,83.235,3827.0,99.441,0.676,1115.787,45.0,167.12,588.719,8.452944783618936,9.475840251911569,13.181906582528743,19.729123927774744,8.15567845834375,19.729123927774744,39.989800920785065,10.32708062427856,2.257210994682095,1.233470210914166,0.3280959446661835,0.3306878002584187,18.84484505539914,0.4830585513210467,0.500986632817438,55.19149613593952,44.414310500692814,6.546288054121417,1.7968201331001432,27.650201809300984,0.6412535797228636,274.0817980840089,4.792796546465927,76.15595539291996,37.634154188926736,3.402806326280413,2.50772820391822,18.297491564698802,7.459757104178485,1.1393782596197282,83.885,7.518011950309512,49.80552896122546,113.62369290599803,1.8118733319657578,8.912184852485286,23.9010989010989,76.0989010989011,4.665737377679058,4.3851745023132604,-11.806759098786824,-5.059136438232148,5.848466351289483,0.4407378857090055,0.03502205472110263,0.383648736051978,0.007218571883573462,1.6762282502380685,0.18782838723287446,9.604548022452757,2.5902597818907727,0.7604788523854166,0.32283116788596705,False,False,False,False,False,False,False,False,False,False,False,False,False,False,False,False,False,False,False,False,False,False,False,False,False,False,False,False,False,False,False,False,False,False,False,False,False,False,False,False,False,False,False,False,False,False,False,False,False,False,False,False,False,False,11,True,-1.3772327433063918,-0.08224700906665908,0.31328459567509775,-0.7465676036606201,-0.23062375157666884,0.4295185191593409,0.06600792978422204,0.022250676678180956,0,Upper-Mid,48.65047885835598,71.239955796935,69.81830724308769,62.64349058090377,80.63758432222302,95.75526127342093,91.38947839371517,52.37896775315008,52.06816940915323
445.0,3921.0,20106010.0,2210.0,2263.0,29.051,9614.0,1135.0,964.0,DE000KBX1006,328745,KNORR-BREMSE AKTIE,3045.0,3313.0,1216.0,809.0,2024.0,,336510.0,6487.0,2010.0,2024-12-31,201060.0,630.0,107.0,1135.0,3045.0,7996.0,326.0,2055.0,DEU,1665.0,1626.0,88.2,228.0,3743.0,73.0,0.0,7996.0,20.0,1042.0,5416.0,8.414811732889536,14.614121510673234,10.117558779389695,14.194597298649326,5.56528264132066,14.194597298649326,50.96298149074537,15.394862036156043,1.6347721098702084,1.2677331723513432,0.6830667069121642,0.6830667069121642,21.87434990638652,0.7257799671592775,1.0423645320197044,31.67256084876222,67.47451633035158,7.5607476635514015,0.8026431718061674,33.014354066985646,0.8317037653422092,275.24009500533543,4.9175891758917585,74.22336168084043,20.822911455727862,3.802187351402758,3.2245065789473686,40.45142500520075,2.851425712856428,0.6993865030674846,814.0,10.18009004502251,21.8809980806142,128.80098887515453,3.1573070607553366,0.9129564782391195,19.820224719101123,80.17977528089888,-0.5338035793898466,16.553648987544744,-1.4786176959338038,23.25135250946717,-10.289552274041814,-0.6583842840662589,0.08252887487373964,0.011364456353949167,-0.18171730814797565,2.4134139151679683,0.3867440733374963,10.838360723944248,4.264691832593389,0.818630594329998,0.23510027054584584,False,False,False,False,False,False,False,False,False,False,False,False,False,False,False,False,False,False,False,False,False,False,False,False,False,False,False,False,False,False,False,False,False,False,False,False,False,False,False,False,False,False,False,False,False,False,False,False,False,False,False,False,False,False,11,True,-0.5085792073320157,-0.26589734434767287,0.13922363607483,-0.14193375951153347,-0.2854972949670118,0.28593710063681427,0.7013193046729801,0.29140654902643365,0,Upper-Mid,59.54631318857484,70.03730439178726,72.98362811661218,82.33435611317898,94.29843018182561,96.51739358722865,98.44212988612082,51.83539478454991,60.204186292379134
281.6,4269.0,25203020.0,1366.4,368.2,19.599,7140.6,967.5,352.2,DE0006969603,102175,PUMA SE,2827.7,2870.9,2013.7,597.3,2024.0,,316210.0,4312.0,2520.0,2024-12-31,252030.0,-697.8,127.4,967.5,2827.7,8817.2,370.2,5.4,DEU,1882.5,1505.3,90.8,263.0,3021.0,92.0,0.0,8817.2,25.0,694.8,4305.2,8.364843290479792,9.95862361636666,6.774259402077757,10.972871206278636,3.1937576554915394,10.972871206278636,51.583269065009304,14.241434395937148,1.4995994287505658,0.7981817548503953,0.12825246438399107,0.12825246438399107,20.086547348962267,0.48321957774870045,0.6077731018141954,39.60031369912892,60.38708231801249,4.688383045525902,1.395762273901809,24.068005489734755,1.2347981962300087,449.8800959232614,5.857437055736399,62.31394320192351,21.350315292836726,6.147388970229382,2.119978149674728,26.237290983950928,2.9828063330762595,0.7104267963263101,431.79999999999995,4.897246291339654,37.852619458837076,116.3234555499749,2.5252325211302473,1.0434151431293381,32.24431818181818,67.75568181818181,2.5053187160677615,7.5326787542919105,4.9140838284888355,22.253680634201565,-12.450066577896134,0.391754667762913,0.0851279479341244,0.08907412823081952,0.46996621398637134,1.9389715021338014,0.31323871007127524,9.730274766826316,3.671225203856146,0.44903293123096777,-0.052961010477667735,False,False,False,False,False,False,False,False,False,False,False,False,False,False,False,False,False,False,False,False,False,False,False,False,False,False,False,False,False,False,False,False,False,False,False,False,False,False,False,False,False,False,False,False,False,False,False,False,False,False,False,False,False,False,11,True,-0.5505477066504961,-0.2915053070851534,0.5353244222385546,0.27767060571047125,-0.23928131837820332,0.4084147282947146,0.7972524199992737,0.5482013113733387,0,Upper-Mid,55.31877973261287,70.0681883075438,77.64503706453029,96.46656360227126,67.3870677304947,95.91612036811144,96.65956050680192,50.96402727521166,55.89586607435525
245.498,5027.075,45102010.0,568.761,716.202,13.952,4217.281,491.647,243.49,DE0005158703,238136,BECHTLE AG,1911.446,1608.168,377.231,351.327,2024.0,,541512.0,2302.211,4510.0,2024-12-31,451020.0,-145.969,23.124,491.647,1911.446,6305.762,140.32,839.448,DEU,476.89,1526.454,88.2,88.666,7370.0,5.928,73.087,6305.762,45.0,558.151,2638.103,8.330651905813248,12.843574968897892,5.57152331470804,7.7967896663400875,3.89323288763515,7.7967896663400875,20.278072657991213,14.165228950648071,1.64043992916163,1.4058680436372322,0.44535272434223294,0.49080009053780455,24.4217779180472,0.29755535861332205,0.42494059471206613,45.32413182806647,54.58993602750207,15.193175921120915,0.19536171277359565,19.260063533826653,1.4952197873463968,451.9611525229358,4.130987242327643,88.35660305606207,7.562765610246629,6.122485399564049,13.326251023908426,53.17777022683573,1.4061107920026161,0.6318842645381985,469.48499999999996,7.445333331641758,15.885665348624297,158.8693724080415,2.2063301814437866,0.09400925693040746,35.92697292849636,64.07302707150365,-1.8213557665315405,10.8880205532778,-2.5289925946625713,31.194931997216724,-12.366324695091823,0.17938117558220817,0.036557985066390936,0.03815598229389945,0.47202518168333363,0.7092724602242448,0.1630064865436234,13.234854400264057,3.544531465357436,0.7035909137046608,-0.335848058177192,False,False,False,False,False,False,False,False,False,False,False,False,False,False,False,False,False,False,False,False,False,False,False,False,False,False,False,False,False,False,False,False,False,False,False,False,False,False,False,False,False,False,False,False,False,False,False,False,False,False,False,False,False,False,11,True,-0.5847656710993459,-0.09745568522446069,1.2589579080141116,0.4981448677063614,-0.820193419072485,0.3008920460909182,0.19068687699825834,0.7245547752783662,0,Upper-Mid,40.63375794112666,66.61777101821563,67.34164608971352,82.17670941471805,51.224611339483076,98.65424182632387,94.26705368694913,50.83137911977027,45.47842002248806
347.4,1102.5,45102020.0,1375.9,2859.4,5.369,5854.9,583.6,133.9,DE0007472060,242158,WIRECARD AG,1922.7,2339.6,10.6,486.6,2018.0,113.0,518210.0,3932.2,4510.0,2018-12-31,451020.0,303.4,29.4,583.6,1922.7,2061.3,97.0,234.7,DEU,81.5,1055.4,24.713,23.5,7374.0,82.9,139.6,2061.3,45.0,749.6,3925.5,8.310987378093564,18.0683413949134,23.606461941493233,28.312230146024355,16.853442002619705,28.312230146024355,46.51433561344783,14.751712847874854,1.6778509146862712,1.6733202256796034,1.2221747307232007,1.2818430500940332,27.08671369280432,0.7156082592188069,0.7852499089821606,32.83916036140669,67.16083963859332,16.551020408163268,-2.312542837559972,25.78694768484518,0.3520640830757144,383.9262432482772,1.9530983513359863,186.8825498471838,3.953815553291612,1.299766693990794,104.00943396226415,66.86365266699688,1.1400572454276428,0.2422680412371134,726.1,35.22534323000048,3.135005336179295,154.0484997944924,3.0451448483902843,4.021733857274536,7.113701784686241,92.88629821531376,34.26399063610766,29.318008685106033,14.428815004262564,32.386939620907704,56.478891996271145,0.4879204244472153,0.17433069286363506,-2.233302976072102,6.82208304997171,1.220848560660378,0.2773352738296344,12.80295137406275,3.2125722627169773,0.3993138869511902,-0.36875584684393276,False,False,False,False,False,False,False,False,False,False,False,False,False,False,False,False,False,False,False,False,False,False,False,False,False,False,False,False,True,False,False,False,False,False,False,False,False,False,False,False,False,False,False,False,False,False,False,True,True,False,False,False,False,False,5,True,-1.1095179095519663,-0.1155579708479811,-0.265515445191491,-0.6371109062429141,-0.6181188956340322,0.344055638304969,0.316945561641481,0.1621921299480804,0,Upper-Mid,37.84556127262024,53.29554112761935,61.78863951324806,85.07956633085418,58.876094231003165,90.71070147883951,99.31374527821166,57.00120430206889,43.13670350230786
51.0,2245.0,50201020.0,1987.0,608.0,12.398499999999999,5608.0,641.0,263.0,DE000PSM7770,205865,PROSIEBENSAT.1 MEDIA SE,1318.0,1685.0,65.0,454.0,2024.0,6.0,515210.0,4139.0,5020.0,2024-12-31,502010.0,-72.0,81.0,641.0,1318.0,3918.0,187.0,1064.0,DEU,410.0,565.0,11.344,209.0,4841.0,84.1,0.0,3918.0,50.0,1203.0,1510.0,8.095577746077034,3.8694992412746583,11.587544665645739,16.360387953037264,1.3016845329249618,16.360387953037264,42.700357325165896,13.73676248108926,0.8961424332344213,0.857566765578635,0.3608308605341246,0.3608308605341246,-3.120542082738944,1.507587253414264,1.7071320182094083,23.502139800285306,73.8052781740371,5.604938271604938,2.561622464898596,40.121255349500714,0.698644793152639,316.0059684639271,6.934513274336283,52.635273098519654,10.464522715671261,,34.53846153846154,20.91654778887304,5.334354262378764,1.1176470588235294,994.0,25.370086778968865,17.373233582709894,264.9779735682819,4.254931714719271,2.1465033180193975,22.24313725490196,77.75686274509803,1.7133956386292892,-5.0135501355013545,107.3327759197324,-2.6444662095984284,-4.5662100456621,-1.8838439217292735,-0.1508001627890378,0.21779228615245366,-1.9649167767436926,6.828304803040811,0.8583932037399492,21.451497860199716,4.628110177557051,0.8372530217792904,0.8081290542589302,False,False,False,False,False,False,False,False,False,False,False,False,False,False,False,False,False,False,False,False,False,False,False,False,False,False,False,False,False,False,False,False,False,False,False,False,False,False,False,False,False,False,True,False,False,False,False,False,False,False,False,False,False,False,11,True,0.1221474010219523,-0.3031385305161968,-1.0067998398353362,0.5588945708849047,-0.42201562961542893,0.04329020522649269,0.3812595003128476,-0.5423885203198915,0,Upper-Mid,45.48407795269036,75.01271988557781,58.60806677079076,64.1124557501227,82.46465067460348,91.79678757773935,90.30597894809775,51.3740609252688,51.977118334394504
11209.0,67748.0,50101020.0,134361.0,8478.0,198.194,304934.0,46037.0,15391.0,DE0005557508,221616,DEUTSCHE TELEKOM,63296.0,35182.0,2451.0,24399.0,2024.0,,517111.0,206294.0,5010.0,2024-12-31,501010.0,-20282.0,6713.0,46037.0,63296.0,118397.0,21638.0,0.0,DEU,92727.0,22303.0,4400.0,11198.0,4813.0,21.0,6.0,118397.0,50.0,39874.0,37161.0,8.001403582414556,17.708859959555106,20.607785670245025,38.8835865773626,9.467300691740501,38.8835865773626,42.778955547860164,12.344111263451332,1.0562503552953215,0.9865840486612473,0.24097549883463135,0.24114604058893752,0.648992896823575,2.1227407735085944,2.3658998988877653,20.75727862422688,67.65201650193157,3.6345896022642634,3.0687056063601017,49.10964339824355,0.3882709045236018,597.3793353986498,5.30856835403309,68.75676748566264,78.31870739968073,59.826680141485596,27.64096287229702,10.094315491221051,9.458009915791784,0.5175154820223681,28676.0,24.22020828230445,28.083462908160705,163.4247305217427,4.817587209302325,0.017736935902092115,39.25417075564279,60.74582924435721,3.2312910341700807,5.039182928299546,-0.7302706709674811,14.740717029449414,-9.003738013976925,0.9083638954089496,0.09609006619788991,-0.022447142565844867,1.3659145704370923,3.561205423752282,0.641028743180756,13.076272242518053,1.4031013189131987,0.7156791433631443,-0.37895880169637797,True,True,False,False,False,False,False,False,False,False,False,False,False,False,False,False,False,False,False,False,False,False,False,False,False,False,False,True,False,False,False,False,True,False,False,False,False,False,False,False,False,False,False,False,False,False,False,False,False,False,False,False,False,False,11,True,-0.06715842123700512,-0.4219070828920802,-1.6626200542502616,-0.1836914585721382,-0.25509817161702264,-0.029694023563367415,-0.09006816822045384,-0.24442867071073227,0,Upper-Mid,35.91067106064318,60.041399632722104,67.02110605746948,57.654272821700104,57.815932518228486,94.1475969582316,86.39960498324614,55.512150322245,40.81036551070598
2777.0,6826.0,35202010.0,6997.0,3075.0,59.02,51567.0,5892.0,3273.0,DE0006599905,220301,MERCK KGAA,29912.0,11294.0,4484.0,4086.0,2024.0,,325412.0,21580.0,3520.0,2024-12-31,352020.0,-985.0,267.0,5892.0,29912.0,21156.0,1806.0,5895.0,DEU,10025.0,4900.0,284.0,1702.0,2834.0,2279.0,558.0,21156.0,35.0,4586.0,13450.0,7.923672115888068,9.2838994383525,19.313669880884856,27.850255246738513,13.126299867649841,27.850255246738513,67.73492153526186,11.070470616922702,1.190897821852311,0.7938728528422171,0.27226846112980346,0.3216752257836019,4.180968448814164,0.2339194971917625,0.3433404653650709,58.006089165551614,41.848468982100954,15.303370786516854,1.2211473183978276,19.915837648108287,0.41026237710163477,358.4547610979329,4.317551020408163,84.53866515409341,47.38608432595954,9.812615955473099,1.5223015165031222,15.465316966276882,8.044999054641709,0.9424141749723145,2884.0,13.632066553223671,37.112952464020935,112.23690651003426,1.7239569403583845,10.772357723577237,10.2268635217861,89.7731364782139,0.7764492926213507,6.334673677698732,-6.180453996312075,45.877592311583214,-5.810736026563368,0.48009625781099513,-0.04695215369896828,0.40790498000839015,-0.24171394464961865,2.6364905768608735,0.2329913084873707,8.893284464870945,1.5872687760401074,0.36475132640648655,0.2689354965133424,True,True,False,False,False,False,False,False,False,False,False,False,False,False,False,False,False,False,False,False,False,False,False,False,False,False,False,False,False,False,False,False,True,False,False,False,False,False,False,False,False,False,False,False,False,False,False,False,False,False,False,False,False,False,11,True,-1.556407876036423,-0.26183719596950544,-0.8824591221241489,-0.4217957776633258,0.2806818575276202,0.4595780373806029,0.41818133503398086,-0.1298467050011568,0,Upper-Mid,36.2097127920912,51.785662884110785,75.81797562155266,57.721374994524055,63.353938290268886,95.09185992311595,90.76019212075241,52.43181434758509,40.11624593665138
4531.0,59248.0,55103010.0,34100.0,7280.0,69.668,111361.0,12321.0,4964.0,DE000ENAG999,100590,E.ON SE,17841.0,29977.0,1243.0,8812.0,2024.0,,2211.0,87195.0,5510.0,2024-12-31,551030.0,1106.0,1975.0,12321.0,17841.0,81715.0,3509.0,7055.0,DEU,42320.0,11493.0,1437.0,6971.0,9997.0,333.0,1528.0,81715.0,55.0,5673.0,26054.0,7.913003654780399,25.396558488873943,10.783821819739337,15.078015052315976,5.544881600685309,15.078015052315976,27.494340084439823,16.96540305346451,0.8691330019681756,0.8276678787070088,0.24285285385462188,0.29382526603729525,-3.5227772739109744,1.9113278403676923,2.1895633652822153,16.020869065471754,78.29940463896696,4.461772151898734,2.579660741822904,35.078707985740074,0.7337847181688383,1172.920135499799,7.109979987818672,51.3362907666891,51.789757082542984,,47.66532582461786,16.85778683740268,8.530869485406596,1.9866058706184098,-1298.0,-1.5884476534296028,122.8803102414948,64.3781207444394,6.241858640210751,0.4075139203328642,31.714853233281836,68.28514676671816,-14.00231530204168,-1.8897679417828162,6.339006334427233,264.60674157303373,15.990016638935112,0.09306907973327724,0.5796916694177284,0.18289414595984638,-0.018829282884115207,3.5904213033591343,5.118408011569669,5.094243047386428,3.5495132304792825,0.007391161642140398,-0.5871554937245439,True,True,False,False,False,False,False,False,False,False,False,False,False,False,False,False,False,False,False,False,False,False,False,False,False,False,False,False,False,False,False,False,False,False,False,False,False,False,False,False,False,False,False,False,False,False,True,False,False,False,True,False,False,False,11,True,0.6148693115423921,-0.4322406515587847,-1.2033836437171406,0.37374921996905675,-0.6044668132506869,-0.35246022108074554,0.05396704483656488,-0.34967415912106514,0,Upper-Mid,37.98891552828078,74.03577988655712,57.685493000358704,51.497790181118944,84.04455916511844,92.26560112108663,77.24992061973518,49.99232706954131,47.7591850815034
276.919,2665.788,20106020.0,94.55,442.483,19.788,4749.469,513.295,42.073,DE0006335003,103269,KRONES AG,1921.706,2392.927,664.752,375.33,2024.0,2.973,333993.0,2827.932,2010.0,2024-12-31,201060.0,-114.995,10.421,513.295,1921.706,5352.733,137.965,1587.532,DEU,832.211,1910.958,82.142,120.727,3560.0,219.539,0.0,5352.733,20.0,452.17,3198.498,7.90256763440292,14.410060644031915,7.011932035466742,9.589400405363016,5.173413282523152,9.589400405363016,50.197628015445574,18.615195689436263,1.3366467092393541,1.0588480133326257,0.18491287030486095,0.18491287030486095,16.96128556687074,0.049201074461962445,0.07109464194835213,40.46149158990195,59.54206670261454,36.01669705402553,-0.5958756660399965,2.87659525728034,1.1270171465483827,270.50399231857693,2.8010730743428165,130.307203815322,15.547403541331128,6.644644606124104,4.01019929236768,49.55166567041495,2.2554272742541053,0.8750552676403436,331.443,6.192033116540652,26.699471437733596,120.47265073402073,2.47148575276343,4.101437527334166,29.662825591598992,70.33717440840101,12.32308441606813,6.083389973306419,6.887052341597788,1528.9526711554522,2.9435088467277826,-0.12255632355370764,0.00998748349980334,0.022541713268301386,0.21021302451786922,1.9361907124627618,0.04549506508788372,9.520432705213993,3.7945051787778494,0.044072518531728284,0.8244201419566822,False,False,False,False,False,False,False,False,False,False,False,False,False,False,False,False,False,False,False,False,False,False,False,False,False,False,False,False,False,False,False,False,False,False,False,False,False,False,False,False,False,False,False,True,False,False,False,False,False,False,False,False,False,False,11,True,-0.5927712109740216,-0.20927158411841776,0.3964796122313816,0.3434730088300414,-0.19466110564984912,0.2641803854497657,0.7490173094507859,0.3898398322411781,0,Upper-Mid,62.54563971110699,73.78208640438972,84.94123524078911,90.25318783690274,74.37301979251527,96.20897556519454,96.2521220848635,51.11464874372774,59.9559449178883
243.913,886.577,20304040.0,2757.739,163.577,7.864,6550.656,737.268,327.736,DE0007231326,103533,SIXT SE,2128.658,1595.496,175.534,514.314,2024.0,0.003,5321.0,4421.998,2030.0,2024-12-31,203040.0,-832.872,154.362,737.268,2128.658,4002.172,222.954,983.991,DEU,1124.128,693.228,127.078,89.925,7510.0,10.105,0.0,4002.172,20.0,1079.847,5240.0,7.851335805146843,11.458533968350013,12.85087197651675,18.421697018518945,6.094515677986853,18.421697018518945,77.84760375116312,10.525423947337885,3.2842451500975245,3.1742266981553073,0.10252423070944709,0.10252423070944709,55.63571037770873,1.2955293898785056,1.4494930608862486,32.495340924634114,67.50465907536588,3.3318692424301317,3.9631423037484335,47.10177118139008,0.6109574369345605,508.92319430315365,5.773240550006636,63.222725060292255,28.08794824410345,1.0981390060211211,5.050742306333816,13.07968240127401,2.246904930622672,0.40333432008396347,989.922,24.734619101827708,8.327568627777824,209.9587022713751,3.077364236058587,0.25248789907080454,52.09972408194725,47.90027591805275,10.54169455178815,1.5664001758860957,-9.97137950772753,-754.143566090226,46.78756814991347,0.591288928605766,-0.07683017051151256,-0.1037442110480408,2.9388099158284624,5.450365938236021,0.3931101754976629,16.48456276745413,8.727931700986776,0.12946156599137126,0.31510746201486417,False,False,False,False,False,False,False,False,False,False,False,True,False,False,False,False,False,False,False,False,False,False,False,False,False,False,False,False,False,False,False,False,False,False,False,False,False,False,False,False,False,False,False,True,False,False,False,False,True,False,False,False,False,False,11,True,-1.0553367325456817,-0.14288764255025882,1.2343203011533437,-1.6757165673875176,0.16582714340355703,1.0527597727239382,1.155009378806004,0.8796861125462432,0,Upper-Mid,17.936465363550383,50.16304922905274,21.41952492505513,81.92524495054005,78.52674836720998,93.73741167445817,99.06258055933584,59.29959213383253,37.178732741366204
1745.7,7667.1,15102010.0,6713.2,3233.0,50.692,37301.7,4170.2,1605.2,DE0006047004,100373,HEIDELBERG MATERIALS AG,18795.6,7258.7,2857.3,2864.9,2024.0,,327310.0,17326.8,1510.0,2024-12-31,151020.0,-1450.1,272.2,4170.2,18795.6,21201.9,1305.3,3621.3,DEU,13372.7,2674.3,546.2,1323.1,3241.0,182.8,12.9,21201.9,15.0,3231.7,9201.2,7.680347008313294,9.287812041116007,13.512468222187636,19.668991929968538,8.233696036675958,19.668991929968538,63.83767492536047,11.23102615567961,1.2676099025996392,0.8739719233471559,0.4453965586124237,0.44717373634397345,5.2075374580783205,0.3571686990572262,0.44257166570899575,50.38805201907688,46.45042987316932,10.524981631153564,1.2194618963119275,22.300324113914378,0.5683896444397978,418.24942791762015,7.928018546909471,46.03924648262656,63.073120805210856,10.91474903474903,2.683337416442096,15.836543642783038,6.240478447686291,1.0136367118670038,1908.6,9.002023403562887,40.94130024445338,112.8032392055569,1.9845974589797613,0.8621868794777826,31.28830841496248,68.71169158503753,-0.02122000905386834,5.159635200090196,-0.5980743965331325,-1.272501551831151,4.025473700762627,0.19303997330217662,-0.01748493157396788,-0.06011296676448384,0.4297125882430861,1.3860037580955615,0.12919145131074974,8.663680207604479,1.6178022369055896,0.2133822877909015,-0.14491067451900302,False,True,False,False,False,False,False,False,False,False,False,False,False,False,False,False,False,False,False,False,False,False,False,False,False,False,False,False,False,False,False,False,True,False,False,False,False,False,False,False,False,False,False,False,False,False,False,False,False,False,False,False,False,False,11,True,-1.0970568419414075,-0.2900466450410538,-0.7010432003609217,-0.29131607416003413,0.37678669861222397,0.2910389669751354,0.45286905486978024,-0.014609390982138414,0,Upper-Mid,47.940909640469506,60.91201835420465,78.99751325537387,71.55563031143285,70.79137290737386,95.63584227712424,92.63853469801819,51.175228231687356,49.1330364942781
3332.0,70933.0,20301010.0,18764.0,4235.0,482.638,69875.0,9947.0,5387.0,DE0005552004,241456,DEUTSCHE POST AG,23793.0,21171.0,1146.0,5322.0,2024.0,,492110.0,45665.0,2030.0,2024-12-31,203010.0,-6347.0,1034.0,9947.0,23793.0,84186.0,4625.0,372.0,DEU,30769.0,12949.0,2132.0,2936.0,4210.0,92.0,616.0,84186.0,20.0,8722.0,20147.0,7.6164579606440075,14.004118858487791,6.321716199843204,11.815503765471695,3.957902739172784,11.815503765471695,15.742522509680946,12.50558075052283,0.951631949364697,0.8975012989466723,0.20003778753955884,0.2291341929998583,-1.465474060822898,0.7886353129071576,1.0150464422309082,34.05080500894454,65.35241502683363,5.147001934235977,2.0022117221272744,34.56314847942755,1.204808586762075,174.42886801287924,6.501351455710866,56.14217328296866,36.54883234742118,,61.896160558464224,24.592486583184257,3.487515738958972,0.6348108108108108,5786.0,6.872876725346257,33.662004127493695,163.8857572341225,2.936788130962888,0.10928182833250183,63.985594237695075,36.014405762304925,2.9697399642848454,4.58137516089443,-18.801943485487783,-1.5484090522375316,-13.16178645371192,0.40330400428408303,0.06452802795712036,0.07618462731549844,0.6939544352493967,1.8189449759321399,0.3326216133116856,12.482289803220036,3.202911638225857,0.5407775201877482,0.18620537105265988,True,True,False,False,False,False,False,False,False,False,False,False,False,False,False,False,False,False,False,False,False,False,False,False,False,False,False,False,False,False,False,False,True,False,False,False,False,False,False,False,False,False,False,False,False,False,False,False,False,False,False,False,False,False,11,True,0.054199244431302036,-0.22487552943997113,-0.18436147619725765,0.9112737296141113,-0.6062265229428057,-0.2532642234995427,-0.16498123372351456,-0.06516590438806434,0,Upper-Mid,47.703870192480814,66.11585574713935,62.02138156365513,87.85878851071371,69.57566397835596,99.01804256198945,99.83714925104744,48.32490509287477,51.526947674244965
536.2,12210.9,20107010.0,2565.6,770.5,18.122,11668.0,1302.5,946.3,DE000A1DAHH0,269835,BRENNTAG SE,4726.7,3478.2,1518.4,883.6,2024.0,,4246.0,6906.0,2010.0,2024-12-31,201070.0,23.0,148.6,1302.5,4726.7,16237.4,418.9,1519.7,DEU,2135.6,2610.5,303.209,342.2,5160.0,84.1,7.2,16237.4,20.0,906.6,5088.9,7.572848817278026,11.344066685002224,5.441757916907879,8.021604444061243,3.302252823727937,8.021604444061243,24.797689285230394,12.11689041866078,1.4630843539761946,1.0265367143925017,0.2215226266459663,0.2235926628716003,13.80442235173123,0.5427888378784352,0.7429919394080436,40.50994172094617,59.18752142612272,5.946164199192463,2.1047216890595006,30.09856016455262,1.3916181007884814,896.0048559761616,6.220034476153994,58.6813467673396,13.15235197753335,10.080958589433166,8.04195205479452,28.97668837847103,2.1074802616182393,0.8169014084507042,564.4000000000001,3.4759259487356355,37.74542245753364,102.60298777727479,2.468529841115366,0.517940064296008,56.54774337933607,43.45225662066393,-3.4356025239219434,12.86734121379791,2.332147495623693,-57.968424188263334,6.5711616318903765,0.029577388059669456,-0.017586809929596364,0.07960830878247982,0.20501301825634885,0.577573490321878,0.08905949424554,7.769969146383271,3.933069490187494,0.02884681176873489,0.20239835109554938,False,False,False,False,False,False,False,False,False,False,False,False,False,False,False,False,False,False,False,False,False,False,False,False,False,False,False,False,False,False,False,False,False,False,False,False,False,False,False,False,False,False,False,False,False,False,False,False,False,False,False,False,False,False,11,True,-0.30181319212416774,-0.17185079089917366,0.7269313715636537,0.6159532494701737,-0.6405835204402066,0.07918607540985563,0.22798883112508,0.3498333774066781,0,Upper-Mid,52.43539261153288,73.63632482983719,94.79513825279679,94.55868326337524,57.15067850610733,94.98444650125664,96.22976407960294,48.89287534745063,53.729892112834214
2385.5,14028.7,20303010.0,5086.7,7512.7,14.608,33617.1,4596.3,1521.6,DE000HLAG475,100431,HAPAG-LLOYD AG,20653.8,7162.0,630.6,2524.6,2024.0,233.6,483111.0,12893.9,2030.0,2024-12-31,203030.0,-3083.0,335.7,4596.3,20653.8,19111.8,2071.7,19.5,DEU,16425.6,2599.0,1441.2,2166.4,4412.0,115.2,2032.1,19111.8,20.0,4364.9,11025.8,7.509868489548474,11.54993270003583,13.209640117623668,24.04954007471824,12.481817515880241,24.04954007471824,26.59665756234368,9.807890289621414,1.539486177045518,1.451438145769338,1.0489667690589222,1.3327003630270873,11.493555363193135,0.2462839767984584,0.3199556498077835,61.43837511266588,38.35518233280087,7.5204051236222815,-0.19676696473250235,19.657555232307367,0.568514238289442,1308.3105147864183,7.353520584840323,49.63608869912829,85.94480896618842,4.946374035923185,22.246590548683795,30.079037156685146,11.335405351667557,1.045711251629097,2198.4999999999995,11.503364413608343,49.63229398153452,172.894715994613,1.6276472126194694,0.6027689699557341,60.41500733598827,39.58499266401173,6.59416046180874,15.87148943210488,-10.35286897821418,-32.5902986447538,27.091399741874934,3.2416051113864066,-0.07634187191093861,0.36406750216448686,3.3951929134376515,17.218849594851257,0.32090091521625863,12.984165796573768,15.308691714569363,0.3898563721220257,0.32417693341940584,True,False,False,False,False,False,False,False,False,False,False,False,False,False,False,False,False,False,False,False,False,False,False,False,False,False,False,False,False,False,False,False,True,False,False,False,False,False,False,False,False,False,False,False,False,False,False,False,True,True,False,True,False,False,11,True,-1.3399927795958488,-0.030286298981038788,-0.1372964676288965,-0.5879148069831401,-0.032625946314317984,0.11798508765302437,-0.5626257869209619,0.24157556555800272,0,Upper-Mid,42.7870198515877,72.7618106589191,97.13916183591957,52.44793571519444,64.59248255515956,98.26477074551903,90.07580047858308,51.863468814270504,46.60083602721228
68.3,237.6,50201040.0,1873.2,300.1,9.136,5388.6,684.5,20.6,DE000SPG1003,327148,SPRINGER NATURE AG,1810.7,819.4,35.6,404.4,2024.0,,511130.0,3574.6,5020.0,2024-12-31,502010.0,-369.1,156.4,684.5,1810.7,1847.1,280.1,671.9,DEU,186.5,461.7,25.9,11.0,2731.0,84.1,0.0,1847.1,50.0,531.2,852.9,7.504732212448502,3.7720218699950294,21.893779438038006,37.058091061664236,3.697688268095934,37.058091061664236,87.13659249634563,10.977496674719726,1.040883573346351,0.9974371491335123,0.3662435928728338,0.3662435928728338,0.6216828118620792,1.034517037609764,1.0458938532059423,33.60241992354229,66.33633968006532,2.5856777493606136,2.3282688093498902,35.14456445087777,0.3427792005344616,202.17819614711033,4.000649772579597,91.23517947052136,10.096908667641168,55.13731343283582,6.674157303370786,14.137252718702445,0.5955281251691842,0.03927168868261335,520.2,28.16306642845542,2.0707831325301203,131.35509396636996,2.975976141823604,4.553083211520762,37.920937042459734,62.079062957540266,-0.31840259039396246,-0.41765227675930605,-0.10933741526352181,8.533277696640962,-12.698412698412698,0.8104904438494789,-26.07405839138555,-0.05004242365600309,0.2953670217378043,3.477855100505245,340.8222605351467,9.857848049586163,1.8199733616180795,0.7392075753636814,-0.12390943393823423,False,False,False,False,False,False,False,False,False,False,False,False,False,False,False,False,False,False,False,False,False,False,False,False,False,False,False,True,False,False,False,False,False,False,False,False,False,False,False,False,False,False,False,False,False,False,True,False,False,False,True,False,False,False,9,True,-0.8441179966735581,-0.4212461452208991,-1.4439783660626466,-0.09540387122861489,0.25562409075604425,0.4539771516670818,1.0689152368632484,-0.513831398970743,0,Upper-Mid,31.272846821232047,39.11683207587766,66.8109795733718,85.80101362095296,59.03032044257994,92.39496853237216,99.85509975342725,53.70765713316753,37.76715457215064
212.764,2561.735,50102010.0,392.741,8.3,3.281,8130.073,872.141,20.218,DE0005545503,326410,1&1 AG,6093.97,730.556,119.568,590.688,2024.0,,517.0,2036.103,5010.0,2024-12-31,501020.0,-129.677,20.477,872.141,6093.97,4064.254,281.453,545.326,DEU,801.586,1382.958,8.8,290.956,4813.0,84.1,4.161,4064.254,50.0,311.418,1844.042,7.265469818044684,3.491385746894061,14.53373731070942,21.458821225248226,5.235007457703185,21.458821225248226,36.96912151651939,9.106124814254866,2.5241624187605054,2.360495293995258,0.011361209818275396,0.01705687175247346,13.695891783505509,0.06444747840898461,0.06776518427232166,74.95590752998159,25.044092470018413,28.84641304878644,0.4639834613898441,5.079400886068305,0.4999037524017312,1238.7241694605302,2.938812313895288,124.19983347497475,19.722832283612195,3.6500270322213306,21.4249213836478,17.112490871853183,7.158902962265647,1.0337640742859378,20.46199999999999,0.503462628073934,93.42940998914642,52.72123354461239,1.3341176605726643,2.06926043500234,4.1360380515500745,95.86396194844993,-0.7920275363029972,5.035550274110623,-1.1746987951807175,-129.17100292251763,-1.6133122778778985,0.17617649291895807,0.1694473200119703,0.9389856741287159,-1.3252129635961196,2.677655973876076,0.8203732220725649,3.830445310884662,2.8639220354942614,0.032467408723126624,-0.014924651183731628,False,False,False,False,False,False,False,False,False,False,False,False,False,False,False,False,False,False,False,False,False,False,False,False,False,False,False,False,False,False,False,False,False,False,False,False,False,False,False,False,False,False,False,False,False,False,False,False,False,False,False,False,False,False,9,True,-1.9388369048571839,0.12486204773202965,0.5187011188421988,-1.0508905413923668,-0.1784744874791849,0.4786386608279802,-0.16788978206681668,-0.3528192795536822,0,Upper-Mid,30.136787288303275,75.58060532209774,67.56114809165362,35.83582395564176,69.76263812454381,91.75733850291576,88.0216043601648,51.59765508315596,41.2188140939866
252.767,3776.884,20106015.0,717.038,1323.153,11.905,4983.088,473.446,105.235,,210332,CLAAS KG,2260.313,1623.759,1376.085,359.398,2024.0,,3312.0,2716.064,2010.0,2024-09-30,201060.0,-142.791,59.251,473.446,2260.313,4997.427,114.048,542.325,DEU,755.414,545.587,88.2,142.634,3310.0,300.07,609.855,4997.427,20.0,424.686,3509.758,7.212355069788052,11.182831758256489,7.19166082866243,9.473795215017649,5.057942817373821,9.473795215017649,24.42342829620122,12.071065856864038,2.161501799220204,1.314033055397999,0.8148703101876572,1.190452524050675,37.84799706527358,0.3172295164430767,0.36378722769811084,45.35968459718151,54.50563987631766,6.065686655077552,-1.057945362301086,16.50127390886936,1.0028775329675093,419.77547249055016,9.159725213394013,39.84835696449393,15.116058723819279,2.649750609623865,2.7446589418531557,37.50164556596231,2.854148744944148,1.2506488496071828,282.052,5.643944373774746,33.58575512260823,118.16593303245982,2.2046008672250257,6.004489910507948,34.89379547171902,65.10620452828098,-18.6687387521983,-3.312746018924606,-3.98032020002419,85.19379386872052,4.145096636170464,0.23266940049949655,-0.024025591652146554,-0.011950839729509433,0.4422914798358045,1.5606331645909395,0.09934033432402803,8.52254666182897,4.332754157635812,0.24449476424472993,-0.07960969337146147,False,False,False,False,False,False,False,False,False,False,False,False,False,False,False,False,False,False,False,False,False,False,False,False,False,False,False,False,False,False,False,False,False,False,False,False,False,False,False,False,False,False,False,False,False,False,False,False,False,False,False,False,False,False,11,True,-0.8479448038507966,0.020360097804915985,1.4387083900385584,-0.5065453451566875,-0.6034085693256691,0.2293029438885373,0.14206563436801792,0.7911696038371926,0,Upper-Mid,39.02819486673816,76.16860762150529,42.435142781689436,82.15772593488279,83.47237330049498,96.05472386163069,94.25424259729914,50.17643143497724,51.58162805955885
53.323,783.756,20106010.0,527.164,165.524,3.674,1589.227,191.585,6.386,DE000RENK730,358690,RENK GROUP AG,440.914,478.633,391.239,114.552,2024.0,,336992.0,1142.56,2010.0,2024-12-31,201060.0,-88.973,41.779,191.585,440.914,1140.504,77.033,158.711,DEU,298.561,301.796,42.0,30.883,3790.0,28.985,1.218,1140.504,20.0,168.63,871.984,7.208032584394804,12.093741636691057,10.043980555964731,16.798275148530827,4.675389126210868,16.798275148530827,31.279855221901894,11.83293081755809,1.8218217298013302,1.0044125666220258,0.345826551867506,0.3483712990955492,24.75108968070641,1.195616378704237,1.210099928784298,27.743928337487343,71.89407177199983,2.741855956341703,1.9209541456794632,33.5729257053901,0.7176470070040339,310.42569406641263,3.7790560511073705,96.58496594488051,26.17798797724515,2.8994562108651047,2.003266545513101,29.405490845549437,2.7078379383149906,0.4009061051757039,137.74699999999999,12.077730547196678,18.31406036885489,147.2082547663943,3.604392239756506,2.5414202843655085,78.76526076927405,21.23473923072595,23.231118314424613,7.921267435385526,12.907191149354635,186.31677405944708,10.099821746880554,1.7279547518703875,-0.2873390024284759,-0.6892361893888411,0.4808650000345789,2.7494610030633466,0.4455832759485087,10.610818970480617,2.752971813336129,0.9216083237639261,,False,False,False,False,False,False,False,False,False,False,False,False,False,False,False,False,False,False,False,False,False,False,False,False,False,False,False,False,False,False,False,False,False,False,False,False,False,False,False,False,False,False,False,False,False,False,False,False,False,False,False,False,False,False,3,True,-0.23409852105733547,-0.10665140450044593,0.28719109091448675,-0.3721425897138349,-0.5059158664805372,0.025488424864345594,0.18631407826420932,0.2589777067477328,0,Upper-Mid,55.79797229365473,81.62349721439112,65.64606751061463,72.86444630976322,87.30990580656393,97.21859489731564,95.04317561505178,52.501049329659075,59.02681886230102
2804.0,33615.0,20106010.0,16011.0,2588.0,105.541,65547.0,6961.0,8517.0,DE000TRAT0N7,332311,TRATON SE,17838.0,23260.0,7532.0,4520.0,2024.0,33.0,336120.0,47703.0,2010.0,2024-12-31,201060.0,1392.0,878.0,6961.0,17838.0,47473.0,2441.0,5233.0,DEU,12934.0,11859.0,850.0,1763.0,3713.0,2022.0,46.0,47473.0,20.0,2340.0,22804.0,6.895815216562161,15.719251037111784,9.521201525077412,14.663071640722094,5.906515282371032,14.663071640722094,29.191329808522738,13.353422553103488,0.9803955288048152,0.6565778159931213,0.1112639724849527,0.11324161650902838,-0.6956840129983066,0.8975782038345106,1.3750420450723175,27.214060140052176,72.7767861229347,5.148063781321184,3.1518459991380547,37.42047690969839,0.7242589287076449,449.8062364389195,4.003119993254068,91.17888062688266,27.244960293219307,,4.4629580456718,22.040673104795033,3.7136898868830706,0.7222449815649324,577.0,1.2154277168074485,75.34188034188034,51.76991150442478,3.674571140262361,4.259263160112064,30.313837375178316,69.68616262482169,1.2822153951186133,6.23672993079305,1.8529062641742478,-45.61734213006597,15.834428383705657,0.33803306441861164,0.09947383621153878,-0.09839830422023664,0.23541133556566574,2.3855782735217828,0.3122638010993772,3.5699574351228893,1.783993709808947,0.15058866623312134,-0.7725188022961524,True,True,False,False,False,False,False,False,False,False,False,False,False,False,False,False,False,False,False,False,False,False,False,False,False,False,False,False,False,False,False,False,False,False,False,False,False,False,False,False,False,False,False,False,False,False,False,False,False,False,False,False,False,False,9,True,0.06107154986705795,-0.23607837393853678,-0.6847623581626762,0.3889426997556867,-0.4392579666092945,-0.418880892956138,0.11117830487428053,-0.37395957862888013,0,Upper-Mid,54.33799684526556,82.24778464694944,63.705207858218834,72.48368721829364,87.99016570951224,91.74693325771672,94.52040387682882,47.811146004955994,58.631649245752314
53.709,767.578,20105010.0,541.08,143.815,8.054,1806.829,213.03,145.965,DE0006200108,213037,INDUS HOLDING AG,697.543,465.027,410.533,123.601,2024.0,0.807,999977.0,1106.831,2010.0,2024-12-31,201050.0,-199.879,26.385,213.03,697.543,1725.8,89.429,550.848,DEU,412.753,194.914,29.876,40.336,9997.0,27.083,-1.336,1725.8,20.0,143.682,769.927,6.840769104325867,7.69974037442853,7.161953876463089,12.343840537721636,3.112121914474447,12.343840537721636,55.52335148916444,9.978903992578855,1.6556608541009448,0.7728454476836829,0.30926161276657055,0.3063886613035372,16.874867516516506,0.7756941149147795,0.9849500317543148,38.60592230919473,61.258204290500096,4.684517718400606,2.550016429610853,38.02490440434596,0.955154029518012,214.27861931959274,8.854161322429379,41.22355429366091,23.916618379881793,5.660216464414561,1.8697108393235133,18.74715316169931,2.337234905551049,0.45103937201578903,103.34599999999999,5.9882952833468535,28.073105886610712,116.24663230880007,2.5902761550184,1.569301193649322,55.625686570221,44.374313429779,-4.536216828575634,-6.322507123688814,-9.332432736688045,-27.187797231126932,-21.11552226546458,-0.18783225252815888,0.025292141125802147,-0.23600162073330763,0.2214322219578484,1.517655708490393,0.11455042302212119,7.952163707799686,2.3335390568434997,0.1684947986518433,0.11986691628839116,False,False,False,False,False,False,False,False,False,False,False,False,False,False,False,False,False,False,False,False,False,False,False,False,False,False,False,False,False,False,False,False,False,False,False,False,False,False,False,False,False,False,False,False,False,False,False,False,False,False,False,False,False,False,11,True,-0.461659847294808,-0.21962552479200986,0.2976220342913352,-0.0515633547323664,0.01889706067580719,0.27364861603698143,0.7193613894010675,0.22167134687649598,0,Upper-Mid,69.15926263743795,73.72176063988458,84.9130093661974,97.66738767698622,89.15455659831584,95.9370918033436,97.15494438447016,50.324677559153585,65.5479794403981
-140.555,1003.599,25401010.0,451.004,179.047,13.069,1720.885,159.909,32.191,DE0005875306,231081,GFK SE,522.579,516.885,0.0,117.575,2016.0,,5418.0,1182.716,2540.0,2016-12-31,254010.0,-32.096,14.129,159.909,522.579,1483.814,42.334,288.739,DEU,92.489,450.346,88.2,17.913,7310.0,21.287,5.357,1483.814,25.0,146.203,655.424,6.832240387939927,-26.89641183438294,7.923836815126424,10.776889825813745,-9.47254844609904,10.776889825813745,32.36355769658461,12.076525576145023,1.2680267370885205,1.2680267370885205,0.3463962003153506,0.3567602077831626,8.050450785496995,0.8630350626412467,0.9246353182963726,30.36687518340853,68.7271955999384,8.321537263783707,1.9020067663483609,28.07828530087717,0.8622389061442224,113.53691942765322,3.29483108543209,110.77957884209206,6.233193648260496,10.710442546864062,,36.573797784279606,1.2072267817934053,0.42313506873907497,128.29,8.645962364555125,12.252142568893936,124.3487135870721,3.293061910256631,1.4346137723461294,,,-3.8623166902721495,-6.590454002901803,-3.084909158324056,-11.261594648995999,-32.052497818912876,-1.6594393656980002,0.1378205823171777,-0.6735361896385356,-1.1768285116979618,1.842533514258373,0.156250906889541,8.495803031579682,1.3594207806928698,0.8111328393416563,,False,False,False,False,False,False,False,False,False,False,False,False,False,False,False,False,False,False,False,False,False,False,False,False,False,False,False,False,False,False,False,False,False,False,False,False,False,False,False,False,False,False,False,False,False,False,False,False,False,False,False,False,False,False,3,True,-0.06777622770048759,-0.13511236943628396,-0.07487385746626732,0.33830466030871154,-0.4775064236969158,-0.14945194463260641,0.2940101617991259,-0.17230488104939848,0,Upper-Mid,70.31046515122986,85.91936357227632,85.7344131173571,79.18649653042428,86.55576843442837,96.38204447560462,97.39740164257293,49.51350609969312,66.2100736931539
178.0,4366.2,20201070.0,317.3,533.5,31.478,3463.5,356.5,59.3,DE0005909006,100102,BILFINGER SE,1300.9,1520.7,115.1,235.7,2024.0,6.6,237.0,2152.2,2020.0,2024-12-31,202010.0,-427.7,45.3,356.5,1300.9,5037.5,120.8,315.2,DEU,470.8,1364.8,90.047,63.2,1600.0,3.2,68.5,5037.5,20.0,241.1,2063.8,6.805254800057744,13.682834960412022,4.678908188585608,7.076923076923077,3.5334987593052114,7.076923076923077,13.326054590570724,14.565566679026077,1.3571381600578682,1.281449332544223,0.3508252778325771,0.39587032287762214,15.680669842644729,0.24390806364824352,0.2894918902298409,37.56027140176123,62.13945430922476,5.2030905077262695,-0.4401122019635343,10.873393965641693,1.4544535874115778,160.0324035834551,3.691016998827667,98.88873449131513,9.34590570719603,9.275455717179154,37.933970460469155,54.808719503392524,1.254590570719603,0.5231788079470199,177.89999999999998,3.53151364764268,26.213189547905436,102.29104794229953,2.6623875778307324,0.06352357320099256,50.588202247191006,49.411797752808994,12.303816657749223,3.1601834753082647,9.870855148342073,106.38051044083521,7.849829351535842,0.4126368727273162,0.009106160209616649,-0.026355588803332795,0.7366047146325976,1.9064345649928285,0.08471787085539423,6.9611664501227075,4.226694402859491,0.5153294296066727,-0.7245276623620271,False,False,False,False,False,False,False,False,False,False,False,False,False,False,False,False,False,False,False,False,False,False,False,False,False,False,False,False,False,False,False,False,False,False,False,False,False,False,False,False,False,False,False,False,False,False,False,False,False,False,False,False,False,False,11,True,-0.12588962879617424,-0.08658158725880986,0.9228667657590143,0.7692625002099751,-0.7908373272589755,-0.14522050815433998,0.035923281295009386,0.44047152250723065,0,Upper-Mid,46.103470372832774,65.057579091434,88.47744116059324,93.76634324766644,53.45167102660603,94.96830910087729,97.70712601656409,48.583321043204606,48.84728894617746
633.0,5813.0,20101010.0,2112.0,2605.0,12.892,12484.0,1178.0,722.0,DE000A0D9PT0,273099,MTU AERO ENGINES AG,3363.0,6049.0,1753.0,832.0,2024.0,,336412.0,9047.0,2010.0,2024-12-31,201010.0,736.0,66.0,1178.0,3363.0,7411.0,346.0,293.0,DEU,1537.0,3079.0,118.0,459.0,3724.0,339.0,858.0,7411.0,20.0,714.0,7519.0,6.664530599166933,18.822479928635147,11.226555120766427,15.895290783969775,8.541357441640804,15.895290783969775,21.56254216704898,15.19634703196347,1.2430153744420565,0.9532154075053728,0.4306496941643247,0.5724913208794842,11.775072092278116,0.6280107047279215,0.8426999702646447,26.93848125600769,72.4687600128164,12.606060606060606,0.19439728353140917,22.701057353412367,0.593639859019545,574.8526217809494,2.4069503085417345,151.64417757387665,20.739441370935097,5.041496598639456,3.316029663434113,45.53027875680872,6.193496154365133,1.3265895953757225,255.0,3.440831196869518,64.28571428571429,85.8173076923077,3.712161760333036,4.574281473485359,18.64139020537125,81.35860979462875,38.18758157747531,22.344178753430022,5.9326211996713285,-42.69662921348315,38.25301204819278,-0.522577306925928,-0.011729329632645275,0.40419579056910093,0.2879084999951017,4.773797471147643,0.14849214132229066,5.7193207305350855,1.8780075002062253,0.13181529255894736,-0.008116966790129935,False,False,False,False,False,False,False,False,False,False,False,False,False,False,False,False,False,False,False,False,False,False,False,False,False,False,False,False,False,False,False,False,False,False,False,False,False,False,False,False,False,False,False,False,False,False,False,False,False,False,False,False,False,False,11,True,-0.12769364366670952,-0.09821105851913285,-0.2653523096644242,0.01507201130233448,-0.6046915908612959,-0.41787915944280535,-0.050147850082913066,-0.13031006306097642,0,Upper-Mid,58.65391469820729,73.9927643532125,91.24376334627775,72.12485724033813,76.56338791739779,93.94187876559181,94.24157007177118,49.54696748731581,56.95711266156889
70.178,883.474,20106020.0,790.796,109.426,7.984,1910.888,204.891,30.171,DE000STAB1L8,315582,STABILUS SE,649.869,290.691,223.59,126.513,2024.0,,3363.0,1233.16,2010.0,2024-09-30,201060.0,440.69,32.651,204.891,649.869,1305.926,78.378,189.683,DEU,300.311,209.011,28.405,53.548,3714.0,34.378,0.0,1305.926,20.0,196.976,571.867,6.6206392002043035,10.798791756492461,9.68760863938692,15.689326960333128,5.3738113798178455,15.689326960333128,32.34884671872678,8.781569622361896,1.9672676484652087,1.1981003883849173,0.376434082926544,0.376434082926544,14.714415496878939,1.2168544737477862,1.2632807535057067,34.00874357890154,64.5333478466556,3.874705215766745,3.472778208901319,42.9625912141371,0.6834131566057247,163.56788577154308,6.248120912296482,58.41756347603157,22.996019682585384,4.644514467806641,3.951312670512993,16.664346628373824,4.100385473602639,0.6832019189058154,143.428,10.982858140507195,27.18503777109902,155.69625255902554,2.9404203000912488,2.632461563672061,40.47564763886118,59.52435236113882,7.4611562685660715,43.21223408441097,6.995443580809435,9.91746304229537,12.45799731182795,0.2725675188843278,-0.24692377243173472,-0.18834501152958566,-0.0028283717082525136,2.3912224167607414,1.1208187859020873,10.308087130171941,2.3470718783997153,0.14292261055205147,0.38633353248229296,False,False,False,False,False,False,False,False,False,False,False,False,False,False,False,False,False,False,False,False,False,False,False,False,False,False,False,False,False,False,False,False,False,False,False,False,False,False,False,False,False,False,False,False,False,False,False,False,False,False,False,False,False,False,11,True,-0.3369955226995398,-0.08284892642273599,0.13200845760215385,-0.31849972198249954,-0.3406742949626951,0.00840025618224837,0.07343087859679831,-0.18585257832134006,0,Upper-Mid,71.21739498800838,86.59441905017748,82.02931398706711,85.45571433088026,84.07587765464129,97.86293469381324,99.86565299841523,50.778856984509325,66.96279488652308
8216.0,43108.0,20105010.0,41321.0,10216.0,327.0,147812.0,12658.0,6598.0,DE0007236101,19349,SIEMENS AG,51264.0,43913.0,10923.0,9659.0,2024.0,,999977.0,91581.0,2010.0,2024-09-30,201050.0,-8880.0,1785.0,12658.0,51264.0,75930.0,2999.0,13984.0,DEU,12078.0,34677.0,4160.0,2088.0,9997.0,6435.0,1060.0,75930.0,20.0,11665.0,61353.0,6.534652125673153,16.026841448189764,12.720927169761623,16.67061767417358,10.820492558935863,16.67061767417358,43.226656130646646,10.432575471188638,1.3971489080682258,1.14840707763077,0.23264181449684604,0.25678045225787355,11.798771412334586,0.80604322721598,0.934749531835206,34.68189321570644,61.95775715097557,5.411204481792717,2.9785906146310634,32.4188834465402,0.5136930695748654,232.2018348623853,2.1896357816420107,166.69438956934016,15.906756222836824,4.353784403669724,3.9465348347523572,30.371688360890865,2.7499012248123273,0.6962320773591197,9577.0,12.612932964572632,17.899699957136733,120.76819546536908,2.883348938826467,8.474911102331093,50.63291139240506,49.36708860759494,-2.3646954442001267,1.8922291079294329,2.187500000000009,-4.430695539367324,-5.86113615870153,0.4274657300079713,0.03051371519563571,0.02171972230745273,0.7932198642492456,1.833229520947242,0.17366750546714438,7.891781452114849,0.9997692922485408,0.5980832047422889,-0.397258245788941,True,True,False,False,False,False,False,False,False,False,False,False,False,False,False,False,False,False,False,False,False,False,False,False,False,False,False,False,False,False,False,False,True,False,False,False,False,False,False,False,False,False,False,False,False,False,False,False,False,False,False,False,False,False,11,True,-0.503341269755387,-0.08300791368601046,-0.32619151563055715,-0.20988257432730092,-0.22870798918256324,-0.04311324822792223,0.2994773013519445,-0.1801882835060522,0,Upper-Mid,65.37420433391122,81.79430379191493,96.56570250444426,89.33785167577865,70.2787601195146,95.72293715754151,99.41871993006652,52.00634026108627,61.984141677452534
161.329,1909.906,15101050.0,420.534,684.943,8.382,4460.234,468.383,28.917,DE0007600801,100004,ALTANA AG,3005.005,646.347,626.463,288.839,2024.0,3.088,325.0,1430.794,1510.0,2024-12-31,151010.0,-95.191,53.735,468.383,3005.005,3168.838,179.544,575.095,DEU,1219.89,559.556,88.2,179.539,2800.0,213.23,126.731,3168.838,15.0,438.997,2117.433,6.475870996902852,5.368676591220314,9.114981579998723,14.780907070667542,5.091109106871351,14.780907070667542,39.72850615904001,8.431928522781378,3.276000352751695,2.3067640137573164,1.0597140545248915,1.2557867523172537,32.982260571978955,0.13994452588265244,0.14956747160154477,67.37325889179805,32.07889989628347,5.375248906671629,-0.502776573872237,10.076847986002528,0.7104645182293127,378.0527320448581,5.66312933826105,64.45199786167674,38.496445700285086,2.1540807267556077,3.048713172206499,27.90210110052522,5.665767704123719,0.9999721516731274,259.458,8.187796283685062,40.89754599689746,151.9867469420681,1.4842684121989815,6.72896500231315,54.67088992059704,45.32911007940296,15.58711150586447,7.722761277389667,14.570803717878622,-1.9262608011974658,21.080246289140202,-0.6327483285192008,-0.005988329583724867,0.19637177923485444,-0.6761885055462092,2.4440278110633824,0.06366105700483804,9.842465664357519,2.210320931129537,0.7372969057825468,-0.763409682844701,False,False,False,False,False,False,False,False,False,False,False,False,False,False,False,False,False,False,False,False,False,False,False,False,False,False,False,False,False,False,False,False,False,False,False,False,False,False,False,False,False,False,False,False,False,False,False,False,False,False,False,False,False,False,11,True,-1.6675398568553201,0.18584239314147313,1.4673475493952604,-1.413308507666945,0.07188008283110033,0.643088508964591,-0.019609352880657384,0.22989878755440563,0,Upper-Mid,28.271066574142466,91.08948788212541,38.919467537611794,44.355822616573846,86.16637409938657,98.15114343986805,89.0664774535373,53.71500845317385,46.886862582647446
69.2,826.1,20106010.0,170.5,95.0,4.321,1490.8,150.3,61.1,DE0007667107,209440,VOSSLOH AG,726.1,513.5,246.9,96.0,2024.0,,336510.0,738.9,2010.0,2024-12-31,201060.0,-83.9,18.8,150.3,726.1,1209.6,54.3,230.0,DEU,307.2,307.1,21.253,55.7,3490.0,15.2,0.3,1209.6,20.0,136.4,666.9,6.439495572846794,9.530367717945188,7.936507936507938,12.425595238095239,5.720899470899472,12.425595238095239,31.704695767195762,10.70711577068927,1.29873417721519,0.8179162609542356,0.18500486854917234,0.18558909444985394,10.289777300778105,0.2348161410274067,0.3189643299820961,48.70539307754226,49.56399248725516,5.106382978723404,0.9088489687292082,15.53528306949289,0.811376442178696,279.9352001851423,3.938782155649625,92.66823743386244,25.396825396825395,7.885267275097784,3.3458890238963144,26.97209551918433,4.604828042328043,1.0257826887661143,80.7,6.671626984126985,40.83577712609971,142.08333333333334,2.0531607216636827,1.2566137566137567,30.71242774566474,69.28757225433526,-0.38705426994977143,7.043871616284902,7.567836694050278,15.450643776824036,-17.35905044510386,0.7992154785469279,-0.0334285483156408,0.1003992410371543,0.7631793406940446,4.215846617939716,0.253157852186241,9.149449959753152,3.7116133384116874,0.3953218819008001,0.5125365818492017,False,False,False,False,False,False,False,False,False,False,False,False,False,False,False,False,False,False,False,False,False,False,False,False,False,False,False,False,False,False,False,False,False,False,False,False,False,False,False,False,False,False,False,False,False,False,False,False,False,False,False,False,False,False,11,True,-0.6958571100215744,-0.019734688306559896,0.19147102845527988,0.05526386291413865,-0.21810850567286025,-0.04156912453810529,0.04309961752526149,0.04946536718967067,0,Upper-Mid,70.93083448898145,87.81983591448937,91.23981813746256,74.74878763343452,95.26777975156129,97.60236525080127,93.13907093888099,49.04931845096176,67.70134670456811
756.0,10488.0,25203010.0,4410.0,2530.0,46.045,20655.0,2493.0,1177.0,DE000A1EWWW0,221244,ADIDAS AG,5476.0,9593.0,4989.0,1323.0,2024.0,,316210.0,14787.0,2520.0,2024-12-31,252030.0,-1559.0,221.0,2493.0,5476.0,23683.0,1170.0,10915.0,DEU,4912.0,3145.0,357.0,419.0,3021.0,170.0,75.0,23683.0,25.0,2910.0,11904.0,6.405228758169934,13.805697589481372,5.586285521259975,10.526538023054512,3.1921631550057006,10.526538023054512,55.715069881349486,13.382561197653247,1.2409048264359428,0.7208381111226936,0.26373397268841864,0.27155217345981447,11.188574195110142,0.8053323593864135,1.0202702702702702,26.5117404986686,71.59041394335513,5.986425339366516,1.2262334536702768,27.049140643911883,1.1465988864681675,514.3446628298403,7.5303656597774244,48.47042182155977,20.74061563146561,10.247944612721765,2.1022248947684905,27.47518760590656,1.769201536967445,0.3581196581196581,2491.0,10.518093146983068,14.398625429553263,219.95464852607708,3.7719138056975896,0.7178144660727104,47.22222222222222,52.77777777777778,10.528772109954732,14.622641509433954,-10.698008184480512,9.880899867666514,15.426997245179063,-0.4227210971496479,0.1074996125257679,-0.15935475444875294,0.5446956087812201,3.247124986310203,0.40942978923554557,14.088598402323893,5.595751210865922,0.1864242996914177,0.5394375436823811,False,False,False,False,False,False,False,False,False,False,False,False,False,False,False,False,False,False,False,False,False,False,False,False,False,False,False,False,False,False,False,False,True,False,False,False,False,False,False,False,False,False,False,False,False,False,False,False,False,False,False,False,False,False,11,True,0.16215027504413557,-0.3080924518705535,0.0626843547934639,0.5571298677400476,0.019255091961210218,0.16950097646951184,0.8225589365025909,0.1743164646426237,0,Upper-Mid,56.91386022451641,73.6657390754441,90.79036838788845,71.18221116760026,73.55501092182932,96.95822527819608,93.80004264467327,50.668120367358036,55.650164659929814
2900.0,38745.0,20106010.0,18373.0,8758.0,104.919,73854.0,5623.0,10293.0,DE000DTR0CK8,351590,DAIMLER TRUCK HOLDING AG,22205.0,23603.0,9012.0,4549.0,2024.0,632.0,333924.0,51004.0,2010.0,2024-12-31,201060.0,403.0,154.0,5623.0,22205.0,54077.0,1074.0,5512.0,DEU,12794.0,20151.0,1486.0,1417.0,3537.0,1750.0,2205.0,54077.0,20.0,1555.0,38455.0,6.1594497251333715,13.060121594235532,8.412079072433752,10.398135991271705,5.36272352386412,10.398135991271705,28.35216450616713,11.210508157129478,1.6292420455026904,1.247426174638817,0.371054526966911,0.4644748548913274,20.109946651501613,0.8274262553478946,1.2909705021391578,30.066076312725105,69.06057898015003,29.538961038961038,3.5404588298061532,38.81441763479297,0.7322149104990928,515.4166547527141,2.6835889037764877,136.0118904525029,23.65885681528191,3.6410584433072986,4.299267643142477,39.14344517561676,2.6203376666605025,1.319366852886406,138.0,0.2551916711356029,91.12540192926045,34.18333699714223,3.3260076559333482,3.236126264400762,51.241379310344826,48.758620689655174,-3.243871891214889,3.710048868168281,0.48172693840025094,-121.5625,38.109161793372316,0.7266982425643214,-0.23033827316018007,-0.07801387965298195,-0.4257079427443689,2.7731776397988606,0.6562814513663305,2.105505456711891,2.9284351018323878,0.3204495168611029,-0.806866012852634,True,True,False,False,False,False,False,False,False,False,False,False,False,False,False,False,False,False,False,False,False,False,False,False,False,False,False,False,False,False,False,False,False,False,False,False,False,False,False,False,False,False,False,False,False,False,False,False,False,False,False,False,False,False,7,True,-0.18118695331603724,-0.06407620269553461,0.27378065846686483,-0.2437925061901525,-0.4493451050062915,-0.2587051140322882,0.16294219308364422,0.1642629294903302,0,Upper-Mid,65.53415905846578,84.9697974681941,77.15475341032239,78.58872189646473,88.031701583045,90.64160724491373,97.14553751683198,50.08480585257153,64.27125054412836
175.0,1597.617,15104050.0,76.047,427.034,12.398499999999999,3283.682,257.102,30.518,,210340,DILLINGER HUTTENWERKE,1918.972,592.104,629.266,200.78,2024.0,,332322.0,1364.71,1510.0,2024-12-31,151040.0,-163.99,24.218,257.102,1918.972,2287.461,56.322,306.257,DEU,546.86,345.856,88.2,129.731,3444.0,84.1,200.1,2287.461,15.0,80.317,1436.768,6.1144775894864365,9.119466047446236,8.777417407335033,11.239623320353877,7.650403657155248,11.239623320353877,30.157628916952024,10.06406455276867,2.426546687744045,1.363784064961561,0.721214516368746,1.0591619039898397,25.7230754987846,0.0396290305434368,0.0555323371054919,58.43964184107963,41.56035815892039,8.290527706664465,-1.2464663829919644,3.2452898910430426,0.6966146539159395,184.49497923135863,6.613911570133234,55.186707008338075,23.906855679725254,2.708131280603885,2.5388579710329178,23.53729746059454,5.671397239122329,2.3033805617698233,-49.414,-2.1602116932266826,161.5237122900507,40.00249028787727,1.7111672291205915,3.6765654146671793,50.4,49.6,-12.515756993504457,3.2837927820787094,251.93017314788526,-116.48490590586249,58.737014695265934,0.7012634716984315,-0.0026104661303392707,-0.32588238893138993,0.30546853907366694,6.604694185805702,0.032352501240949516,2.4459433038887446,3.7684579077865705,0.124007997077796,0.06795846578236642,False,False,False,False,False,False,False,False,False,False,False,False,False,False,False,False,False,False,False,False,False,False,False,False,False,False,False,False,False,False,False,False,False,False,False,False,False,False,False,False,False,False,True,False,False,False,False,False,False,False,False,False,False,False,11,True,-1.2535561120211018,0.105483107727572,1.042542958864298,-0.8843542178402186,-0.21934226476724547,0.143477834586682,-0.035496627488428606,0.16649508971257426,0,Upper-Mid,43.475424308422575,87.32901401303134,57.235836351979884,56.80341131007096,85.28084356351326,90.79889820410048,90.66900791289271,48.934350975051885,53.32844019150939
1942.0,12760.0,35101010.0,13455.0,2683.0,72.0,46055.0,3944.0,2754.0,DE000SHL1006,326765,SIEMENS HEALTHINEE,18199.0,11573.0,4179.0,2809.0,2024.0,,334510.0,27807.0,3510.0,2024-09-30,351010.0,-1657.0,476.0,3944.0,18199.0,22363.0,1135.0,3681.0,DEU,3868.0,7205.0,1063.0,696.0,3845.0,2006.0,0.0,22363.0,35.0,2826.0,14443.0,6.099229182499186,10.670915984394746,12.560926530429729,17.636274202924472,8.683986942717882,17.636274202924472,42.94146581406788,8.87407594616794,1.247991013566059,0.8868919035686512,0.23183271407586625,0.23183271407586625,6.231679513625013,0.7393263366119017,0.8906533326006923,39.51579633047444,60.377809141244164,5.901260504201681,3.4295131845841786,35.19487569210726,0.48557159917489956,310.59722222222223,3.1038167938931296,117.59714707329071,17.296427134105443,7.79198606271777,3.053362048336923,21.46998154380632,3.1122836828690246,0.613215859030837,2130.0,9.52466127084917,24.628450106157114,100.60519757920969,2.5306335512940272,8.970173948039172,54.73738414006179,45.26261585993821,3.1503690036900345,-1.347356696084312,1.4084507042253502,66.27634660421546,-16.945107398568016,-0.4776451175456497,-0.2652137876545959,0.06290598133090063,-0.3302687012248217,1.9286414682458912,1.2275754620331256,6.136141569862121,1.8083818439305444,0.5622366133614215,0.25521289966323085,False,True,False,False,False,False,False,False,False,False,False,False,False,False,False,False,False,False,False,False,False,False,False,False,False,False,False,False,False,False,False,False,True,False,False,False,False,False,False,False,False,False,False,False,False,False,False,False,False,False,False,False,False,False,10,True,-0.5729059114795235,-0.08965535902738447,-0.4609442237120591,-0.14544443443488034,-0.14474511339872018,-0.11450345339206815,0.21719938534073532,-0.3156495591736918,0,Upper-Mid,62.41055347517287,83.67414810007195,81.18179418853204,96.83135834554548,68.59839580084078,94.84446657733794,96.70059937113257,49.81267762494878,61.671946214764205
416.096,15509.246,15104025.0,235.406,364.209,6.979,7846.232,679.112,147.816,DE0006766504,220303,AURUBIS AG,4554.9,2207.551,3545.794,477.547,2024.0,,331410.0,3290.333,1510.0,2024-09-30,151040.0,17.205,36.056,679.112,4554.9,17183.261,201.565,633.348,DEU,1926.662,717.167,65.489,846.67,3330.0,13.526,41.839,17183.261,15.0,537.473,4740.018,6.086322708785568,9.135129201519245,2.779140699777534,3.9521718258251446,2.4215194077538604,3.9521718258251446,9.742126363558114,9.96902911839035,2.1471839155697876,0.5409723263471603,0.16498327784952646,0.18393595436753218,32.2762186996255,0.05168192495993326,0.0841340095282004,58.0520688146871,41.93519895919468,13.244591746172622,0.027996854716158717,4.88415331078663,2.1900016466502645,2462.137985384725,23.95991589127776,15.233776347807325,11.21243517164757,6.785186539449477,4.373983937025106,13.782105856671075,4.92729523226121,4.20048123434128,-309.197,-1.7994081565774973,157.5279130300499,112.54871248275037,1.7225914948736527,0.07871614124932398,15.738916019380145,84.26108398061986,0.4361597415107221,8.080314274926636,-3.4716459197787097,491.40239470563574,35.47001777636976,0.14212468402637574,-0.01782356057655293,0.27903245106989083,-0.29789896758560147,1.5227710416822389,0.07190729391134693,6.850077846283413,2.6928259874766445,0.09582139537714494,0.3665091022160684,False,False,False,False,False,False,False,False,False,False,False,False,False,False,False,False,False,False,False,False,False,False,False,True,True,False,False,False,False,False,False,True,False,False,False,False,False,False,False,False,False,False,False,True,False,False,False,False,False,False,False,False,False,False,11,True,-0.6124534355179804,-0.030097526517218517,2.570288436880766,0.7117597204855379,-0.8405643491216152,0.4427809406049637,-0.03699974247105978,1.298544740512505,0,Upper-Mid,18.229915170883025,61.08798245742031,50.27756888347741,57.43437778138472,25.55083584295792,94.96450990994599,90.75045281037337,49.60944766999333,29.085625714419432
1168.0,28796.0,25101020.0,4112.0,2966.0,168.761,36966.0,4364.0,2768.0,DE0005439004,100609,CONTINENTAL AG,14351.0,14269.0,6113.0,2242.0,2024.0,,3363.0,22168.0,2510.0,2024-12-31,251010.0,-1072.0,449.0,4364.0,14351.0,39719.0,2122.0,3850.0,DEU,9942.0,8142.0,500.015,1938.0,3714.0,4151.0,0.0,39719.0,25.0,2934.0,17950.0,6.065032732781475,8.138805658142289,5.644653692187617,10.98718497444548,2.9406581233162967,10.98718497444548,27.50069236385609,12.143205329578075,1.257971827037634,0.829560585885486,0.2078631999439344,0.2078631999439344,9.957799058594384,0.2865305553619957,0.47940910041112117,38.822160904615046,59.96861981280095,4.993318485523385,0.8968835930339139,18.6116972352973,1.0744738408267056,235.35651009415682,4.878285433554409,74.82137012512904,25.03084166268033,10.790274381961424,4.710616718468837,30.04923443163989,4.879276920365569,0.9132893496701225,996.0,2.507616002416979,66.05316973415133,130.86529884032115,2.575848372935684,10.450917696820161,42.809503424657535,57.190496575342465,-4.1078692917758115,-2.0840838295437814,-16.76933168280209,-17.220744680851052,-8.77424213895689,-0.7538652456830097,0.012807662542078485,-0.12643942471127861,-0.5167188587038252,2.9135851766363854,0.12619547902306635,7.937023210517773,3.213632306621219,0.7364185025449634,0.07969566452998116,False,False,False,False,False,False,False,False,False,False,False,False,False,False,False,False,False,False,False,False,False,False,False,False,False,False,False,False,False,False,False,False,False,False,False,False,False,False,False,False,False,False,False,False,False,False,False,False,False,False,False,False,False,False,11,True,-0.21640436138997793,-0.1033146318818569,0.3359990214215051,0.43672915884744307,-0.30860468177264533,-0.18910238919322905,0.1074251534665649,0.13849202599348528,0,Upper-Mid,71.88955029245732,82.11664370595527,89.56707280662249,94.95143682909935,79.3999135462575,96.63503646275508,97.04484116582385,47.98334454921023,66.58427957302254
26.4,461.9,35201010.0,635.9,119.5,2.495,1434.0,127.3,35.1,DE0005227235,200759,BIOTEST AG,530.7,160.1,479.5,86.8,2024.0,,325414.0,903.3,3520.0,2024-12-31,352010.0,-35.4,32.2,127.3,530.7,726.2,40.5,91.3,DEU,485.3,206.8,0.791,28.7,2836.0,56.8,11.7,726.2,35.0,60.9,809.5,6.052998605299861,4.9745618993781795,11.952630129440925,17.52960616909942,3.635362159184797,17.52960616909942,36.394932525475085,7.440425167152409,5.056214865708932,2.061211742660837,0.7464084946908183,0.8194878201124297,45.28591352859135,1.1982287544752213,1.2643678160919538,37.00836820083682,62.99163179916317,2.695652173913043,4.3322859387274155,46.79218967921897,0.5064156206415621,291.062124248497,3.511605415860735,103.94106306802534,66.82732029743872,1.1182630120110872,0.9632950990615223,22.754532775453278,3.9520793169925637,0.7086419753086419,32.2,4.43404020930873,47.12643678160919,70.16129032258065,2.7020915771622382,7.821536766730927,2.9962121212121215,97.00378787878788,6.076541045866213,1.6372528173506318,2.844187963726297,-189.196675900277,-14.071856287425144,0.7673929856368608,0.07471180601243102,-1.6891059506214752,1.4078414274526312,9.923660820056671,0.332314845625025,4.2468619246861925,3.8294908447747145,0.06577858263679129,-0.03229871771023296,False,False,False,False,False,False,False,False,False,False,True,False,False,False,False,False,False,False,False,False,False,False,False,False,False,False,False,False,False,False,False,False,False,False,False,False,False,False,False,False,False,False,False,False,False,False,False,True,False,False,False,False,False,False,11,True,-1.0541731593098316,0.1060628433816675,1.5862648204173198,-2.356238262613646,0.0706804819698157,0.4502703024607808,-0.14183519480335,-0.11884996478726662,0,Upper-Mid,17.15663220440552,86.8480947636141,18.194053766753658,90.61827827781546,66.34888906162325,93.01175554799342,98.01249153982069,57.94372502303087,43.246433021510065
288.993,3499.164,20106010.0,2156.389,703.391,20.922,7128.36,586.483,857.891,DE0006219934,202807,JUNGHEINRICH AG,2436.302,2150.206,880.842,421.588,2024.0,0.375,333924.0,4692.058,2010.0,2024-12-31,201060.0,-386.486,31.382,586.483,2436.302,5391.884,164.895,1174.82,DEU,1830.59,1484.87,80.52,138.426,3537.0,135.742,169.617,5391.884,20.0,577.958,3073.923,5.914235532436634,11.86195307478301,7.81893675754152,10.877144241233676,5.359777769699793,10.877144241233676,35.10312907325157,9.179542015781161,1.4295946527914067,1.01993994993968,0.3271272612949643,0.4060113310073546,12.958338243298595,0.885107429210336,1.2372357778304988,34.17759484650046,65.82240515349955,13.434070486266013,3.9402489074704645,42.28574314428565,0.7563989473034471,257.7136029060319,3.6312162007448467,100.5172867220437,33.950841672409865,5.837160082579407,3.9725217462382587,30.697958576727324,2.5673030057768305,0.8394796688801963,439.532,8.151733234617065,23.950875323120364,137.09071415694942,2.9258934237216896,2.517524486802757,27.862266560089687,72.1377334399103,-2.776886727046546,3.1621927921229087,68.74621930072189,30.135692481694964,2.857779759250989,0.044525976935936726,-0.0073325371480288835,-0.1342829649973476,0.48601784612682586,0.4426520657875997,0.15472288353991218,8.107867728341441,3.2945715511874747,0.11129985755028808,-0.5606546666031959,False,False,False,False,False,False,False,False,False,False,False,False,False,False,False,False,False,False,False,False,False,False,False,False,False,False,False,False,False,False,False,False,False,False,False,False,False,False,False,False,False,False,True,False,False,False,False,False,False,False,False,False,False,False,11,True,-0.19917914517658655,-0.08123791532846959,0.021174358769214974,-0.053692348114218004,-0.16678929369427065,-0.14555721001417157,0.15203299712984575,0.05582767338850737,0,Upper-Mid,83.76670097064071,94.50441816438294,96.72803760967976,87.83123425880305,90.74228307938607,97.21884478035578,99.7517009257242,50.47723397193643,74.80202990892109
297.0,64380.0,55105010.0,1064.0,6732.0,6.844,38489.0,2885.0,834.0,DE000UNSE026,321632,UNIPER SE,10382.0,17221.0,2604.0,2274.0,2024.0,,2211.0,27945.0,5510.0,2024-12-31,551050.0,1.0,577.0,2885.0,10382.0,69751.0,611.0,1055.0,DEU,6105.0,5320.0,88.2,681.0,4911.0,8.0,1347.0,69751.0,55.0,1665.0,24744.0,5.908181558367326,2.8607204777499518,3.260168312999097,4.13614141732735,0.4258003469484309,4.13614141732735,7.70024802511792,19.867202516162852,1.4368503571221183,1.285639626037977,0.39091806515301086,0.46913651936589046,19.545844267193225,0.10248507031400501,0.182816413022539,26.973940606407027,72.60515991582011,3.9410745233968805,-1.6755632582322357,4.9312790667463435,1.8122320663046585,10191.55464640561,13.11109022556391,27.839027397456668,8.7525626872733,9.271700119633126,24.723502304147466,31.31284263036192,0.9763300884575131,1.1145662847790507,984.0,1.4107324626170235,40.9009009009009,73.21899736147758,3.7072818339433633,0.011469369614772547,29.6969696969697,70.3030303030303,-35.418730614323415,-29.970342606575574,8.53155724706629,-83.56164383561644,20.95914742451155,-1.1938703768392598,0.05232561339275675,-0.07521828485700675,0.04624693890069247,17.61291902254827,0.8028855085454072,4.325911299332277,5.669726314129563,0.05054106172840381,0.292820293884823,False,False,False,False,False,False,False,False,False,False,False,False,False,False,False,False,False,False,False,False,False,False,False,True,False,False,False,False,False,False,False,False,False,False,False,False,False,False,False,False,False,False,False,False,False,False,False,False,False,True,False,False,False,False,11,True,0.38734269838500185,-0.1840257927387903,1.3117462678332823,1.1241936051717818,-0.9220334894461018,-0.2874357733224822,0.08724259775352387,0.6836274829457648,0,Upper-Mid,30.465667576585087,59.74702035250373,78.943006370825,71.5103839004708,37.3404425076444,93.04945173231584,94.27772111256331,47.01000527970164,36.88777586732852
140.679,3819.492,25504030.0,1301.439,317.385,19.916,4614.193,488.333,391.42,DE0006083405,203162,HORNBACH HOLDING AG & CO,1955.338,1183.935,1266.089,268.392,2024.0,,444110.0,2580.721,2550.0,2025-02-28,255040.0,-199.356,55.568,488.333,1955.338,6199.989,219.941,1907.324,DEU,2706.083,195.558,38.392,165.919,5211.0,84.1,0.138,6199.989,25.0,318.417,1779.927,5.816661765123392,7.194612900685201,4.328910906132253,7.876352683851537,2.2690201547131776,7.876352683851537,38.39518102370826,8.241030933342994,1.5033992575605923,0.43400862378424493,0.26807637243598675,0.26819293288905216,12.916494823688563,0.665582625612554,0.8657628502079948,42.37659759788981,55.93006187647547,4.82997408580478,2.816672229810396,36.688083918466354,1.3436778652301713,311.3069391444065,31.70409290338416,11.512709135451692,43.646577437476104,10.402805742358957,3.0167642243159842,11.116635129913291,2.676117651176478,0.7543795836156061,152.49799999999996,2.4596495251846413,52.10745657424071,118.63878207994276,2.3597930383391517,1.356454019515196,27.29049822645882,72.70950177354118,0.634697671730966,3.0626922851844984,52.426144191030154,-49.65185036003529,9.14072212757282,0.04796353205358323,0.04002468176019809,-0.11438826030819045,0.311570592623169,0.8851541973356237,0.21764668290801692,6.900816675852092,2.148480902247651,0.0381704957554533,-0.0939201318442059,False,False,False,False,False,False,False,False,False,False,False,False,False,False,False,False,False,False,False,False,False,False,False,False,True,False,False,False,False,False,False,False,False,False,False,False,False,False,False,False,False,False,True,False,False,False,False,False,False,False,False,False,False,False,12,True,-0.219585477994346,-0.1914636692405112,0.6191769484919559,0.39781183248342517,-0.052298611935731106,0.08665949103649709,0.2932158418948528,0.45190295899634864,0,Upper-Mid,58.09130399658525,86.71819066482568,97.49382771467577,89.82557542139561,60.13893663808748,95.89295515694445,95.41089717673859,49.078050168453615,58.58355776945192
109.72,1233.583,35203010.0,916.087,186.378,12.142,3809.164,411.602,453.861,DE000A0LD6E6,284944,GERRESHEIMER GROUP,1511.562,985.503,355.088,217.047,2024.0,,327212.0,2270.023,3520.0,2024-11-30,352030.0,168.269,61.661,411.602,1511.562,2035.903,194.555,387.458,DEU,1018.153,387.886,88.2,369.846,3220.0,65.519,0.0,2035.903,35.0,240.332,992.301,5.698021928171116,7.2587164800385295,10.66096960415108,20.21717144677325,5.389254792590806,20.21717144677325,39.408557283917744,8.940625271610516,1.0068980003105013,0.6465865654391716,0.18911966782445105,0.18911966782445105,0.1784643559584203,0.6060532085352768,0.9063128075461013,39.68225048855864,59.5937323780231,3.520004540957818,2.8755205271111413,35.96453185003323,0.534475018665513,167.67443584253007,5.248714828583656,69.54083274104906,50.00989732811436,299.48558399529264,3.474020524489704,15.075853914402215,18.166189646559783,1.9009842974994218,-129.514,-6.361501505720067,153.8896193598855,110.72809115076458,2.5200183651084114,3.218178862156007,80.38643820634343,19.613561793656572,2.2817040662431065,11.082227929518162,4.133790737564325,193.01147032872547,9.248001701433806,-0.14623513953854378,-0.03884029189784664,1.1288886323723293,-1.17232334025491,1.2589848654733227,0.2271157408050461,6.3093109144158666,1.109079302886883,0.1484072624515376,-0.825851216049157,False,False,False,False,False,False,False,False,False,False,False,False,False,False,False,False,False,False,False,False,False,False,False,False,False,False,False,True,False,False,False,False,False,False,False,False,False,False,False,False,False,False,False,False,False,False,False,False,False,False,False,False,False,False,11,True,-0.3974482844819621,-0.1982590542154083,-0.6985310723648729,0.004717898130617426,0.08068320392588214,-0.31155701566526867,-0.0016714478195274081,-0.2773531276472376,0,Upper-Mid,57.457777583423066,91.52538806740003,65.60865616719613,96.90286007419307,71.1803056412874,93.99476423401796,96.61995809888681,47.216375457124485,61.655520500461655
178.726,910.785,35101010.0,526.757,20.285,5.73,3393.2,254.122,27.071,DE0005313704,238442,CARL ZEISS MEDITEC AG,2041.697,568.835,536.556,187.41,2024.0,,334510.0,1336.721,3510.0,2024-09-30,351010.0,176.249,29.424,254.122,2041.697,2066.127,66.712,558.131,DEU,263.889,582.935,52.522,86.814,3845.0,409.148,0.0,2066.127,35.0,247.319,1212.483,5.523105033596605,8.753796474207485,9.07059440198981,12.299437546675495,8.650291100208264,12.299437546675495,55.91824703902519,7.29660721975165,2.131519684970158,1.188265489992704,0.03566060456898749,0.03566060456898749,18.968761051514793,0.2579995954345821,0.27125866374883245,60.17025226924437,39.3941117529176,6.369290375203915,2.0995545446675217,16.321702227985384,0.6089022161971,360.58062827225126,3.5443522862754855,102.98073400134648,12.77215776184136,3.2100262876603365,1.6974649430814304,17.77731934457149,4.201774624696352,1.3013250989327256,160.505,7.7683995223914115,35.102034214920806,131.96681073581985,1.6619508183633516,19.802654919082904,29.386882714322482,70.61311728567752,-1.1091274589575595,11.878833759105078,18.80572257930748,-13.338912585713503,32.23560951089854,0.2882926311304993,0.016400196964128914,0.26529472024557876,0.522632697340081,3.893627057909703,0.07538619842482269,7.288665566426972,3.437645346854512,0.06030468679328077,0.04666658506071393,False,False,False,False,False,False,False,False,False,False,False,False,False,False,False,False,False,False,False,False,False,False,False,False,False,False,False,False,False,False,False,False,False,False,False,False,False,False,False,False,False,False,False,False,False,False,False,False,False,False,False,False,False,False,11,True,-1.2569635851294847,0.08871317497699066,0.6181111137486172,-0.7557163957879011,0.2410261223569144,0.4197839040447288,0.4490051890354401,-0.04162385023054213,0,Upper-Mid,44.92955870371228,75.22618311455123,72.23553426747618,54.351693701624406,76.72066159022991,96.91506602627852,90.31897339434364,51.39605226313009,49.96032871309209
-80.3,737.8,20104010.0,242.8,148.0,4.277,1336.9,131.9,13.5,DE0007235301,206703,SGL CARBON SE,554.9,243.3,345.6,72.2,2024.0,,335991.0,772.3,2010.0,2024-12-31,201040.0,-90.5,33.5,131.9,554.9,1026.4,59.7,132.9,DEU,461.3,161.1,88.2,97.3,3620.0,25.9,17.8,1026.4,20.0,120.3,673.9,5.4005535193357765,-14.47107586952604,7.034294621979735,12.850740452065471,-7.8234606391270445,12.850740452065471,28.11769290724865,9.051021687351133,2.769831483764899,1.3493629264282776,0.6083025071927661,0.6814632141389232,32.208841349390376,0.4375563164534151,0.4618850243287079,41.50647019223577,57.76797067843518,2.155223880597015,0.8210765731614861,19.171216994539606,0.7677462787044655,239.98129530044426,6.371198013656115,57.28906858924395,44.94349181605612,2.3836507199256856,2.134837962962963,23.120652255217294,9.479734996102883,1.6298157453936346,23.0,2.240841777084957,80.88113050706566,166.62049861495845,2.409262930257704,2.5233826968043642,,,-5.757047103112645,-9.214993888360713,-11.044093178036595,-70.01303780964798,11.710677382319169,0.8376659291904817,-0.14612918964180593,0.03482512686567028,1.8329504023455392,3.0241561724586945,0.7389257212918894,8.998429201884957,5.035041880087601,0.8439679569270401,0.384105227784315,False,False,False,False,False,False,False,False,False,False,False,False,False,False,False,False,False,False,False,False,False,False,False,False,False,False,False,False,False,False,False,False,False,False,False,False,False,False,False,False,False,False,False,False,False,False,False,False,False,False,False,False,False,False,11,True,-0.6611851371642025,0.06794255146652421,1.1703528444229874,-0.9139202464684436,-0.08581809381411655,0.06599627151211583,-0.09906502129954363,0.3147121323072053,0,Upper-Mid,43.52500001533721,84.67863752259429,44.93149955751487,91.63925308307161,88.651515057668,98.42650093944086,95.7825737712615,51.23878650751029,56.80738007761111
1404.0,9315.0,15101040.0,6129.0,2055.0,55.646,33513.0,3686.0,1944.0,DE0006483001,100037,LINDE AG,14182.0,8787.0,1211.0,1808.0,2017.0,,325120.0,18454.0,1510.0,2017-12-31,151010.0,-1623.0,267.0,3686.0,14182.0,17113.0,1878.0,4032.0,DEU,11756.0,3559.0,88.2,1660.0,2810.0,112.0,623.0,17113.0,15.0,3508.0,7841.0,5.394921373795244,9.899873078550275,10.565067492549524,21.539180739788467,8.204289136913458,21.539180739788467,45.567697072401096,8.90158042440057,0.8923409582337544,0.7545237282348924,0.23386821440764766,0.30476840787527026,-2.8227851878375554,0.432167536313637,0.5692427020166408,42.317906484050965,55.06519857965566,6.771535580524344,1.6326641345632122,24.089159430668698,0.5106376629964492,307.53333572943245,4.8083731385220565,75.90925027756677,68.69631274469702,,7.691990090834022,16.751708292304478,9.70022789692047,0.8839190628328009,1848.0,10.79880792380062,47.32041049030787,194.02654867256638,2.363065858130024,0.6544732075030678,6.282051282051282,93.71794871794872,0.9735662025017744,-4.762852027622266,4.585948953125585,10.065515187611673,-5.73537762634867,-0.2953852357194847,-0.05801548133815478,-0.5503847368221055,1.4462117261353595,0.43516469845615735,0.0772141148975456,10.467579745173515,0.763730659095466,0.7679253485577232,0.8884089183899395,False,False,False,False,False,False,False,False,False,False,False,False,False,False,False,False,False,False,False,False,False,False,False,False,False,False,False,False,False,False,False,False,False,False,False,False,False,False,False,False,False,False,False,False,False,False,False,False,False,False,False,False,False,False,4,True,-0.4549659461552068,-0.1460400596743168,-0.9025958732669609,0.04450797894054553,0.3889683180956867,-0.23859643787488974,-0.0296571597395134,-0.2579455936817439,0,Upper-Mid,49.900852403224086,86.32458178476871,59.08034496735851,89.64093922217715,66.19948371731671,98.21346691944035,95.43544187316522,49.73417419603812,56.1192737980586
-47.583,3684.958,50101020.0,3397.504,132.847,10.972,11935.709,1295.975,497.345,DE0005089031,225236,UNITED INTERNET AG,4781.247,1881.568,119.667,640.725,2024.0,,517.0,6390.975,5010.0,2024-12-31,501010.0,-101.754,148.024,1295.975,4781.247,6329.186,655.25,1255.137,DEU,2759.136,1292.487,69.1,774.598,7370.0,6.535,17.99,6329.186,50.0,954.121,1989.27,5.368135231849235,-0.9952006244396074,10.123339715407322,20.476171817355343,-0.7518028384692755,20.476171817355343,41.77832662841635,7.834020133392006,1.0572405568121908,0.9936409420228236,0.07060441078929915,0.08016558529906972,0.9023510878155625,0.7105895177555144,0.8146094523039701,40.05834089956449,53.54499678234448,4.328521050640437,2.902835317039295,32.631903140399956,0.5302731492532199,576.8488880787459,4.896904959198816,74.53687646405083,43.59385235320941,58.76572394198808,30.793435115779623,11.941762320110183,12.238509027859191,1.182141167493323,179.52300000000002,2.836431098722648,81.18446192883292,148.91271606383393,2.4963590042514014,0.10325182416822638,,,1.866505204390112,6.13645696557934,0.09122422915526229,486.5422942464148,-2.9194427315977767,-0.5468603182232925,-0.0728668106173555,0.9960844831622925,-0.778187920511514,2.039358137012388,0.4132467835297932,7.993835975726284,4.339954980035436,0.7909672587684747,0.4524402035389427,False,False,False,False,False,False,False,False,False,False,False,False,False,False,False,False,False,False,False,False,False,False,False,False,False,False,False,True,False,False,False,False,False,False,False,False,False,False,False,False,False,False,False,True,False,False,False,False,False,False,False,False,False,False,11,True,-0.37530302912426433,-0.1334351309092502,-0.6245046359416541,-0.01026075173495353,0.1291678319879179,-0.24243619263461966,0.05099472243894956,-0.3004771575287828,0,Upper-Mid,59.05199851661281,91.0644136153025,67.52775450079311,95.68654289279756,71.69067715633992,97.731599284997,96.44046494942187,48.36763041886663,62.155937992436364
124.408,1724.047,35101010.0,286.928,230.599,15.444,3093.435,298.517,108.652,DE0005550636,102218,DRAEGERWERK AG,1535.15,978.482,662.585,164.141,2024.0,,339112.0,1556.639,3510.0,2024-12-31,351010.0,-161.385,18.744,298.517,1535.15,3370.88,134.376,1014.549,DEU,507.144,913.964,37.473,59.895,3841.0,333.066,0.0,3370.88,35.0,167.308,1884.764,5.306107935030152,8.103963782040841,4.869381289158914,8.855758733624453,3.6906683121321433,8.855758733624453,48.854690763242836,9.008450790800392,1.926212234869931,1.2490561911205316,0.23567015029402685,0.23567015029402685,29.296946598199085,0.18690551411914144,0.2576816597726606,49.62606293650909,50.320727605396584,8.756988903115664,0.552668692235283,12.78772626546218,1.0896883238212538,218.26469826469827,3.6881977845954546,98.96432385608506,15.0448547560281,3.7194603887090336,2.602001252669469,36.999743004136185,1.7768357224226317,0.4457269155206287,107.41299999999998,3.1864972944750325,35.79924450713654,101.92943871427613,2.0150701885809204,9.880683975697739,30.12105330846891,69.8789466915311,-0.07778262601733088,-0.035998783667667844,1.799485861182526,-13.79996629456942,-7.950144464252773,-0.09834571863561763,-0.003910554709133832,-0.15836151694121012,0.07193280686720843,3.781958291545897,0.05147184937576963,5.4084860357499025,5.268129800927575,0.007438239047710455,0.5193124570410924,False,False,False,False,False,False,False,False,False,False,False,False,False,False,False,False,False,False,False,False,False,False,False,False,False,False,False,False,False,False,False,False,False,False,False,False,False,False,False,False,False,False,False,False,False,False,False,False,False,False,False,False,False,False,11,True,-0.7444073252567736,0.01712857263021184,1.246056742123937,-0.2872590120469178,0.028068452364476006,0.3079343509071859,0.6100916640098983,0.6555449803650186,0,Upper-Mid,47.687781283801925,80.81038274574165,56.50477618527662,72.7699082064116,77.07063547714702,94.92477246878295,92.86066352773803,50.9040674734263,54.074775204882314
11351.0,189658.0,25102010.0,137061.0,67622.0,679.472,632905.0,45843.0,117020.0,DE0007664039,100737,VOLKSWAGEN AG,182294.0,217039.0,56720.0,33403.0,2024.0,2069.0,336110.0,436174.0,2510.0,2024-12-31,251020.0,11140.0,14474.0,45843.0,182294.0,324656.0,12440.0,31349.0,DEU,144645.0,111640.0,3170.532,17202.0,3711.0,17963.0,27326.0,324656.0,25.0,17151.0,245231.0,5.277727305045781,6.2267545832556195,10.288736385589669,14.120484451234539,3.496316100734316,14.120484451234539,41.581858952244836,10.459519969939409,1.1298937057395215,0.8685581853952515,0.3115661240606527,0.437469763498726,4.4543809892479915,0.7518678618056546,1.393797930815057,28.802742907703365,68.91618805349934,2.307793284510156,4.067338524965644,40.14520346655501,0.5129616609127752,477.80629665387244,2.908061626657112,125.5131585431965,44.553311813119116,11.51589103291714,3.343758815232722,28.323682069188898,5.298531368587058,1.382797427652733,-51.0,-0.015708934995810952,100.29735875459156,51.34568751309763,3.471891559788035,5.532933320191217,27.931741696766803,72.0682583032332,0.735996822678131,5.424777375411849,-0.6656189466759277,-101.08441420369975,17.39575513546714,0.42298112486831807,-0.029085346462473488,-0.1597886534865612,0.6665555175325564,1.798038321810791,0.1461485333306627,2.7098853698422354,1.983443747234279,0.6087469152289839,-0.05496050692312293,True,True,False,False,False,False,False,False,False,False,False,False,False,False,False,False,False,False,False,False,False,False,False,False,False,False,False,False,False,False,False,False,False,False,False,False,False,False,False,False,False,False,False,False,False,False,False,False,False,False,False,False,False,False,11,True,-0.061362611374672735,-0.16977726605706467,-0.6797058803852121,-0.06837161957066513,0.02925744620161157,-0.427316437866174,0.19391095410339307,-0.24984142749314042,0,Upper-Mid,58.01166443644029,90.54022673268798,75.65190128465159,75.94952996474308,70.33470892647277,91.63834756639635,96.03808613732876,49.16397789749091,59.45787045655894
108.452,1044.456,35101020.0,263.815,160.906,10.079,2097.867,198.021,26.377,DE0007474041,102529,PAUL HARTMANN AG,1148.549,465.595,500.172,108.62,2024.0,15.625,339113.0,901.799,3510.0,2024-12-31,351010.0,-31.748,14.835,198.021,1148.549,2425.8,89.401,795.331,DEU,569.902,427.654,28.4,138.601,3842.0,93.5,0.0,2425.8,35.0,198.663,1094.778,5.177639955249784,9.44252269602777,4.477698078984252,8.163121444471926,4.4707725286503415,8.163121444471926,56.94385357407866,7.690651984899077,2.3513525703669496,1.2770884567059353,0.3455921992289436,0.3455921992289436,29.991558092100213,0.22969416193823686,0.2526596601451048,54.748418274371055,42.986471497001475,7.321873946747556,0.6528903500133825,13.832716754684638,1.156317345189185,240.67863875384464,5.6723425947144195,64.34731222689422,23.493363014263334,3.8554760697603085,2.088193661380485,28.055162696205237,5.713620248990024,1.5503294146597912,60.06200000000001,2.4759666914007754,69.76689167081942,182.8972564905174,1.8265367868501912,3.8543985489323105,26.18670010695976,73.81329989304024,2.4629459892122174,5.590936522133472,-0.8752950432730056,-48.96245814992947,22.544052766062794,-0.4151692876159462,0.017269178160031304,0.21377380582425518,-0.38951427406652395,2.2819621022878303,0.08763507010663858,9.469761429108708,4.4642434716616926,0.36410468546596986,0.22549322370812225,False,False,False,False,False,False,False,False,False,False,False,False,False,False,False,False,False,False,False,False,False,False,False,False,False,False,False,False,False,False,False,False,False,False,False,False,False,False,False,False,False,False,False,False,False,False,False,False,False,False,False,False,False,False,11,True,-0.8999966879075625,-0.003682411477760421,1.4403929141422234,-0.4474149056888558,0.29256537294624296,0.5847517903515979,0.6546307257906884,0.6135151308816729,0,Upper-Mid,39.642350246477626,71.72298301594768,51.966197170186234,63.209338082635604,73.04035045845471,98.67910635939818,91.49485992766002,51.91646817624049,47.47852307881236
784.0,13852.0,50201020.0,5832.0,2450.0,74.607,32951.0,2462.0,1125.0,DE0005229900,103255,BERTELSMANN SE & CO KGAA,13532.0,9357.0,883.0,1681.0,2024.0,133.0,515120.0,17301.0,5020.0,2024-12-31,502010.0,-1629.0,286.0,2462.0,13532.0,18988.0,781.0,479.0,DEU,2915.0,5548.0,220.0,396.0,4833.0,84.1,208.0,18988.0,50.0,2172.0,12565.0,5.101514369821857,5.793674253621046,8.852959764061513,12.966083842426796,4.128923530650938,12.966083842426796,27.048662313039816,8.681057632720513,1.3428449289302127,1.248477075985893,0.26183605856577963,0.2840654055787111,9.73566811325908,0.4309784215193615,0.5141146911025717,41.067038936602835,52.50523504597736,5.8776223776223775,1.830625507717303,21.11316803738885,0.5762495827137264,254.50694975002347,3.4224945926459984,106.64735622498421,15.351801137560564,5.918952618453865,15.687429218573046,24.27240447937847,2.085527701706341,0.5070422535211268,1776.0,9.353275753107225,18.23204419889503,129.2088042831648,2.435042861365652,0.4429113124078365,28.061224489795915,71.93877551020408,-5.855520848827411,1.0085218564159115,-7.22599418040738,20.48846675712348,-10.204081632653061,-0.12080893838745095,0.0006866197300966331,0.02415900386240769,0.04408664795454003,1.3599723118676057,0.12457961648497791,6.5916057175806495,1.5427911953834248,0.0868021911186794,-0.6956676548323845,False,False,False,False,False,False,False,False,False,False,False,False,False,False,False,False,False,False,False,False,False,False,False,False,False,False,False,False,False,False,False,False,False,False,False,False,False,False,False,False,False,False,False,False,False,False,False,False,False,False,False,False,False,False,11,True,-0.4353462227339901,0.06652861790886934,0.033023170014341366,-0.10224553151442048,-0.25102130881236556,-0.3187475489422953,-0.0799305848721987,-0.21384590945127305,0,Upper-Mid,69.12853905860912,83.07880292754547,91.0612791769526,92.67164268509714,74.77203293212906,96.62852650646579,95.97683674438282,48.38509504241183,64.75014541728183
115.342,3478.644,25504030.0,1549.617,301.138,24.145,4394.077,519.867,382.419,DE0006084403,223089,HORNBACH-BAUMARKT AG,1670.35,1107.509,1199.091,220.139,2024.0,,444110.0,2723.727,2550.0,2025-02-28,255040.0,-223.404,71.261,519.867,1670.35,5847.008,299.728,1866.56,DEU,2552.384,133.852,88.2,102.09,5211.0,84.1,0.0,5847.008,25.0,293.846,1666.76,5.0099031036552155,6.905259376777323,3.764985442126982,8.891162796425112,1.9726670461199987,8.891162796425112,40.50557139651597,6.836684972237295,1.5049629393530888,0.422271060551201,0.2719056910598469,0.2719056910598469,12.727382792791294,0.9277199389349537,1.1566653695333315,38.01367158563676,61.986328414363236,3.089193247358303,3.1371446927771918,43.969097491919236,1.3306566999167286,242.16226962103954,43.6826345515943,8.35572313224131,43.65282209294053,10.45506936956751,2.901067558675697,9.899462389939911,1.7460212129006836,0.3406088186622538,191.756,3.279557681467171,34.74268834695725,133.48202726459192,2.630632502170204,1.4383424821720785,76.46824227081203,23.531757729187973,1.1598855149173026,3.2473713383834646,2.530893031551229,-40.31331803991024,-11.954946874568783,0.0922619794689531,0.10742276383931121,-0.11002956581513568,0.4920661200644018,1.1044119343611911,0.4925614583297832,6.687320226750691,2.765392281962057,0.09072494351679716,0.032137880620271064,False,False,False,False,False,False,False,False,False,False,False,False,False,False,False,False,False,False,False,False,False,False,False,False,True,False,False,False,False,False,False,False,False,False,False,False,False,False,False,False,False,False,False,False,False,False,False,False,False,False,False,False,False,False,12,True,0.012040564984007246,-0.187583866194393,0.5844195948731962,0.39891753722854517,0.0334791155417879,0.032647588764621836,0.3297577137754154,0.42075886271496915,0,Upper-Mid,58.78976350098372,83.59976536682801,98.03579607696014,95.18465142449944,60.92202549544484,96.88026856155942,97.46358096881394,49.228831160327324,58.89262744052576
34.6,784.283,35103010.0,826.439,107.407,8.815,1965.666,207.697,53.553,DE000A288904,210334,COMPUGROUP MEDICAL SE & CO,647.914,331.249,14.707,97.916,2024.0,,513210.0,1317.356,3510.0,2024-12-31,351030.0,18.813,34.029,207.697,647.914,1185.711,109.781,12.012,DEU,166.775,243.967,2.587,24.805,7372.0,19.739,0.079,1185.711,35.0,128.882,394.6,4.981314221235958,5.3402149050645615,8.257998787225555,17.516662997981804,2.91808037540345,17.516662997981804,33.8554673103311,6.641286042080831,1.1912488792418996,1.146850254642278,0.3242485260332861,0.3244870173192975,3.2228771317202414,1.2755381115394944,1.3581925996351367,32.96155094507409,67.01830321122713,2.877428076052778,3.719769664463136,44.76813456609617,0.6032108201495066,134.5106069200227,4.86012862395324,75.10089305066748,14.06540042219394,18.71653170431406,53.32719113347385,17.8755699086213,2.09199374889834,0.22594984560169792,104.077,8.777602636730197,19.24628730156267,131.6250663834307,3.033837824155675,1.664739552892737,7.476878612716763,92.52312138728324,-3.4281586118934393,3.4592090394290675,-4.174366778997718,-35.176730715331196,30.738417751541668,-0.41721603985407274,-0.08442639433084351,-0.021828022100526076,0.3129744991489905,3.6163252930064598,0.39576297979062464,6.5566581504691035,2.908911442206919,0.146413020556825,0.22650180346359378,False,False,False,False,False,False,False,False,False,False,False,False,False,False,False,False,False,False,False,False,False,False,False,False,False,False,False,False,False,False,False,False,False,False,False,False,False,False,False,False,False,False,False,False,False,False,False,False,False,False,False,False,False,False,11,True,-0.0019625306774244938,-0.05200647638418973,-0.35155605395896783,0.0808542025741295,-0.2056263243913812,-0.30992519730127294,0.09675950227359259,-0.4020017820511619,0,Upper-Mid,63.2611871023587,90.77963735992488,73.71023271939346,82.97638855321348,76.55553163583467,96.82848890941652,99.40203952417035,48.303865270752695,63.241370913625005
251.1,5988.6,25504010.0,1182.6,2676.9,15.309,7983.9,673.8,542.9,DE000ZAL1111,318434,ZALANDO SE,2665.3,3990.2,1549.7,391.9,2024.0,67.9,454110.0,5318.6,2550.0,2024-12-31,255040.0,-325.6,93.4,673.8,2665.3,10572.5,281.9,3910.9,DEU,1596.6,1074.3,88.2,120.6,5960.0,68.0,89.1,10572.5,25.0,654.1,5451.6,4.908628615087864,9.421078302630097,3.7067864743438164,6.373137857649562,2.375029557815086,6.373137857649562,43.35682194372192,10.184776111645313,1.3662473058994538,0.9778707834193776,0.6708686281389404,0.6931983359230114,18.30433747917685,0.44370239747870777,0.6473942895734063,33.38343416124952,66.6165658387505,4.195931477516059,-1.4119916889284656,21.612244642342716,1.3242275078595673,690.6068325821412,9.84129200409569,37.08862615275479,15.101442421376209,7.234501163268097,3.8643608440343296,46.984556419794835,1.14069519981083,0.427811280595956,533.5,5.046110191534642,18.43754777556948,166.90482265884157,2.9954976925674406,0.6431780562780799,35.12544802867384,64.87455197132616,4.233419763188762,2.4930356753148475,-3.064648895080102,-29.71014492753623,-36.69291338582678,-0.09231774401717892,0.09766222991295101,-0.04996548954247792,0.13439952618348297,1.3553190125092662,0.37137524481038625,8.192737884993551,2.080364110223859,0.05103639497690944,-0.19793484379224358,False,False,False,False,False,False,False,False,False,False,False,False,False,False,False,False,False,False,False,False,False,False,False,False,False,False,False,False,False,False,False,False,False,False,False,False,False,False,False,False,False,False,False,False,False,False,False,False,False,False,False,False,False,False,11,True,0.061690572854582626,-0.16200592625575078,0.7926460774446735,0.5306940352290926,-0.08175482245070916,0.027892208108093473,0.5895635766462773,0.4924018802254739,0,Upper-Mid,55.68337615827546,81.91640873216329,81.77445963932371,86.22823467315668,61.23878903176253,99.11563751286043,99.70201456068799,48.71606674116933,56.46527403182289
10207.0,89497.0,25102010.0,73487.0,21741.0,163.132,265010.0,17353.0,39311.0,DE0007100000,17828,MERCEDES BENZ GROUP AG,92625.0,74826.0,26234.0,12586.0,2024.0,272.0,336110.0,171380.0,2510.0,2024-12-31,251020.0,-10752.0,249.0,17353.0,92625.0,145594.0,4767.0,11167.0,DEU,71757.0,49973.0,4140.0,4039.0,3711.0,7585.0,7230.0,145594.0,25.0,17735.0,101767.0,4.749254745103959,11.019703103913631,8.64458700221163,11.918760388477548,7.010591095786914,11.918760388477548,38.52974710496312,7.576815642458101,1.3600486461924999,1.0094485873894101,0.2905540854783097,0.3871782535482319,10.166031470510546,0.7933819163292848,1.217792172739541,34.9515112637259,64.66925776385797,50.54618473895582,5.247334754797441,42.56367684238331,0.5493905890343761,892.4919696932545,2.913453264762972,125.28088382763026,49.285684849650394,5.404179503359193,3.4114889075245864,27.06086562771216,2.7741527810211957,0.8472834067547724,13696.0,9.406981056911686,22.7741753594587,140.91053551565233,2.86110661268556,5.209692707117052,40.56039972567845,59.43960027432155,-4.9759166677544435,0.7558303107724873,-1.760851760851767,27.70163170163171,7.8504672897196315,0.3217632319941527,-0.08301194676700893,-0.13907701533467834,1.7978061353709127,3.0798127165712437,0.47833504736836124,6.692200294328515,3.73365028935714,0.12006513144456506,-0.46502827748152836,True,True,False,False,False,False,False,False,False,False,False,False,False,False,False,False,False,False,False,True,False,False,False,False,False,False,False,False,False,False,False,False,True,False,False,False,False,False,False,False,False,False,False,False,False,False,False,False,False,False,False,False,False,False,11,True,-0.2090633369849358,-0.02343042753617936,-0.2590947694808036,-0.24729018988925566,0.12384257223784702,-0.2889504505794179,0.039818693226198174,-0.05762154944968747,0,Upper-Mid,69.47722148542661,90.95141691850908,92.42796714459197,90.0393052691562,72.25220376513279,97.3363681433293,99.24507961204195,50.90462175232187,65.822933069558
183.012,5106.223,55103010.0,1463.508,796.631,5.447,7876.016,575.97,241.787,DE000A0H52F5,244394,MVV ENERGIE AG,2178.635,3051.368,357.179,372.627,2024.0,,22111.0,5361.493,5510.0,2024-09-30,551030.0,-329.445,60.581,575.97,2178.635,6361.422,203.343,585.169,DEU,2819.963,665.709,82.383,412.129,4931.0,0.304,17.723,6361.422,55.0,498.004,3662.918,4.731161033700287,8.400305695997723,5.857605422183909,9.054107713652703,2.8769039375158574,9.054107713652703,19.73142168527728,10.230982144303505,1.2004183041835663,1.0833629375414568,0.2610733939662473,0.26688160851132997,7.7647125145505065,0.6717545619160621,0.7827355201766243,27.661637558887648,68.0736682099173,6.150888892557072,1.5776238345747176,21.651746263593168,0.807695413518713,1167.8762621626583,9.555859992879771,38.19645749016494,44.329129556253314,10.402129016433648,14.295977647062118,18.567001387503527,6.478567213431212,2.0267675799019393,85.875,1.3499340241851587,82.75616260110361,133.64678351273525,3.61511496877632,0.004778805745004812,45.0150809782965,54.9849190217035,-4.278055232457534,-17.55867834980779,2.080209895052465,-109.19012400112582,28.519217276058306,0.4304629757397033,-0.04539001981402237,-0.14181184346800718,-0.02853103350258227,3.948103928022732,0.22085311763604165,6.323044544348311,4.467484801843641,0.13076368167196753,0.16525281237886663,False,False,False,False,False,False,False,False,False,False,False,False,False,False,False,False,False,False,False,False,False,False,False,False,False,False,False,False,False,False,False,False,False,False,False,False,False,False,False,False,False,False,False,False,False,False,False,False,False,False,False,False,False,False,11,True,0.2658854860008971,-0.09474728315513298,-0.06658408237343671,0.22918575148860296,-0.23611636346074502,-0.5732295552958694,-0.18936034876573682,-0.04401413365327803,0,Upper-Mid,61.324808618955814,72.7340851640235,83.87523424768528,73.59869541409768,90.93817737980656,96.63508210327375,94.96311387524959,46.915482310183016,60.07733662876778
537.913,13096.417,35102015.0,9760.642,1343.28,111.513,33566.579,3022.214,1243.582,DE0005785802,212782,FRESENIUS MEDICAL CARE AG,14576.563,5660.06,2067.922,1539.374,2024.0,,621492.0,17798.066,3510.0,2024-12-31,351020.0,-2569.3,409.193,3022.214,14576.563,19335.909,1482.84,3142.819,DEU,7258.582,3876.019,422.515,699.358,8090.0,183.493,163.093,19335.909,35.0,2386.144,7922.744,4.5860318383949705,3.6902594939561544,7.9612186838487915,15.630059078163846,2.7819379993979076,15.630059078163846,32.26893548164713,6.325188122465172,1.3997632533930735,1.03440988258075,0.23732610608368107,0.2661408182952124,6.740883543717695,0.6696120340576855,0.7549258353975488,43.425822452743844,53.02317522438018,3.761975400361199,3.1966445791065756,32.78327529296328,0.5760464597837033,173.3960076403648,4.988600159080748,73.16681801719278,37.539388502500714,8.545563145361882,6.333129102548355,15.549094234476502,3.6168871088501704,0.4716341614739284,1686.7859999999998,8.723592979259468,29.30912803250768,155.00742509617544,2.3027773419563995,0.9489752977219742,78.54708846969677,21.452911530303226,-0.6050699980368668,-1.0705306673117643,-6.952313404814547,-13.240321879637184,2.1563082460312355,-0.6851539358300058,0.002466702715357161,-0.23648107977793162,0.47027849379236697,2.5187053051457546,0.1616243129603466,7.108689866786841,1.8884406427325797,0.8139810324935125,0.1963698941668408,False,False,False,False,False,False,False,False,False,False,False,False,False,False,False,False,False,False,False,False,False,False,False,False,False,False,False,False,False,False,False,False,False,False,False,False,False,False,False,False,False,False,False,False,False,False,False,False,False,False,False,False,False,False,11,True,-0.399138528812887,0.03947651934988279,-0.09426978252649876,-0.1915665603892362,0.04478570529366448,-0.2716364461265139,-0.12880856114129238,-0.21744633703428437,0,Upper-Mid,67.74116389120793,86.56208384828183,83.92257378850647,87.2167963854709,75.56700160461286,98.2656768861325,94.98431621053889,48.75582012947219,64.46561220537856
70.2,1637.2,20106010.0,297.0,35.6,6.019,2488.6,187.8,214.8,DE000WACK012,284636,WACKER NEUSON SE,1499.6,558.6,621.9,110.7,2024.0,4.1,333120.0,989.0,2010.0,2024-12-31,201060.0,-177.5,25.5,187.8,1499.6,2234.9,77.1,346.9,DEU,574.4,266.2,40.8,61.9,3531.0,58.9,0.3,2234.9,20.0,305.3,1008.0,4.448284175841839,4.681248332888771,4.953241755783257,8.40306053962146,3.1410801378137725,8.40306053962146,26.743925902724957,6.161638650784816,1.8045112781954886,0.6911922663802363,0.06373075546007877,0.06426781238811313,18.05834605802459,0.1980528140837557,0.3412910109362497,60.258780036968574,39.741219963031426,4.341176470588235,2.535676251331203,20.565779956602107,0.8980551313991804,371.3075261671374,8.395567242674682,43.475323280683696,25.701373663251147,4.973075211392969,2.632577584820711,12.127300490235475,2.769698867958298,0.8028534370946823,243.4,10.890867600340059,20.275139207337045,275.79042457091236,1.6595092024539877,2.6354646740346324,58.11965811965811,41.88034188034189,-15.81980488907303,-5.909486180952028,-8.511931904544756,-1640.5063291139243,-52.015503875968996,-0.0979512458514454,0.02132982424060812,-0.3032373531764797,0.4818314816871432,1.8776599077777045,0.10957989210481218,12.267941814674918,6.464320727040573,0.029934964477456884,0.7518975709515904,False,False,False,False,False,False,False,False,False,False,False,False,False,False,False,False,False,False,False,False,False,False,False,False,False,False,False,False,False,False,False,False,False,False,False,False,False,False,False,False,False,False,False,True,False,False,False,False,False,False,False,False,False,False,11,True,-0.8377323427806516,0.2012870904751162,1.0195434941757464,-0.2587742691912185,-0.004786692774277977,0.1417310763529972,-0.22727951611332722,0.22381337525008954,0,Upper-Mid,49.10365054569883,77.9486807035556,80.00918010642671,54.168287973257364,94.36854866075566,93.56195172298514,90.30164348035325,49.54166783116122,54.80330745542973
84.0,1522.2,35203010.0,4166.7,828.7,12.826,10103.0,768.8,393.1,DE0007165631,208821,SARTORIUS AG,2764.8,1444.6,788.5,434.7,2024.0,15.9,334516.0,6205.2,3520.0,2024-12-31,352030.0,-128.3,199.5,768.8,2764.8,3380.7,334.1,886.5,DEU,1622.2,391.2,50.746,409.9,3826.0,216.1,15.3,3380.7,35.0,976.2,2113.7,4.3026823715728,3.038194444444444,12.85828378738131,22.740852486171505,2.4846925193007365,22.740852486171505,54.973821989528794,6.2713698333694,1.4631731967326596,0.9173473625917208,0.5736536065346809,0.5842447736397619,6.622785311293675,1.5070529513888886,1.6492332175925926,27.3661288726121,61.41938038206474,2.1789473684210527,4.853147762747139,45.1331287736316,0.3346233791942987,263.58178699516606,8.641871165644172,42.23622326737066,47.98414529535304,5.052607980869825,1.9305009511731135,12.074631297634367,12.124707900730618,1.226878180185573,566.3000000000001,16.750968734285802,41.98934644540053,224.56866804692893,3.654152199074074,6.392167302629632,60.411904761904765,39.588095238095235,-0.4417351356126864,3.5642163746886446,-12.234843300944299,92.68458659407966,-26.76433803823478,0.2536720501323209,0.11240636595759079,0.2946165627775791,1.3110071000045926,4.696320998152635,0.5126758031717229,9.66247649213105,2.0642773834259933,0.03209389115285712,0.022778873856991098,False,False,False,False,False,False,False,False,False,False,False,False,False,False,False,False,False,False,False,False,False,False,False,False,False,False,False,False,False,False,False,False,False,False,False,False,False,False,False,False,False,False,False,False,False,False,False,False,False,False,False,False,False,False,11,True,-0.038497813235913385,-0.16351414425180205,-0.7902273297058802,-0.4268459391591963,0.357847167637401,-0.10724314580569617,0.2286858105502886,-0.37026796222756364,0,Upper-Mid,47.461379196032475,70.88303223494269,83.83953493210255,70.985838822762,58.72601992572398,95.48088754716042,94.67220991409184,51.64135250783903,49.06864499653633
-96.4,7350.2,25101010.0,672.4,1063.6,35.528,7583.1,796.1,42.5,DE000VTSC017,350278,VITESCO TECHNOLOGIES GROUP,2851.3,3143.8,825.1,325.4,2023.0,,336350.0,4731.8,2510.0,2023-12-31,251010.0,234.4,57.5,796.1,2851.3,9233.2,470.7,403.2,DEU,1842.7,1828.1,10.005,499.8,3714.0,1020.2,0.0,9233.2,25.0,629.0,3815.2,4.2911210454827176,-3.3809139690667416,3.5242386171641464,8.622146168175714,-1.044058397955205,8.622146168175714,20.393796300307592,9.23461134602832,1.2135632037661428,0.9511101215090018,0.3383166868121381,0.3383166868121381,8.853898801281792,0.23582225651457228,0.2507277382246694,37.60071738471074,62.399282615289266,5.659130434782608,-0.4380103002135409,9.42754282549353,1.2176022998509846,259.8851609997749,5.050708385755703,72.26709049950179,19.957327903652036,13.75215966636879,8.908253545024845,38.13348103018554,5.4130745570333145,1.0618228170809434,129.2,1.3992981848113328,79.45945945945945,193.30055316533497,2.65952372601971,11.049257028982368,,,1.7993384785005562,-0.27092073595749167,-6.610940251820308,-11.202749140893475,11.91222570532915,0.7667813728400232,-0.011081557756935747,-0.43634804352195666,0.3998975218116258,1.8326080543522392,0.0980835005480291,8.2947607179122,3.2373747807147866,0.6127339875537323,0.08642542817070153,False,False,False,False,False,False,False,False,False,False,False,False,False,False,False,False,False,False,False,False,False,False,False,False,False,False,False,False,False,False,False,False,False,False,False,False,False,False,False,False,False,False,False,False,False,False,False,False,False,False,False,False,False,False,6,True,0.0869390151027087,-0.021962984086536932,0.609957850938074,0.6736707295933065,-0.26477741998319526,-0.33500030787665447,-0.06470188082798525,0.14061985462071802,0,Upper-Mid,57.95736299457839,69.96318863680104,86.39068329455475,93.70713028800756,68.47710195251405,98.09111147317138,97.68513680570986,47.040765543677026,56.81786124686943
7290.0,78741.0,25102010.0,66770.0,19287.0,159.104,267732.0,17900.0,44491.0,DE0005190003,100022,BAYERISCHE MOTOREN WERKE AKT,92315.0,87689.0,24387.0,11339.0,2024.0,,336111.0,172729.0,2510.0,2024-12-31,251020.0,5766.0,562.0,17900.0,92315.0,142380.0,6561.0,9632.0,DEU,88419.0,45130.0,2677.0,12205.0,3711.0,7642.0,0.0,142380.0,25.0,7566.0,96387.0,4.23520535460834,7.896874830742566,7.9638994240764145,12.571990448096642,5.120101137800253,12.571990448096642,44.69658659924146,7.127636169343433,1.0991914607305364,0.8210836022762262,0.2199477699597441,0.2199477699597441,3.2487711592189203,0.7232844066511401,1.205232085793208,34.48037589828635,64.5156350380231,20.176156583629894,5.138212290502794,41.55685536282551,0.5318004571735915,894.8863636363635,3.154885885220474,115.6935665121506,62.100716392751785,16.369280294320532,3.2288104317874278,24.06025428413488,8.57213091726366,1.8602347203170249,-4639.0,-3.2581823289787892,161.31377213851442,66.72546079901225,2.9002004008016034,5.367326871751651,36.72153635116598,63.27846364883402,-8.436121364905013,6.712902068635662,2.680864795095217,-169.64419756793274,12.167999264773455,-0.32164706862213477,-0.10796044267586966,0.03249832394869877,1.0003772041760857,2.300976531313524,0.39060408703112054,2.8259602886468556,2.9111938621377833,0.21494507685424238,0.5827736771714417,True,True,False,False,False,False,False,False,False,False,False,False,False,False,False,False,False,False,False,False,False,False,False,False,False,False,False,False,False,False,False,False,True,False,False,False,False,False,False,False,False,False,False,False,False,False,False,False,False,False,False,False,False,False,11,True,-0.09171567967606283,-0.12204851846954202,-0.6029929710893754,-0.13551672109800605,0.3493636256961336,-0.44843410961783703,0.12984951339467432,-0.15456345912998015,0,Upper-Mid,58.159299369142516,83.47983086932905,72.73258356804953,89.05931289625437,68.80828670676735,92.21389829055212,99.55047735865114,48.80773035261733,59.18686021716336
222.0,10212.0,15101050.0,2944.0,618.0,30.669,19750.0,1870.0,837.0,DE000EVNK013,295421,EVONIK INDUSTRIES AG,9020.0,4059.0,2662.0,834.0,2024.0,,325.0,10650.0,1510.0,2024-12-31,151010.0,-1330.0,222.0,1870.0,9020.0,15157.0,1036.0,2624.0,DEU,6461.0,2056.0,545.22,840.0,2800.0,461.0,157.0,15157.0,15.0,1713.0,5508.0,4.222784810126582,2.46119733924612,5.502408128257571,12.33753381275978,1.4646697895361878,12.33753381275978,32.62518968133536,6.970912738214643,1.3569844789356984,0.7011579206701158,0.15225424981522542,0.19093372751909338,7.336708860759495,0.3263858093126386,0.41917960088691797,45.67088607594937,53.92405063291139,3.7567567567567566,1.6914438502673796,19.144303797468353,0.7674430379746835,494.21239688284584,7.372081712062257,49.511116975654815,42.62716896483473,10.46031746031746,3.836213373403456,13.539240506329115,5.541993798245035,0.8108108108108109,873.0,5.7597149831760905,49.036777583187394,205.3956834532374,2.1895787139689578,3.0414989773701917,245.59459459459464,-145.59459459459464,-0.7205082858452894,-0.9528585757271779,-4.9288570631451645,8.98876404494382,5.9268600252206705,-0.5681103448253229,0.01769660600533515,-0.2812362605535861,0.18636498081170066,2.4082166509832375,0.1270454139143703,8.673417721518987,1.4060616756414321,0.6121628501700321,-0.054724814041009096,False,False,False,False,False,False,False,False,False,False,False,False,False,False,False,False,False,False,False,False,False,False,False,False,False,False,False,False,False,False,False,False,False,False,False,False,False,False,True,True,False,False,False,False,False,False,False,False,False,False,False,False,False,False,11,True,-0.34780525743767277,0.027917218515618354,0.16490745717883676,0.015012376425535502,0.17035633325183,-0.23648005924014667,-0.10526751469606059,-0.05714111316109253,0,Upper-Mid,70.3862163127187,82.03224296688806,85.15429020286712,81.48737631362299,89.4661707621075,98.21204425110022,94.14302884655127,47.97568460315074,66.12959836414352
-5.227,181.482,45103020.0,425.563,130.007,4.707,2364.646,157.018,6.648,,222247,SOFTWARE GMBH,1456.741,444.979,0.0,97.764,2023.0,0.875,511210.0,907.905,4510.0,2023-12-31,451030.0,-266.48,63.766,157.018,1456.741,1000.181,59.254,412.629,DEU,58.113,160.769,3.7,9.646,7372.0,196.191,0.0,1000.181,45.0,-1.343,1513.244,4.13440320453886,-0.3588146417242324,9.774630791826679,15.69895848851358,-0.5226054084210758,15.69895848851358,81.85508422975441,5.193847540036041,3.4007087974938144,3.4007087974938144,0.2921643493288448,0.2921643493288448,45.176529594704654,0.29213360508147984,0.2966972165951257,61.605035172283706,38.39496482771628,1.5331681460339366,1.9246455820351807,18.278042463861397,0.42297282553075594,212.48799660080732,6.221230461096356,58.67006571810502,5.810248345049546,0.9362667502913604,,12.296808909240536,0.9644254389955418,0.16279069767441862,-10.989,-1.098701135094548,,-1.3737162963872183,1.6232439397257303,19.61554958552502,,,4.384176970129605,-11.71439718787861,-5.784627702161737,-322.7199027158492,-28.36242109171927,-1.5867969667914168,-0.0046997039002349235,-0.050987146877700895,-2.1419414468350735,6.221738615381914,0.08577094075354849,-0.0567949705791057,3.8603215177489156,0.5962530846146866,-0.36520526259992725,False,False,False,False,False,False,False,False,False,False,False,True,False,False,False,False,False,False,False,False,False,False,False,False,False,False,False,False,False,False,False,False,False,False,False,False,False,False,False,False,False,False,False,False,False,False,False,False,False,False,False,False,False,False,10,True,-1.6771632549508653,0.13523635874840187,1.5965774847258776,-2.019333098073615,0.6571651836233582,0.7840351876146466,1.0657750468930365,0.3604813621750949,0,Upper-Mid,18.83334044839322,48.9760518288626,27.9794438924568,52.23425899673138,63.393615511744706,88.48262694570785,90.04463381420993,52.41880975476582,32.06101477156466
360.3,7299.0,20106010.0,5433.9,787.0,42.719,18805.4,1881.7,3185.2,DE000KGX8881,297185,KION GROUP AG,6189.4,5510.2,1748.6,771.0,2024.0,,333924.0,12598.3,2010.0,2024-12-31,201060.0,-224.7,296.7,1881.7,6189.4,11503.2,1110.7,2062.9,DEU,4204.4,2884.9,107.5,462.9,3537.0,375.8,0.0,11503.2,20.0,1170.6,5569.0,4.0998862028991665,5.821242769896921,6.702482787398288,16.35805688851798,3.1321719173795115,16.35805688851798,36.548090965992074,6.633228084967264,1.0106711190156437,0.6933323654313819,0.14282603172298647,0.14282603172298647,0.3126761462133227,0.8779364720328303,1.3925582447410088,32.91288672402607,66.99299137481786,2.5985844287158746,4.162246904394961,45.833111765769395,0.6116966403267147,269.2759661977106,3.987382578252279,91.53874574031573,36.54982961262952,195.6326530612239,4.174196500057189,19.52577451157646,4.0240976423951595,0.4167642027550193,707.6999999999999,6.152201126643019,39.54382368016402,151.82879377431905,3.0383235854848616,3.2669170317824605,29.83624757146822,70.16375242853178,0.6078522263134323,8.149110901520551,0.9308919078558686,0.9269823160296564,4.539295392953924,-0.21706214395776283,-0.016866020357349208,-0.22351805946635564,-0.3274421490359033,1.8432564957069506,0.24983558455479307,6.224807767981536,3.32442837821426,0.15254195766071404,0.4892741503059048,False,False,False,False,False,False,False,False,False,False,False,False,False,False,False,False,False,False,False,False,False,False,False,False,False,False,False,True,False,False,False,False,False,False,False,False,False,False,False,False,False,False,False,False,False,False,False,False,False,False,False,False,False,False,11,True,0.103150199873384,-0.05200436258640031,-0.48662459729053065,0.1701597478981491,0.11439398313987738,-0.4548052879701482,0.04887866537487879,-0.3426509255228284,0,Upper-Mid,58.366546373783294,84.21287812819041,65.90267213214315,84.90464568643013,78.37627881284443,98.23865735692306,99.36700173924578,48.166508512414566,60.43610056572108
1042.0,15319.0,35102015.0,10805.0,2290.0,176.486,43550.0,2921.0,2772.0,DE0005785604,202305,FRESENIUS SE & CO KGAA,19542.0,9009.0,2573.0,1785.0,2024.0,,6214.0,23260.0,3510.0,2024-12-31,351020.0,-2183.0,547.0,2921.0,19542.0,21833.0,1136.0,2919.0,DEU,9890.0,5513.0,563.237,923.0,8090.0,641.0,8.0,21833.0,35.0,2447.0,11446.0,4.09873708381171,5.332105209292806,8.17569733889067,13.378830211148262,4.772591947968671,13.378830211148262,29.835570008702422,5.881965268395558,1.2705072705072704,0.9849039849039849,0.2541902541902542,0.2550782550782551,5.595866819747417,0.552911677412752,0.6947600040937468,44.87256027554535,53.40987370838117,3.263254113345521,3.864087641218761,31.175660160734786,0.5013318025258324,123.70952936776855,3.9602757119535643,92.16530023359135,45.29840150231301,8.958965941731638,5.953750485814225,17.917336394948336,4.227545458709294,0.8125,1524.0,6.980259240599093,37.71965672251737,137.08683473389357,2.228533415208269,2.935922685842532,54.053454894433784,45.946545105566216,-2.0897798107538446,-3.8291670347142426,-8.964485595646465,-54.12402167369055,-18.606701940035276,-0.8000602505664848,-0.05429001725900349,-0.10331682891980257,0.43837682591134286,2.9975055969396336,0.30308138292904646,5.618828932261768,1.4614247120074504,0.7836426553184878,-0.10907964411568895,False,False,False,False,False,False,False,False,False,False,False,False,False,False,False,False,False,False,False,False,False,False,False,False,False,False,False,False,False,False,False,False,False,False,False,False,False,False,False,False,False,False,False,False,False,False,False,False,False,False,False,False,False,False,11,True,-0.417668590895275,0.07752591516297559,-0.19168140118646076,-0.2382108750064289,0.10344696802328619,-0.39451717897783156,-0.250671728818412,-0.20723350934176332,0,Upper-Mid,59.99925017389527,81.28515778493546,79.9480445217013,83.73220630105556,69.50137186851147,97.27278574767479,94.43169426455329,48.524164618163226,59.05515803692748
32.522,1205.899,20305030.0,1403.823,250.786,6.549,3283.977,309.174,103.051,DE000A0S8488,287162,HAMBURGER HAFEN UND LOGISTIK,761.385,520.437,37.978,134.417,2024.0,,541614.0,2460.212,2030.0,2024-12-31,203050.0,146.229,59.252,309.174,761.385,1607.62,174.757,19.623,DEU,1894.585,342.308,15.659,244.716,4731.0,5.146,20.0,1607.62,20.0,195.947,655.799,4.093116364700484,4.2714264137066005,8.361242084572226,19.231783630459933,2.0229905077070454,19.231783630459933,24.988554509150173,6.208040982667716,1.2600929603390996,1.187119670584528,0.4818758082150193,0.5203050513318614,4.121892449307653,1.8437754880907822,1.9791222574650145,23.184845691672017,74.91562821542294,2.2685647741848376,4.0627219623901105,45.885644144279944,0.4895344882135289,245.47564513666205,4.6964137560325785,77.71887635137658,117.85030044413483,11.876449816048819,31.752567275791243,18.06023611005802,15.222254015252362,1.4003215894070051,-48.769000000000005,-3.0336149089959075,124.88887301157968,145.77545994926237,4.313162197836837,0.32010052126746374,48.148945329315545,51.851054670684455,9.598996468551002,9.09599185694372,1.3777089783281848,43.240226745381285,-5.303728010773079,-0.3414374050639267,0.11896882947712337,0.6026365660125278,-1.015141000523657,2.5671435498962256,0.5012200989362704,5.966759206900658,2.5549524225864833,0.1945873352782075,0.5593401818185055,False,False,False,False,False,False,False,False,False,False,False,False,False,False,False,False,False,False,False,False,False,False,False,False,False,False,False,False,False,False,False,False,False,False,False,False,False,False,False,False,False,False,False,False,False,False,False,False,False,False,False,False,False,False,11,True,0.49550439691851317,-0.1721909726915632,-0.887444176190467,-0.37623939553266467,0.25094190433206415,-0.6356282647118106,-0.5596421246783001,0.012011621739275677,0,Upper-Mid,41.31449645151092,76.87702391099678,76.38797651071899,62.43761428416632,52.91824683185791,96.2564486253216,89.8936391604937,51.42796492990516,46.082701815999044
108.0,1618.0,20101010.0,1328.0,734.0,8.986,4696.0,298.0,48.0,DE000HAG0005,340115,HENSOLDT AG,872.0,1883.0,719.0,184.0,2024.0,4.0,334511.0,3810.0,2010.0,2024-12-31,201010.0,367.0,100.0,298.0,872.0,2240.0,114.0,290.0,DEU,451.0,860.0,57.75,199.0,3812.0,80.0,1.0,2240.0,20.0,311.0,2407.0,3.9182282793867125,12.385321100917432,8.214285714285714,13.303571428571429,4.821428571428572,13.303571428571429,27.767857142857146,8.363636363636363,1.2782793414763676,0.8964418481147106,0.3898035050451407,0.3903345724907063,11.158432708688245,1.5229357798165137,1.5779816513761469,18.56899488926746,81.1328790459966,1.84,2.1543624161073827,29.3015332197615,0.47700170357751276,249.27665257066545,2.604651162790698,140.13392857142856,20.133928571428573,4.2748091603053435,2.2503477051460363,33.94378194207837,8.883928571428571,1.7456140350877194,112.0,5.0,63.9871382636656,169.02173913043478,5.385321100917431,3.571428571428571,53.47222222222222,46.52777777777778,21.277747698971304,31.910112359550567,30.099898653539903,-49.54954954954955,342.22222222222223,0.9894429023506705,0.29635478218950073,0.39134878118786237,0.8893397521947942,2.4976082546314156,4.115527831311952,6.622657580919931,2.559832346577172,0.7323852915410274,-0.23781128686064526,False,False,False,False,False,False,False,False,False,False,False,False,False,False,False,False,False,False,False,False,False,False,False,False,False,False,False,False,False,False,False,False,False,False,False,False,False,False,False,False,False,False,False,False,True,False,False,False,False,False,True,False,False,False,7,True,0.5792751849597819,-0.01549604223277001,-0.31986315117653275,-0.15812011661752104,-0.2952785602431779,-0.4920611958332556,0.014916486457865984,-0.27507681651240695,0,Upper-Mid,46.5733872504557,78.45015440896512,91.96049329251153,56.06464711522682,68.18388826569375,99.2250752637568,82.62922346328335,50.61565216705172,50.15343373335205
14.696,498.732,20106020.0,401.327,127.13,6.041,1436.628,149.363,69.603,DE000A1H8BV3,297222,NORMA GROUP SE,720.994,259.501,219.941,56.021,2024.0,,3333.0,715.258,2010.0,2024-12-31,201060.0,-114.121,25.687,149.363,720.994,1161.69,93.342,346.665,DEU,319.013,161.888,12.7,54.919,3580.0,50.8,0.0,1161.69,20.0,136.985,535.902,3.8994785010455044,2.0382971286862306,4.822370856252529,12.857388804242095,1.2650534996427618,12.857388804242095,57.06840895591767,4.991530943464482,2.0651249898844326,1.2175714159097655,0.48990177301821575,0.48990177301821575,19.23956654053799,0.5566301522620161,0.6531677101335102,50.186547944213814,49.78727965764276,2.180908630824931,2.3017748706172214,32.78023260022776,0.8086226914691904,192.300943552392,7.1758870330104765,50.86479181192917,27.461112689271662,4.202915329539328,2.2675717578805226,20.117803634622188,4.727509060076267,0.5883632234149686,82.06600000000002,7.064363126135201,40.09125086688323,244.52437478802597,1.9925658188556352,4.372939424459193,86.41807294501905,13.581927054980952,-5.229435336500798,-3.793667354638597,0.7841174507841275,40.99475990035222,-9.53432058905893,-1.180630036173918,-0.05391390023971358,-0.047865723365811505,-0.5602892538547872,4.532879852160701,0.18549399524169477,9.535175424675005,1.856927146182786,0.7462286605808969,-0.35906789008979645,False,False,False,False,False,False,False,False,False,False,False,False,False,False,False,False,False,False,False,False,False,False,False,False,False,False,False,False,False,False,False,False,False,False,False,False,False,False,False,False,False,False,False,False,False,False,False,False,False,False,False,False,False,False,11,True,-0.6261307958362099,0.044916001790655816,0.7607935843912621,-0.47361892143747525,0.5143149724339057,0.3074298616185241,0.46500330864326134,0.11245292028741054,0,Upper-Mid,55.18164084110153,68.89633248906142,73.09924304472672,72.1281517202226,95.58399348648618,95.69035411692711,92.69656814279975,50.75511679434701,57.40233702924809
353.104,5780.268,25101010.0,1040.789,1401.52,38.485,7483.219,775.765,162.522,DE000A13SX22,318659,HELLA GMBH & CO. KGAA,3200.43,2621.545,1118.106,287.77,2024.0,,3363.0,4235.918,2510.0,2024-12-31,251010.0,-234.472,63.226,775.765,3200.43,8024.792,487.995,641.572,DEU,2323.492,1241.512,106.0,455.751,3714.0,905.935,106.088,8024.792,25.0,854.141,3890.616,3.84553759551872,11.03301743828173,3.5860119489701416,9.667104144256946,4.400163892098387,9.667104144256946,27.969871368628624,6.78507759207907,1.4840927773507606,1.0575862706915198,0.534616037489343,0.5750837769330681,16.958891621373102,0.3252028633652353,0.37598416462787815,42.76809218065113,56.60555971968747,4.551450352703002,-0.2555013438347954,16.080125411270203,1.0723716625158237,208.5173963882032,6.463724877407548,56.46898760740465,28.953921796353104,6.323359370752307,5.169695896453467,35.319452764913066,5.6792873883834,0.9339255525159069,398.39,4.964490045349462,53.357817971505874,296.8137748896688,2.3381917429845367,11.289202262189473,30.019484344555714,69.9805156554443,0.8882291626462369,5.969927116121965,1.8849442723638532,10.262350163709378,-1.8588105077059214,-0.5474795014026841,-0.03524262037644669,-0.20897004907270572,0.26485004657699396,3.509538064600949,0.1973324026154787,11.414085302060517,2.3771550164837705,0.31635824974518734,0.42463871299940875,False,False,False,False,False,False,False,False,False,False,False,False,False,False,False,False,False,False,False,False,False,False,False,False,False,False,False,False,False,False,False,False,False,False,False,False,False,False,False,False,False,False,False,False,False,False,False,False,False,False,False,False,False,False,12,True,-0.1599539635832918,0.05125680240188912,0.8490016292977387,0.2184271130315281,0.007972406174294327,-0.09560371750163174,-0.05640878495767227,0.3289769837422433,0,Upper-Mid,64.78912528564159,74.22039448658218,85.78689796176602,88.11636191912491,79.71644612273981,92.407501206224,95.24905529755084,48.74204940841183,61.528832121896535
-632.0,13280.0,25101010.0,5512.0,1281.0,115.055,21370.0,1846.0,1099.0,DE000SHA0100,320124,SCHAEFFLER AG,3814.0,7673.0,3570.0,770.0,2024.0,1242.0,3363.0,17401.0,2510.0,2024-12-31,251010.0,1188.0,275.0,1846.0,3814.0,18188.0,1076.0,2075.0,DEU,7224.0,4609.0,181.0,895.0,3714.0,987.0,0.0,18188.0,25.0,1390.0,9801.0,3.603182030884417,-16.570529627687467,4.2335605893996044,10.149549153287882,-3.4748185616890255,10.149549153287882,26.98482515944579,8.256487239974266,1.2773361136452497,0.8120682914114428,0.1669490420956601,0.1669490420956601,9.9578848853533,1.4452018877818562,1.733350812794966,17.847449695835284,81.42723444080487,2.8,2.887323943661972,30.935891436593355,0.8510996724379972,158.08091782191124,3.946192232588414,92.49422696283264,39.718495711458104,8.546992481203008,3.719887955182073,27.562002807674308,4.920826918847592,0.8317843866171004,495.0,2.7215746646140313,64.38848920863309,180.5194805194805,5.6030414263240695,5.426654937321311,,,11.49390057009747,42.40970278555245,38.01852162855979,1.642710472279263,3.948896631823451,-0.8422117865832994,-1.5961540276393669,-0.37024646473381495,0.04125017188131884,2.91794344941175,9.870028829367342,6.504445484323819,3.192472882427832,0.9163925996279358,0.06587635249346642,False,False,False,False,False,False,False,False,False,False,False,False,False,False,False,False,False,False,False,False,False,False,False,False,False,False,False,False,False,False,False,False,False,False,False,False,False,False,False,False,False,False,True,False,False,False,True,False,False,False,True,False,False,False,11,True,0.8665658681564207,-0.08685726562818252,-0.05617913343813338,0.18669990421767688,-0.15694190212415707,-0.479463675149072,0.04059553392214938,-0.02729872167809578,0,Upper-Mid,48.98456834220789,73.26107328876623,90.0622740308566,55.11510148921255,94.45009767499714,98.78492826272563,81.2273654471516,50.256347602593884,53.92506679480723
303.732,3164.856,55103010.0,897.252,53.35,3.416,5260.131,312.781,32.4,DE0006553464,248166,MAINOVA AG,2194.145,1131.172,247.028,187.878,2024.0,,221122.0,3058.171,5510.0,2024-12-31,551030.0,55.926,41.779,312.781,2194.145,3891.921,124.903,330.158,DEU,1762.447,720.41,88.2,480.477,4931.0,84.1,0.0,3891.921,55.0,437.463,1179.599,3.571736141172149,13.842840833217496,4.827384728518385,8.036673920154083,7.804166631337071,8.036673920154083,18.681391528759182,6.077446539541832,1.0428113496444396,0.8244289993033773,0.047163472928962176,0.047163472928962176,0.9206424706913175,0.40893012995950584,0.4236967019043864,41.71274441644134,58.1386851392104,4.496948227578447,2.8016471588747396,17.673552236626804,0.7398905084303032,1139.3211358313818,5.402369484043809,67.56294642157432,45.28475783552647,80.36675821339351,12.811729844390111,14.709899810480003,12.345497249301824,3.8468011176673094,-43.01399999999995,-1.1052125672643396,109.83260298585252,232.84418612078053,2.397348853425822,2.160886616146628,29.038757852317172,70.96124214768282,-16.006285412637222,-5.475967863348242,18.528799444829968,-80.56848058835755,7.256273285547499,0.01919161260292293,-0.017819915000269092,0.3953714123804114,-0.8555199452206084,4.065889595596093,0.13949653471904083,8.316579948294063,2.2775737338710096,0.0002450780740219781,-0.7711345820673754,False,False,False,False,False,False,False,False,False,False,False,False,False,False,False,False,False,False,False,False,False,False,False,False,False,False,False,True,False,False,False,True,False,False,False,False,False,False,False,False,False,False,False,False,False,False,False,False,False,False,False,False,False,False,11,True,-0.03375002566249695,0.04851726422987973,-0.05806231708973662,0.2732647771594607,0.0350635836155912,-0.5490364183447264,-0.4483713462987257,-0.22034392784878837,0,Upper-Mid,55.59197914729913,67.35429378072911,67.41234097428274,91.00651579314012,86.72638200650657,95.70069286004448,95.6929289254786,46.27209903558766,57.81725929535547
1298.0,44695.0,15101020.0,20455.0,3683.0,109.717,80415.0,6675.0,3540.0,DE000BASF111,17436,BASF SE,35599.0,17039.0,13681.0,2864.0,2024.0,,325.0,43532.0,1510.0,2024-12-31,151010.0,-1547.0,1083.0,6675.0,35599.0,65260.0,3811.0,10347.0,DEU,17773.0,12244.0,2000.0,6198.0,2800.0,2061.0,769.0,65260.0,15.0,6946.0,31232.0,3.561524591183237,3.646169836231355,4.388599448360404,10.228317499233833,1.988967208090714,10.228317499233833,31.512411890897944,5.109358832554323,1.832971418510476,1.0300487117788604,0.21615118258113739,0.26128293913962086,17.649692221600446,0.574594791988539,0.6740357875221215,44.26910402288131,54.13417894671392,2.644506001846722,3.042996254681648,29.83896039296151,0.8115401355468507,594.8029931551173,5.329957530218882,68.48084584737971,27.2341403616304,4.598041287958853,3.2669395512023973,19.806006342100353,9.497395035243642,1.626344791393335,748.0,1.1461844927980387,89.23121220846531,242.52793296089385,2.2589117671844714,3.1581366840330984,154.08320493066256,-54.08320493066256,-5.285768192505302,3.9020608566444848,0.028262494757758105,-72.45949926362297,14.884151992585725,-0.5584299133540365,0.005569725713782512,-0.006621114546160133,-0.23165647153026336,2.549269232760668,0.06357272665148431,8.637691972890629,1.7210048065993824,0.5278355347349147,0.3474910408465332,True,True,False,False,False,False,False,False,False,False,False,False,False,False,False,False,False,False,False,False,False,False,False,False,False,False,False,False,False,False,False,False,False,False,False,False,False,False,False,False,False,False,False,False,False,False,False,False,False,False,False,False,False,False,11,True,-0.30279751154108764,0.10670943276457749,0.7641771280264188,-0.2531982772514678,0.10081027544798003,-0.1067646898367116,-0.05260141605853047,0.08365774713788246,0,Upper-Mid,67.26440166214073,75.77762840647696,80.38620264192511,85.17713756951173,95.88433051138996,95.49723824988662,94.65742062213893,48.792188509029884,64.96164967981136
336.0,3289.0,50101020.0,2875.0,402.0,7.428,14705.0,2719.0,1377.0,DE000A1J5RX9,313972,TELEFONICA DEUTSCHLAND,5354.0,4924.0,147.0,505.0,2024.0,,517.0,9351.0,5010.0,2024-12-31,501010.0,-1578.0,180.0,2719.0,5354.0,8492.0,2214.0,250.0,DEU,6488.0,1614.0,88.2,1155.0,4812.0,84.1,0.0,8492.0,50.0,2513.0,2687.0,3.4342060523631415,6.275681733283527,5.9467734338200655,32.018370230805466,3.9566650965614696,32.018370230805466,61.269430051813465,6.13683315105116,0.5456945572705117,0.5158407798537774,0.08164094232331438,0.08164094232331438,-15.212512750765045,0.5369816959282779,0.7941725812476653,36.40938456307378,63.590615436926214,2.8055555555555554,1.415961750643619,28.915334920095205,0.5774906494389663,1143.2417878298331,5.261462205700124,69.37235044747997,76.40131888836552,,22.374149659863946,13.70962257735464,13.601036269430052,0.521680216802168,1358.0,15.99152143193594,45.96100278551532,497.6237623762376,2.746544639521853,0.9903438530381534,26.25,73.75,-1.416299048061298,-4.803521719427717,2.3845623707787755,8.640000000000004,-1.7857142857142905,0.927919209194586,0.0826689326352544,0.145049803776207,0.4885491923084618,3.2949582674926226,0.3085636146362646,17.089425365521933,2.5271750049076416,0.8723950224718997,0.0025306783683457317,False,False,False,False,False,False,False,False,False,False,False,False,False,False,False,False,False,False,False,False,False,False,False,False,False,False,False,False,False,False,False,False,False,False,False,True,False,False,False,False,False,False,False,False,False,False,False,False,False,False,False,False,False,False,11,True,0.15306550531188517,-0.17639667706548234,-1.280502944548272,0.5856815398686346,1.0794506282380631,-0.17358726578856415,0.13100284789992042,-0.5913751030598023,0,Upper-Mid,32.25225843115838,64.32476321994216,39.05251858784107,93.99027436342443,67.76951058280851,80.6547662858715,98.3555149147063,50.38990853811879,45.33031004021551
9.098,1160.816,20103010.0,215.315,79.442,11.38,1683.634,165.088,202.562,DE000A40ETC9,269104,BAUER AG,493.922,813.34,494.573,57.696,2024.0,2.7,3331.0,1181.652,2010.0,2024-12-31,201030.0,-102.032,45.495,165.088,493.922,2044.994,107.392,500.441,DEU,497.239,317.872,88.2,181.558,3530.0,6.924,6.498,2044.994,20.0,194.223,968.233,3.4268730614848595,1.8419912455812864,2.8213285711351723,8.072786521623046,0.4448912808546138,8.072786521623046,43.23621487398007,8.13493937851522,1.1904406521258022,0.582364078982959,0.09767378955910196,0.10566306833550544,9.199921122999411,0.4359291548058195,0.846038443316961,29.336661055787662,70.18461257019042,1.2681833168480052,2.050027863927118,24.819943051755907,1.2146309708642138,179.7007029876977,6.4333882820758035,56.735266704938994,24.314936865340435,13.202623746715481,2.347107504857726,23.598596844682397,8.878167857705206,1.6906101013110846,12.66500000000002,0.6193172204906234,93.4791451063983,336.6316555740433,3.408704208356785,0.33858290048772766,969.4438338096285,-869.4438338096285,19.572181757266005,-0.9138039302926559,-5.434601961110186,27.235282298573548,28.863242767509867,0.05595002123465378,-0.07295234221075891,0.4150177608684703,-0.2629567905354139,2.3188685408149006,0.27613365851643706,11.535939521297385,2.970828233775301,0.006403846880110084,0.259944472374841,False,False,False,False,False,False,False,False,False,False,False,False,False,False,False,False,False,False,False,False,False,False,False,False,False,False,False,False,False,False,False,False,False,False,False,False,False,False,True,True,False,False,False,False,False,False,False,False,False,False,False,False,False,False,11,True,0.4123959852914034,-0.15335900461997343,0.42427602239142836,0.7269498138723565,0.22957176749897268,-0.11869941357311116,0.37874980618645704,0.13896062843478976,0,Upper-Mid,55.896769285052294,73.1468187890553,86.49547679993212,77.0336860922233,68.90641689023977,89.84590469970532,96.5162031506131,48.36005312265444,55.02740261459027
-78.0,6835.0,30202030.0,1496.0,781.0,12.398499999999999,9496.0,691.0,902.0,DE0007297004,100764,SUEDZUCKER AG,3271.0,2777.0,2843.0,317.0,2024.0,,311314.0,5470.0,3020.0,2025-02-28,302020.0,-118.0,89.0,691.0,3271.0,9694.0,374.0,1304.0,DEU,3397.0,1258.0,40.826,574.0,2060.0,62.0,155.0,9694.0,30.0,906.0,5027.0,3.3382476832350463,-2.3845918679302964,3.2700639570868577,7.128120486899113,-0.8046214153084381,7.128120486899113,29.492469568805447,6.6498846234529045,1.8102268635217862,0.7864602088584803,0.28123874684911776,0.33705437522506304,23.69418702611626,0.45735249159278507,0.7331091409354937,34.44608256107835,57.60320134793597,3.561797752808989,2.340086830680174,25.25273799494524,1.0208508845829822,781.8687744485221,7.705882352941177,47.36641221374046,35.04229420259954,4.3084444444444445,2.4041505451987337,21.472198820556024,5.921188363936455,1.53475935828877,332.0,3.424798844646173,63.35540838852097,285.80441640378547,2.9030877407520634,0.6395708685785022,,,-5.782874914957725,-7.6084841408834425,-24.688695863451393,-37.00189753320683,5.128205128205132,0.06756510498531743,0.046874774779763956,-0.03811678864617835,-0.07015883193232045,2.829981862401547,0.19175827820793553,9.540859309182814,2.6371955641273246,0.007410046954755941,-0.3620852851218758,False,False,False,False,False,False,False,False,False,False,False,False,False,False,False,False,False,False,False,False,False,False,False,False,False,False,False,False,False,False,False,False,False,False,False,False,False,False,False,False,False,False,False,False,False,False,False,False,False,False,False,False,False,False,12,True,0.05467339220774183,0.038344391834456724,0.9968575221109459,-0.03873513389257842,0.06800931147395789,-0.15556285580922474,0.008717669596054673,0.411658884849346,0,Upper-Mid,57.375986651188335,72.00012709564886,67.87499902873297,88.82664347311785,83.78626450259941,93.03827706835793,99.57307027428537,49.23227136889642,58.801024102306805
99.6,1830.3,50201040.0,2102.9,286.1,16.12,6851.5,516.9,136.2,DE0005501357,101059,AXEL SPRINGER SE,2127.6,1487.6,26.5,225.6,2019.0,,511110.0,4368.5,5020.0,2019-12-31,502010.0,65.1,20.9,516.9,2127.6,3112.1,291.3,290.5,DEU,548.6,897.1,125.2,249.2,2711.0,76.1,0.0,3112.1,50.0,465.5,1300.6,3.2927096256294237,4.681331077270164,7.249124385463192,16.609363452331223,3.200411297837473,16.609363452331223,41.187622505703544,5.332702990190285,0.8742941650981446,0.8564802366227481,0.19232320516267817,0.19232320516267817,-2.7293293439392836,0.9883906749388984,1.0524064673810867,31.053054075749838,63.759760636357,10.794258373205743,3.7782936738247246,32.680434941253736,0.45422170327665473,193.05831265508684,3.469066993646193,105.21561003823786,17.627968252948172,,69.06792452830189,17.269211121652194,8.0074547733042,0.8554754548575351,216.3,6.950290800424151,53.53383458646617,206.3386524822695,3.2202951682647116,2.445294174351724,125.70281124497993,-25.702811244979927,-2.1567579463640074,5.749344034573234,-1.4067278287461793,-36.457109283196246,10.608078118064789,0.05111189900903693,0.07672026316716773,0.9818107690589879,0.10327274170328994,1.8587384975409562,0.1992840052609719,6.794132671677734,1.2081166088195963,0.002646521889421396,0.17050204325944684,False,False,False,False,False,False,False,False,False,False,False,False,False,False,False,False,False,False,False,False,False,False,False,False,False,False,False,False,True,False,False,False,False,False,False,False,False,False,False,False,False,False,False,False,False,False,False,False,False,False,False,False,False,False,6,True,0.2023313592878753,-0.015023262530350833,-0.6670005613466604,0.19042729916896053,0.18237688460561818,-0.48064955241071505,0.13428573975837482,-0.6007170478866948,0,Upper-Mid,47.478934924446264,77.77963437147007,59.06814225823166,80.37458759518941,66.53401227017106,98.15171157446166,97.9560062067878,47.63460182684987,52.56506144411712
5.0,1054.0,20106020.0,43.0,171.0,9.722,2174.0,140.0,36.0,DE0007314007,214759,HEIDELBERGER DRUCKMASCHINEN,546.0,853.0,608.0,71.0,2024.0,,333248.0,1628.0,2010.0,2025-03-31,201060.0,-31.0,14.0,140.0,546.0,2314.0,69.0,830.0,DEU,650.0,297.0,88.2,88.0,3555.0,108.0,0.0,2314.0,20.0,113.0,1137.0,3.265869365225391,0.9157509157509158,3.0682800345721692,6.050129645635264,0.216076058772688,6.050129645635264,54.451166810717375,12.054329371816639,1.3329425556858148,0.6201641266119577,0.20046893317702227,0.20046893317702227,13.063477460901565,0.07875457875457875,0.1446886446886447,25.114995400183993,74.88500459981601,5.071428571428571,-0.6571428571428571,3.633854645814168,1.0643974241030358,238.01686895700473,7.7912457912457915,46.84745030250648,28.08988764044944,8.147887323943662,1.7335526315789473,21.527138914443423,3.8029386343993083,1.2753623188405796,25.0,1.08038029386344,77.87610619469027,159.1549295774648,3.9816849816849818,4.66724286949006,1764.0,-1664.0,-4.577319587628869,2.838221381267747,-2.8577138289368476,0.0,35.384615384615394,-0.10571882277779014,-0.1697386803511185,0.04444766098970426,0.032341049634310816,1.590876007431103,0.946581864219822,5.197792088316467,2.438037162436402,0.057408384385266825,0.41406660674042967,False,False,False,False,False,False,False,False,False,False,False,False,False,False,False,False,False,False,False,False,False,False,False,False,False,False,False,False,False,False,False,False,False,False,False,False,False,False,True,True,False,False,False,False,False,False,False,False,False,False,False,False,False,False,12,True,0.38297827567724674,-0.18192073719072316,0.3273239819195804,0.39782254708348025,0.38788136209508245,-0.2508787156346903,0.7331341636244524,0.15795807318468139,0,Upper-Mid,54.34583912543985,66.78165869120498,93.78273844635147,67.9061587892592,80.32990293703254,97.84158787310989,92.26628933216526,47.8009992903772,53.93476870789774
8.836,5839.121,20104020.0,420.969,1154.12,10.006,5631.15,324.33,79.594,DE000A0D6554,245628,NORDEX SE,990.652,3608.714,909.369,178.605,2024.0,13.65,333611.0,4634.533,2010.0,2024-12-31,201040.0,-37.883,110.808,324.33,990.652,7298.825,145.725,758.885,DEU,537.27,1489.367,88.2,164.19,3510.0,35.272,2.682,7298.825,20.0,429.753,3602.275,3.171732239418236,0.8919378348804626,2.447037708124253,4.44359194801903,0.12106058166896727,4.44359194801903,19.99916424904008,12.652475416560108,0.9982157078671239,0.7462231698050884,0.31981475949604204,0.3205579605366344,-0.1143460927164052,0.4249413517562171,0.5052864174301369,17.592356801008677,82.30171456984809,1.6118421052631577,-2.015098819103999,8.889178942134377,1.2961517629613846,729.4448331001399,4.900622210643851,74.48033827362623,7.361047839892038,,6.421068895025011,46.94399900553174,2.2495401657116045,1.1267112712300567,265.563,3.638434953571294,38.205666976146766,240.6164441085076,5.68428671218551,0.4832558665264614,998.1892258940696,-898.1892258940696,12.478787400594339,3.856838885650049,1.8007935700478095,837.8218031571139,23.56075314941075,-0.9120628997596782,0.0026417477131352573,-0.17161718806648782,-0.5519504143481706,5.193389274065121,0.25334284740443513,7.6317093311312965,6.545178817911841,0.33926613573938214,-0.18087296235493386,False,False,False,False,False,False,False,False,False,False,False,False,False,False,False,False,False,False,False,False,False,False,False,False,False,False,False,False,False,False,False,False,False,False,False,False,False,False,True,True,False,False,False,True,False,False,False,False,False,False,False,False,False,False,11,True,1.080226080084821,-0.12182362381497022,0.1787454884195812,1.1736863147087004,-0.33205800016899845,-0.5862383630032337,0.08539267945115757,-0.2730192586144079,0,Upper-Mid,36.829755998988176,64.54987810424164,64.96695212279859,55.42195331808292,62.291427042824644,95.85091827649947,80.71035839451963,47.106822034424454,42.52778740867559
33.453,1057.572,45102010.0,142.2,144.674,5.553,1406.896,108.385,51.783,DE0005419105,233025,CANCOM SE,573.998,620.879,68.049,43.341,2024.0,0.77,541512.0,832.529,4510.0,2024-12-31,451020.0,-227.475,6.933,108.385,573.998,1738.992,65.044,472.186,DEU,178.885,511.463,33.1,22.276,7373.0,1.03,0.0,1738.992,45.0,192.876,771.75,3.0806115022005893,5.828069087348736,2.4923058875486492,6.2326336176359645,1.9237006265698753,6.2326336176359645,39.18476910762097,6.0515388202703715,1.2429958172204245,1.1333947516343765,0.23301480642766143,0.23301480642766143,10.72367822497185,0.2477360548294593,0.33795065488033055,40.79889345054646,59.17487859799161,6.251406317611424,0.4549430271716566,13.788012760005005,1.236048720019106,313.1626148028093,3.4000348021264486,107.3518423316496,10.286706321823216,11.526350325775,15.541330511837055,46.63720701459099,1.2809719653684433,0.3424758624930816,170.6,9.81028089835951,11.54938924490346,445.0197272790199,2.451046867759121,0.05922971468528895,98.94478821032493,1.0552117896750701,13.951338164437965,-9.14312468719224,-1.104185218165632,147.80663529138343,-13.612037539750254,-0.13984582611537466,0.007952547201984498,-0.11105880643008201,0.24443401315183136,0.9231519418954547,0.08594466595622366,13.709328905619177,5.771812763363266,0.2524325344007958,0.022867453873592656,False,False,False,False,False,False,False,False,False,False,False,False,False,False,False,False,False,False,False,False,False,False,False,False,False,False,False,False,False,False,False,False,False,False,False,False,False,False,False,False,False,False,False,False,False,False,False,False,False,False,False,False,False,False,11,True,0.0682460091504109,0.03741506736869678,0.7794064508585287,0.7206341695341885,0.2184894300546143,0.06235212764048125,0.20774635381432224,0.1627434288446188,0,Upper-Mid,56.15937874041569,71.36142585330026,90.34147620324678,91.85707253633281,66.3501414408304,83.70113012138809,96.09763204557382,50.03916984705971,55.87426513658417
92.274,615.77,35102015.0,1404.09,265.589,23.538,4663.266,436.607,157.269,DE000A2TSL71,347562,SYNLAB AG,2340.398,682.853,65.037,142.529,2023.0,,621511.0,2325.035,3510.0,2023-12-31,351020.0,-825.196,91.512,436.607,2340.398,2635.163,294.078,1162.838,DEU,953.096,435.598,88.2,126.232,8071.0,84.1,44.651,2635.163,35.0,363.127,789.148,3.0564201141431777,3.942662743687184,5.408735626600707,16.56850069616187,3.50164297237021,16.56850069616187,76.63256504436347,3.806368187052542,1.1556630782906425,1.0604200318370134,0.38894022578798076,0.4543291162226717,2.2794110393874183,0.5999364210702623,0.6671339661032012,50.18795839654011,49.85851118079046,1.5574897281230877,2.9678177399812644,33.48209173570626,0.5650895745599758,111.95356444897612,6.049529612165345,60.33526958294421,36.16838882452433,24.79103438543674,9.4679951412273,15.036392948632999,4.790291909836317,0.4292466624500983,236.895,8.98976647744371,34.76249356285817,254.7741161447846,1.9925098209791665,3.1914534319129406,95.58488848429677,4.415111515703231,-18.931057513549366,-13.340137376758786,-5.496446782029151,-49.741595488740955,-20.24312729432428,0.507736975074965,0.4475833608695324,-0.046924804180004956,1.752197078782582,5.593786398873084,4.219750721598487,7.786967331479698,5.117901303114474,0.061791265355221774,-0.91115572778417,False,False,False,False,False,False,False,False,False,False,False,False,False,False,False,False,False,False,False,False,False,False,False,False,False,False,False,False,False,False,False,False,False,False,False,False,False,False,False,False,False,False,False,False,False,False,True,False,False,False,True,False,False,False,9,True,-0.4808291027213426,-0.0453898120759529,-0.311480182023559,-0.1589249664014656,1.0185415840099543,0.16820801370684987,0.725126489829683,-0.24035055704843308,0,Upper-Mid,41.59082374978224,50.89272456372238,71.32795843904086,72.13501597249629,74.82078812755739,94.9742942250007,92.69616018429133,49.65854793391646,45.25149422904062
61.79,3243.715,20106020.0,1212.048,964.848,17.685,4978.375,295.497,113.163,DE0005565204,222340,DUERR AG,1219.056,2411.012,627.516,151.456,2024.0,,3339.0,3754.654,2010.0,2024-12-31,201060.0,-375.802,74.982,295.497,1219.056,4290.936,144.041,634.568,DEU,680.643,1221.942,48.441,115.432,3560.0,153.689,133.263,4290.936,20.0,384.265,3140.097,3.0422778517086395,5.068676090351879,3.5296727800181595,6.886539440345883,1.4400121558559718,6.886539440345883,24.405421101596474,6.22992681514242,1.3023979142368434,1.0421271233822147,0.40018382322443846,0.45545646392469213,14.645039797122555,0.9942512895223845,1.087079674764736,24.487026389133,75.41926833555127,2.019898108879464,1.2195149189331873,26.619348683054213,0.8619149822984407,242.63138252756573,3.5115709256249477,103.94208396489718,15.862343320897821,5.885371390167126,5.169135129622194,43.925778994149695,2.690135672030532,0.8013829395797031,268.83299999999997,6.265136557618198,30.039686154086375,253.71394992605113,4.083795166095733,3.5817127079033577,78.39618061174947,21.60381938825053,-7.269801574729639,-3.444734614239564,-2.978933508887438,28.68364367430949,46.889952153110045,-0.4965662083968718,0.05705757022247362,0.04179476540472589,-0.001964439770119759,2.270022492596523,0.24554521334371138,7.718683305295403,1.7130674126114176,0.5263646183349368,-0.5931023291626563,False,False,False,False,False,False,False,False,False,False,False,False,False,False,False,False,False,False,False,False,False,False,False,False,False,False,False,False,False,False,False,False,False,False,False,False,False,False,False,False,False,False,False,False,False,False,False,False,False,False,False,False,False,False,11,True,0.5576290668166358,0.054535068160987264,0.40847348682224593,0.2296454537266236,-0.17664981663925886,-0.435671445359728,0.009625387717811447,0.04304248601490751,0,Upper-Mid,55.93641207952985,68.00637207068547,90.02606112294531,67.04858232830635,91.62188798275741,95.1120639349392,91.52880569624276,49.09183808627847,56.42398067619328
108.453,1404.567,20103010.0,0.0,249.943,11.5,1814.619,136.319,0.0,DE000A0Z23N2,100458,STRABAG AG,987.04,559.094,45.87,53.061,2016.0,7.805,237.0,825.376,2010.0,2016-12-31,201030.0,-35.323,3.78,136.319,987.04,2199.668,83.258,600.73,DEU,417.55,369.809,4.191,108.019,1600.0,84.1,0.0,2199.668,20.0,69.661,673.336,2.924084890547272,10.98770059977306,2.412227663447393,6.197253403695465,4.930425864266789,6.197253403695465,36.14640936723178,5.3757699789268925,1.204334154900607,1.122290706035121,0.44705004882899835,0.44705004882899835,6.295646634362363,0.0,0.0,54.393787345993836,45.48480975896318,14.037301587301588,-1.8335155040750009,0.0,1.212192752307785,191.27547826086956,5.9481191642172035,61.363935375702155,18.982410072792803,19.25445983088532,30.62060170045782,34.15328506975845,4.9106956140653955,1.2974008503687335,-38.358000000000004,-1.7438086111176778,155.0638090179584,131.2847477431635,1.8384452504457773,3.8233042440950173,3.864346767724267,96.13565323227573,3.1606632168286186,1.706505874994102,4.545454545454541,-123.0767842424753,42.94088845955353,0.8222092413624992,-0.011970785814716448,0.3588904315474868,-1.3722501148932542,1.3803027422327552,0.013688443219195582,3.8388774723509456,5.008390488140227,0.3548264661944839,,False,False,False,False,False,False,False,False,False,False,False,False,False,False,False,False,False,False,False,False,False,False,False,False,False,False,False,False,False,False,False,False,False,False,False,False,False,False,False,False,False,False,False,False,False,False,False,False,False,False,False,False,False,False,3,True,-0.3288715845876775,0.06081731769405253,0.7648128840532832,0.4835588815544518,0.18013223563813036,-0.1548778639247465,0.14900625692018335,0.15257808193007102,0,Upper-Mid,48.39155120369697,70.26711646099734,80.71951624317096,63.45264913628421,68.77780659003078,95.93885612084368,91.58053163355258,46.37973352598057,50.07197967581129
-2552.0,16782.0,35202010.0,35498.0,8087.0,91.864,110850.0,7216.0,5246.0,DE000BAY0017,100080,BAYER AG,31908.0,28952.0,13467.0,3167.0,2024.0,216.0,325.0,78805.0,3520.0,2024-12-31,352020.0,-7178.0,2007.0,7216.0,31908.0,46606.0,4049.0,16764.0,DEU,13456.0,12188.0,108.067,2778.0,2800.0,6387.0,1896.0,46606.0,35.0,7368.0,34444.0,2.85701398285972,-7.997994233421085,6.795262412564906,15.482985023387547,-5.475689825344377,15.482985023387547,63.991760717504185,4.698394801649704,1.1896932854379663,0.7245440729483282,0.2793243990052501,0.3448121027908262,4.954442940911141,1.1125109690359785,1.2769211483013665,28.78484438430311,71.0915651781687,1.5779770802192328,4.5256374722838135,36.75597654488047,0.4204420387911592,507.33693285726724,3.8239251723006236,95.45165858473158,28.871819079088528,8.486161689730517,1.2461572733348185,18.290482634190347,5.96060593056688,0.6860953321807853,4590.0,9.84851735828005,37.70358306188925,232.64919482159772,3.474050394885295,13.70424408874394,,,-2.164284064907529,-4.652543028926792,-5.2274298212130255,93.99830938292477,0.9814612868048078,-0.24551522162971406,0.06261178343288537,0.014768311871572262,-0.5070196153752454,3.2777902945769233,0.31696844832194065,6.646820027063599,2.5113358628213223,0.06171449807406264,0.3274444893955998,True,True,False,False,False,False,False,False,False,False,False,False,False,False,False,False,False,False,False,False,False,False,False,False,False,False,False,False,False,False,False,False,True,False,False,False,False,False,False,False,False,False,False,False,False,False,False,False,False,False,False,False,False,False,11,True,0.1778440373776042,-0.07081747182311962,-0.5524985452894956,-0.16562223135067258,0.6437354674935712,-0.19644782935115546,0.595386816691566,-0.38651653253801876,0,Upper-Mid,46.29804354897016,60.35571694858848,77.52129984527306,75.20409070702023,64.74687293070549,96.2811610358732,96.02179288207849,50.04124327852801,47.82280081961361
1387.0,30568.0,20302010.0,11413.0,8488.0,66.111,47052.0,3605.0,2819.0,DE0008232125,100103,DEUTSCHE LUFTHANSA AG,11542.0,19581.0,1606.0,1264.0,2024.0,,481111.0,35458.0,2030.0,2024-12-31,203020.0,-1450.0,631.0,3605.0,11542.0,31439.0,2341.0,324.0,DEU,19025.0,4796.0,359.0,3898.0,4512.0,60.0,6698.0,31439.0,20.0,3892.0,16316.0,2.68638952648134,12.016981459019235,4.020484112090079,11.466649702598684,4.411717929959604,11.466649702598684,2.770444352555743,5.50642561533435,0.8332567284612634,0.7512384454317961,0.43348143608600176,0.7755477248352995,-6.939131174020233,0.9888234274822387,1.2330618610292843,24.530306894499702,75.3591770806767,2.0031695721077654,1.5933425797503467,30.247385870951288,0.6681756354671428,475.54869840117374,6.555254378648874,55.68052418970069,60.51401125990012,,19.03362391033624,28.232593726090283,12.398613187442349,1.6651003844510892,-6.0,-0.019084576481440248,100.15416238437822,307.9113924050633,4.076589845780627,0.1908457648144025,25.88320115356885,74.11679884643115,5.055804317316048,3.8194214602502052,5.205283259070659,-100.67039106145252,-3.753086419753082,-1.207206223448933,0.17348317660129575,0.14307507969378644,-0.24265995006741553,20.961648713879566,3.129229347576145,8.27169939641248,5.6059201629071325,0.03648419256982127,0.051976705226587344,False,False,False,False,False,False,False,False,False,False,False,False,False,False,False,False,False,False,False,False,False,False,False,False,False,False,False,False,False,False,False,False,False,False,False,False,False,False,False,False,False,False,False,False,False,False,False,False,False,True,True,False,False,False,11,True,0.8132122074946712,0.014675438124854815,-0.562981307370691,0.5282623694343913,-0.09880821470538176,-0.9649969205585495,-0.8477977894914702,-0.5179052512125568,0,Upper-Mid,35.019568238606766,51.875779096380256,51.91963536012912,67.13727137338812,77.31617617408469,91.50258036129148,91.58065176098613,45.99488126827807,42.694136678170274
241.0,4262.4,15101050.0,1725.5,1215.4,16.637,9409.9,718.2,221.2,DE000WCH8881,276585,WACKER CHEMIE AG,4669.2,1522.8,1795.5,245.5,2024.0,,325211.0,4572.9,1510.0,2024-12-31,151010.0,145.9,52.3,718.2,4669.2,5721.8,472.7,573.9,DEU,3596.5,948.7,124.195,651.6,2821.0,208.5,168.7,5721.8,15.0,310.4,4055.3,2.60895439909032,5.161483765955624,4.29060785067636,12.551994127722047,4.211961270928729,12.551994127722047,25.50595966304311,3.8391167685739753,2.663054898870502,1.4839768846861048,0.7981350144470712,0.9089177830312584,26.913144666787108,0.3695493874753705,0.41692367000771013,49.620080978543875,48.596690719348764,4.694072657743786,1.018240044555834,20.68778626765428,0.6080617222287166,343.9201779166917,6.031200590281438,60.51863050089133,62.85609423607955,2.2593484698914117,2.373934837092732,22.998119002327343,11.388024747457095,1.3784641421620478,-341.20000000000005,-5.963158446642666,209.92268041237114,126.43584521384928,2.0153131157371713,3.6439581949736093,51.53319502074688,48.46680497925312,-10.627596763612502,6.273717022045533,1.5813896690682672,-214.99831479609037,1.8761726078799335,0.455456032142309,-0.02742528516664312,-0.3080933203303266,0.3533045854370772,5.297143149401356,0.20147112465319497,3.2986535457337487,2.842252816782154,0.08132090122133334,0.1366247830647122,False,False,False,False,False,False,False,False,False,False,False,False,False,False,False,False,False,False,False,False,False,False,False,False,False,False,False,False,False,False,False,False,False,False,False,False,False,False,False,False,False,False,False,False,False,False,False,False,False,False,False,False,False,False,11,True,-0.5998772127271514,0.23583902595598144,1.142873691408402,-1.1305481910059105,0.32528041763703286,-0.2437995457591494,-0.3900520973859537,0.19363140175472418,0,Upper-Mid,41.379341042851166,67.12464369603055,52.4714775594874,73.12187050710402,73.18609813502417,94.76638677089115,92.86243646648569,49.25271715912116,48.2667669273106
-41.285,639.842,20201060.0,76.347,8.131,12.398499999999999,922.733,54.707,45.822,DE0007446007,244398,TAKKT AG,542.572,188.791,112.468,22.025,2024.0,,423420.0,380.161,2020.0,2024-12-31,202010.0,-80.238,7.398,54.707,542.572,1053.715,32.682,203.817,DEU,105.6,122.29,88.2,11.851,5040.0,84.1,0.0,1053.715,20.0,93.863,253.303,2.3869309973741046,-7.609128373745788,2.0902236373212872,5.191821317908543,-3.9180423549062127,5.191821317908543,39.27750862424849,3.558623987953189,1.3417112044536021,0.7459836538818058,0.04306879035547245,0.04306879035547245,6.991404880935222,0.14071312194510588,0.22516642952456078,58.80054143506301,41.19945856493699,2.9771559881048932,2.084523004368728,13.239907969044134,1.1419500548912849,84.98729685042545,8.616526289966473,42.360457998604936,10.021685180527943,16.333627852182538,5.689102678095102,14.13420783693658,1.1246874154776199,0.36261550700691514,82.012,7.783129214256228,12.625848310836007,426.16572077185015,1.7006646122542262,7.981285262143939,,,-15.088379514164496,-8.3519231800656,419.85324947589095,-9.418040844277053,-25.47478304615771,-0.8906813425784554,-0.03542728508959511,-0.05087707498181856,-0.16035910790212463,3.230778385588403,0.14633268013278283,10.172281689286066,2.1525713808397575,0.8360323023464974,0.13477653990459565,False,False,False,False,False,False,False,False,False,False,False,False,False,False,False,False,False,False,False,False,False,False,False,False,False,False,False,False,False,False,False,False,False,False,False,False,False,False,False,False,False,False,True,False,False,False,False,False,False,False,False,False,False,False,11,True,-0.3963817812134622,0.1521115329170533,0.916544463636785,0.4515414866117179,0.38337558797084875,0.1725848680875914,0.02267225302264488,0.022549649583811046,0,Upper-Mid,44.33202871876555,66.76836954681205,84.11955076430847,56.36056368304213,72.56287003027239,84.7846237984522,90.59419804351788,48.17951907535203,47.60697226971371
-47.812,1657.367,25101010.0,588.86,219.846,12.0,1699.792,111.292,107.438,DE0005895403,213034,GRAMMER AG,251.575,667.94,172.314,39.773,2024.0,18.896,336360.0,1432.868,2510.0,2024-12-31,251010.0,159.764,40.938,111.292,251.575,1921.727,71.519,176.161,DEU,445.825,354.442,88.2,62.163,2531.0,74.034,0.0,1921.727,25.0,25.665,772.589,2.3398745258243365,-19.005068071151744,2.069648810679144,5.791249225306196,-2.4879704557411118,5.791249225306196,13.756376425995997,4.732430229583491,1.1566742521783393,0.8986959906578436,0.3291403419468814,0.3291403419468814,6.156576804691398,2.34069363013018,2.76775514260161,14.800340276928,84.29666688630138,0.9715423323073917,4.281098371850627,40.96371791372121,1.130565975131075,160.14391666666668,5.421837705463799,67.3203477913356,23.199184899832286,18.36354862444935,9.618295669533525,33.785780848480286,3.234746662767396,0.8691816160740501,-36.498,-1.8992291829172403,242.2092343658679,64.528700374626,6.756601411110007,3.8524722814426813,,,-16.62384462932689,10.77742027774644,-14.56642460486971,-164.26835710512412,-17.79773081907382,-0.3147518253336986,0.14715084944613663,0.09658846341300374,-0.17602854527156836,1.9117388748657056,0.5661857006197091,1.5098906219113868,2.880809907428363,0.29817556910730064,-0.20696431483562872,False,False,False,False,False,False,False,False,False,False,False,False,False,False,False,False,False,False,False,False,False,False,False,False,False,False,False,False,False,False,False,False,False,False,True,False,False,False,False,False,False,False,False,False,False,False,False,False,False,False,False,False,False,False,11,True,1.4435763705765665,-0.05959928772808171,0.16111960265661576,0.48683727200330656,-0.5360618948686707,-0.6476346502905055,-0.07975207485473554,-0.03160425745819886,0,Upper-Mid,35.6956213513562,57.032791708569306,79.67436504308658,48.77969692684508,74.93717323871347,92.24230577161127,74.18714654364874,49.01825066891414,41.80335256074787
-48.9,2740.1,20106020.0,104.2,656.0,12.398499999999999,3998.1,239.3,490.7,DE0006204407,100449,KUKA AG,1185.0,2208.3,533.5,87.6,2024.0,,333999.0,2445.5,2010.0,2024-12-31,201060.0,-167.9,27.4,239.3,1185.0,3732.4,151.7,558.7,DEU,524.2,1500.6,88.2,58.1,3569.0,202.3,0.0,3732.4,20.0,272.9,2690.1,2.191040744353568,-4.1265822784810124,2.3470153252598864,6.411424284642589,-1.3101489658128818,6.411424284642589,26.586110813417648,6.7949115730685685,1.2181768781415567,0.9765883258615223,0.2970610877145315,0.2970610877145315,12.050724093944618,0.08793248945147679,0.5020253164556961,29.6390785623171,61.16655411320377,3.197080291970803,-0.25532804011700805,14.879567794702483,0.9335434331307372,301.0364156954471,2.4872717579634815,146.74713321187437,14.044582574214983,7.746782897467834,5.136082474226804,53.9406217953528,1.5566391597899476,0.38299274884640744,214.79999999999998,5.755010181116707,21.289849761817518,311.5296803652968,3.3739240506329113,5.420105026256564,,,-7.926092212053182,0.6647027721127019,-15.805378242564183,-8.244340025630093,-29.575757575757578,-0.36094486786114605,0.029860928187439163,-0.1587650196071329,0.18348555727032417,2.9295929636206246,0.14712539333139685,6.825742227558091,4.395828412274297,0.16697823251810087,0.30704193924936646,False,False,False,False,False,False,False,False,False,False,False,False,False,False,False,False,False,False,False,False,False,False,False,False,False,False,False,False,False,False,False,False,False,False,False,False,False,False,False,False,False,False,False,False,False,False,False,False,False,False,False,False,False,False,11,True,0.4020580435583521,0.12392792232659383,0.5526476657418354,0.4580239040090627,0.06788326895852903,-0.4924024311402764,0.006363420182930197,-0.0031959019655072567,0,Upper-Mid,57.18978948716655,63.51098581409646,90.46442386002965,76.80938213233543,87.5796079239542,91.51661539988689,96.78038757687455,48.48102296338102,56.39599235951259
42.0,1329.5,20106010.0,131.7,62.0,12.398499999999999,1683.3,118.5,155.9,DE0006305006,100301,DEUTZ AG,847.9,574.3,431.6,35.1,2024.0,0.8,3336.0,835.4,2010.0,2024-12-31,201060.0,41.3,20.9,118.5,847.9,1813.7,83.4,254.7,DEU,380.8,245.4,23.6,64.2,3510.0,100.4,0.0,1813.7,20.0,101.7,745.8,2.0851898057387275,4.953414317726147,1.9352704416386393,6.533605337156089,2.3157082207641837,6.533605337156089,26.69680763080995,3.5830951408738265,1.2986244123280515,0.5471008183876023,0.1079575134946892,0.1079575134946892,10.188320560803184,0.1553249203915556,0.33919094232810476,50.371294481078834,49.628705518921166,1.6794258373205744,1.9037974683544305,17.08548684132359,1.0774668805322878,146.28382465620842,7.39079054604727,49.38578596239731,20.995754534928597,10.575510204081633,3.080398517145505,18.261747757381332,3.5397254231681092,0.7697841726618705,37.5,2.067596625682307,63.12684365781711,289.7435897435897,1.985257695482958,5.535645365826763,56.19047619047619,43.80952380952381,-12.092865451725466,5.854609483083872,146.2462760675273,-49.18699186991871,-1.2307692307692242,0.16627029306584631,0.02387182317505559,-0.15034434194775279,-0.09969958493300726,2.922952849647946,0.10627239188455705,6.041703796114775,2.1762461491344536,0.03559413064403613,-0.03947328670521117,False,False,False,False,False,False,False,False,False,False,False,False,False,False,False,False,False,False,False,False,False,False,False,False,False,False,False,False,False,False,False,False,False,False,False,False,False,False,False,False,False,False,True,False,False,False,False,False,False,False,False,False,False,False,11,True,-0.14799405522232134,0.1585146585534642,0.8871176122204807,0.3511363809071707,0.1752506046993158,-0.22984441527896265,-0.16663262863104694,0.14068990654079896,0,Upper-Mid,52.62493206731747,62.56961525631943,91.04374465488691,71.22266138324105,78.79866835544483,92.72927383949254,92.6433418097185,46.6888164133325,52.50596226983171
35.94,1506.518,55103010.0,256.7,93.088,1.492,1732.074,90.445,10.628,,220307,PFALZWERKE AG,378.966,264.951,19.184,27.879,2024.0,6.113,221122.0,1347.032,5510.0,2024-12-31,551030.0,33.214,3.177,90.445,378.966,1787.197,62.566,146.151,DEU,793.789,270.851,11.062,134.034,4911.0,84.1,0.0,1787.197,55.0,49.506,441.204,1.609573263036106,9.483700384731083,1.5599287599520366,5.0607179846429915,2.0109702511810394,5.0607179846429915,15.704983837819775,4.385793797371576,1.665228664922948,1.592822823842899,0.3513404365335477,0.3513404365335477,10.175835443520311,0.6773694737786503,0.7054142060237593,21.879319243866025,77.76988742975183,8.7752596789424,1.9264746531040964,15.433982612752109,1.0318248527487854,1197.853217158177,6.598450808747244,55.31601440691765,44.41530508388275,10.1399522277635,78.52992076730608,21.01174661128797,7.4996768683027115,2.142281750471502,-84.52799999999999,-4.729640884580714,270.7429402496667,177.5745184547509,4.570526115799306,4.705692769179894,30.779076238174735,69.22092376182526,-9.603162680691558,-2.583562522145544,6.0412224591329,5505.305039787761,0.8714892079833669,-0.03382912737714257,-0.024185162627496006,0.44478561343587464,-0.39341158594315784,1.2853282924683083,0.1731064487616404,2.8581919710127854,1.5646567341546296,0.007619845070686371,-0.40180405290175586,False,False,False,False,False,False,False,False,False,False,False,False,False,False,False,False,False,False,False,False,False,False,False,False,False,False,False,False,True,False,False,False,False,False,True,False,False,False,False,False,False,False,False,True,False,False,False,False,False,False,False,False,False,False,11,True,0.8585360397913676,0.021109246511702384,0.5306832341314699,0.2758893050933696,-0.0009014642199762745,-0.7423265745577803,-0.27709935429135546,-0.07227571359514531,0,Upper-Mid,44.77970720605306,54.97141879790989,91.20398669452521,62.56113828662077,81.56049748433229,96.36991997992021,88.09363484697576,47.008122780967334,47.39635509331512
-54.3,8464.8,35102010.0,160.2,1909.4,6.808,5102.1,142.1,31.7,DE000CLS1001,101768,MCKESSON EUROPE AG,2492.6,2277.8,583.2,69.0,2021.0,,424210.0,2582.3,3510.0,2022-03-31,351020.0,48.5,16.0,142.1,2492.6,9257.1,73.1,447.8,DEU,352.9,978.5,88.2,28.4,5122.0,90.4,0.0,9257.1,35.0,0.9,4150.0,1.3523843123419768,-2.1784482066918076,0.745373821175098,1.5350379708548032,-0.5865767897073597,1.5350379708548032,8.558835920536682,2.60102533172497,1.8219334445517603,1.565896918078848,0.8382649925366582,0.8382649925366582,36.69469434154563,0.06427023991013399,0.07698788413704565,48.85439328903784,50.61249289508242,4.3125,-12.08655876143561,3.761196370122106,1.8143705533015817,1359.7385428907169,9.460500766479305,38.58146719815061,3.812209007140465,4.94450379232988,14.514403292181068,56.60218341467239,0.3067915437880113,0.38850889192886456,-27.5,-0.29706927655529264,3155.555555555555,1.3043478260869565,2.046898820508706,0.9765477309308532,,,-44.7274616225124,-27.60206036354348,-67.87466968667421,-110.4881769641495,-71.68494516450647,-0.19183236718778285,-0.020285868105718145,-0.037385091916835644,-0.0029209578354072556,0.6099293688920165,0.24383705001130732,0.01763979537837361,1.842429168166284,0.593520782858094,0.7031971053714129,False,False,False,False,False,False,False,False,False,False,False,False,False,False,False,False,False,False,False,False,True,False,False,False,False,False,False,False,False,False,False,False,False,False,True,False,False,False,False,False,True,False,True,False,False,False,False,False,False,False,False,False,False,False,8,True,-0.06726613615197595,0.22706290540946825,2.5851722440989695,0.3758176458425208,-0.5254613593824283,-0.24601150530589308,-0.08469120002930469,1.310076007126732,0,Upper-Mid,22.612897326190087,49.69014957887944,45.28107217881459,73.97351540625678,37.105497007057444,88.68357286066126,93.09324482983882,46.93436341143704,31.946364937936217
117.2,2615.8,55103010.0,319.5,26.2,1.842,2996.6,103.0,97.5,DE0007760001,101161,GELSENWASSER AG,1046.7,866.7,73.7,40.3,2024.0,21.9,221310.0,1948.7,5510.0,2024-12-31,551030.0,-39.9,24.0,103.0,1046.7,2980.4,62.7,175.4,DEU,1020.8,403.9,88.2,93.7,4941.0,84.1,0.0,2980.4,55.0,127.7,868.8,1.3448575051725289,11.19709563389701,1.3521674942960675,3.4559119581264257,3.9323580727419136,3.4559119581264257,12.23325728090189,2.9497877323964277,1.002422983731395,0.9173877927772007,0.03022960655359409,0.03022960655359409,0.0700794233464563,0.3052450558899398,0.3983949555746632,34.9295868651138,65.0303677501168,1.6791666666666665,3.7941747572815534,13.915771207368351,0.9945938730561303,1618.0238870792616,7.379054221341917,49.464333646490395,34.250436183062675,1419.2380952381568,35.492537313432834,14.352933324434359,3.1438733055965646,1.4944178628389155,34.0,1.1407864716145484,73.37509788566953,316.87344913151367,2.862902455335817,2.821768890081868,75.25597269624573,24.744027303754265,-26.773297953367237,-24.205787130716306,5.6192660550458795,-17.07317073170732,14.129110840438507,-0.45026659982584105,0.042631376540111295,-0.35351469118289625,-0.848685611359465,1.763618955958961,0.1565532340592288,4.261496362544217,2.509043149246491,0.7170057433575504,0.04837761147486278,False,False,False,False,False,False,False,False,False,False,False,False,False,False,False,False,False,False,False,False,False,False,False,True,False,False,False,True,False,False,False,False,False,False,False,False,False,False,False,False,False,False,False,False,False,False,False,False,False,False,False,False,False,False,11,True,0.5308503724251,0.11595584952475411,0.31603173574234467,0.7015343644423645,0.08848552784365539,-0.7418872919306694,-0.5172912942962776,-0.21738478879284012,0,Upper-Mid,44.59059067953436,52.01248535676608,65.35728350221817,89.30679643679068,86.08217854683053,91.04499478377575,99.25908804808158,45.0722824284144,50.081739768870605
-137.849,1295.94,25101010.0,320.667,124.399,9.078,1759.303,119.706,44.687,DE0007856023,220295,ELRINGKLINGER AG,636.859,602.484,419.759,11.636,2024.0,0.029,339991.0,1073.971,2510.0,2024-12-31,251010.0,-59.248,26.431,119.706,636.859,1803.136,108.07,263.662,DEU,715.129,233.211,9.504,108.317,3050.0,133.038,12.7,1803.136,25.0,168.022,851.562,0.6613982923919302,-21.64513652158484,0.6453201533328601,6.638767125718747,-7.644958561084687,6.638767125718747,28.128549371761192,1.2152150437690463,1.4134184476268248,0.7167045099952861,0.20647685249732772,0.22755625045644362,14.157765887968129,0.5035133365470221,0.5736811444919518,36.19950628174908,61.045254853768796,0.4402406265370209,2.012889913621706,20.766974193757413,1.024914980534905,198.62701035470369,7.731779375758433,47.20776192145241,39.66029184709306,7.239242325697171,3.0873429753739647,20.326799874723115,6.007145329026762,1.0022855556583696,59.705,3.3111756406616033,64.46596279058696,1443.984187005844,2.7624686155020184,7.378145630723362,,,-2.3812204946078164,-12.393031092378804,-5.200501253132838,2.0790234061105695,52.10498230635285,-0.8535960562738824,-0.01185165207261132,-0.841471770727287,0.709805219909235,3.3785085388782212,0.13358232103760886,9.550486755266146,2.782741537123024,0.7021783634218506,-0.5065758480843952,False,False,False,False,False,False,False,False,False,False,False,False,False,False,False,False,False,False,False,False,False,False,False,False,False,False,False,False,False,False,False,False,False,False,False,True,False,False,False,False,False,False,False,False,False,False,False,False,False,False,False,False,False,False,11,True,0.5522389849418032,0.10707047973351991,0.9950146641152814,0.7874393651630441,0.8967938459052501,0.4911454285268949,-0.802864625361658,0.043322749054680955,0,Upper-Mid,34.69550641282802,54.657522020924866,93.28465988556066,93.33996790555706,82.91981760399871,43.03953065943783,98.47868457872967,52.28781272159089,46.58167640047169
-352.2,6847.8,15104050.0,465.4,1002.2,23.868,10465.3,382.6,1290.1,DE0006202005,102259,SALZGITTER AG,4441.4,3531.7,2740.9,63.5,2024.0,,331110.0,6016.5,1510.0,2024-12-31,151040.0,331.9,93.6,382.6,4441.4,10011.7,319.1,2072.8,DEU,1899.3,1730.5,88.2,968.7,3312.0,82.0,0.0,10011.7,15.0,408.4,5473.6,0.6067671256437943,-7.929932003422345,0.6342579182356642,3.82152881129079,-3.5178840756315113,3.82152881129079,31.602025630012886,1.2941224423249371,1.54984851487952,0.7737633434323414,0.2837726873743523,0.2837726873743523,18.555607579333614,0.10478677894357635,0.39525825190255326,42.43929939896611,57.489990731273835,0.6784188034188035,1.9688970203868268,16.774483292404422,0.9566567609146418,419.46120328473273,5.785437734758741,63.08943536062806,18.97080415913381,5.155620783768473,2.4983764456930206,26.112008255855063,9.675679455037606,3.0357254779066123,-560.3000000000001,-5.59645215098335,237.19392752203726,643.1496062992126,2.3563065700004504,0.819041721186212,,,-7.2174598026041314,-0.3494572462388157,-2.7819640747831054,-499.6433666191155,28.85075818036713,0.2299054776241523,0.012350929816686536,0.35923499141751786,-0.3797672340089985,3.2800788438299886,0.08542884242603051,3.902420379731111,2.275773515453363,0.05404092280611452,-0.3859980721716331,False,False,False,False,False,False,False,False,False,False,False,False,False,False,False,False,False,False,False,False,False,False,False,False,False,False,False,False,False,False,False,False,False,False,True,True,False,False,False,False,False,False,False,True,False,False,False,False,False,False,False,False,False,False,11,True,0.13319032515632073,0.18187773871258395,1.186648827949055,0.2227844784060962,0.5294700219483595,-0.0659790796399757,-0.21848243214713012,0.16931529079486266,0,Upper-Mid,48.18659065537915,55.03739545455082,81.41608391999542,87.40918474397616,87.97123342287834,73.19198166394715,95.3847571550856,47.635383374554976,52.21871884089119
-266.0,11045.0,15101050.0,2437.0,509.0,17.503,13631.0,910.0,702.0,DE0006062144,320448,COVESTRO AG,6658.0,3576.0,2851.0,68.0,2024.0,75.0,325211.0,6952.0,1510.0,2024-12-31,151010.0,-565.0,160.0,910.0,6658.0,14179.0,842.0,1870.0,DEU,5898.0,2290.0,88.2,781.0,2821.0,392.0,0.0,14179.0,15.0,870.0,5766.0,0.4988628860685203,-3.9951937518774407,0.4795824811340715,6.417942026941251,-1.8760138232597503,6.417942026941251,22.103110233443825,0.7476635514018692,1.6124161073825503,0.8151565995525727,0.142337807606264,0.142337807606264,16.06631941897146,0.36602583358365876,0.471462901772304,48.84454552123835,51.00139388159343,0.425,2.89010989010989,23.02839116719243,1.0402024796419924,810.0896989087585,6.191703056768559,58.9498554199873,41.596727554834615,6.474429223744292,3.8740792704314275,20.534076736849826,5.508145849495733,0.9275534441805225,89.0,0.6276888356019465,89.77011494252874,1279.4117647058824,2.0473115049564434,2.7646519500670004,,,-1.377199693955622,-0.04399794676248625,8.17007601507942,-61.63793103448276,2.091503267973849,-0.7668193612743537,-0.10558126345922565,0.12096335271390217,-0.7485806712997983,6.191469390614984,0.6845625915860161,6.382510454111951,5.464956741910282,0.16872963392890875,0.38143987000974205,False,False,False,False,False,False,False,False,False,False,False,False,False,False,False,False,False,False,False,False,False,False,False,False,False,False,False,False,False,False,False,False,False,False,False,True,False,False,False,False,False,False,False,False,False,False,False,False,False,False,False,False,False,False,11,True,0.14771396012499352,0.2313206876036316,1.3102262282521904,0.5007320848188905,0.8059168471102142,0.46053039646238614,-0.9478482801306303,0.1451184018800924,0,Upper-Mid,34.81360805304822,52.10229954957414,87.49465774812627,74.71433107138941,81.43180383603735,48.017142608522725,93.09626426042942,51.81951781194109,44.032106813678666
1184.0,28593.0,20104020.0,3287.0,6363.0,98.0,50874.0,1283.0,480.0,DE000ENER6Y0,340153,SIEMENS ENERGY AG,9075.0,33471.0,9792.0,-86.0,2024.0,,333611.0,41510.0,2010.0,2024-09-30,201040.0,-2258.0,332.0,1283.0,9075.0,34465.0,1369.0,3388.0,DEU,5286.0,12551.0,88.2,1514.0,3510.0,1456.0,0.0,34465.0,20.0,2889.0,30079.0,-0.16904509179541613,13.046831955922865,-0.24952850718119834,3.722617147831133,3.4353692151458004,3.722617147831133,17.037574350790656,-0.695680310629348,0.8986585402288548,0.6061067790027188,0.1901048668997042,0.1901048668997042,-6.667452922907575,0.36220385674931127,0.41509641873278236,17.838188465620945,81.59374140032236,-0.25903614457831325,-2.0233826968043647,7.404568148759681,0.6774580335731415,351.68367346938777,2.7459963349533902,132.92078920644133,15.337298708835052,,2.9200367647058822,37.17812635137791,4.39286232409691,1.1059167275383492,1375.0,3.989554620629624,52.40567670474212,,5.60595041322314,4.224575656463078,7.449324324324325,92.55067567567568,10.752273530640455,6.1932494207527,4.255319148936176,248.9847715736041,23.289902280130303,-1.1688684584344808,0.049508049159296866,0.25726849822902065,0.45724550425760996,4.957404049954364,0.16296940898709383,5.678735699964618,1.378252774716857,0.33355994602247063,0.2844420654943981,False,False,False,False,False,False,False,False,False,False,False,False,False,False,False,False,False,False,False,False,False,False,False,False,False,False,False,False,False,False,False,False,False,False,False,False,False,False,False,False,False,False,False,False,False,False,False,False,False,False,False,False,False,False,8,True,1.2714479033127362,0.18646318702890782,-0.26095632861781587,0.6056769464360306,0.11059854660552772,-1.228604156865995,-0.18452227655454656,-0.7998384263389382,0,Upper-Mid,30.669905243848667,47.143158173599616,52.80282101715934,55.77360530050333,82.13223710344188,97.59498070472277,81.20879697265725,44.92391033639201,39.593789827826
-1506.0,30188.0,15104050.0,650.0,5879.0,98.12,29333.0,631.0,823.0,DE0007500001,103176,THYSSENKRUPP AG,9583.0,11852.0,8434.0,-139.0,2024.0,,331.0,18975.0,1510.0,2024-09-30,151040.0,-1640.0,65.0,631.0,9583.0,35041.0,770.0,4227.0,DEU,4403.0,5222.0,93.0,1525.0,3390.0,689.0,12.0,35041.0,15.0,1353.0,20918.0,-0.4738690212388777,-15.715329228842743,-0.3966781769926657,1.8007476955566335,-4.297822550726292,1.8007476955566335,13.849490596729547,-1.3583504348675852,1.764934188322646,1.053324333445832,0.4960344245696929,0.49704691191360106,30.90716939965227,0.06782844620682459,0.15370969425023479,32.669689428288955,64.6882350935806,-2.1384615384615384,-6.98256735340729,5.021647973272423,1.194593120376368,357.12392988177737,6.7102642665645345,54.39428098513171,12.565280671213722,3.8651003750275756,3.5793217927436567,37.844748235775405,4.352044747581404,1.9805194805194806,-172.0,-0.49085357153049286,112.71249076127125,,3.060941250130439,1.9662680859564512,,,-6.64695225916454,-11.88909915592803,-1.861353657194853,-146.9945355191257,-10.188457008244988,-0.4866538935409118,-0.3269394328331497,0.17879103014873715,-0.22430985034253376,5.4900506186340134,1.4504766397896958,4.612552415368357,4.033652808264548,0.08643316027323589,-0.5552316299129579,False,False,False,False,False,False,False,False,False,False,False,False,False,False,False,False,False,False,False,False,False,False,False,False,False,False,False,False,False,False,False,False,False,False,False,False,False,False,False,False,False,False,False,False,False,False,True,False,False,False,False,False,False,False,11,True,0.47064922277249455,0.2847901439276722,1.8191807020248587,0.0546440137681579,-0.05341021914626733,-0.6733222541971745,-0.15068020860085696,0.6691640030909959,0,Upper-Mid,33.72075401439674,44.827686262759926,54.505718210129764,83.01627465881974,69.35675773239946,96.80860859996292,99.19052570186197,45.65933730170251,41.15897998405258
35.098,2445.023,20103010.0,0.0,801.819,13.983,1907.528,45.313,106.455,,220293,ZUBLIN ANLAGEN & PROJEKTE AG,522.571,1185.562,67.732,-16.325,2015.0,,236220.0,1383.882,2010.0,2015-12-31,201030.0,32.892,6.243,45.313,522.571,3270.03,61.638,678.737,DEU,313.786,637.346,88.2,88.395,1540.0,1.749,0.0,3270.03,20.0,63.58,1518.048,-0.8558196786626461,6.716407913948534,-0.4992308939061721,1.3857059415357045,1.0733234863288714,1.3857059415357045,25.229340403604862,-3.1239774116818575,1.2804458982322309,1.2233151872276609,0.676319753838264,0.676319753838264,17.430202859407572,0.0,0.20371394509071494,27.395194198984235,72.54845014070567,-2.6149287201665863,-15.34579480502284,5.580783086801347,1.7142762779891043,233.8575413001502,5.130698239260935,71.1404146139332,9.595814105680986,9.83509080081567,36.09849111202977,75.44659894900624,2.703186209300832,1.4340990947142995,-24.814999999999998,-0.7588615394965794,139.02956904687008,,3.6502752735991852,0.0534857478371758,251.2963701635421,-151.2963701635421,0.22966789342160343,4.082256241024229,12.77977174658227,-172.56484486943296,-5.85159070817668,,,,,,,3.333109658154428,,,,False,False,False,False,False,False,False,False,False,False,False,False,False,False,False,False,False,False,False,False,True,False,False,False,False,False,False,False,False,False,False,False,False,False,False,False,False,False,True,True,False,False,False,False,False,False,False,False,False,False,False,False,False,False,2,True,0.9258328597630807,0.06657964051809136,1.535044713907081,1.042964454750437,0.06489794545390326,-0.6098694357731248,0.18943618519644417,0.6185548755615415,0,Upper-Mid,29.124711865442617,46.353976728561044,83.10779458078143,72.0333408028289,41.23771991725065,96.74714847357627,94.70106071478378,46.06261435745575,34.30967215975974
-146.841,5519.483,20107010.0,712.706,120.793,12.398499999999999,3537.881,83.748,183.314,DE000KC01000,278310,KLOCKNER & CO SE,1713.743,983.341,1290.669,-42.043,2024.0,1.208,423510.0,1817.166,2010.0,2024-12-31,201070.0,-142.386,63.505,83.748,1713.743,6632.193,125.791,543.674,DEU,759.316,787.494,19.95,110.252,5051.0,84.1,0.0,6632.193,20.0,114.705,2256.006,-1.1883667087728502,-8.568437624544638,-0.6339230477762031,1.2627497420536464,-2.2140640358324917,1.2627497420536464,16.777406809482173,-1.7326966278706044,2.294225502648623,0.9816909902058388,0.12283938125228176,0.12283938125228176,35.97252140476178,0.41587682633860507,0.5228438569843903,48.439814680030224,51.36311820550211,-0.6620423588693803,9.256662845679896,25.32645953891609,1.8746229734691473,534.9189821349357,8.421896547783222,43.33940673921884,11.448943056994873,5.211263765405665,4.276451204762801,25.673192512693333,1.6623762306072816,0.876469699740045,4.453000000000003,0.06714219565082022,96.1178675733403,,2.064417476832874,1.2680571871174435,,,-4.66339409427613,-8.516666015901265,60.33234191128927,-98.09181404078625,24.998015940500885,0.10773640244949141,-0.0012993261904905447,0.003428671810000239,0.0587752787113187,2.9009785182162453,0.05851734353754374,3.242194974901643,5.13394025479308,0.015171502685082359,0.04101178367650772,False,False,False,False,False,False,False,False,False,False,False,False,False,False,False,False,False,False,False,False,False,False,False,False,False,False,False,False,False,False,False,False,False,False,False,False,False,False,False,False,False,False,True,False,False,False,False,False,False,False,False,False,False,False,11,True,0.1853687056288459,0.2985570691514373,2.8306869950081333,0.2578498641385049,-0.043935207357555225,-0.12846880317162604,-0.13484407434243528,1.1598001611515196,0,Upper-Mid,20.190123451376554,42.955646413829,44.158700990444174,75.63373358003604,35.13768396585802,96.93276104725518,93.22150733222344,48.747363096588714,29.501204616198724
-882.4,8569.7,25301040.0,5399.6,3808.7,42.711,12420.4,131.3,267.8,DE000A2E4K43,324859,DELIVERY HERO SE,2592.3,3732.7,174.6,-264.5,2024.0,,454110.0,9707.9,2530.0,2024-12-31,253010.0,1579.6,316.9,131.3,2592.3,12294.7,395.8,3751.2,DEU,710.6,659.6,88.2,139.1,5961.0,415.2,0.0,12294.7,25.0,638.3,5196.3,-2.129561044732859,-34.03927014620221,-2.151333501427444,1.0679398439978203,-7.177076301170422,1.0679398439978203,30.297607912352476,-3.3096009709831202,1.39210223162858,1.3453264393066682,1.020360596886972,1.020360596886972,11.783839489871504,2.0829379315665624,2.1862438760945877,20.871308492480114,78.16092879456377,-0.8346481539917956,14.156130997715161,45.62977037776562,0.9898795529934624,287.85792887078276,18.63963007883566,19.58193367873962,5.779726223494676,8.400314293522818,49.08190148911799,35.975491932626966,1.1313818149283836,0.3514401212733704,499.19999999999993,4.060286139556068,21.79226069246436,,4.79126644292713,3.377064914149999,,,23.665496534867604,18.427124849825518,-4.261185331300998,-398.56459330143537,-5.822613405551791,8.972026520287347,0.3008027572527716,-0.0801579304416634,6.9184227417801,32.619992422082234,1.266528482981589,5.139125954075554,5.329311162187991,0.832158532973581,0.6939970776631674,False,False,False,True,False,False,False,False,False,False,False,False,False,False,False,False,False,False,False,False,True,False,False,False,True,False,False,False,False,False,False,False,False,False,False,False,False,False,False,False,False,False,False,True,False,True,False,False,True,True,False,False,False,False,11,True,1.4019109400433944,0.20131091996328793,0.773204427927352,0.18221147083819564,0.227821171718879,-0.7307383001567351,0.13418097241865132,-0.046718409393971344,0,Upper-Mid,34.04068286792543,40.90466454490518,96.37818281244152,57.968665562278076,81.44765430253119,97.60236787430205,86.5785177353893,46.33604098744015,39.8112207577587
-432.0,8325.0,20106010.0,679.0,789.0,36.569,18090.0,648.0,2418.0,DE0005937007,100042,MAN SE,5935.0,7099.0,2219.0,-413.0,2020.0,5.0,336120.0,12155.0,2010.0,2020-12-31,201060.0,-524.0,82.0,648.0,5935.0,10838.0,1061.0,1805.0,DEU,6280.0,1541.0,16.0,362.0,3711.0,566.0,148.0,10838.0,20.0,570.0,4549.0,-2.283029297954671,-7.278854254422915,-3.8106661745709545,5.978962908285661,-3.985975272190441,5.978962908285661,23.186934858830043,-6.2443302086483214,0.6407944780955064,0.3282152415833216,0.11114241442456683,0.13199042118608253,-14.096185737976782,0.11440606571187868,0.5218197135636057,32.808181315644006,67.191818684356,-5.036585365853658,3.5617283950617282,17.119955776672192,0.5991155334438917,296.3712434028822,7.033095392602206,51.89749031186566,57.94427016054623,,3.751689950428121,12.880044223327806,3.3400996493818043,0.3411875589066918,208.0,1.9191732792028051,63.50877192982456,,3.0480202190395955,5.222365750138402,,,-14.412066650872625,-4.011461318051579,0.6495472435527061,170.12987012987014,-17.35159817351598,-0.6133146416011801,0.025737072473801546,0.052857583896808405,0.657805222079259,2.5504076581144326,0.10117886797582637,3.150912106135987,3.2180062657300605,0.26986976990822675,-0.39052366649835296,False,False,False,False,False,False,False,False,False,False,False,False,False,False,False,False,False,False,False,False,False,False,False,False,False,False,False,False,False,False,False,False,False,False,False,False,False,False,False,False,False,False,False,False,False,False,False,False,False,False,False,False,False,False,7,True,0.9761665503852949,0.2729655229332816,-0.38117994134851674,0.5047123494109849,0.8638195563019927,-1.4166858098967319,-0.432236136762996,-0.7204405311257388,0,Upper-Mid,25.780727700728217,38.452306063066985,40.895207256202646,83.57050994979903,73.89694457320911,97.29938477498594,99.29130460601615,41.498775957049844,37.44434497386595
-70.1,932.7,20106020.0,266.2,137.7,5.612,1422.7,8.9,116.8,DE0007193500,102365,KOENIG & BAUER AG,330.4,606.5,382.7,-37.8,2024.0,,333248.0,1091.5,2010.0,2024-12-31,201060.0,1.3,26.0,8.9,330.4,1274.4,46.7,278.0,DEU,229.1,359.9,88.2,43.1,3555.0,54.5,4.0,1274.4,20.0,73.4,890.0,-2.656919940957334,-21.216707021791766,-2.966101694915254,0.6983678593848085,-5.500627746390458,0.6983678593848085,26.81261770244821,-6.335903452899766,1.4674361088211048,0.8364385820280297,0.22704039571310797,0.23363561417971968,19.926899557180008,0.8056900726392252,1.1592009685230025,23.223448372812257,76.72032051732621,-1.4538461538461538,27.56179775280899,26.920643846207916,0.8957615800941872,227.08481824661442,3.5409836065573774,103.0787037037037,17.977087256748273,4.495238095238095,2.437157042069506,34.97575033387221,3.381983678593848,0.9229122055674518,30.300000000000004,2.3775894538606406,58.719346049046315,,4.305992736077482,4.276522284996861,,,-3.949351823937286,-0.3083175670940963,-2.246995296986576,-136.07142857142858,-17.432950191570885,-0.4195442744605716,0.08786496216116378,0.1466525081213176,-0.0541028431974802,3.9213757803727134,0.33075021247784614,5.159204329795459,3.1307234661994072,0.1259132280354158,0.20098671829975379,False,False,False,False,False,False,False,False,False,False,False,False,False,False,False,False,False,False,False,False,True,False,False,False,False,False,False,False,False,False,False,False,False,False,False,False,False,False,False,False,False,False,False,False,False,False,False,False,False,False,False,False,False,False,11,True,1.1241578180610412,0.3355947638559437,1.0917098558378586,-0.007862737201531226,0.40333497412522484,-0.9266608954176154,0.040658136084567816,0.20003795231524876,0,Upper-Mid,33.491334673954384,38.14781602152079,78.03801874087077,64.91488643842834,91.58538495860441,97.37684235128276,89.94430550979897,46.668963759798295,41.25539346151941
-117.728,1238.436,45301010.0,41.058,208.957,3.771,1541.226,-59.294,155.171,DE000A0DJ6J9,289333,SMA SOLAR TECHNOLOGY AG,553.316,699.393,563.565,-98.052,2024.0,,335999.0,987.91,4530.0,2024-12-31,453010.0,117.227,9.39,-59.294,553.316,1529.999,38.758,235.42,DEU,233.285,241.575,88.2,46.823,3620.0,134.969,13.125,1529.999,45.0,-112.823,1062.46,-6.361948215252014,-21.276811080829034,-6.408631639628523,-3.875427369560372,-7.694645552055916,-3.875427369560372,19.056417683933134,-16.496683906092795,1.5191172917086673,0.7133256981411022,0.29876907546972875,0.3175353485093502,23.557025381092714,0.07420352926718186,0.35464183215377826,35.901029440198904,64.09897055980109,-10.442172523961661,,12.732006856878872,0.9927155394471673,405.72765844603555,6.333432681361896,57.63067492200975,15.247395586533063,4.214095469982125,2.197503393574831,29.23205292410068,3.0603287976005213,1.2080860725527631,-159.646,-10.434385904827389,,,2.78543544737546,8.821509033666034,,,-19.64539964360348,-4.974921620430162,-69.58503044723152,-265.66975218961437,5.426339134937974,0.631703926132041,0.010128898811210828,0.01567469266835471,-0.6755921728203186,8.866138806401356,0.0891388503083084,-7.320341079114938,6.925471752266059,0.055840691137759385,0.867733769754151,False,False,False,False,False,False,False,False,False,False,False,False,False,False,False,False,False,False,False,False,False,False,False,False,False,False,False,False,False,False,False,False,False,False,False,False,False,False,False,False,False,False,True,False,False,False,False,False,False,False,False,False,False,False,11,True,0.9903512623751104,0.5513705997257294,1.8846171083215186,-0.05715248961477618,0.7264602477660462,-1.1972010085282159,-0.27091347592518084,0.39402950714823065,0,Upper-Mid,23.633763499016087,25.17292819547141,69.50478867186361,89.36930495756243,84.28456232060014,94.12725108017288,98.65660142916283,41.561747345491625,36.06770588254698
