{
  "n_clusters": 4,
  "n_noise": 128,
  "noise_percentage": 84.21052631578947,
  "eps": 0.5,
  "min_samples": 5,
  "silhouette": 0.41065647769903796,
  "davies_bouldin": 0.7994384000892261,
  "n_core_samples": 5,
  "core_sample_percentage": 3.289473684210526,
  "n_companies": 152,
  "algorithm": "dbscan"
}